ID,index,begin_date,end_date,duration,avg_tmax,std_tmax,max_tmax
77470,1981-06-11,1981-06-11,1981-06-16,6,31.5,1.6,33.5
77470,1982-07-06,1982-07-06,1982-07-08,3,35.1,1.5,36.7
77470,1983-06-05,1983-06-05,1983-06-07,3,28.4,0.6,28.8
77470,1983-07-11,1983-07-11,1983-07-14,4,33.7,0.7,34.3
77470,1983-07-29,1983-07-29,1983-07-31,3,34.5,1.0,35.6
77470,1986-06-27,1986-06-27,1986-06-29,3,31.1,0.4,31.3
77470,1987-06-30,1987-06-30,1987-07-02,3,31.0,0.5,31.4
77470,1987-08-12,1987-08-12,1987-08-16,5,34.0,2.3,38.0
77470,1988-08-13,1988-08-13,1988-08-15,3,32.2,0.3,32.5
77470,1989-06-14,1989-06-14,1989-06-16,3,30.8,1.6,32.6
77470,1989-06-20,1989-06-20,1989-06-26,7,31.9,1.2,33.9
77470,1989-07-16,1989-07-16,1989-07-20,5,34.2,1.0,35.2
77470,1989-08-22,1989-08-22,1989-08-26,5,31.9,0.8,32.8
77470,1990-08-03,1990-08-03,1990-08-05,3,34.2,0.7,34.7
77470,1991-08-27,1991-08-27,1991-08-29,3,31.8,1.3,33.1
77470,1993-08-18,1993-08-18,1993-08-21,4,33.8,1.4,35.3
77470,1994-06-29,1994-06-29,1994-07-02,4,32.1,0.5,32.6
77470,1994-07-13,1994-07-13,1994-07-15,3,33.1,0.3,33.4
77470,1996-06-05,1996-06-05,1996-06-07,3,28.0,0.2,28.1
77470,1996-06-11,1996-06-11,1996-06-14,4,30.8,0.3,31.2
77470,2000-08-14,2000-08-14,2000-08-18,5,33.1,0.6,34.0
77470,2001-06-21,2001-06-21,2001-06-25,5,33.2,1.5,34.7
77470,2001-06-29,2001-06-29,2001-07-02,4,32.1,1.1,33.6
77470,2001-07-29,2001-07-29,2001-08-02,5,35.0,1.4,37.0
77470,2001-08-22,2001-08-22,2001-08-29,8,32.8,1.2,34.4
77470,2002-06-21,2002-06-21,2002-06-23,3,32.3,0.9,33.1
77470,2003-06-06,2003-06-06,2003-06-16,11,31.3,2.3,34.7
77470,2003-06-19,2003-06-19,2003-06-26,8,33.5,2.9,38.6
77470,2003-07-07,2003-07-07,2003-07-14,8,34.0,1.4,36.2
77470,2003-08-01,2003-08-01,2003-08-16,16,36.8,2.3,40.3
77470,2003-08-19,2003-08-19,2003-08-28,10,33.1,1.1,35.1
77470,2004-06-27,2004-06-27,2004-06-30,4,31.9,0.8,32.9
77470,2004-07-30,2004-07-30,2004-08-03,5,33.9,0.7,34.7
77470,2005-06-01,2005-06-01,2005-06-03,3,27.1,0.4,27.3
77470,2005-06-17,2005-06-17,2005-06-24,8,32.0,1.3,33.7
77470,2005-08-31,2005-08-31,2005-09-04,5,30.2,0.8,31.5
77470,2006-06-04,2006-06-04,2006-06-06,3,28.1,0.6,28.6
77470,2006-06-28,2006-06-28,2006-07-03,6,32.5,1.7,34.5
77470,2006-07-08,2006-07-08,2006-07-14,7,33.7,1.7,36.3
77470,2006-07-19,2006-07-19,2006-07-27,9,34.8,0.8,36.3
77470,2007-08-26,2007-08-26,2007-08-28,3,31.9,0.8,32.4
77470,2008-06-20,2008-06-20,2008-06-22,3,31.2,0.9,32.2
77470,2008-06-28,2008-06-28,2008-07-02,5,32.8,1.2,34.1
77470,2008-08-03,2008-08-03,2008-08-06,4,34.2,0.4,34.8
77470,2008-08-28,2008-08-28,2008-08-30,3,31.5,0.6,32.0
77470,2009-06-01,2009-06-01,2009-06-04,4,28.9,1.6,30.7
77470,2009-06-28,2009-06-28,2009-07-04,7,33.2,2.0,35.9
77470,2009-08-12,2009-08-12,2009-08-14,3,34.6,1.6,36.3
77470,2009-08-16,2009-08-16,2009-08-23,8,34.4,1.7,36.4
77470,2009-08-30,2009-08-30,2009-09-02,4,29.9,0.4,30.6
77470,2010-06-03,2010-06-03,2010-06-05,3,29.9,1.5,31.1
77470,2010-06-25,2010-06-25,2010-07-04,10,31.9,0.7,32.9
77470,2010-07-07,2010-07-07,2010-07-14,8,33.8,1.4,36.0
77470,2010-07-19,2010-07-19,2010-07-21,3,33.6,0.8,34.3
77470,2010-08-21,2010-08-21,2010-08-23,3,34.9,2.2,36.2
77470,2010-08-25,2010-08-25,2010-08-27,3,34.7,1.8,36.7
77470,2011-08-20,2011-08-20,2011-08-22,3,33.7,0.3,33.9
77470,2012-06-05,2012-06-05,2012-06-07,3,27.9,1.2,29.3
77470,2012-06-24,2012-06-24,2012-06-28,5,32.3,1.4,34.6
77470,2012-08-08,2012-08-08,2012-08-11,4,34.1,1.5,36.2
77470,2012-08-18,2012-08-18,2012-08-24,7,34.0,1.4,36.2
77470,2013-07-05,2013-07-05,2013-07-09,5,32.7,1.0,33.9
77470,2014-06-08,2014-06-08,2014-06-13,6,32.0,1.8,34.3
77470,2015-06-26,2015-06-26,2015-07-07,12,33.5,1.6,36.2
77470,2016-06-07,2016-06-07,2016-06-09,3,30.4,1.2,31.4
77470,2016-07-06,2016-07-06,2016-07-10,5,33.6,0.9,34.7
77470,2016-08-22,2016-08-22,2016-08-28,7,31.9,0.8,33.4
77470,2016-08-31,2016-08-31,2016-09-06,7,33.8,1.8,36.3
77470,2017-06-10,2017-06-10,2017-06-24,15,32.0,1.2,33.9
77470,2017-08-02,2017-08-02,2017-08-05,4,34.3,1.4,36.1
77470,2017-08-28,2017-08-28,2017-08-30,3,32.3,1.6,33.6
77470,2018-07-07,2018-07-07,2018-07-10,4,33.4,0.7,34.5
77470,2018-07-13,2018-07-13,2018-07-15,3,32.9,0.3,33.3
77470,2018-07-25,2018-07-25,2018-07-27,3,35.2,0.6,35.7
77470,2018-07-30,2018-07-30,2018-08-07,9,35.8,1.0,36.9
77470,2018-08-20,2018-08-20,2018-08-23,4,33.5,0.8,34.0
77470,2018-08-27,2018-08-27,2018-08-29,3,31.1,0.9,31.6
77470,2019-06-26,2019-06-26,2019-07-08,13,34.1,1.9,39.7
77470,2019-07-11,2019-07-11,2019-07-13,3,33.2,0.5,33.7
77470,2019-07-22,2019-07-22,2019-07-24,3,34.2,0.9,35.2
77470,2019-08-03,2019-08-03,2019-08-05,3,33.5,0.2,33.7
77470,2019-08-28,2019-08-28,2019-09-01,5,32.8,2.0,35.5
77470,2020-08-25,2020-08-25,2020-08-27,3,32.0,0.2,32.2
77470,2021-06-08,2021-06-08,2021-06-16,9,32.3,2.3,36.1
77470,2021-07-19,2021-07-19,2021-07-23,5,34.7,1.8,37.3
77470,2021-08-11,2021-08-11,2021-08-15,5,34.1,1.3,35.9
76430,1981-06-11,1981-06-11,1981-06-16,6,31.0,1.8,33.2
76430,1982-07-05,1982-07-05,1982-07-08,4,33.4,1.4,34.8
76430,1983-07-12,1983-07-12,1983-07-14,3,33.0,0.8,33.7
76430,1987-07-01,1987-07-01,1987-07-05,5,31.1,0.6,32.0
76430,1989-06-14,1989-06-14,1989-06-16,3,29.4,1.3,30.8
76430,1989-06-21,1989-06-21,1989-06-24,4,30.7,1.2,31.8
76430,1989-08-22,1989-08-22,1989-08-26,5,32.4,0.8,33.5
76430,1990-07-16,1990-07-16,1990-07-18,3,33.4,0.1,33.5
76430,1990-08-03,1990-08-03,1990-08-06,4,32.7,1.0,33.9
76430,1991-06-24,1991-06-24,1991-06-26,3,30.5,0.5,31.0
76430,1991-07-18,1991-07-18,1991-07-22,5,32.5,0.5,33.3
76430,1991-08-15,1991-08-15,1991-08-17,3,32.0,0.8,32.9
76430,1991-08-27,1991-08-27,1991-08-29,3,31.3,1.9,33.0
76430,1993-06-26,1993-06-26,1993-06-28,3,29.9,0.5,30.5
76430,1993-08-17,1993-08-17,1993-08-20,4,33.0,0.9,33.8
76430,1994-06-21,1994-06-21,1994-06-23,3,30.4,0.7,30.9
76430,1994-07-04,1994-07-04,1994-07-06,3,31.2,0.6,31.8
76430,1995-07-17,1995-07-17,1995-07-19,3,32.6,0.2,32.8
76430,1995-07-28,1995-07-28,1995-07-30,3,32.9,0.4,33.2
76430,1995-08-12,1995-08-12,1995-08-14,3,31.7,0.8,32.6
76430,1996-06-11,1996-06-11,1996-06-14,4,30.2,1.4,32.2
76430,1998-06-03,1998-06-03,1998-06-05,3,27.1,1.3,28.2
76430,1998-06-28,1998-06-28,1998-06-30,3,30.4,0.4,30.9
76430,1998-07-23,1998-07-23,1998-07-25,3,32.7,0.4,33.1
76430,2000-06-15,2000-06-15,2000-06-17,3,29.6,0.5,30.1
76430,2000-08-14,2000-08-14,2000-08-16,3,32.9,0.7,33.7
76430,2001-06-21,2001-06-21,2001-06-25,5,31.3,0.8,32.4
76430,2001-06-29,2001-06-29,2001-07-02,4,31.7,1.0,32.9
76430,2001-07-29,2001-07-29,2001-08-01,4,33.4,1.0,34.4
76430,2001-08-22,2001-08-22,2001-08-24,3,32.1,0.3,32.3
76430,2001-08-27,2001-08-27,2001-08-29,3,31.8,0.8,32.5
76430,2002-06-19,2002-06-19,2002-06-26,8,30.5,1.0,32.3
76430,2003-06-12,2003-06-12,2003-06-22,11,31.7,2.2,35.2
76430,2003-06-24,2003-06-24,2003-06-28,5,31.0,1.8,33.0
76430,2003-07-07,2003-07-07,2003-07-12,6,32.6,1.2,34.4
76430,2003-08-02,2003-08-02,2003-08-15,14,34.8,1.3,36.9
76430,2003-08-19,2003-08-19,2003-08-27,9,32.3,0.6,33.2
76430,2004-06-04,2004-06-04,2004-06-06,3,27.0,0.6,27.7
76430,2004-06-16,2004-06-16,2004-06-18,3,30.0,0.6,30.5
76430,2004-06-28,2004-06-28,2004-07-01,4,31.1,1.2,32.8
76430,2005-06-15,2005-06-15,2005-06-23,9,30.1,1.0,31.5
76430,2005-07-20,2005-07-20,2005-07-22,3,32.4,0.0,32.4
76430,2006-06-21,2006-06-21,2006-06-23,3,29.9,0.9,31.0
76430,2006-06-28,2006-06-28,2006-07-02,5,32.5,0.8,33.3
76430,2006-07-10,2006-07-10,2006-07-14,5,33.2,1.1,34.5
76430,2006-07-21,2006-07-21,2006-07-26,6,33.1,1.1,34.6
76430,2006-07-29,2006-07-29,2006-07-31,3,33.2,0.5,33.7
76430,2008-06-25,2008-06-25,2008-06-30,6,31.4,0.3,31.8
76430,2008-08-03,2008-08-03,2008-08-06,4,32.9,0.7,33.8
76430,2009-06-01,2009-06-01,2009-06-04,4,27.6,1.1,29.1
76430,2009-06-16,2009-06-16,2009-06-19,4,29.5,0.2,29.8
76430,2009-06-25,2009-06-25,2009-07-05,11,31.2,1.4,32.8
76430,2009-08-11,2009-08-11,2009-08-14,4,32.9,1.2,34.3
76430,2009-08-16,2009-08-16,2009-08-23,8,32.5,1.0,33.8
76430,2010-06-02,2010-06-02,2010-06-04,3,26.4,0.7,27.1
76430,2010-06-28,2010-06-28,2010-06-30,3,31.7,0.4,32.1
76430,2010-07-04,2010-07-04,2010-07-07,4,32.5,0.5,33.1
76430,2012-06-23,2012-06-23,2012-06-27,5,31.3,1.5,33.2
76430,2012-07-17,2012-07-17,2012-07-19,3,32.4,0.2,32.5
76430,2012-08-09,2012-08-09,2012-08-11,3,33.0,0.5,33.6
76430,2012-08-20,2012-08-20,2012-08-22,3,32.5,0.5,32.8
76430,2013-08-31,2013-08-31,2013-09-03,4,29.3,0.2,29.6
76430,2014-06-09,2014-06-09,2014-06-14,6,31.5,1.8,33.8
76430,2015-06-03,2015-06-03,2015-06-09,7,29.0,1.9,31.6
76430,2015-06-26,2015-06-26,2015-06-29,4,32.2,1.2,33.1
76430,2015-07-11,2015-07-11,2015-07-15,5,33.9,0.6,34.5
76430,2015-07-19,2015-07-19,2015-07-23,5,33.4,1.1,34.9
76430,2016-06-07,2016-06-07,2016-06-09,3,27.7,0.7,28.3
76430,2016-07-04,2016-07-04,2016-07-09,6,31.9,1.1,33.9
76430,2017-06-10,2017-06-10,2017-06-18,9,30.8,1.7,32.8
76430,2017-06-23,2017-06-23,2017-06-25,3,32.8,1.8,34.7
76430,2017-08-04,2017-08-04,2017-08-06,3,34.5,2.0,36.1
76430,2018-07-07,2018-07-07,2018-07-10,4,31.8,0.5,32.3
76430,2018-07-30,2018-07-30,2018-08-06,8,34.3,1.3,35.6
76430,2018-08-20,2018-08-20,2018-08-23,4,31.3,0.3,31.7
76430,2019-06-25,2019-06-25,2019-07-08,14,33.5,2.5,40.9
76430,2019-07-10,2019-07-10,2019-07-13,4,32.6,0.3,33.1
76430,2019-08-02,2019-08-02,2019-08-04,3,32.6,0.4,32.9
76430,2019-08-28,2019-08-28,2019-09-04,8,31.2,1.4,33.8
76430,2020-06-21,2020-06-21,2020-06-23,3,29.3,0.2,29.4
76430,2020-06-28,2020-06-28,2020-06-30,3,30.1,0.2,30.3
76430,2020-07-31,2020-07-31,2020-08-02,3,34.1,2.6,37.1
76430,2021-06-08,2021-06-08,2021-06-16,9,31.3,1.8,33.4
76430,2021-07-18,2021-07-18,2021-07-22,5,32.6,0.3,32.9
76430,2021-08-11,2021-08-11,2021-08-15,5,33.6,1.7,35.7
76500,1981-06-10,1981-06-10,1981-06-16,7,32.5,1.7,35.0
76500,1982-07-04,1982-07-04,1982-07-11,8,34.7,1.5,37.3
76500,1983-06-04,1983-06-04,1983-06-06,3,28.7,0.8,29.6
76500,1983-07-25,1983-07-25,1983-07-31,7,36.0,1.4,38.0
76500,1987-06-30,1987-06-30,1987-07-04,5,32.8,0.6,33.9
76500,1987-08-19,1987-08-19,1987-08-21,3,33.0,0.5,33.5
76500,1988-08-15,1988-08-15,1988-08-17,3,34.0,0.4,34.3
76500,1989-08-22,1989-08-22,1989-08-27,6,32.4,0.8,33.1
76500,1990-06-25,1990-06-25,1990-06-27,3,31.5,0.5,32.1
76500,1991-06-24,1991-06-24,1991-06-26,3,32.5,0.3,32.7
76500,1991-07-19,1991-07-19,1991-07-22,4,34.9,0.7,35.7
76500,1991-08-14,1991-08-14,1991-08-17,4,33.2,0.6,34.1
76500,1991-08-25,1991-08-25,1991-08-28,4,33.2,2.0,36.1
76500,1993-06-06,1993-06-06,1993-06-08,3,28.9,0.1,29.1
76500,1993-08-05,1993-08-05,1993-08-08,4,33.4,0.6,34.2
76500,1993-08-17,1993-08-17,1993-08-21,5,34.3,1.0,35.4
76500,1994-07-26,1994-07-26,1994-07-28,3,34.0,0.5,34.5
76500,1994-08-04,1994-08-04,1994-08-06,3,33.6,0.2,33.7
76500,1996-06-11,1996-06-11,1996-06-14,4,30.9,1.6,33.1
76500,1998-06-03,1998-06-03,1998-06-05,3,29.6,1.1,30.4
76500,1998-06-28,1998-06-28,1998-06-30,3,32.4,0.6,33.1
76500,1998-07-23,1998-07-23,1998-07-26,4,34.3,0.7,35.2
76500,1999-08-31,1999-08-31,1999-09-02,3,31.0,0.6,31.6
76500,2000-06-01,2000-06-01,2000-06-04,4,29.0,1.0,30.4
76500,2000-08-14,2000-08-14,2000-08-16,3,34.9,0.7,35.6
76500,2000-08-24,2000-08-24,2000-08-26,3,35.3,0.4,35.7
76500,2001-06-21,2001-06-21,2001-06-25,5,32.7,1.2,34.5
76500,2001-07-29,2001-07-29,2001-08-01,4,35.6,1.0,36.4
76500,2001-08-22,2001-08-22,2001-08-24,3,32.7,0.5,33.3
76500,2001-08-27,2001-08-27,2001-08-29,3,33.5,1.6,35.3
76500,2002-06-17,2002-06-17,2002-06-26,10,33.1,1.6,35.8
76500,2003-06-07,2003-06-07,2003-06-28,22,32.9,2.4,38.5
76500,2003-07-07,2003-07-07,2003-07-09,3,33.6,0.5,33.9
76500,2003-08-02,2003-08-02,2003-08-16,15,36.4,1.5,38.5
76500,2003-08-19,2003-08-19,2003-08-27,9,34.2,0.7,35.2
76500,2004-06-08,2004-06-08,2004-06-10,3,30.0,1.1,30.9
76500,2004-06-26,2004-06-26,2004-07-01,6,33.1,1.5,36.1
76500,2005-06-17,2005-06-17,2005-06-23,7,31.6,0.7,32.8
76500,2005-06-25,2005-06-25,2005-06-29,5,32.6,0.8,33.7
76500,2005-08-30,2005-08-30,2005-09-03,5,30.5,0.5,31.4
76500,2006-06-16,2006-06-16,2006-06-23,8,31.7,1.2,33.7
76500,2006-06-25,2006-06-25,2006-07-02,8,33.5,1.5,35.2
76500,2006-07-10,2006-07-10,2006-07-13,4,34.8,1.3,36.0
76500,2006-07-20,2006-07-20,2006-07-24,5,35.0,1.3,37.1
76500,2006-07-29,2006-07-29,2006-07-31,3,34.8,1.2,35.8
76500,2007-08-25,2007-08-25,2007-08-29,5,33.3,2.1,37.1
76500,2008-06-24,2008-06-24,2008-06-30,7,33.3,1.0,34.5
76500,2008-08-03,2008-08-03,2008-08-06,4,34.9,0.8,35.8
76500,2009-06-15,2009-06-15,2009-06-19,5,31.6,1.2,32.7
76500,2009-06-29,2009-06-29,2009-07-05,7,33.5,0.6,34.3
76500,2009-08-12,2009-08-12,2009-08-14,3,33.3,0.7,34.0
76500,2009-08-16,2009-08-16,2009-08-22,7,34.2,1.2,36.4
76500,2010-07-03,2010-07-03,2010-07-05,3,33.2,0.9,34.2
76500,2011-08-20,2011-08-20,2011-08-23,4,33.4,0.5,33.9
76500,2012-08-08,2012-08-08,2012-08-11,4,34.5,0.9,35.3
76500,2012-08-16,2012-08-16,2012-08-22,7,34.0,0.7,35.1
76500,2014-06-07,2014-06-07,2014-06-14,8,32.4,1.7,34.5
76500,2015-06-03,2015-06-03,2015-06-09,7,30.7,1.6,32.8
76500,2015-06-27,2015-06-27,2015-06-29,3,33.5,0.4,34.0
76500,2015-07-02,2015-07-02,2015-07-06,5,33.9,1.0,35.2
76500,2015-07-11,2015-07-11,2015-07-14,4,34.4,0.9,35.2
76500,2015-08-05,2015-08-05,2015-08-08,4,34.7,1.0,35.8
76500,2015-08-29,2015-08-29,2015-08-31,3,30.8,0.1,30.9
76500,2016-06-23,2016-06-23,2016-06-25,3,32.5,0.5,33.0
76500,2016-08-24,2016-08-24,2016-08-27,4,32.1,0.4,32.4
76500,2017-06-10,2017-06-10,2017-06-19,10,33.0,1.6,35.7
76500,2017-06-22,2017-06-22,2017-06-27,6,33.0,2.2,35.8
76500,2017-07-31,2017-07-31,2017-08-07,8,35.5,2.1,38.7
76500,2017-08-16,2017-08-16,2017-08-18,3,33.6,1.0,34.7
76500,2017-08-26,2017-08-26,2017-08-30,5,32.4,1.5,34.9
76500,2018-07-08,2018-07-08,2018-07-10,3,33.1,0.4,33.5
76500,2018-07-31,2018-07-31,2018-08-06,7,35.2,1.5,37.6
76500,2018-08-20,2018-08-20,2018-08-23,4,33.2,0.5,34.0
76500,2019-06-24,2019-06-24,2019-07-05,12,35.2,2.4,41.1
76500,2019-07-24,2019-07-24,2019-07-26,3,34.3,0.7,35.0
76500,2019-08-29,2019-08-29,2019-09-01,4,32.0,1.0,32.9
76500,2020-06-22,2020-06-22,2020-06-24,3,31.1,0.3,31.5
76500,2020-06-28,2020-06-28,2020-06-30,3,31.9,0.1,32.0
76500,2020-07-31,2020-07-31,2020-08-02,3,35.9,2.5,38.7
76500,2020-08-07,2020-08-07,2020-08-09,3,33.4,0.6,34.1
76500,2021-06-08,2021-06-08,2021-06-17,10,31.4,1.5,34.1
76500,2021-07-20,2021-07-20,2021-07-22,3,34.5,1.1,35.7
76500,2021-08-11,2021-08-11,2021-08-15,5,35.9,1.6,38.0
76900,1981-06-10,1981-06-10,1981-06-16,7,26.3,1.4,28.3
76900,1983-06-04,1983-06-04,1983-06-06,3,25.5,0.7,26.3
76900,1983-07-19,1983-07-19,1983-07-23,5,30.4,1.0,32.1
76900,1983-07-26,1983-07-26,1983-07-31,6,32.7,1.7,35.3
76900,1985-08-14,1985-08-14,1985-08-16,3,29.4,0.5,29.9
76900,1987-06-30,1987-06-30,1987-07-05,6,28.3,0.3,28.6
76900,1987-08-19,1987-08-19,1987-08-21,3,29.0,0.1,29.1
76900,1988-08-15,1988-08-15,1988-08-19,5,29.1,0.2,29.2
76900,1989-08-23,1989-08-23,1989-08-25,3,28.8,0.7,29.4
76900,1992-08-06,1992-08-06,1992-08-10,5,29.8,0.6,30.4
76900,1993-06-04,1993-06-04,1993-06-07,4,24.7,0.4,25.1
76900,1994-06-01,1994-06-01,1994-06-04,4,25.2,1.2,27.0
76900,1994-06-30,1994-06-30,1994-07-05,6,28.7,0.5,29.2
76900,1994-07-16,1994-07-16,1994-07-18,3,29.2,0.8,30.0
76900,1994-08-04,1994-08-04,1994-08-08,5,30.2,0.8,31.3
76900,1994-08-11,1994-08-11,1994-08-13,3,30.0,1.1,30.7
76900,1996-06-04,1996-06-04,1996-06-14,11,26.2,1.2,28.1
76900,1998-06-03,1998-06-03,1998-06-06,4,25.8,1.4,27.6
76900,1998-08-08,1998-08-08,1998-08-13,6,29.8,0.7,30.6
76900,1999-06-01,1999-06-01,1999-06-04,4,25.3,0.9,26.3
76900,1999-07-04,1999-07-04,1999-07-06,3,28.4,0.5,29.0
76900,2000-06-02,2000-06-02,2000-06-05,4,24.9,0.8,25.9
76900,2000-06-08,2000-06-08,2000-06-10,3,25.1,0.5,25.8
76900,2000-08-24,2000-08-24,2000-08-26,3,29.3,0.3,29.5
76900,2001-06-25,2001-06-25,2001-06-27,3,27.1,0.3,27.5
76900,2001-07-30,2001-07-30,2001-08-02,4,29.9,0.1,30.0
76900,2001-08-24,2001-08-24,2001-08-31,8,27.9,1.1,29.3
76900,2002-06-16,2002-06-16,2002-06-25,10,28.1,1.7,30.9
76900,2003-06-04,2003-06-04,2003-06-27,24,27.6,1.8,30.8
76900,2003-07-01,2003-07-01,2003-07-03,3,28.4,0.4,28.8
76900,2003-07-16,2003-07-16,2003-07-21,6,29.8,1.7,33.1
76900,2003-08-01,2003-08-01,2003-08-15,15,31.3,1.3,33.7
76900,2003-08-26,2003-08-26,2003-08-31,6,28.5,0.7,29.8
76900,2004-06-08,2004-06-08,2004-06-11,4,26.5,1.2,27.3
76900,2004-06-18,2004-06-18,2004-06-20,3,25.3,0.3,25.6
76900,2005-06-16,2005-06-16,2005-07-01,16,27.5,1.4,31.2
76900,2005-08-30,2005-08-30,2005-09-04,6,26.7,0.8,27.6
76900,2006-06-17,2006-06-17,2006-06-22,6,27.1,0.9,27.8
76900,2006-06-28,2006-06-28,2006-07-01,4,28.4,0.7,29.1
76900,2006-07-10,2006-07-10,2006-07-16,7,29.7,0.7,30.4
76900,2006-07-19,2006-07-19,2006-07-28,10,30.1,0.5,30.7
76900,2006-07-30,2006-07-30,2006-08-01,3,31.1,2.2,33.6
76900,2007-06-19,2007-06-19,2007-06-23,5,27.3,1.3,29.1
76900,2007-08-25,2007-08-25,2007-08-28,4,28.2,0.9,29.1
76900,2008-06-21,2008-06-21,2008-06-23,3,26.2,0.6,26.8
76900,2008-06-25,2008-06-25,2008-06-29,5,27.4,0.6,28.1
76900,2009-06-14,2009-06-14,2009-06-19,6,25.6,0.9,27.2
76900,2009-08-19,2009-08-19,2009-08-21,3,31.9,1.3,32.6
76900,2009-08-27,2009-08-27,2009-08-29,3,27.3,0.3,27.5
76900,2010-07-09,2010-07-09,2010-07-14,6,28.5,0.4,29.0
76900,2011-08-21,2011-08-21,2011-08-27,7,29.6,1.2,31.4
76900,2012-06-17,2012-06-17,2012-06-20,4,27.1,0.9,27.8
76900,2012-07-11,2012-07-11,2012-07-15,5,29.4,1.0,30.8
76900,2012-08-18,2012-08-18,2012-08-21,4,30.7,0.8,31.6
76900,2012-08-24,2012-08-24,2012-08-26,3,29.1,0.9,29.6
76900,2013-06-17,2013-06-17,2013-06-19,3,27.1,1.4,28.7
76900,2014-06-07,2014-06-07,2014-06-14,8,27.5,1.8,29.6
76900,2015-06-04,2015-06-04,2015-06-08,5,27.5,1.1,28.8
76900,2015-07-01,2015-07-01,2015-07-08,8,29.6,1.4,32.1
76900,2015-07-14,2015-07-14,2015-07-19,6,29.1,1.2,31.4
76900,2015-08-06,2015-08-06,2015-08-08,3,31.5,0.7,32.2
76900,2015-08-11,2015-08-11,2015-08-13,3,29.7,0.9,30.5
76900,2015-08-29,2015-08-29,2015-09-05,8,26.9,0.9,28.2
76900,2016-06-22,2016-06-22,2016-06-25,4,28.7,1.6,30.3
76900,2016-08-31,2016-08-31,2016-09-14,15,26.9,0.9,28.6
76900,2017-06-11,2017-06-11,2017-06-25,15,27.0,1.7,31.4
76900,2017-07-06,2017-07-06,2017-07-08,3,28.6,0.4,28.9
76900,2017-07-11,2017-07-11,2017-07-13,3,29.8,1.9,31.8
76900,2017-07-31,2017-07-31,2017-08-04,5,30.8,0.7,31.3
76900,2017-08-27,2017-08-27,2017-09-01,6,27.8,0.4,28.3
76900,2018-06-09,2018-06-09,2018-06-11,3,25.8,1.4,27.4
76900,2018-06-17,2018-06-17,2018-06-21,5,26.4,0.9,26.9
76900,2018-07-30,2018-07-30,2018-08-07,9,30.7,0.7,31.4
76900,2018-08-19,2018-08-19,2018-08-23,5,29.9,0.5,30.6
76900,2019-06-17,2019-06-17,2019-06-19,3,26.4,0.2,26.6
76900,2019-06-24,2019-06-24,2019-07-09,16,30.3,1.7,33.7
76900,2019-07-23,2019-07-23,2019-07-26,4,30.9,0.7,31.6
76900,2019-08-26,2019-08-26,2019-09-04,10,27.8,1.2,29.3
76900,2020-06-22,2020-06-22,2020-06-24,3,26.9,0.3,27.3
76900,2020-08-08,2020-08-08,2020-08-10,3,29.5,0.3,29.7
76900,2021-06-12,2021-06-12,2021-06-20,9,25.6,0.4,26.0
76900,2021-06-28,2021-06-28,2021-06-30,3,28.3,0.3,28.5
76900,2021-08-11,2021-08-11,2021-08-16,6,31.1,0.9,32.2
161530,1981-06-11,1981-06-11,1981-06-17,7,25.0,1.6,27.6
161530,1982-06-01,1982-06-01,1982-06-04,4,22.8,0.4,23.5
161530,1982-07-06,1982-07-06,1982-07-11,6,27.0,1.2,28.7
161530,1983-07-19,1983-07-19,1983-07-23,5,27.3,0.5,27.9
161530,1983-07-26,1983-07-26,1983-07-31,6,29.9,0.6,31.1
161530,1985-08-13,1985-08-13,1985-08-16,4,27.7,0.6,28.3
161530,1986-06-25,1986-06-25,1986-06-28,4,25.3,0.7,25.9
161530,1987-06-29,1987-06-29,1987-07-06,8,26.7,0.5,27.0
161530,1987-08-19,1987-08-19,1987-08-21,3,27.5,0.1,27.6
161530,1988-08-15,1988-08-15,1988-08-18,4,27.3,0.5,27.9
161530,1990-06-25,1990-06-25,1990-06-27,3,25.3,0.2,25.6
161530,1990-08-01,1990-08-01,1990-08-03,3,28.5,0.7,29.0
161530,1991-07-10,1991-07-10,1991-07-13,4,26.8,0.5,27.3
161530,1991-08-25,1991-08-25,1991-08-27,3,26.2,0.3,26.4
161530,1992-06-15,1992-06-15,1992-06-18,4,23.5,0.6,24.1
161530,1992-08-05,1992-08-05,1992-08-09,5,28.3,0.3,28.6
161530,1993-06-04,1993-06-04,1993-06-09,6,24.2,0.8,25.6
161530,1993-08-15,1993-08-15,1993-08-18,4,27.6,1.0,29.1
161530,1994-06-29,1994-06-29,1994-07-06,8,26.6,0.7,27.3
161530,1994-07-13,1994-07-13,1994-07-18,6,26.8,0.9,28.3
161530,1994-07-26,1994-07-26,1994-07-29,4,27.7,0.4,28.2
161530,1994-08-03,1994-08-03,1994-08-07,5,28.6,0.6,29.3
161530,1995-07-19,1995-07-19,1995-07-26,8,27.9,0.6,29.0
161530,1996-06-04,1996-06-04,1996-06-15,12,24.9,1.5,27.5
161530,1996-07-14,1996-07-14,1996-07-16,3,26.6,0.1,26.7
161530,1997-06-10,1997-06-10,1997-06-12,3,23.5,0.8,24.4
161530,1998-06-04,1998-06-04,1998-06-06,3,24.9,1.0,25.9
161530,1998-08-05,1998-08-05,1998-08-13,9,28.9,0.8,29.9
161530,2000-06-01,2000-06-01,2000-06-04,4,23.6,0.5,24.2
161530,2000-06-07,2000-06-07,2000-06-10,4,23.6,0.6,24.2
161530,2000-06-15,2000-06-15,2000-06-17,3,24.3,0.8,25.2
161530,2000-06-19,2000-06-19,2000-06-21,3,23.8,0.7,24.6
161530,2000-08-24,2000-08-24,2000-08-26,3,27.3,0.7,27.9
161530,2001-06-24,2001-06-24,2001-06-27,4,25.1,0.8,25.8
161530,2001-06-29,2001-06-29,2001-07-01,3,26.0,0.7,26.7
161530,2001-07-30,2001-07-30,2001-08-02,4,28.3,0.1,28.4
161530,2001-08-22,2001-08-22,2001-08-29,8,26.7,0.7,27.5
161530,2002-06-15,2002-06-15,2002-06-25,11,26.6,1.9,29.3
161530,2003-06-04,2003-06-04,2003-06-27,24,25.6,1.6,28.6
161530,2003-07-17,2003-07-17,2003-07-22,6,27.1,0.5,27.8
161530,2003-08-01,2003-08-01,2003-08-14,14,29.9,1.1,31.7
161530,2003-08-16,2003-08-16,2003-08-21,6,27.1,0.2,27.3
161530,2003-08-26,2003-08-26,2003-08-31,6,26.1,0.7,27.3
161530,2004-06-08,2004-06-08,2004-06-11,4,23.9,1.1,24.9
161530,2005-06-16,2005-06-16,2005-06-29,14,25.4,0.8,26.6
161530,2005-08-30,2005-08-30,2005-09-03,5,25.7,0.4,26.4
161530,2006-06-17,2006-06-17,2006-06-25,9,24.5,1.3,26.3
161530,2006-06-27,2006-06-27,2006-07-05,9,26.4,0.8,27.6
161530,2006-07-10,2006-07-10,2006-07-16,7,27.9,0.4,28.8
161530,2006-07-19,2006-07-19,2006-07-28,10,28.2,0.5,28.9
161530,2007-08-25,2007-08-25,2007-08-28,4,27.0,1.0,27.8
161530,2008-06-21,2008-06-21,2008-06-29,9,25.7,0.9,27.3
161530,2008-08-27,2008-08-27,2008-08-29,3,25.5,0.1,25.6
161530,2009-06-11,2009-06-11,2009-06-20,10,23.4,0.6,24.6
161530,2009-08-17,2009-08-17,2009-08-21,5,28.4,1.5,30.2
161530,2010-07-01,2010-07-01,2010-07-07,7,26.0,0.3,26.5
161530,2010-07-09,2010-07-09,2010-07-19,11,26.8,1.0,28.9
161530,2011-06-25,2011-06-25,2011-06-29,5,25.1,0.6,25.7
161530,2011-08-20,2011-08-20,2011-08-27,8,27.7,1.7,30.7
161530,2012-06-16,2012-06-16,2012-06-24,9,24.4,0.9,25.9
161530,2012-06-26,2012-06-26,2012-06-28,3,25.4,0.3,25.7
161530,2012-08-17,2012-08-17,2012-08-22,6,28.4,1.0,29.5
161530,2012-08-24,2012-08-24,2012-08-26,3,26.7,0.2,26.9
161530,2013-06-17,2013-06-17,2013-06-19,3,25.2,1.5,26.8
161530,2013-07-05,2013-07-05,2013-07-08,4,26.3,0.3,26.6
161530,2014-06-07,2014-06-07,2014-06-14,8,26.0,1.7,28.0
161530,2015-06-04,2015-06-04,2015-06-08,5,26.5,0.8,27.4
161530,2015-07-01,2015-07-01,2015-07-11,11,27.2,0.8,28.6
161530,2015-07-14,2015-07-14,2015-07-19,6,26.9,0.5,27.7
161530,2015-07-21,2015-07-21,2015-07-23,3,28.0,0.9,28.8
161530,2015-08-05,2015-08-05,2015-08-09,5,29.2,1.6,30.7
161530,2015-08-11,2015-08-11,2015-08-13,3,28.8,0.7,29.6
161530,2015-08-29,2015-08-29,2015-09-01,4,25.9,1.2,27.6
161530,2016-06-22,2016-06-22,2016-06-25,4,26.6,1.5,28.0
161530,2016-08-24,2016-08-24,2016-08-28,5,27.0,1.2,28.2
161530,2016-08-31,2016-08-31,2016-09-13,14,25.9,0.8,27.3
161530,2017-06-10,2017-06-10,2017-06-25,16,24.9,1.5,29.2
161530,2017-07-13,2017-07-13,2017-07-15,3,26.4,0.4,26.8
161530,2017-07-31,2017-07-31,2017-08-07,8,28.1,0.6,29.3
161530,2017-08-26,2017-08-26,2017-09-01,7,26.5,1.0,27.5
161530,2018-06-16,2018-06-16,2018-06-22,7,24.7,1.3,26.1
161530,2018-07-30,2018-07-30,2018-08-07,9,28.7,0.6,29.3
161530,2018-08-18,2018-08-18,2018-08-23,6,28.0,0.8,28.9
161530,2019-06-17,2019-06-17,2019-06-19,3,24.8,0.5,25.4
161530,2019-06-23,2019-06-23,2019-07-08,16,28.1,2.1,31.9
161530,2019-07-23,2019-07-23,2019-07-26,4,28.9,1.1,29.8
161530,2019-08-24,2019-08-24,2019-09-04,12,26.1,0.7,27.2
161530,2020-06-21,2020-06-21,2020-06-24,4,25.1,0.9,25.8
161530,2020-08-08,2020-08-08,2020-08-10,3,27.8,0.3,28.0
161530,2021-06-09,2021-06-09,2021-06-20,12,23.8,0.5,24.8
161530,2021-07-17,2021-07-17,2021-07-19,3,27.7,1.0,28.8
161530,2021-08-11,2021-08-11,2021-08-15,5,28.9,1.3,30.1
161580,1981-06-10,1981-06-10,1981-06-17,8,27.4,1.3,29.7
161580,1981-08-03,1981-08-03,1981-08-05,3,31.3,1.1,32.5
161580,1982-06-01,1982-06-01,1982-06-05,5,26.3,0.4,27.0
161580,1982-07-16,1982-07-16,1982-07-18,3,31.1,1.0,32.2
161580,1983-07-10,1983-07-10,1983-07-12,3,29.8,0.4,30.2
161580,1983-07-22,1983-07-22,1983-08-01,11,32.0,1.5,34.2
161580,1985-06-04,1985-06-04,1985-06-06,3,25.7,0.2,25.9
161580,1986-06-26,1986-06-26,1986-06-28,3,28.7,0.2,28.8
161580,1987-07-03,1987-07-03,1987-07-06,4,29.9,0.7,30.6
161580,1987-08-20,1987-08-20,1987-08-22,3,31.1,0.5,31.4
161580,1988-08-14,1988-08-14,1988-08-19,6,31.3,0.5,31.9
161580,1990-06-25,1990-06-25,1990-06-27,3,29.0,0.4,29.3
161580,1992-08-05,1992-08-05,1992-08-09,5,32.0,0.3,32.4
161580,1992-08-27,1992-08-27,1992-08-29,3,29.0,0.3,29.3
161580,1993-06-05,1993-06-05,1993-06-10,6,27.4,1.0,29.2
161580,1993-06-18,1993-06-18,1993-06-20,3,26.8,0.2,27.0
161580,1993-08-16,1993-08-16,1993-08-18,3,31.0,0.6,31.7
161580,1994-06-22,1994-06-22,1994-06-26,5,28.0,0.4,28.5
161580,1994-06-30,1994-06-30,1994-07-04,5,29.6,0.6,30.4
161580,1994-07-16,1994-07-16,1994-07-18,3,31.0,0.4,31.2
161580,1994-07-26,1994-07-26,1994-07-28,3,31.2,0.2,31.3
161580,1994-08-03,1994-08-03,1994-08-07,5,31.6,0.4,32.2
161580,1994-08-30,1994-08-30,1994-09-01,3,29.6,1.0,30.7
161580,1995-07-19,1995-07-19,1995-07-21,3,31.0,0.3,31.3
161580,1995-07-23,1995-07-23,1995-07-26,4,31.4,0.8,32.2
161580,1996-06-04,1996-06-04,1996-06-17,14,27.1,0.9,28.5
161580,1997-06-10,1997-06-10,1997-06-12,3,26.7,0.8,27.2
161580,1997-06-14,1997-06-14,1997-06-18,5,26.2,0.4,26.6
161580,1998-06-03,1998-06-03,1998-06-06,4,29.3,1.8,31.5
161580,1998-07-21,1998-07-21,1998-07-24,4,30.7,0.3,31.1
161580,1998-08-07,1998-08-07,1998-08-13,7,30.9,0.5,32.0
161580,2000-06-01,2000-06-01,2000-06-06,6,26.7,0.6,27.6
161580,2000-06-08,2000-06-08,2000-06-10,3,27.9,0.4,28.3
161580,2000-08-18,2000-08-18,2000-08-23,6,31.2,0.6,32.1
161580,2001-06-25,2001-06-25,2001-06-28,4,29.0,0.5,29.5
161580,2001-07-31,2001-07-31,2001-08-03,4,32.0,0.7,32.7
161580,2001-08-22,2001-08-22,2001-08-28,7,30.2,0.7,30.9
161580,2002-06-15,2002-06-15,2002-06-27,13,29.5,2.1,32.5
161580,2003-06-03,2003-06-03,2003-07-01,29,29.1,1.2,30.8
161580,2003-07-12,2003-07-12,2003-07-16,5,30.4,1.0,32.0
161580,2003-07-18,2003-07-18,2003-07-23,6,31.6,1.0,32.6
161580,2003-08-02,2003-08-02,2003-08-30,29,32.1,1.9,36.0
161580,2004-06-09,2004-06-09,2004-06-11,3,26.6,0.7,27.1
161580,2005-06-16,2005-06-16,2005-06-29,14,28.9,0.8,30.2
161580,2005-08-30,2005-08-30,2005-09-06,8,28.2,0.9,29.5
161580,2006-06-16,2006-06-16,2006-07-05,20,29.4,1.4,31.3
161580,2006-07-09,2006-07-09,2006-07-28,20,31.8,1.0,33.9
161580,2007-06-18,2007-06-18,2007-06-20,3,28.4,1.9,30.2
161580,2007-07-15,2007-07-15,2007-07-20,6,30.6,0.5,31.2
161580,2007-08-26,2007-08-26,2007-08-29,4,29.9,1.4,31.3
161580,2008-06-21,2008-06-21,2008-07-01,11,29.3,0.7,30.6
161580,2008-08-28,2008-08-28,2008-08-31,4,28.6,0.6,29.2
161580,2009-06-13,2009-06-13,2009-06-19,7,27.1,0.7,28.5
161580,2009-07-14,2009-07-14,2009-07-16,3,29.8,0.5,30.3
161580,2009-08-15,2009-08-15,2009-09-05,22,30.2,1.8,34.5
161580,2010-06-09,2010-06-09,2010-06-11,3,27.2,1.0,28.3
161580,2010-06-30,2010-06-30,2010-07-03,4,29.5,0.4,29.9
161580,2010-07-07,2010-07-07,2010-07-12,6,30.1,0.5,30.7
161580,2010-07-14,2010-07-14,2010-07-20,7,30.3,0.4,30.8
161580,2011-06-02,2011-06-02,2011-06-04,3,26.2,0.8,26.9
161580,2011-07-11,2011-07-11,2011-07-13,3,30.9,1.1,31.7
161580,2011-08-20,2011-08-20,2011-08-26,7,32.7,1.3,34.9
161580,2012-06-16,2012-06-16,2012-06-20,5,29.3,1.2,30.4
161580,2012-06-26,2012-06-26,2012-07-02,7,29.6,1.0,31.0
161580,2012-08-17,2012-08-17,2012-08-25,9,32.3,1.4,34.5
161580,2012-08-27,2012-08-27,2012-08-30,4,28.9,0.6,29.6
161580,2013-06-17,2013-06-17,2013-06-20,4,29.0,0.7,29.7
161580,2013-07-05,2013-07-05,2013-07-09,5,29.3,0.3,29.7
161580,2013-07-15,2013-07-15,2013-07-18,4,30.0,0.5,30.6
161580,2013-07-21,2013-07-21,2013-07-23,3,30.9,0.4,31.4
161580,2013-07-31,2013-07-31,2013-08-08,9,31.7,1.0,33.3
161580,2014-06-07,2014-06-07,2014-06-14,8,29.3,1.8,31.6
161580,2015-06-04,2015-06-04,2015-06-13,10,28.2,1.5,30.3
161580,2015-06-28,2015-06-28,2015-07-24,27,31.1,1.0,32.7
161580,2015-08-05,2015-08-05,2015-08-09,5,33.3,1.2,34.5
161580,2015-08-29,2015-08-29,2015-09-01,4,29.1,0.9,30.2
161580,2016-06-22,2016-06-22,2016-06-24,3,29.7,0.9,30.6
161580,2016-07-10,2016-07-10,2016-07-12,3,30.2,0.5,30.6
161580,2016-08-24,2016-08-24,2016-08-28,5,30.3,0.9,30.9
161580,2016-08-30,2016-08-30,2016-09-14,16,28.9,0.8,29.9
161580,2017-06-08,2017-06-08,2017-06-27,20,28.3,1.1,30.3
161580,2017-07-07,2017-07-07,2017-07-09,3,30.0,0.8,30.8
161580,2017-07-13,2017-07-13,2017-07-15,3,29.4,0.1,29.6
161580,2017-07-31,2017-07-31,2017-08-08,9,32.7,0.9,34.4
161580,2017-08-26,2017-08-26,2017-08-31,6,30.6,1.2,32.4
161580,2018-06-15,2018-06-15,2018-06-21,7,27.6,1.4,29.1
161580,2018-07-14,2018-07-14,2018-07-16,3,29.9,0.5,30.4
161580,2018-07-30,2018-07-30,2018-08-06,8,33.0,0.7,33.9
161580,2018-08-18,2018-08-18,2018-08-24,7,31.5,1.2,32.6
161580,2019-06-17,2019-06-17,2019-06-21,5,27.6,0.6,28.4
161580,2019-06-24,2019-06-24,2019-07-09,16,31.6,1.5,33.8
161580,2019-07-22,2019-07-22,2019-07-26,5,32.7,1.6,34.1
161580,2019-08-20,2019-08-20,2019-08-22,3,30.3,0.3,30.7
161580,2019-08-24,2019-08-24,2019-09-05,13,29.5,1.0,30.9
161580,2020-06-22,2020-06-22,2020-06-24,3,27.8,0.4,28.1
161580,2020-07-31,2020-07-31,2020-08-02,3,31.0,0.2,31.2
161580,2020-08-08,2020-08-08,2020-08-13,6,31.3,0.7,32.4
161580,2020-08-27,2020-08-27,2020-08-29,3,29.3,0.5,29.9
161580,2021-06-09,2021-06-09,2021-06-21,13,27.2,1.0,28.9
161580,2021-08-11,2021-08-11,2021-08-17,7,32.0,1.4,33.5
161680,1981-06-11,1981-06-11,1981-06-16,6,26.8,1.1,28.2
161680,1981-08-03,1981-08-03,1981-08-06,4,30.9,1.0,32.0
161680,1982-06-02,1982-06-02,1982-06-04,3,24.5,0.2,24.8
161680,1982-07-16,1982-07-16,1982-07-18,3,29.6,0.3,30.0
161680,1983-06-03,1983-06-03,1983-06-05,3,25.5,0.7,26.4
161680,1983-06-12,1983-06-12,1983-06-14,3,25.3,0.4,25.7
161680,1983-07-19,1983-07-19,1983-07-22,4,30.0,0.4,30.5
161680,1983-07-26,1983-07-26,1983-07-30,5,31.7,1.8,34.7
161680,1987-07-03,1987-07-03,1987-07-06,4,28.2,0.7,28.8
161680,1987-08-19,1987-08-19,1987-08-21,3,29.6,0.5,30.2
161680,1989-08-18,1989-08-18,1989-08-20,3,29.6,0.4,30.1
161680,1989-08-22,1989-08-22,1989-08-24,3,29.7,0.2,29.9
161680,1990-08-02,1990-08-02,1990-08-04,3,30.7,0.7,31.5
161680,1991-08-25,1991-08-25,1991-08-27,3,28.5,0.4,28.9
161680,1992-08-01,1992-08-01,1992-08-03,3,30.1,0.2,30.3
161680,1992-08-05,1992-08-05,1992-08-09,5,30.4,0.7,31.2
161680,1992-08-24,1992-08-24,1992-08-29,6,28.5,0.7,29.3
161680,1993-06-05,1993-06-05,1993-06-10,6,25.7,1.0,27.5
161680,1994-06-30,1994-06-30,1994-07-04,5,29.0,0.6,29.7
161680,1994-07-10,1994-07-10,1994-07-14,5,29.0,0.3,29.6
161680,1994-08-03,1994-08-03,1994-08-10,8,30.5,1.0,31.9
161680,1994-08-14,1994-08-14,1994-08-16,3,29.5,0.4,29.9
161680,1994-08-30,1994-08-30,1994-09-01,3,27.7,0.3,28.0
161680,1996-06-08,1996-06-08,1996-06-16,9,26.9,1.0,28.1
161680,1997-06-15,1997-06-15,1997-06-19,5,25.8,0.2,26.0
161680,1998-06-03,1998-06-03,1998-06-06,4,26.5,1.6,28.5
161680,1998-08-05,1998-08-05,1998-08-07,3,30.3,0.2,30.4
161680,1998-08-10,1998-08-10,1998-08-12,3,30.6,0.2,30.8
161680,1999-06-07,1999-06-07,1999-06-10,4,26.0,1.0,27.1
161680,2000-06-01,2000-06-01,2000-06-03,3,25.1,0.5,25.4
161680,2000-06-08,2000-06-08,2000-06-10,3,26.2,0.4,26.6
161680,2000-06-15,2000-06-15,2000-06-18,4,26.0,1.0,27.3
161680,2000-08-15,2000-08-15,2000-08-17,3,29.8,0.5,30.3
161680,2000-08-22,2000-08-22,2000-08-27,6,29.3,0.7,30.0
161680,2002-06-14,2002-06-14,2002-06-27,14,27.7,1.2,29.9
161680,2003-06-03,2003-06-03,2003-07-02,30,27.7,1.5,30.5
161680,2003-07-17,2003-07-17,2003-07-20,4,30.1,0.2,30.3
161680,2003-08-01,2003-08-01,2003-09-01,32,30.2,1.7,33.2
161680,2004-06-09,2004-06-09,2004-06-11,3,25.6,0.7,26.4
161680,2005-06-16,2005-06-16,2005-07-04,19,27.5,1.1,29.4
161680,2006-06-18,2006-06-18,2006-06-26,9,27.1,0.9,28.7
161680,2006-07-01,2006-07-01,2006-07-04,4,28.4,0.8,29.3
161680,2006-07-10,2006-07-10,2006-07-18,9,29.6,0.7,30.5
161680,2006-07-21,2006-07-21,2006-07-23,3,30.1,0.2,30.3
161680,2006-07-25,2006-07-25,2006-07-28,4,30.1,0.3,30.5
161680,2007-08-25,2007-08-25,2007-08-27,3,29.6,0.5,29.9
161680,2008-06-21,2008-06-21,2008-07-02,12,27.2,0.6,28.0
161680,2009-06-14,2009-06-14,2009-06-19,6,25.8,1.1,27.6
161680,2009-08-18,2009-08-18,2009-08-24,7,29.8,0.4,30.2
161680,2009-08-26,2009-08-26,2009-08-29,4,28.1,0.3,28.3
161680,2009-08-31,2009-08-31,2009-09-08,9,27.6,0.3,28.2
161680,2010-07-09,2010-07-09,2010-07-11,3,28.8,0.5,29.4
161680,2010-07-14,2010-07-14,2010-07-19,6,29.9,0.8,30.7
161680,2011-06-25,2011-06-25,2011-06-29,5,27.4,0.5,27.9
161680,2011-08-21,2011-08-21,2011-08-27,7,29.7,0.6,30.3
161680,2012-06-16,2012-06-16,2012-07-02,17,27.4,0.9,29.6
161680,2012-08-06,2012-08-06,2012-08-11,6,30.2,0.6,30.9
161680,2012-08-17,2012-08-17,2012-08-30,14,29.6,1.2,31.8
161680,2013-06-17,2013-06-17,2013-06-20,4,26.3,0.6,27.1
161680,2013-07-05,2013-07-05,2013-07-08,4,29.3,1.0,30.4
161680,2013-08-04,2013-08-04,2013-08-08,5,30.7,0.4,31.2
161680,2013-08-31,2013-08-31,2013-09-06,7,27.4,0.5,28.2
161680,2014-06-08,2014-06-08,2014-06-14,7,27.1,0.7,27.7
161680,2015-06-03,2015-06-03,2015-06-07,5,25.9,0.8,26.7
161680,2015-06-09,2015-06-09,2015-06-13,5,25.5,0.5,26.0
161680,2015-07-01,2015-07-01,2015-07-12,12,29.0,1.1,31.4
161680,2015-07-14,2015-07-14,2015-07-24,11,30.5,0.9,31.6
161680,2015-08-03,2015-08-03,2015-08-09,7,30.6,0.6,31.3
161680,2015-08-30,2015-08-30,2015-09-01,3,27.7,0.3,28.0
161680,2016-06-22,2016-06-22,2016-06-26,5,28.3,1.1,29.5
161680,2016-07-07,2016-07-07,2016-07-11,5,28.3,0.5,29.1
161680,2016-08-24,2016-08-24,2016-08-26,3,29.2,1.1,30.5
161680,2017-06-07,2017-06-07,2017-06-28,22,26.8,1.3,29.5
161680,2017-07-03,2017-07-03,2017-07-09,7,28.3,0.4,28.8
161680,2017-07-13,2017-07-13,2017-07-17,5,29.5,0.7,30.3
161680,2017-08-01,2017-08-01,2017-08-09,9,30.7,1.0,32.1
161680,2017-08-27,2017-08-27,2017-08-31,5,29.1,1.5,30.9
161680,2018-06-15,2018-06-15,2018-06-20,6,26.7,1.6,29.1
161680,2018-07-07,2018-07-07,2018-07-09,3,28.7,0.4,29.1
161680,2018-07-30,2018-07-30,2018-08-04,6,30.7,0.7,31.4
161680,2018-08-09,2018-08-09,2018-08-12,4,30.0,0.5,30.4
161680,2018-08-19,2018-08-19,2018-08-21,3,29.6,0.6,30.2
161680,2019-06-13,2019-06-13,2019-06-15,3,26.4,1.5,28.1
161680,2019-06-17,2019-06-17,2019-07-10,24,28.4,1.9,31.8
161680,2019-07-23,2019-07-23,2019-07-25,3,30.0,0.5,30.6
161680,2019-08-27,2019-08-27,2019-09-05,10,28.2,0.6,29.0
161680,2020-06-22,2020-06-22,2020-06-24,3,26.8,0.4,27.3
161680,2020-07-04,2020-07-04,2020-07-07,4,28.9,1.2,30.5
161680,2020-07-30,2020-07-30,2020-08-02,4,30.4,0.5,31.0
161680,2020-08-07,2020-08-07,2020-08-09,3,30.5,0.8,31.2
161680,2020-08-27,2020-08-27,2020-08-29,3,28.0,0.3,28.3
161680,2021-06-10,2021-06-10,2021-06-15,6,25.4,0.4,25.8
161680,2021-06-17,2021-06-17,2021-06-30,14,27.1,0.9,28.8
161680,2021-07-05,2021-07-05,2021-07-09,5,28.6,0.7,29.4
161680,2021-08-11,2021-08-11,2021-08-15,5,31.2,0.8,32.7
162420,1981-06-11,1981-06-11,1981-06-16,6,27.8,0.6,28.5
162420,1981-08-03,1981-08-03,1981-08-06,4,32.1,1.4,34.0
162420,1982-06-02,1982-06-02,1982-06-04,3,26.6,0.4,26.9
162420,1982-06-22,1982-06-22,1982-06-26,5,29.3,1.5,31.6
162420,1983-06-03,1983-06-03,1983-06-05,3,27.5,0.3,27.8
162420,1983-07-19,1983-07-19,1983-07-21,3,32.7,0.5,33.1
162420,1983-07-26,1983-07-26,1983-07-30,5,33.0,1.1,34.6
162420,1985-08-14,1985-08-14,1985-08-17,4,31.6,0.6,32.4
162420,1987-06-12,1987-06-12,1987-06-14,3,27.6,0.5,27.9
162420,1988-07-07,1988-07-07,1988-07-10,4,30.8,0.9,31.9
162420,1988-07-25,1988-07-25,1988-07-27,3,32.9,1.1,33.9
162420,1988-08-13,1988-08-13,1988-08-18,6,31.6,0.5,32.2
162420,1989-08-17,1989-08-17,1989-08-19,3,31.7,0.9,32.5
162420,1991-08-24,1991-08-24,1991-08-27,4,30.1,0.5,30.7
162420,1992-07-31,1992-07-31,1992-08-03,4,31.9,0.6,32.4
162420,1992-08-05,1992-08-05,1992-08-09,5,31.8,0.7,32.6
162420,1992-08-24,1992-08-24,1992-08-29,6,30.0,0.7,30.7
162420,1993-06-08,1993-06-08,1993-06-10,3,28.3,0.8,29.1
162420,1993-07-03,1993-07-03,1993-07-05,3,31.5,2.2,33.6
162420,1993-08-04,1993-08-04,1993-08-06,3,32.0,0.5,32.5
162420,1993-08-17,1993-08-17,1993-08-19,3,31.5,0.2,31.7
162420,1993-08-21,1993-08-21,1993-08-27,7,30.3,0.6,31.3
162420,1994-06-30,1994-06-30,1994-07-05,6,30.3,0.8,31.7
162420,1994-08-03,1994-08-03,1994-08-10,8,32.2,0.7,33.1
162420,1994-08-14,1994-08-14,1994-08-17,4,31.3,0.6,32.2
162420,1994-08-28,1994-08-28,1994-09-02,6,29.2,0.7,30.2
162420,1995-08-11,1995-08-11,1995-08-13,3,31.0,0.1,31.1
162420,1996-06-08,1996-06-08,1996-06-14,7,28.7,0.6,29.3
162420,1997-06-14,1997-06-14,1997-06-19,6,27.8,0.9,29.2
162420,1998-06-03,1998-06-03,1998-06-06,4,28.8,1.2,30.4
162420,1998-06-27,1998-06-27,1998-07-02,6,29.8,1.2,31.9
162420,1998-08-02,1998-08-02,1998-08-04,3,32.4,1.6,34.3
162420,1998-08-10,1998-08-10,1998-08-12,3,32.0,0.5,32.5
162420,1999-06-07,1999-06-07,1999-06-10,4,28.1,1.3,30.0
162420,2000-06-03,2000-06-03,2000-06-06,4,26.3,0.1,26.5
162420,2000-06-08,2000-06-08,2000-06-10,3,28.0,0.1,28.1
162420,2000-06-15,2000-06-15,2000-06-17,3,27.5,0.7,28.3
162420,2000-08-15,2000-08-15,2000-08-27,13,31.4,0.7,32.5
162420,2001-06-25,2001-06-25,2001-06-28,4,28.6,0.4,29.2
162420,2001-08-27,2001-08-27,2001-08-29,3,29.3,0.7,30.1
162420,2002-06-14,2002-06-14,2002-06-27,14,29.8,1.4,32.5
162420,2003-06-03,2003-06-03,2003-07-01,29,29.6,1.7,32.3
162420,2003-08-03,2003-08-03,2003-08-25,23,32.4,0.9,33.9
162420,2003-08-27,2003-08-27,2003-08-31,5,29.3,0.7,30.4
162420,2004-07-05,2004-07-05,2004-07-08,4,30.7,0.6,31.5
162420,2005-06-17,2005-06-17,2005-06-29,13,29.2,1.7,32.2
162420,2006-06-18,2006-06-18,2006-06-29,12,30.2,0.9,31.2
162420,2006-07-02,2006-07-02,2006-07-04,3,30.3,0.4,30.7
162420,2007-06-18,2007-06-18,2007-06-20,3,28.8,1.4,30.3
162420,2007-08-24,2007-08-24,2007-08-30,7,31.8,2.0,34.6
162420,2008-06-22,2008-06-22,2008-07-05,14,29.5,0.6,30.4
162420,2008-08-30,2008-08-30,2008-09-12,14,29.3,1.0,30.7
162420,2009-06-14,2009-06-14,2009-06-19,6,28.0,0.7,28.7
162420,2009-08-15,2009-08-15,2009-08-24,10,31.8,0.8,33.0
162420,2009-08-26,2009-08-26,2009-09-03,9,29.3,0.8,30.5
162420,2010-07-14,2010-07-14,2010-07-18,5,32.3,1.0,33.5
162420,2010-08-25,2010-08-25,2010-08-27,3,29.5,0.4,29.8
162420,2011-08-20,2011-08-20,2011-08-27,8,32.1,1.3,32.9
162420,2012-06-16,2012-06-16,2012-06-24,9,29.7,0.9,30.7
162420,2012-06-26,2012-06-26,2012-07-02,7,30.2,1.3,32.3
162420,2012-07-08,2012-07-08,2012-07-10,3,30.1,0.3,30.4
162420,2012-08-05,2012-08-05,2012-08-11,7,31.9,1.3,33.9
162420,2012-08-17,2012-08-17,2012-08-25,9,31.7,0.7,32.7
162420,2013-06-16,2013-06-16,2013-06-21,6,28.7,1.3,30.4
162420,2013-07-27,2013-07-27,2013-07-29,3,32.3,0.5,32.9
162420,2013-08-03,2013-08-03,2013-08-10,8,32.6,1.2,34.3
162420,2014-06-07,2014-06-07,2014-06-14,8,28.9,1.1,30.2
162420,2015-06-03,2015-06-03,2015-06-07,5,27.8,0.7,28.5
162420,2015-06-10,2015-06-10,2015-06-13,4,28.0,0.7,29.0
162420,2015-07-01,2015-07-01,2015-07-08,8,30.1,0.8,31.2
162420,2015-07-10,2015-07-10,2015-07-12,3,30.7,0.3,31.0
162420,2015-07-15,2015-07-15,2015-07-24,10,32.7,0.6,33.4
162420,2015-08-03,2015-08-03,2015-08-09,7,32.5,0.7,33.5
162420,2015-08-29,2015-08-29,2015-09-04,7,29.7,1.6,31.8
162420,2016-06-23,2016-06-23,2016-06-26,4,30.0,1.2,31.0
162420,2016-07-10,2016-07-10,2016-07-12,3,30.6,0.5,31.0
162420,2016-08-22,2016-08-22,2016-08-28,7,30.4,0.8,31.9
162420,2017-06-10,2017-06-10,2017-06-28,19,28.4,0.9,30.7
162420,2017-07-05,2017-07-05,2017-07-09,5,31.1,0.3,31.5
162420,2017-07-31,2017-07-31,2017-08-10,11,33.2,1.1,34.6
162420,2017-08-16,2017-08-16,2017-08-18,3,31.5,0.8,32.3
162420,2017-08-25,2017-08-25,2017-08-31,7,30.5,1.3,32.9
162420,2018-06-17,2018-06-17,2018-06-20,4,27.9,0.9,29.3
162420,2018-07-30,2018-07-30,2018-08-02,4,32.2,0.3,32.5
162420,2018-08-09,2018-08-09,2018-08-11,3,31.6,0.6,32.1
162420,2019-06-13,2019-06-13,2019-06-16,4,28.3,2.1,31.1
162420,2019-06-18,2019-06-18,2019-07-09,22,30.2,1.6,33.0
162420,2019-07-23,2019-07-23,2019-07-26,4,32.0,0.2,32.3
162420,2019-08-09,2019-08-09,2019-08-13,5,32.0,0.8,33.1
162420,2019-08-26,2019-08-26,2019-09-03,9,29.3,0.7,30.0
162420,2020-07-30,2020-07-30,2020-08-02,4,32.5,0.8,33.3
162420,2020-08-25,2020-08-25,2020-08-30,6,29.5,0.7,30.8
162420,2021-06-12,2021-06-12,2021-06-14,3,27.0,0.7,27.7
162420,2021-06-17,2021-06-17,2021-06-29,13,29.3,1.1,31.6
162420,2021-07-06,2021-07-06,2021-07-08,3,30.8,0.6,31.5
162420,2021-08-10,2021-08-10,2021-08-16,7,32.8,1.0,33.8
162450,1981-06-11,1981-06-11,1981-06-16,6,27.2,0.5,27.8
162450,1981-08-03,1981-08-03,1981-08-05,3,31.9,1.3,33.4
162450,1982-06-02,1982-06-02,1982-06-04,3,26.3,0.3,26.6
162450,1982-06-22,1982-06-22,1982-06-26,5,29.3,1.6,31.7
162450,1983-06-03,1983-06-03,1983-06-05,3,27.0,0.4,27.5
162450,1983-07-19,1983-07-19,1983-07-21,3,32.4,0.6,32.8
162450,1983-07-23,1983-07-23,1983-07-29,7,32.1,1.0,34.0
162450,1985-08-14,1985-08-14,1985-08-17,4,31.1,0.7,32.0
162450,1987-06-12,1987-06-12,1987-06-15,4,27.2,0.7,27.8
162450,1988-07-05,1988-07-05,1988-07-10,6,30.9,1.2,32.7
162450,1988-07-25,1988-07-25,1988-07-27,3,32.6,1.2,33.8
162450,1988-08-13,1988-08-13,1988-08-18,6,31.2,0.4,31.8
162450,1989-08-17,1989-08-17,1989-08-19,3,31.5,0.9,32.3
162450,1991-08-24,1991-08-24,1991-08-27,4,29.7,0.4,30.3
162450,1992-07-31,1992-07-31,1992-08-02,3,31.8,0.3,32.1
162450,1992-08-05,1992-08-05,1992-08-09,5,31.3,0.6,32.0
162450,1992-08-24,1992-08-24,1992-08-29,6,29.7,0.7,30.4
162450,1993-06-08,1993-06-08,1993-06-10,3,28.0,0.7,28.7
162450,1993-07-03,1993-07-03,1993-07-05,3,31.3,2.2,33.4
162450,1993-08-04,1993-08-04,1993-08-06,3,31.7,0.4,32.1
162450,1993-08-17,1993-08-17,1993-08-19,3,31.1,0.3,31.3
162450,1993-08-21,1993-08-21,1993-08-27,7,30.1,0.5,31.0
162450,1994-06-25,1994-06-25,1994-06-27,3,28.3,0.7,29.1
162450,1994-06-30,1994-06-30,1994-07-05,6,29.8,0.9,31.5
162450,1994-08-03,1994-08-03,1994-08-11,9,31.7,0.8,32.6
162450,1994-08-13,1994-08-13,1994-08-17,5,30.9,0.6,31.8
162450,1994-08-22,1994-08-22,1994-08-24,3,30.4,0.3,30.7
162450,1994-08-28,1994-08-28,1994-09-02,6,29.1,0.6,30.1
162450,1995-08-11,1995-08-11,1995-08-14,4,30.5,0.2,30.7
162450,1996-06-08,1996-06-08,1996-06-14,7,28.3,0.5,28.9
162450,1997-06-15,1997-06-15,1997-06-19,5,27.9,0.9,29.3
162450,1998-06-03,1998-06-03,1998-06-06,4,28.6,1.2,30.1
162450,1998-06-27,1998-06-27,1998-07-02,6,29.6,1.2,31.7
162450,1998-08-02,1998-08-02,1998-08-04,3,32.2,1.5,34.0
162450,1998-08-10,1998-08-10,1998-08-12,3,31.3,0.5,31.9
162450,1999-06-07,1999-06-07,1999-06-10,4,27.9,1.3,29.7
162450,1999-08-25,1999-08-25,1999-08-27,3,29.3,0.6,29.7
162450,2000-06-03,2000-06-03,2000-06-06,4,26.1,0.2,26.4
162450,2000-06-08,2000-06-08,2000-06-10,3,27.7,0.2,27.9
162450,2000-06-15,2000-06-15,2000-06-17,3,27.1,0.6,27.8
162450,2000-07-02,2000-07-02,2000-07-04,3,30.3,1.4,31.3
162450,2000-08-15,2000-08-15,2000-08-27,13,31.1,0.7,32.3
162450,2001-06-25,2001-06-25,2001-06-28,4,28.3,0.5,28.9
162450,2001-08-27,2001-08-27,2001-08-30,4,28.8,0.7,29.8
162450,2002-06-15,2002-06-15,2002-06-29,15,29.6,1.1,31.7
162450,2003-06-03,2003-06-03,2003-07-01,29,29.3,1.7,31.9
162450,2003-08-03,2003-08-03,2003-08-25,23,32.1,0.9,33.6
162450,2003-08-27,2003-08-27,2003-09-02,7,28.9,1.0,30.6
162450,2004-07-05,2004-07-05,2004-07-08,4,30.5,0.8,31.6
162450,2005-06-17,2005-06-17,2005-06-30,14,28.7,1.8,31.9
162450,2006-06-18,2006-06-18,2006-06-29,12,30.0,1.0,31.2
162450,2006-07-02,2006-07-02,2006-07-04,3,29.7,0.4,30.2
162450,2007-06-18,2007-06-18,2007-06-22,5,28.2,1.3,30.2
162450,2007-08-24,2007-08-24,2007-08-30,7,31.8,2.1,34.5
162450,2008-06-22,2008-06-22,2008-07-05,14,29.3,0.6,30.2
162450,2008-08-30,2008-08-30,2008-09-12,14,29.0,1.1,30.7
162450,2009-06-14,2009-06-14,2009-06-19,6,27.8,0.7,28.4
162450,2009-08-15,2009-08-15,2009-09-06,23,29.9,1.7,32.8
162450,2010-06-10,2010-06-10,2010-06-12,3,27.3,1.3,28.8
162450,2010-07-11,2010-07-11,2010-07-18,8,31.1,1.3,33.0
162450,2010-08-25,2010-08-25,2010-08-27,3,29.2,0.2,29.3
162450,2011-06-21,2011-06-21,2011-06-23,3,27.3,0.4,27.7
162450,2011-08-19,2011-08-19,2011-08-27,9,31.5,1.2,32.6
162450,2012-06-16,2012-06-16,2012-06-24,9,29.4,0.9,30.4
162450,2012-06-26,2012-06-26,2012-07-02,7,29.8,1.4,31.9
162450,2012-07-08,2012-07-08,2012-07-10,3,29.7,0.2,30.0
162450,2012-08-05,2012-08-05,2012-08-09,5,32.0,1.2,33.5
162450,2012-08-17,2012-08-17,2012-08-25,9,31.3,0.6,32.3
162450,2013-06-17,2013-06-17,2013-06-21,5,28.7,1.0,30.1
162450,2013-07-27,2013-07-27,2013-07-29,3,32.1,0.4,32.6
162450,2013-08-03,2013-08-03,2013-08-10,8,32.3,1.2,34.2
162450,2014-06-07,2014-06-07,2014-06-14,8,28.5,1.0,29.8
162450,2015-06-03,2015-06-03,2015-06-07,5,27.3,0.8,28.0
162450,2015-06-10,2015-06-10,2015-06-13,4,27.8,0.8,28.9
162450,2015-07-01,2015-07-01,2015-07-08,8,29.7,0.8,30.7
162450,2015-07-10,2015-07-10,2015-07-12,3,30.3,0.2,30.5
162450,2015-07-14,2015-07-14,2015-07-24,11,32.1,0.9,33.1
162450,2015-08-03,2015-08-03,2015-08-09,7,32.0,0.7,33.2
162450,2015-08-29,2015-08-29,2015-09-04,7,29.6,1.5,31.6
162450,2016-06-23,2016-06-23,2016-06-26,4,29.6,1.2,30.6
162450,2016-07-10,2016-07-10,2016-07-12,3,30.3,0.6,30.7
162450,2016-08-22,2016-08-22,2016-08-28,7,30.0,0.7,31.2
162450,2017-06-10,2017-06-10,2017-06-28,19,28.2,1.0,30.5
162450,2017-07-05,2017-07-05,2017-07-13,9,30.5,0.5,31.2
162450,2017-07-31,2017-07-31,2017-08-10,11,33.0,1.0,34.3
162450,2017-08-16,2017-08-16,2017-08-18,3,31.1,0.8,32.0
162450,2017-08-25,2017-08-25,2017-08-31,7,30.1,1.1,32.3
162450,2018-07-30,2018-07-30,2018-08-02,4,31.7,0.3,32.0
162450,2019-06-13,2019-06-13,2019-06-15,3,28.6,2.1,30.9
162450,2019-06-18,2019-06-18,2019-07-09,22,29.8,1.5,32.5
162450,2019-07-23,2019-07-23,2019-07-26,4,31.6,0.3,32.0
162450,2019-08-09,2019-08-09,2019-08-13,5,31.7,0.9,33.1
162450,2019-08-26,2019-08-26,2019-09-01,7,29.2,0.4,29.5
162450,2020-07-30,2020-07-30,2020-08-02,4,32.1,0.9,33.0
162450,2020-08-21,2020-08-21,2020-08-23,3,30.7,0.9,31.7
162450,2020-08-25,2020-08-25,2020-08-30,6,29.2,0.7,30.7
162450,2021-06-17,2021-06-17,2021-06-29,13,29.2,1.2,31.6
162450,2021-07-06,2021-07-06,2021-07-08,3,30.7,1.0,31.8
162450,2021-07-26,2021-07-26,2021-07-28,3,31.6,0.3,31.9
162450,2021-08-10,2021-08-10,2021-08-16,7,32.6,0.9,33.7
162890,1981-06-01,1981-06-01,1981-06-03,3,27.2,0.7,27.7
162890,1981-06-12,1981-06-12,1981-06-15,4,28.6,0.8,29.0
162890,1981-08-03,1981-08-03,1981-08-05,3,34.5,1.3,36.0
162890,1982-06-24,1982-06-24,1982-06-26,3,31.5,1.1,32.7
162890,1983-06-03,1983-06-03,1983-06-05,3,28.3,0.7,28.9
162890,1983-07-26,1983-07-26,1983-07-28,3,34.2,1.0,35.2
162890,1985-08-13,1985-08-13,1985-08-16,4,32.3,0.5,33.0
162890,1987-06-11,1987-06-11,1987-06-15,5,28.7,1.1,30.1
162890,1987-07-22,1987-07-22,1987-07-24,3,33.0,1.4,34.6
162890,1987-08-30,1987-08-30,1987-09-01,3,29.6,0.3,29.8
162890,1988-07-05,1988-07-05,1988-07-11,7,31.9,1.6,34.6
162890,1988-07-25,1988-07-25,1988-07-27,3,33.5,1.1,34.3
162890,1988-08-13,1988-08-13,1988-08-18,6,32.5,0.6,33.3
162890,1990-06-25,1990-06-25,1990-06-27,3,29.8,0.5,30.0
162890,1992-07-27,1992-07-27,1992-07-31,5,32.6,0.6,33.5
162890,1992-08-05,1992-08-05,1992-08-08,4,33.1,0.6,33.8
162890,1992-08-24,1992-08-24,1992-08-29,6,30.6,1.2,32.8
162890,1993-06-06,1993-06-06,1993-06-10,5,28.4,1.2,29.5
162890,1993-07-03,1993-07-03,1993-07-05,3,32.7,1.6,34.0
162890,1993-08-24,1993-08-24,1993-08-27,4,31.8,1.1,33.5
162890,1994-06-30,1994-06-30,1994-07-02,3,31.3,1.0,32.5
162890,1994-08-03,1994-08-03,1994-08-07,5,32.9,0.7,33.7
162890,1994-08-27,1994-08-27,1994-08-29,3,29.8,0.3,30.1
162890,1994-08-31,1994-08-31,1994-09-02,3,30.6,0.3,31.0
162890,1996-06-10,1996-06-10,1996-06-14,5,28.4,0.8,29.4
162890,1997-06-10,1997-06-10,1997-06-19,10,28.7,1.6,31.5
162890,1998-06-03,1998-06-03,1998-06-07,5,29.3,1.8,31.3
162890,1998-06-28,1998-06-28,1998-07-02,5,30.4,1.0,31.8
162890,1998-08-01,1998-08-01,1998-08-04,4,32.8,0.6,33.5
162890,1998-08-10,1998-08-10,1998-08-12,3,32.4,0.3,32.7
162890,1999-06-01,1999-06-01,1999-06-03,3,27.1,0.6,27.5
162890,1999-06-07,1999-06-07,1999-06-10,4,28.3,0.9,29.5
162890,1999-08-08,1999-08-08,1999-08-10,3,33.6,2.0,35.6
162890,2000-06-01,2000-06-01,2000-06-06,6,26.9,0.3,27.3
162890,2000-06-08,2000-06-08,2000-06-11,4,28.2,0.8,29.5
162890,2000-07-03,2000-07-03,2000-07-05,3,31.3,1.4,32.7
162890,2000-08-20,2000-08-20,2000-08-27,8,31.9,0.8,32.6
162890,2001-07-31,2001-07-31,2001-08-03,4,32.3,0.5,32.8
162890,2002-06-15,2002-06-15,2002-06-26,12,29.9,1.5,31.4
162890,2003-06-03,2003-06-03,2003-07-01,29,30.0,1.4,32.3
162890,2003-08-03,2003-08-03,2003-08-14,12,33.6,0.9,34.7
162890,2003-08-16,2003-08-16,2003-08-25,10,32.7,1.3,34.7
162890,2003-08-27,2003-08-27,2003-08-31,5,30.4,1.1,31.6
162890,2004-07-06,2004-07-06,2004-07-09,4,31.5,1.2,33.3
162890,2005-06-01,2005-06-01,2005-06-04,4,26.9,0.4,27.4
162890,2005-06-17,2005-06-17,2005-06-30,14,29.7,1.3,32.6
162890,2005-07-28,2005-07-28,2005-07-30,3,34.2,1.2,35.4
162890,2006-06-17,2006-06-17,2006-06-29,13,31.2,1.6,34.6
162890,2006-07-10,2006-07-10,2006-07-12,3,30.9,0.1,31.0
162890,2007-06-18,2007-06-18,2007-06-22,5,29.8,2.0,32.1
162890,2007-06-24,2007-06-24,2007-06-26,3,31.1,0.2,31.3
162890,2007-07-17,2007-07-17,2007-07-24,8,32.7,0.8,33.4
162890,2007-08-22,2007-08-22,2007-08-30,9,33.6,2.1,36.6
162890,2008-06-21,2008-06-21,2008-06-26,6,29.7,0.6,30.4
162890,2008-08-30,2008-08-30,2008-09-02,4,29.5,0.9,30.3
162890,2009-06-14,2009-06-14,2009-06-18,5,28.1,0.9,29.5
162890,2009-07-15,2009-07-15,2009-07-17,3,31.2,0.4,31.6
162890,2009-08-15,2009-08-15,2009-09-03,20,31.6,1.6,34.6
162890,2010-06-10,2010-06-10,2010-06-13,4,28.6,0.7,29.1
162890,2010-07-15,2010-07-15,2010-07-17,3,32.1,0.8,32.9
162890,2011-07-09,2011-07-09,2011-07-14,6,31.6,1.1,33.2
162890,2011-08-20,2011-08-20,2011-08-27,8,33.1,1.1,34.6
162890,2012-06-15,2012-06-15,2012-06-24,10,29.6,1.1,31.0
162890,2012-06-27,2012-06-27,2012-07-02,6,31.2,0.7,31.9
162890,2012-07-08,2012-07-08,2012-07-12,5,30.6,0.2,30.8
162890,2012-08-04,2012-08-04,2012-08-10,7,32.9,1.5,36.0
162890,2012-08-17,2012-08-17,2012-08-25,9,32.7,1.1,34.2
162890,2012-08-27,2012-08-27,2012-08-31,5,30.4,1.0,31.6
162890,2013-06-17,2013-06-17,2013-06-22,6,29.6,0.7,30.4
162890,2013-07-31,2013-07-31,2013-08-09,10,33.3,0.7,34.4
162890,2014-06-07,2014-06-07,2014-06-13,7,29.2,1.1,30.6
162890,2015-06-03,2015-06-03,2015-06-07,5,28.0,1.6,30.2
162890,2015-06-10,2015-06-10,2015-06-14,5,28.0,1.2,29.9
162890,2015-06-29,2015-06-29,2015-07-07,9,30.9,1.1,32.9
162890,2015-07-09,2015-07-09,2015-07-11,3,31.7,1.3,32.9
162890,2015-07-14,2015-07-14,2015-07-23,10,33.4,0.8,34.8
162890,2015-07-31,2015-07-31,2015-08-09,10,33.5,1.1,35.3
162890,2015-08-28,2015-08-28,2015-09-05,9,30.3,1.6,32.9
162890,2016-06-23,2016-06-23,2016-06-25,3,31.1,0.6,31.7
162890,2016-07-10,2016-07-10,2016-07-13,4,31.1,0.7,31.8
162890,2016-08-24,2016-08-24,2016-08-28,5,31.2,0.8,32.3
162890,2016-08-31,2016-08-31,2016-09-04,5,29.6,1.0,31.0
162890,2017-06-11,2017-06-11,2017-06-17,7,28.6,0.9,30.0
162890,2017-06-26,2017-06-26,2017-06-28,3,30.3,0.7,31.1
162890,2017-07-04,2017-07-04,2017-07-13,10,31.4,0.5,32.2
162890,2017-07-31,2017-07-31,2017-08-10,11,34.5,0.9,36.0
162890,2017-08-16,2017-08-16,2017-08-18,3,33.1,0.5,33.6
162890,2017-08-25,2017-08-25,2017-08-31,7,31.2,1.0,32.4
162890,2018-07-30,2018-07-30,2018-08-05,7,32.4,0.8,33.4
162890,2019-06-07,2019-06-07,2019-06-16,10,29.2,1.4,31.8
162890,2019-06-24,2019-06-24,2019-07-06,13,31.6,1.1,33.4
162890,2019-07-23,2019-07-23,2019-07-25,3,33.3,0.3,33.7
162890,2019-08-08,2019-08-08,2019-08-13,6,32.8,1.0,34.0
162890,2019-08-22,2019-08-22,2019-09-01,11,30.7,0.8,31.8
162890,2020-07-06,2020-07-06,2020-07-08,3,30.5,0.5,31.2
162890,2020-08-29,2020-08-29,2020-08-31,3,31.4,0.6,31.8
162890,2021-06-10,2021-06-10,2021-06-15,6,27.2,0.5,27.8
162890,2021-06-19,2021-06-19,2021-06-30,12,31.1,1.6,33.4
162890,2021-07-06,2021-07-06,2021-07-09,4,31.7,1.2,33.4
162890,2021-07-25,2021-07-25,2021-08-01,8,33.1,0.8,34.2
162890,2021-08-10,2021-08-10,2021-08-16,7,34.6,1.4,35.8
163100,1981-06-01,1981-06-01,1981-06-03,3,25.3,0.7,25.8
163100,1981-08-03,1981-08-03,1981-08-05,3,31.2,0.4,31.7
163100,1982-06-23,1982-06-23,1982-06-27,5,31.2,2.3,33.5
163100,1982-07-15,1982-07-15,1982-07-17,3,29.5,0.6,30.0
163100,1983-07-25,1983-07-25,1983-07-28,4,31.5,0.7,32.5
163100,1987-06-11,1987-06-11,1987-06-15,5,29.1,1.5,31.3
163100,1987-07-19,1987-07-19,1987-07-26,8,32.1,1.2,33.5
163100,1988-07-04,1988-07-04,1988-07-10,7,31.2,2.3,33.9
163100,1988-08-12,1988-08-12,1988-08-18,7,30.4,0.5,31.2
163100,1993-06-08,1993-06-08,1993-06-10,3,27.4,0.7,28.2
163100,1993-07-03,1993-07-03,1993-07-06,4,31.2,0.6,31.7
163100,1993-08-21,1993-08-21,1993-08-27,7,30.0,1.3,32.0
163100,1994-08-14,1994-08-14,1994-08-16,3,30.4,0.4,30.9
163100,1994-08-22,1994-08-22,1994-08-24,3,29.7,1.0,30.8
163100,1994-08-31,1994-08-31,1994-09-02,3,29.0,0.1,29.2
163100,1996-06-10,1996-06-10,1996-06-12,3,25.9,0.2,26.2
163100,1997-06-11,1997-06-11,1997-06-19,9,28.1,2.2,31.8
163100,1998-06-03,1998-06-03,1998-06-07,5,28.0,1.3,29.3
163100,1998-06-28,1998-06-28,1998-07-03,6,30.5,1.4,32.6
163100,1998-08-02,1998-08-02,1998-08-04,3,31.2,0.6,31.9
163100,1999-06-01,1999-06-01,1999-06-04,4,26.0,0.7,26.7
163100,1999-06-06,1999-06-06,1999-06-10,5,27.2,1.5,28.6
163100,1999-08-08,1999-08-08,1999-08-11,4,32.1,1.7,34.4
163100,1999-08-17,1999-08-17,1999-08-21,5,30.4,1.4,32.4
163100,2000-06-04,2000-06-04,2000-06-06,3,25.7,0.6,26.3
163100,2000-06-13,2000-06-13,2000-06-15,3,26.4,0.4,26.8
163100,2000-07-03,2000-07-03,2000-07-08,6,30.1,0.9,31.7
163100,2000-08-20,2000-08-20,2000-08-27,8,29.9,0.8,31.0
163100,2001-06-10,2001-06-10,2001-06-13,4,26.8,0.6,27.5
163100,2002-06-17,2002-06-17,2002-06-26,10,27.7,0.9,29.6
163100,2003-06-09,2003-06-09,2003-07-01,23,27.7,0.9,29.1
163100,2003-07-22,2003-07-22,2003-07-24,3,30.6,0.4,31.1
163100,2003-08-16,2003-08-16,2003-08-25,10,30.0,1.1,31.9
163100,2003-08-28,2003-08-28,2003-08-31,4,29.8,1.3,31.1
163100,2004-07-06,2004-07-06,2004-07-09,4,30.4,1.4,32.2
163100,2005-06-26,2005-06-26,2005-06-30,5,28.4,0.4,28.9
163100,2005-07-26,2005-07-26,2005-07-30,5,31.7,0.6,32.5
163100,2006-06-18,2006-06-18,2006-06-23,6,29.6,0.9,30.6
163100,2006-06-25,2006-06-25,2006-06-29,5,30.2,1.0,31.1
163100,2006-08-17,2006-08-17,2006-08-21,5,31.8,2.0,34.1
163100,2007-06-18,2007-06-18,2007-06-26,9,29.8,1.8,32.7
163100,2007-07-16,2007-07-16,2007-07-24,9,31.1,1.4,33.7
163100,2007-08-21,2007-08-21,2007-08-31,11,31.9,2.4,36.4
163100,2008-06-22,2008-06-22,2008-06-29,8,28.1,0.6,28.7
163100,2008-08-13,2008-08-13,2008-08-15,3,30.8,0.6,31.3
163100,2009-06-15,2009-06-15,2009-06-18,4,27.1,0.6,27.8
163100,2009-07-15,2009-07-15,2009-07-17,3,29.1,0.3,29.3
163100,2009-08-16,2009-08-16,2009-08-23,8,29.5,0.7,30.9
163100,2009-08-26,2009-08-26,2009-08-31,6,29.1,0.8,30.0
163100,2010-06-10,2010-06-10,2010-06-13,4,27.8,0.4,28.2
163100,2010-06-15,2010-06-15,2010-06-18,4,27.6,1.4,29.2
163100,2010-07-15,2010-07-15,2010-07-17,3,30.1,0.2,30.4
163100,2010-08-20,2010-08-20,2010-08-22,3,29.4,0.4,29.7
163100,2011-07-09,2011-07-09,2011-07-14,6,30.0,0.6,31.0
163100,2011-08-19,2011-08-19,2011-08-27,9,30.3,0.7,31.3
163100,2012-06-15,2012-06-15,2012-06-23,9,27.6,0.9,28.8
163100,2012-06-26,2012-06-26,2012-07-05,10,28.8,0.7,29.7
163100,2012-07-07,2012-07-07,2012-07-15,9,29.7,0.8,30.8
163100,2012-08-05,2012-08-05,2012-08-08,4,32.2,1.4,33.7
163100,2012-08-17,2012-08-17,2012-08-28,12,29.9,0.7,30.9
163100,2013-06-17,2013-06-17,2013-06-22,6,28.4,0.9,29.6
163100,2013-08-03,2013-08-03,2013-08-09,7,30.6,0.3,31.1
163100,2014-06-08,2014-06-08,2014-06-13,6,26.6,0.7,27.6
163100,2015-07-09,2015-07-09,2015-07-12,4,28.9,0.5,29.6
163100,2015-07-14,2015-07-14,2015-07-22,9,31.1,1.0,32.2
163100,2015-07-31,2015-07-31,2015-08-02,3,31.5,0.4,32.0
163100,2015-08-06,2015-08-06,2015-08-08,3,31.5,0.6,32.1
163100,2015-08-28,2015-08-28,2015-09-01,5,29.3,0.5,30.0
163100,2016-07-10,2016-07-10,2016-07-13,4,29.6,0.4,29.8
163100,2016-08-25,2016-08-25,2016-08-27,3,29.0,0.2,29.3
163100,2017-06-11,2017-06-11,2017-06-19,9,26.7,0.3,27.2
163100,2017-06-26,2017-06-26,2017-07-01,6,29.7,1.9,32.9
163100,2017-07-06,2017-07-06,2017-07-13,8,29.8,1.2,31.8
163100,2017-07-31,2017-07-31,2017-08-10,11,32.1,1.0,34.1
163100,2017-08-15,2017-08-15,2017-08-19,5,29.8,0.6,30.8
163100,2017-08-25,2017-08-25,2017-08-30,6,28.9,0.4,29.4
163100,2018-06-02,2018-06-02,2018-06-04,3,26.4,1.1,27.3
163100,2019-06-07,2019-06-07,2019-06-18,12,28.1,1.4,29.8
163100,2019-06-21,2019-06-21,2019-06-23,3,27.8,0.6,28.4
163100,2019-06-25,2019-06-25,2019-07-10,16,29.2,0.5,30.2
163100,2019-08-07,2019-08-07,2019-08-13,7,30.7,0.5,31.4
163100,2019-08-21,2019-08-21,2019-08-30,10,29.1,0.4,29.8
163100,2020-06-26,2020-06-26,2020-06-28,3,27.9,0.4,28.1
163100,2020-08-21,2020-08-21,2020-08-23,3,29.4,0.4,29.7
163100,2020-08-29,2020-08-29,2020-08-31,3,30.4,0.3,30.7
163100,2021-06-20,2021-06-20,2021-06-30,11,30.3,1.6,32.2
163100,2021-07-06,2021-07-06,2021-07-09,4,30.2,1.5,32.3
163100,2021-07-26,2021-07-26,2021-08-04,10,31.9,0.6,32.8
163100,2021-08-08,2021-08-08,2021-08-17,10,31.8,1.1,33.4
164290,1982-06-20,1982-06-20,1982-06-26,7,33.2,1.3,34.7
164290,1983-06-03,1983-06-03,1983-06-05,3,29.4,0.6,29.8
164290,1983-07-25,1983-07-25,1983-07-30,6,36.5,0.5,37.0
164290,1987-06-11,1987-06-11,1987-06-14,4,31.9,0.8,32.5
164290,1987-07-22,1987-07-22,1987-07-25,4,36.3,0.4,36.8
164290,1987-08-10,1987-08-10,1987-08-12,3,35.2,1.1,36.4
164290,1987-08-27,1987-08-27,1987-08-29,3,32.5,0.6,33.2
164290,1988-07-04,1988-07-04,1988-07-10,7,35.4,1.6,37.7
164290,1988-08-13,1988-08-13,1988-08-15,3,34.4,0.2,34.6
164290,1988-08-31,1988-08-31,1988-09-02,3,33.5,1.2,34.9
164290,1990-06-22,1990-06-22,1990-06-24,3,32.0,0.8,32.5
164290,1991-08-25,1991-08-25,1991-08-28,4,32.2,0.2,32.4
164290,1992-08-23,1992-08-23,1992-08-26,4,32.6,0.5,33.3
164290,1993-06-08,1993-06-08,1993-06-10,3,30.5,0.9,31.5
164290,1993-07-03,1993-07-03,1993-07-05,3,33.7,0.2,33.9
164290,1993-08-02,1993-08-02,1993-08-08,7,34.9,0.3,35.4
164290,1993-08-24,1993-08-24,1993-08-27,4,34.1,0.9,35.1
164290,1994-08-08,1994-08-08,1994-08-10,3,34.3,0.3,34.6
164290,1994-08-12,1994-08-12,1994-08-18,7,35.5,1.4,37.9
164290,1994-08-22,1994-08-22,1994-08-24,3,34.2,1.4,35.7
164290,1994-08-28,1994-08-28,1994-09-01,5,31.8,0.3,32.1
164290,1997-06-08,1997-06-08,1997-06-18,11,32.1,2.0,34.8
164290,1997-08-08,1997-08-08,1997-08-10,3,34.8,0.1,34.9
164290,1998-06-01,1998-06-01,1998-06-06,6,30.2,1.5,31.4
164290,1998-06-27,1998-06-27,1998-07-03,7,34.5,1.5,36.8
164290,1999-08-08,1999-08-08,1999-08-10,3,36.8,2.1,39.1
164290,1999-08-19,1999-08-19,1999-08-26,8,33.8,1.1,35.5
164290,2000-07-04,2000-07-04,2000-07-08,5,34.8,2.3,37.5
164290,2000-08-20,2000-08-20,2000-08-29,10,35.7,2.3,39.2
164290,2002-06-16,2002-06-16,2002-06-23,8,32.1,0.6,32.9
164290,2003-06-10,2003-06-10,2003-06-17,8,31.5,0.8,32.5
164290,2003-06-25,2003-06-25,2003-07-01,7,34.6,1.3,36.6
164290,2003-07-16,2003-07-16,2003-07-18,3,34.5,0.3,34.9
164290,2003-08-12,2003-08-12,2003-08-25,14,35.2,0.9,37.0
164290,2003-08-28,2003-08-28,2003-09-01,5,33.3,0.5,33.9
164290,2005-06-26,2005-06-26,2005-06-29,4,33.3,1.0,34.3
164290,2006-06-17,2006-06-17,2006-06-28,12,33.8,1.6,36.9
164290,2006-08-17,2006-08-17,2006-08-21,5,35.3,1.7,37.9
164290,2007-06-17,2007-06-17,2007-06-19,3,32.2,1.4,33.7
164290,2007-06-21,2007-06-21,2007-06-26,6,34.3,1.5,35.7
164290,2007-07-18,2007-07-18,2007-07-24,7,35.8,0.9,37.1
164290,2007-08-22,2007-08-22,2007-08-30,9,34.5,1.1,36.2
164290,2008-06-24,2008-06-24,2008-06-26,3,32.6,0.2,32.8
164290,2008-06-29,2008-06-29,2008-07-03,5,32.7,0.2,33.0
164290,2008-08-06,2008-08-06,2008-08-08,3,34.7,0.9,35.7
164290,2009-06-16,2009-06-16,2009-06-18,3,31.7,0.8,32.5
164290,2009-08-19,2009-08-19,2009-08-28,10,33.0,0.8,34.6
164290,2010-06-09,2010-06-09,2010-06-11,3,30.5,0.6,31.1
164290,2010-07-14,2010-07-14,2010-07-17,4,34.5,0.9,35.6
164290,2010-08-23,2010-08-23,2010-08-26,4,32.7,0.8,33.9
164290,2011-07-11,2011-07-11,2011-07-13,3,34.4,0.6,35.0
164290,2011-08-19,2011-08-19,2011-08-26,8,34.2,0.6,35.1
164290,2011-08-31,2011-08-31,2011-09-04,5,33.7,1.9,35.7
164290,2012-06-15,2012-06-15,2012-06-24,10,32.5,1.1,34.9
164290,2012-07-10,2012-07-10,2012-07-12,3,36.3,0.9,37.1
164290,2012-08-06,2012-08-06,2012-08-08,3,36.6,1.4,37.7
164290,2012-08-16,2012-08-16,2012-08-24,9,33.8,0.9,34.7
164290,2012-08-28,2012-08-28,2012-08-30,3,32.2,0.4,32.5
164290,2013-06-20,2013-06-20,2013-06-22,3,31.6,0.3,31.8
164290,2013-08-05,2013-08-05,2013-08-08,4,35.4,0.4,35.9
164290,2014-06-06,2014-06-06,2014-06-09,4,29.9,0.2,30.2
164290,2014-06-11,2014-06-11,2014-06-13,3,30.0,0.4,30.4
164290,2015-07-18,2015-07-18,2015-07-21,4,35.3,0.5,35.8
164290,2015-07-30,2015-07-30,2015-08-02,4,35.5,0.9,36.3
164290,2017-06-01,2017-06-01,2017-06-05,5,28.4,0.6,29.3
164290,2017-06-15,2017-06-15,2017-06-17,3,31.3,0.8,32.2
164290,2017-06-25,2017-06-25,2017-06-28,4,33.3,1.1,34.7
164290,2017-07-06,2017-07-06,2017-07-13,8,33.7,0.5,34.4
164290,2017-08-01,2017-08-01,2017-08-10,10,36.9,1.3,39.1
164290,2017-08-16,2017-08-16,2017-08-18,3,33.7,0.3,34.1
164290,2017-08-25,2017-08-25,2017-08-30,6,33.7,0.7,34.4
164290,2019-06-07,2019-06-07,2019-06-11,5,32.4,0.9,32.9
164290,2019-06-20,2019-06-20,2019-06-26,7,32.8,0.7,34.0
164290,2019-07-03,2019-07-03,2019-07-09,7,34.2,1.4,36.2
164290,2019-08-10,2019-08-10,2019-08-13,4,35.0,1.0,35.9
164290,2020-07-30,2020-07-30,2020-08-02,4,35.6,0.9,36.6
164290,2020-08-26,2020-08-26,2020-08-28,3,32.2,0.3,32.5
164290,2021-06-19,2021-06-19,2021-07-03,15,34.3,2.1,38.7
164290,2021-07-06,2021-07-06,2021-07-08,3,34.4,1.4,35.8
164290,2021-07-31,2021-07-31,2021-08-04,5,35.6,1.4,37.4
164290,2021-08-09,2021-08-09,2021-08-16,8,36.3,2.2,40.0
164050,1982-06-19,1982-06-19,1982-06-26,8,34.8,3.3,38.8
164050,1982-07-14,1982-07-14,1982-07-16,3,35.2,1.2,36.3
164050,1983-07-24,1983-07-24,1983-07-30,7,35.7,1.1,38.1
164050,1987-06-11,1987-06-11,1987-06-14,4,32.9,2.1,34.3
164050,1987-07-23,1987-07-23,1987-07-26,4,36.3,1.2,37.7
164050,1987-08-07,1987-08-07,1987-08-12,6,34.9,1.2,37.0
164050,1988-07-04,1988-07-04,1988-07-08,5,35.2,2.3,38.7
164050,1988-08-30,1988-08-30,1988-09-02,4,34.2,2.3,36.6
164050,1993-06-08,1993-06-08,1993-06-10,3,30.4,0.6,30.9
164050,1993-07-03,1993-07-03,1993-07-06,4,35.6,1.3,36.8
164050,1993-08-24,1993-08-24,1993-08-27,4,34.6,1.2,35.8
164050,1994-06-02,1994-06-02,1994-06-04,3,28.2,0.6,29.0
164050,1994-08-09,1994-08-09,1994-08-18,10,34.8,1.7,37.2
164050,1994-08-21,1994-08-21,1994-08-25,5,33.6,1.8,36.3
164050,1995-08-09,1995-08-09,1995-08-12,4,33.2,0.3,33.5
164050,1996-07-26,1996-07-26,1996-07-28,3,35.3,0.5,35.7
164050,1997-06-11,1997-06-11,1997-06-19,9,32.7,2.1,36.4
164050,1998-06-01,1998-06-01,1998-06-06,6,31.4,1.2,33.0
164050,1998-06-27,1998-06-27,1998-07-03,7,35.5,2.4,38.0
164050,1999-08-07,1999-08-07,1999-08-11,5,37.4,2.8,40.1
164050,1999-08-17,1999-08-17,1999-08-21,5,34.6,1.7,37.2
164050,2000-07-03,2000-07-03,2000-07-08,6,34.5,1.4,36.4
164050,2000-08-19,2000-08-19,2000-08-27,9,34.5,1.8,37.0
164050,2002-08-03,2002-08-03,2002-08-06,4,34.8,0.5,35.2
164050,2003-06-25,2003-06-25,2003-07-01,7,34.2,2.0,36.1
164050,2003-07-15,2003-07-15,2003-07-17,3,34.6,1.2,35.4
164050,2003-08-16,2003-08-16,2003-08-20,5,33.8,0.5,34.5
164050,2003-08-22,2003-08-22,2003-08-25,4,33.4,0.7,34.2
164050,2003-08-28,2003-08-28,2003-09-01,5,33.7,2.3,36.2
164050,2004-08-09,2004-08-09,2004-08-11,3,34.0,1.4,35.6
164050,2005-06-28,2005-06-28,2005-06-30,3,32.8,1.9,35.0
164050,2005-08-10,2005-08-10,2005-08-12,3,33.6,0.8,34.6
164050,2006-06-17,2006-06-17,2006-06-29,13,33.6,1.7,36.4
164050,2006-08-17,2006-08-17,2006-08-21,5,34.3,1.4,36.4
164050,2007-06-18,2007-06-18,2007-06-26,9,34.8,3.0,39.4
164050,2007-07-22,2007-07-22,2007-07-24,3,37.1,2.2,38.9
164050,2007-08-21,2007-08-21,2007-08-31,11,34.5,1.9,37.3
164050,2009-08-25,2009-08-25,2009-08-27,3,32.7,0.4,33.2
164050,2010-06-10,2010-06-10,2010-06-12,3,32.6,0.7,33.3
164050,2011-07-11,2011-07-11,2011-07-13,3,33.6,0.5,34.1
164050,2012-06-19,2012-06-19,2012-06-21,3,32.2,2.0,34.6
164050,2012-07-09,2012-07-09,2012-07-12,4,35.5,1.6,37.6
164050,2012-08-04,2012-08-04,2012-08-08,5,35.2,1.6,37.4
164050,2014-06-23,2014-06-23,2014-06-25,3,32.4,1.7,33.8
164050,2015-07-31,2015-07-31,2015-08-02,3,35.8,0.7,36.4
164050,2017-06-25,2017-06-25,2017-06-30,6,33.8,2.7,37.0
164050,2017-07-10,2017-07-10,2017-07-12,3,35.1,2.1,37.0
164050,2017-07-22,2017-07-22,2017-07-24,3,35.7,1.5,37.4
164050,2017-08-03,2017-08-03,2017-08-10,8,35.8,1.0,37.4
164050,2019-06-07,2019-06-07,2019-06-12,6,31.7,0.8,32.6
164050,2019-06-21,2019-06-21,2019-06-23,3,33.8,0.5,34.2
164050,2019-07-07,2019-07-07,2019-07-10,4,34.1,1.2,35.9
164050,2020-08-14,2020-08-14,2020-08-17,4,33.9,1.7,36.2
164050,2020-08-29,2020-08-29,2020-08-31,3,33.6,0.1,33.8
164050,2021-06-19,2021-06-19,2021-06-30,12,34.6,1.8,37.5
164050,2021-07-29,2021-07-29,2021-08-01,4,36.0,1.3,37.8
164050,2021-08-07,2021-08-07,2021-08-17,11,35.1,2.2,38.5
77650,1981-06-10,1981-06-10,1981-06-17,8,29.3,1.0,30.7
77650,1981-08-03,1981-08-03,1981-08-06,4,32.6,1.3,34.5
77650,1982-07-05,1982-07-05,1982-07-07,3,32.1,1.2,33.5
77650,1983-06-03,1983-06-03,1983-06-06,4,28.0,0.4,28.3
77650,1983-07-19,1983-07-19,1983-08-01,14,33.7,1.6,36.4
77650,1985-08-14,1985-08-14,1985-08-16,3,32.3,0.4,32.7
77650,1988-08-15,1988-08-15,1988-08-18,4,32.1,0.2,32.4
77650,1991-08-25,1991-08-25,1991-08-27,3,31.2,0.6,31.9
77650,1992-08-06,1992-08-06,1992-08-08,3,32.0,0.3,32.3
77650,1992-08-25,1992-08-25,1992-08-29,5,30.6,0.5,30.9
77650,1993-08-04,1993-08-04,1993-08-08,5,33.0,1.3,35.1
77650,1993-08-17,1993-08-17,1993-08-19,3,32.6,0.4,32.9
77650,1994-06-01,1994-06-01,1994-06-03,3,26.9,0.3,27.3
77650,1994-07-01,1994-07-01,1994-07-07,7,31.6,1.0,32.7
77650,1994-08-04,1994-08-04,1994-08-10,7,33.2,1.6,35.5
77650,1994-08-28,1994-08-28,1994-09-01,5,30.8,0.6,31.6
77650,1995-07-25,1995-07-25,1995-07-27,3,32.6,0.4,33.0
77650,1996-06-11,1996-06-11,1996-06-13,3,28.5,0.3,28.7
77650,1997-06-11,1997-06-11,1997-06-18,8,28.5,0.7,29.8
77650,1998-06-21,1998-06-21,1998-06-23,3,29.0,0.5,29.6
77650,1998-06-28,1998-06-28,1998-07-03,6,31.9,0.8,33.2
77650,1998-08-11,1998-08-11,1998-08-14,4,32.6,0.4,33.0
77650,1999-07-02,1999-07-02,1999-07-04,3,30.2,0.1,30.3
77650,2000-06-02,2000-06-02,2000-06-04,3,27.2,0.4,27.5
77650,2000-06-22,2000-06-22,2000-06-24,3,29.3,0.6,29.8
77650,2000-07-02,2000-07-02,2000-07-07,6,33.6,2.5,36.4
77650,2000-08-16,2000-08-16,2000-08-18,3,31.7,0.1,31.8
77650,2000-08-21,2000-08-21,2000-08-27,7,33.9,1.3,35.3
77650,2001-06-25,2001-06-25,2001-06-27,3,30.5,0.4,30.9
77650,2001-07-31,2001-07-31,2001-08-05,6,32.9,1.0,34.2
77650,2001-08-26,2001-08-26,2001-08-30,5,32.0,1.4,33.8
77650,2002-06-01,2002-06-01,2002-06-03,3,26.2,0.4,26.5
77650,2002-06-13,2002-06-13,2002-06-25,13,30.7,2.1,32.7
77650,2003-06-02,2003-06-02,2003-06-17,16,29.1,2.3,32.7
77650,2003-06-20,2003-06-20,2003-07-01,12,31.9,1.3,34.0
77650,2003-07-11,2003-07-11,2003-07-25,15,32.7,1.3,35.8
77650,2003-08-03,2003-08-03,2003-08-19,17,34.3,1.1,36.1
77650,2003-08-21,2003-08-21,2003-08-24,4,32.1,0.7,32.9
77650,2003-08-27,2003-08-27,2003-08-31,5,31.2,1.1,32.1
77650,2005-06-21,2005-06-21,2005-06-30,10,30.8,1.6,33.7
77650,2006-06-19,2006-06-19,2006-07-02,14,30.7,0.9,33.0
77650,2006-07-20,2006-07-20,2006-07-22,3,32.7,0.7,33.5
77650,2007-06-14,2007-06-14,2007-06-18,5,28.4,0.8,29.7
77650,2007-06-20,2007-06-20,2007-06-25,6,30.6,1.2,32.7
77650,2007-07-17,2007-07-17,2007-07-23,7,33.2,0.4,33.7
77650,2007-08-25,2007-08-25,2007-08-30,6,33.0,1.4,35.2
77650,2008-06-22,2008-06-22,2008-07-03,12,30.3,0.7,31.6
77650,2008-07-05,2008-07-05,2008-07-07,3,31.1,1.0,31.9
77650,2008-08-05,2008-08-05,2008-08-08,4,33.3,0.6,34.0
77650,2008-08-12,2008-08-12,2008-08-14,3,32.0,0.3,32.3
77650,2008-08-29,2008-08-29,2008-08-31,3,29.7,0.2,29.9
77650,2009-06-03,2009-06-03,2009-06-05,3,26.1,0.4,26.4
77650,2009-06-11,2009-06-11,2009-06-20,10,29.2,1.5,32.0
77650,2009-08-17,2009-08-17,2009-08-22,6,33.2,1.2,34.9
77650,2010-07-10,2010-07-10,2010-07-13,4,31.3,0.4,31.8
77650,2010-07-15,2010-07-15,2010-07-18,4,31.9,1.1,33.4
77650,2011-06-26,2011-06-26,2011-06-29,4,30.1,0.9,31.1
77650,2011-08-20,2011-08-20,2011-08-26,7,33.0,0.5,33.7
77650,2012-06-16,2012-06-16,2012-07-02,17,30.5,1.0,31.8
77650,2012-07-08,2012-07-08,2012-07-14,7,31.8,1.0,33.5
77650,2012-07-18,2012-07-18,2012-07-21,4,32.6,0.9,33.5
77650,2012-08-18,2012-08-18,2012-08-26,9,33.1,0.7,34.2
77650,2012-08-28,2012-08-28,2012-08-30,3,30.6,0.3,30.9
77650,2013-06-14,2013-06-14,2013-06-19,6,27.8,0.3,28.1
77650,2013-08-05,2013-08-05,2013-08-07,3,32.0,0.9,32.9
77650,2014-06-07,2014-06-07,2014-06-13,7,29.9,1.2,31.2
77650,2015-06-04,2015-06-04,2015-06-07,4,28.5,1.3,29.5
77650,2015-06-29,2015-06-29,2015-07-08,10,31.7,1.4,34.4
77650,2015-07-11,2015-07-11,2015-07-13,3,32.1,0.0,32.2
77650,2015-07-15,2015-07-15,2015-07-20,6,32.9,1.2,34.8
77650,2015-08-04,2015-08-04,2015-08-09,6,33.1,1.1,34.5
77650,2015-08-30,2015-08-30,2015-09-03,5,30.6,1.0,31.8
77650,2016-06-23,2016-06-23,2016-06-26,4,30.5,0.5,30.9
77650,2016-08-27,2016-08-27,2016-08-29,3,30.0,0.5,30.5
77650,2017-06-09,2017-06-09,2017-06-17,9,29.7,1.2,30.9
77650,2017-06-19,2017-06-19,2017-06-28,10,31.0,1.2,32.8
77650,2017-07-04,2017-07-04,2017-07-14,11,32.3,1.2,34.1
77650,2017-08-01,2017-08-01,2017-08-09,9,35.4,1.9,38.5
77650,2017-08-26,2017-08-26,2017-09-01,7,32.3,1.6,34.4
77650,2018-07-31,2018-07-31,2018-08-02,3,32.6,0.4,32.8
77650,2019-06-18,2019-06-18,2019-07-09,22,31.9,2.1,35.4
77650,2019-07-24,2019-07-24,2019-07-26,3,32.7,0.2,32.9
77650,2019-08-10,2019-08-10,2019-08-12,3,32.9,0.8,33.5
77650,2019-08-30,2019-08-30,2019-09-02,4,29.5,0.9,30.4
77650,2020-06-29,2020-06-29,2020-07-01,3,31.2,1.2,31.9
77650,2020-07-29,2020-07-29,2020-08-02,5,33.9,0.5,34.6
77650,2020-08-08,2020-08-08,2020-08-10,3,32.5,0.4,32.9
77650,2020-08-21,2020-08-21,2020-08-23,3,32.2,0.6,32.9
77650,2020-08-26,2020-08-26,2020-08-29,4,32.3,0.7,33.2
77650,2021-06-19,2021-06-19,2021-06-21,3,28.9,0.6,29.5
77650,2021-07-05,2021-07-05,2021-07-07,3,30.7,0.7,31.5
77650,2021-08-10,2021-08-10,2021-08-16,7,33.8,1.1,35.6
77800,1981-06-09,1981-06-09,1981-06-15,7,24.2,0.7,25.2
77800,1981-08-04,1981-08-04,1981-08-07,4,28.5,0.8,29.3
77800,1982-06-23,1982-06-23,1982-06-25,3,26.6,1.9,28.8
77800,1982-07-04,1982-07-04,1982-07-06,3,27.1,0.2,27.4
77800,1982-07-14,1982-07-14,1982-07-17,4,28.3,0.4,28.6
77800,1983-06-03,1983-06-03,1983-06-07,5,24.0,0.6,24.4
77800,1983-07-18,1983-07-18,1983-08-01,15,30.3,1.2,32.2
77800,1986-08-10,1986-08-10,1986-08-12,3,28.0,0.4,28.4
77800,1986-08-16,1986-08-16,1986-08-18,3,29.1,1.2,30.4
77800,1988-08-01,1988-08-01,1988-08-03,3,28.7,0.6,29.1
77800,1988-08-14,1988-08-14,1988-08-16,3,28.1,0.2,28.3
77800,1991-08-24,1991-08-24,1991-08-29,6,27.3,0.7,28.3
77800,1992-08-05,1992-08-05,1992-08-09,5,28.7,0.6,29.3
77800,1992-08-25,1992-08-25,1992-08-29,5,27.4,0.3,27.8
77800,1994-07-02,1994-07-02,1994-07-05,4,27.0,0.7,27.9
77800,1994-08-04,1994-08-04,1994-08-10,7,29.4,1.4,31.8
77800,1994-08-13,1994-08-13,1994-08-17,5,28.5,0.3,29.0
77800,1994-08-21,1994-08-21,1994-08-23,3,28.1,0.3,28.4
77800,1994-08-30,1994-08-30,1994-09-01,3,27.7,0.3,27.9
77800,1996-06-09,1996-06-09,1996-06-15,7,24.0,0.2,24.3
77800,1997-06-10,1997-06-10,1997-06-18,9,24.5,0.8,25.5
77800,1998-06-03,1998-06-03,1998-06-06,4,23.4,0.5,24.0
77800,1998-06-28,1998-06-28,1998-07-01,4,27.4,1.3,29.3
77800,1999-08-25,1999-08-25,1999-08-28,4,27.2,0.4,27.6
77800,2000-06-01,2000-06-01,2000-06-06,6,23.7,0.5,24.5
77800,2000-06-20,2000-06-20,2000-06-22,3,25.0,1.0,26.1
77800,2000-08-20,2000-08-20,2000-08-27,8,28.7,1.3,30.7
77800,2002-06-15,2002-06-15,2002-06-28,14,26.3,1.0,27.8
77800,2003-06-01,2003-06-01,2003-07-01,31,26.1,1.7,29.5
77800,2003-07-14,2003-07-14,2003-07-16,3,28.2,0.1,28.3
77800,2003-07-20,2003-07-20,2003-07-22,3,29.0,0.6,29.6
77800,2003-08-02,2003-08-02,2003-08-31,30,29.1,1.0,31.1
77800,2004-07-06,2004-07-06,2004-07-08,3,27.3,0.1,27.4
77800,2005-06-17,2005-06-17,2005-06-30,14,26.5,1.7,28.8
77800,2005-07-16,2005-07-16,2005-07-18,3,28.2,0.2,28.4
77800,2006-06-17,2006-06-17,2006-06-28,12,25.9,0.9,28.0
77800,2006-07-03,2006-07-03,2006-07-05,3,26.7,0.3,27.0
77800,2006-07-11,2006-07-11,2006-07-22,12,28.4,0.4,28.9
77800,2006-07-24,2006-07-24,2006-07-28,5,29.2,0.3,29.5
77800,2006-07-30,2006-07-30,2006-08-01,3,28.5,0.6,29.1
77800,2007-06-18,2007-06-18,2007-06-22,5,24.8,0.6,25.6
77800,2007-08-25,2007-08-25,2007-08-29,5,27.7,1.3,29.8
77800,2008-06-21,2008-06-21,2008-07-03,13,26.4,0.8,28.3
77800,2008-07-31,2008-07-31,2008-08-02,3,28.3,0.4,28.6
77800,2008-08-30,2008-08-30,2008-09-01,3,26.4,0.1,26.5
77800,2009-06-12,2009-06-12,2009-06-19,8,25.5,1.4,27.2
77800,2009-08-16,2009-08-16,2009-08-28,13,28.1,0.8,29.6
77800,2009-08-31,2009-08-31,2009-09-04,5,26.9,0.7,27.8
77800,2010-07-08,2010-07-08,2010-07-17,10,28.5,0.6,29.4
77800,2011-06-26,2011-06-26,2011-06-28,3,26.0,0.2,26.3
77800,2011-07-11,2011-07-11,2011-07-13,3,28.1,0.9,29.0
77800,2011-08-20,2011-08-20,2011-08-26,7,29.0,0.6,29.7
77800,2012-06-16,2012-06-16,2012-06-23,8,25.7,1.2,27.8
77800,2012-06-27,2012-06-27,2012-07-01,5,27.0,1.3,28.8
77800,2012-07-07,2012-07-07,2012-07-11,5,27.4,0.2,27.8
77800,2012-08-02,2012-08-02,2012-08-07,6,28.4,0.5,29.1
77800,2012-08-15,2012-08-15,2012-08-25,11,29.2,0.9,30.3
77800,2012-08-27,2012-08-27,2012-08-30,4,27.3,0.6,27.7
77800,2013-06-16,2013-06-16,2013-06-19,4,25.2,0.4,25.6
77800,2013-07-26,2013-07-26,2013-07-28,3,29.5,0.5,29.9
77800,2013-07-31,2013-07-31,2013-08-08,9,29.4,0.9,30.9
77800,2014-06-07,2014-06-07,2014-06-14,8,25.6,1.2,27.6
77800,2014-06-22,2014-06-22,2014-06-24,3,25.1,0.2,25.3
77800,2015-06-03,2015-06-03,2015-06-13,11,24.7,0.8,25.9
77800,2015-06-29,2015-06-29,2015-07-11,13,28.0,0.9,29.2
77800,2015-07-14,2015-07-14,2015-07-22,9,29.0,0.8,30.1
77800,2015-08-04,2015-08-04,2015-08-09,6,29.3,0.9,30.3
77800,2015-08-28,2015-08-28,2015-09-03,7,26.9,0.8,27.8
77800,2016-06-22,2016-06-22,2016-06-24,3,25.1,0.9,25.7
77800,2016-07-10,2016-07-10,2016-07-12,3,28.0,0.4,28.3
77800,2016-08-23,2016-08-23,2016-08-27,5,27.3,0.4,27.8
77800,2017-06-09,2017-06-09,2017-06-28,20,26.1,1.1,28.2
77800,2017-07-04,2017-07-04,2017-07-09,6,27.9,1.1,29.2
77800,2017-08-01,2017-08-01,2017-08-09,9,29.7,1.6,32.4
77800,2017-08-25,2017-08-25,2017-08-31,7,28.5,0.6,29.6
77800,2018-06-19,2018-06-19,2018-06-21,3,25.8,1.0,26.9
77800,2018-07-31,2018-07-31,2018-08-13,14,29.1,0.5,29.8
77800,2018-08-16,2018-08-16,2018-08-18,3,28.0,0.2,28.2
77800,2018-08-20,2018-08-20,2018-08-22,3,28.4,0.1,28.6
77800,2019-06-18,2019-06-18,2019-06-21,4,25.0,0.8,25.8
77800,2019-06-23,2019-06-23,2019-07-09,17,28.3,1.2,30.7
77800,2019-07-24,2019-07-24,2019-07-26,3,29.3,0.1,29.4
77800,2019-08-09,2019-08-09,2019-08-12,4,29.6,0.8,30.5
77800,2019-08-26,2019-08-26,2019-09-05,11,26.8,0.9,28.1
77800,2020-06-22,2020-06-22,2020-06-26,5,25.4,0.7,26.2
77800,2020-07-29,2020-07-29,2020-08-02,5,29.7,0.8,30.5
77800,2020-08-08,2020-08-08,2020-08-16,9,28.2,0.4,28.8
77800,2020-08-20,2020-08-20,2020-08-22,3,28.4,0.5,28.9
77800,2020-08-26,2020-08-26,2020-08-29,4,27.6,0.6,28.4
77800,2021-06-11,2021-06-11,2021-06-24,14,24.9,0.8,26.1
77800,2021-06-27,2021-06-27,2021-06-29,3,26.1,0.1,26.2
77800,2021-07-24,2021-07-24,2021-07-26,3,29.2,0.2,29.4
77800,2021-08-11,2021-08-11,2021-08-15,5,29.2,0.6,29.9
77610,1981-06-09,1981-06-09,1981-06-15,7,26.4,0.5,27.2
77610,1981-08-02,1981-08-02,1981-08-07,6,30.6,0.7,31.6
77610,1982-07-03,1982-07-03,1982-07-08,6,29.7,1.1,31.0
77610,1982-07-14,1982-07-14,1982-07-17,4,30.1,0.8,31.0
77610,1983-06-01,1983-06-01,1983-06-06,6,25.5,0.6,26.3
77610,1983-07-19,1983-07-19,1983-08-01,14,33.3,2.2,37.0
77610,1984-07-10,1984-07-10,1984-07-13,4,30.6,1.0,31.6
77610,1985-06-03,1985-06-03,1985-06-06,4,25.8,1.1,27.4
77610,1987-08-30,1987-08-30,1987-09-01,3,27.3,0.5,27.6
77610,1988-08-13,1988-08-13,1988-08-16,4,29.7,0.4,30.3
77610,1991-08-24,1991-08-24,1991-08-28,5,28.8,0.7,29.6
77610,1992-08-06,1992-08-06,1992-08-09,4,30.5,1.1,32.0
77610,1992-08-25,1992-08-25,1992-08-29,5,28.7,0.5,29.4
77610,1993-06-07,1993-06-07,1993-06-09,3,26.1,0.4,26.4
77610,1993-08-21,1993-08-21,1993-08-25,5,29.8,1.1,31.2
77610,1994-07-02,1994-07-02,1994-07-06,5,29.2,0.8,29.8
77610,1994-08-08,1994-08-08,1994-08-10,3,32.1,1.6,33.7
77610,1994-08-13,1994-08-13,1994-08-17,5,30.3,0.5,30.8
77610,1994-08-21,1994-08-21,1994-08-23,3,31.4,2.2,33.6
77610,1994-08-30,1994-08-30,1994-09-01,3,29.8,1.0,31.0
77610,1996-06-10,1996-06-10,1996-06-15,6,25.9,0.4,26.6
77610,1997-06-09,1997-06-09,1997-06-18,10,26.6,1.2,29.3
77610,1998-06-02,1998-06-02,1998-06-06,5,28.4,1.2,30.3
77610,1998-06-27,1998-06-27,1998-07-01,5,29.4,2.3,33.4
77610,1998-08-10,1998-08-10,1998-08-12,3,30.1,0.1,30.3
77610,1999-07-03,1999-07-03,1999-07-05,3,30.0,1.5,31.1
77610,1999-08-24,1999-08-24,1999-08-28,5,29.0,1.6,31.6
77610,2000-06-02,2000-06-02,2000-06-05,4,25.3,0.5,25.9
77610,2000-07-02,2000-07-02,2000-07-04,3,31.4,2.8,33.2
77610,2000-08-18,2000-08-18,2000-08-26,9,31.5,1.2,33.5
77610,2001-06-25,2001-06-25,2001-06-27,3,28.1,1.9,30.2
77610,2001-08-25,2001-08-25,2001-08-29,5,28.3,0.4,28.7
77610,2002-06-15,2002-06-15,2002-06-27,13,27.6,1.1,28.8
77610,2003-06-03,2003-06-03,2003-07-01,29,27.9,1.6,30.9
77610,2003-07-14,2003-07-14,2003-07-16,3,30.8,1.9,32.9
77610,2003-07-20,2003-07-20,2003-07-23,4,31.2,1.4,32.9
77610,2003-08-02,2003-08-02,2003-08-25,24,31.0,0.9,32.6
77610,2003-08-27,2003-08-27,2003-08-30,4,28.5,1.1,30.2
77610,2004-08-17,2004-08-17,2004-08-19,3,29.8,0.5,30.3
77610,2005-06-21,2005-06-21,2005-06-29,9,28.5,1.7,31.1
77610,2005-08-30,2005-08-30,2005-09-03,5,26.4,0.4,26.9
77610,2006-06-15,2006-06-15,2006-06-28,14,29.2,2.1,32.6
77610,2006-07-03,2006-07-03,2006-07-06,4,28.7,1.0,30.0
77610,2006-07-11,2006-07-11,2006-07-16,6,29.4,0.2,29.6
77610,2006-07-19,2006-07-19,2006-07-21,3,29.6,0.1,29.8
77610,2007-08-25,2007-08-25,2007-08-30,6,29.2,1.6,31.6
77610,2008-06-22,2008-06-22,2008-06-28,7,27.4,0.4,27.9
77610,2008-08-30,2008-08-30,2008-09-01,3,27.0,0.4,27.5
77610,2009-06-14,2009-06-14,2009-06-19,6,27.3,0.8,28.4
77610,2009-07-22,2009-07-22,2009-07-24,3,32.5,2.2,35.0
77610,2009-08-15,2009-08-15,2009-08-23,9,29.7,0.9,31.1
77610,2009-08-25,2009-08-25,2009-08-28,4,28.4,0.9,29.4
77610,2009-08-31,2009-08-31,2009-09-03,4,27.3,0.7,28.0
77610,2011-08-19,2011-08-19,2011-08-26,8,30.2,0.9,31.4
77610,2011-08-31,2011-08-31,2011-09-03,4,28.9,1.8,30.8
77610,2012-06-16,2012-06-16,2012-06-20,5,28.2,2.1,31.3
77610,2012-06-22,2012-06-22,2012-06-24,3,26.6,0.1,26.7
77610,2012-06-29,2012-06-29,2012-07-01,3,30.5,1.7,31.9
77610,2012-08-18,2012-08-18,2012-08-25,8,30.6,0.5,31.3
77610,2012-08-28,2012-08-28,2012-08-30,3,28.0,0.7,28.7
77610,2013-06-16,2013-06-16,2013-06-19,4,28.8,1.2,29.8
77610,2013-08-04,2013-08-04,2013-08-08,5,31.2,2.0,34.4
77610,2014-06-06,2014-06-06,2014-06-14,9,26.7,1.1,28.1
77610,2014-06-22,2014-06-22,2014-06-24,3,27.6,1.7,29.6
77610,2015-06-05,2015-06-05,2015-06-08,4,26.3,0.6,26.8
77610,2015-06-10,2015-06-10,2015-06-13,4,26.4,0.6,27.2
77610,2015-07-01,2015-07-01,2015-07-07,7,29.4,0.5,29.9
77610,2015-07-15,2015-07-15,2015-07-20,6,30.2,0.8,31.1
77610,2015-08-06,2015-08-06,2015-08-08,3,30.9,0.5,31.4
77610,2015-08-28,2015-08-28,2015-09-01,5,28.3,0.8,28.9
77610,2016-08-26,2016-08-26,2016-08-28,3,27.6,0.4,28.0
77610,2017-06-11,2017-06-11,2017-06-28,18,27.6,0.8,30.1
77610,2017-07-05,2017-07-05,2017-07-09,5,29.6,0.8,30.3
77610,2017-07-31,2017-07-31,2017-08-08,9,32.7,1.9,34.9
77610,2017-08-25,2017-08-25,2017-08-31,7,30.0,0.8,31.4
77610,2019-06-18,2019-06-18,2019-06-21,4,26.5,0.8,27.3
77610,2019-06-24,2019-06-24,2019-07-09,16,29.8,0.9,32.2
77610,2019-07-24,2019-07-24,2019-07-26,3,30.7,0.3,31.0
77610,2019-08-09,2019-08-09,2019-08-12,4,30.7,1.3,32.2
77610,2019-08-30,2019-08-30,2019-09-02,4,27.3,0.8,28.2
77610,2020-07-29,2020-07-29,2020-08-02,5,31.4,1.2,32.8
77610,2020-08-11,2020-08-11,2020-08-14,4,30.0,0.7,30.8
77610,2020-08-27,2020-08-27,2020-08-29,3,28.6,1.1,29.7
77610,2021-06-13,2021-06-13,2021-06-21,9,27.1,1.7,29.9
77610,2021-08-09,2021-08-09,2021-08-15,7,31.3,0.9,32.4
165600,1981-06-14,1981-06-14,1981-06-17,4,31.9,0.6,32.7
165600,1981-08-04,1981-08-04,1981-08-06,3,35.3,0.4,35.8
165600,1982-06-23,1982-06-23,1982-06-26,4,35.8,2.1,38.7
165600,1982-07-05,1982-07-05,1982-07-07,3,36.8,1.8,38.3
165600,1982-07-14,1982-07-14,1982-07-18,5,36.2,1.3,37.8
165600,1983-06-03,1983-06-03,1983-06-07,5,30.1,1.1,31.0
165600,1983-07-21,1983-07-21,1983-07-30,10,38.8,1.1,41.5
165600,1985-08-19,1985-08-19,1985-08-21,3,33.7,1.0,34.9
165600,1987-08-11,1987-08-11,1987-08-16,6,36.2,2.1,38.1
165600,1991-06-25,1991-06-25,1991-06-27,3,33.4,1.3,34.9
165600,1991-08-25,1991-08-25,1991-08-29,5,33.7,1.1,35.4
165600,1992-08-01,1992-08-01,1992-08-05,5,35.3,0.7,35.9
165600,1992-08-22,1992-08-22,1992-08-25,4,34.2,1.0,35.5
165600,1993-08-04,1993-08-04,1993-08-08,5,36.1,1.5,37.8
165600,1993-08-18,1993-08-18,1993-08-20,3,33.7,0.5,34.2
165600,1993-08-24,1993-08-24,1993-08-26,3,34.3,0.8,35.3
165600,1994-06-30,1994-06-30,1994-07-06,7,35.0,2.3,38.5
165600,1994-08-05,1994-08-05,1994-08-17,13,35.6,1.3,38.3
165600,1994-08-21,1994-08-21,1994-08-24,4,35.2,1.7,36.8
165600,1994-08-29,1994-08-29,1994-09-02,5,32.6,0.5,33.2
165600,1997-06-12,1997-06-12,1997-06-18,7,32.2,0.8,33.2
165600,1998-06-01,1998-06-01,1998-06-05,5,30.3,1.3,32.2
165600,1998-06-22,1998-06-22,1998-06-24,3,32.1,0.4,32.5
165600,1998-06-27,1998-06-27,1998-07-03,7,35.8,2.2,39.6
165600,1998-08-10,1998-08-10,1998-08-21,12,34.2,0.6,35.1
165600,1999-06-06,1999-06-06,1999-06-08,3,30.3,1.0,31.1
165600,1999-08-07,1999-08-07,1999-08-10,4,37.7,1.8,39.5
165600,1999-08-17,1999-08-17,1999-08-29,13,34.3,1.3,37.5
165600,2000-07-03,2000-07-03,2000-07-05,3,34.0,2.2,36.4
165600,2000-08-20,2000-08-20,2000-08-27,8,35.9,1.5,38.0
165600,2001-08-28,2001-08-28,2001-08-30,3,33.8,2.2,36.3
165600,2002-06-16,2002-06-16,2002-06-28,13,32.5,1.0,34.3
165600,2002-08-03,2002-08-03,2002-08-06,4,35.0,0.6,35.5
165600,2003-06-10,2003-06-10,2003-06-23,14,32.6,1.3,35.2
165600,2003-06-25,2003-06-25,2003-07-02,8,34.1,1.5,36.1
165600,2003-07-09,2003-07-09,2003-07-11,3,34.1,0.5,34.6
165600,2003-07-15,2003-07-15,2003-07-18,4,35.7,1.5,37.5
165600,2003-07-23,2003-07-23,2003-07-25,3,36.6,1.1,37.8
165600,2003-08-04,2003-08-04,2003-08-25,22,35.7,1.4,38.8
165600,2003-08-27,2003-08-27,2003-09-02,7,34.0,1.9,37.2
165600,2004-06-24,2004-06-24,2004-06-26,3,32.4,0.5,32.8
165600,2004-08-09,2004-08-09,2004-08-11,3,33.7,0.5,34.2
165600,2005-06-26,2005-06-26,2005-06-30,5,33.6,1.1,34.7
165600,2006-06-19,2006-06-19,2006-07-03,15,33.3,1.0,34.9
165600,2007-06-19,2007-06-19,2007-06-21,3,32.2,0.8,32.9
165600,2007-08-25,2007-08-25,2007-08-30,6,35.7,0.7,36.9
165600,2008-08-05,2008-08-05,2008-08-08,4,35.7,1.1,37.2
165600,2009-07-02,2009-07-02,2009-07-07,6,34.1,1.0,35.2
165600,2009-08-20,2009-08-20,2009-08-23,4,34.4,0.9,35.6
165600,2010-08-24,2010-08-24,2010-08-28,5,33.4,1.2,34.7
165600,2011-08-20,2011-08-20,2011-08-26,7,33.3,0.5,33.9
165600,2011-08-31,2011-08-31,2011-09-03,4,32.7,1.6,34.9
165600,2012-06-18,2012-06-18,2012-06-24,7,33.1,1.7,35.1
165600,2012-06-26,2012-06-26,2012-07-01,6,32.2,0.5,33.0
165600,2012-07-09,2012-07-09,2012-07-11,3,34.4,0.4,34.9
165600,2012-08-09,2012-08-09,2012-08-11,3,35.6,1.2,36.5
165600,2012-08-16,2012-08-16,2012-08-23,8,34.5,0.6,35.6
165600,2013-08-04,2013-08-04,2013-08-08,5,35.0,0.8,36.1
165600,2014-06-07,2014-06-07,2014-06-13,7,31.1,1.3,33.4
165600,2014-08-27,2014-08-27,2014-08-29,3,33.2,2.0,35.5
165600,2015-06-04,2015-06-04,2015-06-08,5,29.6,1.0,31.0
165600,2015-07-03,2015-07-03,2015-07-08,6,34.2,1.5,36.5
165600,2015-07-29,2015-07-29,2015-07-31,3,35.5,0.4,35.9
165600,2015-08-05,2015-08-05,2015-08-09,5,34.7,0.7,35.6
165600,2015-08-30,2015-08-30,2015-09-04,6,32.1,0.5,32.9
165600,2016-06-23,2016-06-23,2016-06-26,4,33.8,1.8,35.5
165600,2016-08-18,2016-08-18,2016-08-21,4,33.8,0.5,34.4
165600,2016-08-28,2016-08-28,2016-08-30,3,32.5,1.1,33.7
165600,2017-06-15,2017-06-15,2017-06-17,3,33.6,1.4,34.6
165600,2017-06-23,2017-06-23,2017-06-28,6,34.4,1.3,36.1
165600,2017-07-10,2017-07-10,2017-07-12,3,35.2,2.4,38.1
165600,2017-08-02,2017-08-02,2017-08-10,9,36.4,1.7,39.0
165600,2017-08-27,2017-08-27,2017-09-01,6,33.8,1.2,34.9
165600,2019-06-25,2019-06-25,2019-06-30,6,33.4,1.0,35.3
165600,2019-07-03,2019-07-03,2019-07-09,7,34.7,2.0,37.8
165600,2019-08-07,2019-08-07,2019-08-13,7,34.4,0.6,35.1
165600,2020-06-29,2020-06-29,2020-07-03,5,34.8,1.0,36.0
165600,2020-07-24,2020-07-24,2020-07-26,3,35.4,0.6,36.1
165600,2020-07-28,2020-07-28,2020-08-03,7,36.4,1.9,39.4
165600,2020-08-07,2020-08-07,2020-08-11,5,34.2,0.8,35.4
165600,2020-08-14,2020-08-14,2020-08-19,6,34.5,0.5,35.4
165600,2020-08-21,2020-08-21,2020-08-23,3,33.6,1.0,34.7
165600,2020-08-26,2020-08-26,2020-08-29,4,34.9,0.5,35.3
165600,2021-06-13,2021-06-13,2021-06-16,4,31.4,0.3,31.8
165600,2021-06-19,2021-06-19,2021-06-22,4,32.2,0.5,32.8
165600,2021-06-24,2021-06-24,2021-07-08,15,33.6,1.2,35.9
165600,2021-07-29,2021-07-29,2021-07-31,3,35.6,0.4,35.9
165600,2021-08-08,2021-08-08,2021-08-16,9,37.5,2.2,42.1
165600,2021-08-22,2021-08-22,2021-08-24,3,34.2,1.0,35.2
165460,1981-06-14,1981-06-14,1981-06-17,4,32.5,0.2,32.7
165460,1981-08-04,1981-08-04,1981-08-09,6,35.4,1.1,36.7
165460,1982-06-19,1982-06-19,1982-06-26,8,34.7,2.6,39.8
165460,1982-07-05,1982-07-05,1982-07-08,4,36.7,1.9,38.4
165460,1982-07-12,1982-07-12,1982-07-18,7,36.4,1.9,39.0
165460,1983-06-03,1983-06-03,1983-06-07,5,31.1,1.0,32.0
165460,1983-07-20,1983-07-20,1983-07-30,11,39.6,1.5,42.4
165460,1987-08-11,1987-08-11,1987-08-16,6,36.8,1.8,38.5
165460,1991-06-25,1991-06-25,1991-06-27,3,33.9,1.4,35.4
165460,1991-08-25,1991-08-25,1991-08-29,5,34.6,1.0,36.1
165460,1992-08-01,1992-08-01,1992-08-05,5,36.0,0.6,36.4
165460,1992-08-22,1992-08-22,1992-08-25,4,34.8,0.8,36.0
165460,1993-08-03,1993-08-03,1993-08-08,6,36.7,1.3,38.4
165460,1993-08-18,1993-08-18,1993-08-20,3,34.5,0.5,35.0
165460,1993-08-24,1993-08-24,1993-08-26,3,35.4,0.5,36.0
165460,1994-06-30,1994-06-30,1994-07-06,7,35.8,2.3,39.3
165460,1994-08-05,1994-08-05,1994-08-17,13,36.6,1.4,39.3
165460,1994-08-21,1994-08-21,1994-08-24,4,36.2,1.7,38.4
165460,1994-08-29,1994-08-29,1994-09-02,5,33.5,0.7,34.5
165460,1997-06-12,1997-06-12,1997-06-18,7,33.0,0.6,34.0
165460,1998-06-01,1998-06-01,1998-06-05,5,30.8,1.4,32.9
165460,1998-06-22,1998-06-22,1998-06-24,3,32.7,0.1,32.9
165460,1998-06-27,1998-06-27,1998-07-03,7,36.6,2.0,40.0
165460,1998-08-10,1998-08-10,1998-08-18,9,35.1,0.4,35.7
165460,1999-06-06,1999-06-06,1999-06-08,3,30.9,0.8,31.6
165460,1999-08-06,1999-08-06,1999-08-10,5,37.7,2.4,40.0
165460,1999-08-17,1999-08-17,1999-08-29,13,35.1,1.0,37.5
165460,2000-07-03,2000-07-03,2000-07-07,5,35.1,1.6,37.0
165460,2000-08-20,2000-08-20,2000-08-27,8,37.4,1.5,39.5
165460,2001-08-27,2001-08-27,2001-08-30,4,34.3,2.1,37.2
165460,2002-06-02,2002-06-02,2002-06-04,3,28.7,0.5,29.1
165460,2002-06-16,2002-06-16,2002-06-28,13,33.7,0.7,35.0
165460,2002-08-03,2002-08-03,2002-08-06,4,35.8,1.1,37.3
165460,2003-06-02,2003-06-02,2003-06-04,3,28.8,0.3,29.2
165460,2003-06-10,2003-06-10,2003-06-17,8,33.8,1.3,35.4
165460,2003-06-19,2003-06-19,2003-06-23,5,33.0,0.8,34.0
165460,2003-06-25,2003-06-25,2003-07-02,8,34.9,1.3,36.7
165460,2003-07-09,2003-07-09,2003-07-12,4,34.5,0.2,34.8
165460,2003-07-14,2003-07-14,2003-07-18,5,36.0,1.3,37.9
165460,2003-07-23,2003-07-23,2003-07-26,4,36.7,1.4,38.9
165460,2003-08-04,2003-08-04,2003-08-25,22,36.8,1.3,39.4
165460,2003-08-27,2003-08-27,2003-09-02,7,34.4,1.8,37.4
165460,2004-06-25,2004-06-25,2004-06-27,3,33.1,0.3,33.5
165460,2004-08-09,2004-08-09,2004-08-11,3,34.4,0.3,34.7
165460,2005-06-26,2005-06-26,2005-06-30,5,34.8,1.1,35.8
165460,2006-06-19,2006-06-19,2006-06-28,10,34.6,1.2,36.2
165460,2006-06-30,2006-06-30,2006-07-04,5,34.3,0.6,34.7
165460,2007-06-19,2007-06-19,2007-06-21,3,32.5,0.4,33.0
165460,2007-08-25,2007-08-25,2007-08-30,6,37.0,0.4,37.4
165460,2008-06-28,2008-06-28,2008-07-03,6,33.2,0.3,33.7
165460,2008-08-05,2008-08-05,2008-08-08,4,36.6,1.1,38.3
165460,2008-08-29,2008-08-29,2008-08-31,3,32.5,0.4,32.9
165460,2009-06-17,2009-06-17,2009-06-19,3,32.9,1.2,34.1
165460,2009-07-02,2009-07-02,2009-07-07,6,34.5,0.9,35.5
165460,2009-08-20,2009-08-20,2009-08-24,5,34.8,0.9,36.1
165460,2010-07-15,2010-07-15,2010-07-17,3,35.3,0.6,35.8
165460,2010-08-24,2010-08-24,2010-08-27,4,34.4,0.5,34.9
165460,2011-07-11,2011-07-11,2011-07-13,3,35.1,0.5,35.5
165460,2011-08-20,2011-08-20,2011-08-26,7,34.4,0.5,35.0
165460,2011-08-31,2011-08-31,2011-09-03,4,33.6,1.9,36.1
165460,2012-06-17,2012-06-17,2012-06-24,8,33.5,1.3,35.4
165460,2012-06-27,2012-06-27,2012-07-01,5,33.3,0.4,33.9
165460,2012-07-09,2012-07-09,2012-07-11,3,35.5,0.3,35.8
165460,2012-08-05,2012-08-05,2012-08-11,7,35.8,1.7,39.0
165460,2012-08-16,2012-08-16,2012-08-23,8,35.5,0.5,36.1
165460,2012-08-28,2012-08-28,2012-08-30,3,32.8,0.8,33.7
165460,2013-08-04,2013-08-04,2013-08-08,5,36.3,0.8,37.0
165460,2014-06-07,2014-06-07,2014-06-13,7,32.2,1.0,33.8
165460,2014-08-27,2014-08-27,2014-08-31,5,33.2,1.5,35.9
165460,2015-06-03,2015-06-03,2015-06-09,7,30.4,0.9,31.7
165460,2015-07-03,2015-07-03,2015-07-08,6,35.1,1.1,36.5
165460,2015-08-05,2015-08-05,2015-08-09,5,35.7,0.5,36.3
165460,2015-08-30,2015-08-30,2015-09-04,6,32.9,0.3,33.2
165460,2016-06-06,2016-06-06,2016-06-08,3,29.9,0.3,30.3
165460,2016-06-23,2016-06-23,2016-06-26,4,34.2,1.4,35.5
165460,2016-07-04,2016-07-04,2016-07-06,3,33.7,1.0,34.8
165460,2016-07-09,2016-07-09,2016-07-11,3,34.4,0.1,34.5
165460,2016-08-18,2016-08-18,2016-08-21,4,34.5,0.4,35.0
165460,2016-08-28,2016-08-28,2016-08-30,3,33.3,0.8,34.2
165460,2017-06-02,2017-06-02,2017-06-04,3,29.5,0.8,30.5
165460,2017-06-12,2017-06-12,2017-06-17,6,33.0,1.7,35.1
165460,2017-06-23,2017-06-23,2017-06-28,6,35.1,1.4,36.8
165460,2017-07-10,2017-07-10,2017-07-12,3,36.1,1.9,38.3
165460,2017-08-02,2017-08-02,2017-08-10,9,37.5,1.7,39.3
165460,2017-08-16,2017-08-16,2017-08-19,4,34.8,0.6,35.3
165460,2017-08-27,2017-08-27,2017-09-01,6,34.8,1.4,36.4
165460,2018-08-01,2018-08-01,2018-08-03,3,35.8,0.4,36.2
165460,2019-06-25,2019-06-25,2019-07-09,15,34.8,1.6,38.2
165460,2019-08-07,2019-08-07,2019-08-12,6,35.5,0.7,36.3
165460,2020-06-29,2020-06-29,2020-07-03,5,35.2,0.6,35.9
165460,2020-07-26,2020-07-26,2020-08-02,8,37.5,1.6,40.7
165460,2020-08-08,2020-08-08,2020-08-11,4,35.5,0.4,35.9
165460,2020-08-14,2020-08-14,2020-08-19,6,35.2,0.6,36.0
165460,2020-08-26,2020-08-26,2020-08-29,4,35.5,0.7,36.2
165460,2021-06-13,2021-06-13,2021-06-16,4,32.4,0.2,32.6
165460,2021-06-19,2021-06-19,2021-06-22,4,33.0,0.3,33.3
165460,2021-06-24,2021-06-24,2021-07-08,15,34.2,1.2,36.2
165460,2021-07-25,2021-07-25,2021-07-27,3,36.5,0.7,37.3
165460,2021-07-29,2021-07-29,2021-07-31,3,36.8,0.5,37.3
165460,2021-08-08,2021-08-08,2021-08-16,9,38.8,2.3,43.1
165460,2021-08-21,2021-08-21,2021-08-24,4,34.6,0.7,35.5
165200,1981-06-09,1981-06-09,1981-06-11,3,29.4,0.2,29.6
165200,1981-06-13,1981-06-13,1981-06-15,3,29.1,0.6,29.6
165200,1982-07-03,1982-07-03,1982-07-06,4,33.4,0.6,33.9
165200,1982-07-14,1982-07-14,1982-07-17,4,33.3,0.9,34.3
165200,1983-06-01,1983-06-01,1983-06-05,5,28.8,0.9,29.9
165200,1983-07-19,1983-07-19,1983-07-30,12,36.6,2.3,40.1
165200,1984-07-10,1984-07-10,1984-07-13,4,34.3,1.7,35.8
165200,1985-07-02,1985-07-02,1985-07-04,3,32.5,0.7,33.4
165200,1987-08-29,1987-08-29,1987-09-01,4,29.9,0.5,30.3
165200,1991-08-24,1991-08-24,1991-08-27,4,31.4,0.6,31.8
165200,1991-08-30,1991-08-30,1991-09-01,3,30.0,0.6,30.5
165200,1992-08-26,1992-08-26,1992-08-29,4,30.7,0.6,31.3
165200,1993-06-06,1993-06-06,1993-06-08,3,28.9,0.5,29.5
165200,1993-08-22,1993-08-22,1993-08-25,4,32.6,1.7,34.3
165200,1994-08-08,1994-08-08,1994-08-10,3,35.5,1.4,36.9
165200,1994-08-13,1994-08-13,1994-08-17,5,33.5,1.0,34.6
165200,1994-08-21,1994-08-21,1994-08-23,3,35.3,2.6,37.5
165200,1994-08-30,1994-08-30,1994-09-01,3,32.3,0.8,32.9
165200,1997-06-08,1997-06-08,1997-06-11,4,31.3,2.3,33.5
165200,1997-06-15,1997-06-15,1997-06-17,3,29.4,1.3,30.9
165200,1997-08-08,1997-08-08,1997-08-10,3,34.5,1.3,35.6
165200,1998-06-02,1998-06-02,1998-06-05,4,33.0,1.2,34.2
165200,1998-06-27,1998-06-27,1998-07-01,5,33.0,2.2,36.7
165200,1999-07-03,1999-07-03,1999-07-05,3,33.2,1.3,34.2
165200,1999-08-24,1999-08-24,1999-08-26,3,34.0,2.9,36.9
165200,2000-06-02,2000-06-02,2000-06-05,4,28.7,1.4,30.8
165200,2000-07-01,2000-07-01,2000-07-03,3,36.2,3.9,38.9
165200,2000-08-18,2000-08-18,2000-08-26,9,34.9,1.8,37.1
165200,2001-08-26,2001-08-26,2001-08-29,4,30.9,1.1,32.0
165200,2002-06-16,2002-06-16,2002-06-24,9,30.4,0.9,31.6
165200,2003-06-03,2003-06-03,2003-06-07,5,29.1,0.9,30.0
165200,2003-06-10,2003-06-10,2003-06-17,8,30.3,0.9,31.4
165200,2003-06-22,2003-06-22,2003-06-26,5,33.6,2.3,35.9
165200,2003-07-14,2003-07-14,2003-07-16,3,33.7,0.5,34.2
165200,2003-07-20,2003-07-20,2003-07-23,4,35.5,2.1,38.3
165200,2003-08-05,2003-08-05,2003-08-24,20,34.1,1.4,37.4
165200,2003-08-27,2003-08-27,2003-08-30,4,31.3,1.8,33.9
165200,2005-06-23,2005-06-23,2005-06-29,7,32.3,1.9,34.9
165200,2005-07-16,2005-07-16,2005-07-18,3,33.9,0.8,34.8
165200,2006-06-15,2006-06-15,2006-06-22,8,34.0,1.9,36.3
165200,2006-06-24,2006-06-24,2006-06-28,5,32.7,1.5,34.2
165200,2006-07-03,2006-07-03,2006-07-06,4,32.9,1.0,34.4
165200,2007-07-15,2007-07-15,2007-07-17,3,33.4,1.1,34.4
165200,2007-08-25,2007-08-25,2007-08-29,5,33.9,1.7,35.7
165200,2008-06-23,2008-06-23,2008-06-25,3,31.7,0.4,32.2
165200,2009-06-14,2009-06-14,2009-06-19,6,30.6,0.8,31.7
165200,2009-07-22,2009-07-22,2009-07-24,3,36.2,3.0,39.5
165200,2009-08-19,2009-08-19,2009-08-21,3,32.5,0.3,32.7
165200,2009-08-31,2009-08-31,2009-09-02,3,30.0,1.0,31.1
165200,2011-07-10,2011-07-10,2011-07-13,4,34.1,1.6,35.4
165200,2011-08-19,2011-08-19,2011-08-26,8,33.1,1.1,35.5
165200,2011-08-31,2011-08-31,2011-09-03,4,33.2,1.8,34.3
165200,2012-06-15,2012-06-15,2012-06-20,6,31.2,2.3,35.4
165200,2012-06-29,2012-06-29,2012-07-01,3,34.5,1.1,35.2
165200,2012-08-18,2012-08-18,2012-08-21,4,33.0,1.0,33.9
165200,2012-08-23,2012-08-23,2012-08-25,3,32.9,1.8,34.7
165200,2013-06-16,2013-06-16,2013-06-18,3,32.3,1.8,33.5
165200,2014-06-06,2014-06-06,2014-06-13,8,29.8,0.8,31.3
165200,2015-06-05,2015-06-05,2015-06-07,3,28.4,0.4,28.7
165200,2015-06-10,2015-06-10,2015-06-13,4,30.2,1.3,31.7
165200,2015-07-03,2015-07-03,2015-07-06,4,32.2,0.4,32.8
165200,2015-07-17,2015-07-17,2015-07-19,3,33.9,0.6,34.5
165200,2015-08-28,2015-08-28,2015-09-01,5,31.7,1.3,33.3
165200,2017-06-11,2017-06-11,2017-06-19,9,30.0,1.1,31.7
165200,2017-07-06,2017-07-06,2017-07-09,4,33.0,0.5,33.5
165200,2017-07-30,2017-07-30,2017-08-04,6,37.5,1.6,39.2
165200,2017-08-25,2017-08-25,2017-08-31,7,32.6,0.8,33.9
165200,2018-07-12,2018-07-12,2018-07-14,3,32.3,0.8,33.2
165200,2019-06-24,2019-06-24,2019-06-27,4,34.9,1.7,36.9
165200,2019-06-29,2019-06-29,2019-07-01,3,32.1,0.3,32.4
165200,2020-06-24,2020-06-24,2020-06-26,3,30.7,0.3,31.0
165200,2020-07-30,2020-07-30,2020-08-01,3,34.7,0.8,35.4
165200,2020-08-11,2020-08-11,2020-08-13,3,33.5,1.4,34.9
165200,2021-06-14,2021-06-14,2021-06-20,7,30.6,1.6,32.6
165200,2021-08-10,2021-08-10,2021-08-15,6,34.9,2.2,37.8
604900,1983-06-10,1983-06-10,1983-06-13,4,33.2,1.2,35.0
604900,1986-08-21,1986-08-21,1986-08-23,3,36.5,1.9,38.6
604900,1987-06-03,1987-06-03,1987-06-05,3,29.9,0.6,30.6
604900,1989-06-14,1989-06-14,1989-06-16,3,32.6,1.2,34.0
604900,1989-06-23,1989-06-23,1989-06-27,5,33.2,1.2,34.6
604900,1989-07-18,1989-07-18,1989-07-21,4,35.3,0.6,35.8
604900,1989-08-26,1989-08-26,1989-08-29,4,35.1,0.9,36.3
604900,1991-07-17,1991-07-17,1991-07-19,3,35.6,0.8,36.5
604900,1991-08-15,1991-08-15,1991-08-18,4,36.1,1.4,37.3
604900,1992-08-05,1992-08-05,1992-08-07,3,35.4,0.4,35.8
604900,1992-08-17,1992-08-17,1992-08-19,3,34.7,0.6,35.1
604900,1992-08-23,1992-08-23,1992-08-25,3,35.5,1.1,36.8
604900,1993-08-04,1993-08-04,1993-08-09,6,36.1,1.3,37.5
604900,1994-06-04,1994-06-04,1994-06-07,4,30.6,1.0,31.9
604900,1994-06-30,1994-06-30,1994-07-07,8,37.5,1.9,40.0
604900,1994-07-18,1994-07-18,1994-07-20,3,35.3,0.4,35.6
604900,1994-08-07,1994-08-07,1994-08-09,3,35.4,0.8,36.2
604900,1994-08-17,1994-08-17,1994-08-20,4,35.4,0.9,36.3
604900,1996-07-23,1996-07-23,1996-07-25,3,36.8,1.9,38.8
604900,1998-08-23,1998-08-23,1998-08-26,4,35.4,0.4,35.9
604900,1999-07-01,1999-07-01,1999-07-04,4,36.6,1.2,38.2
604900,1999-08-27,1999-08-27,1999-08-29,3,34.1,0.3,34.4
604900,2000-06-28,2000-06-28,2000-07-02,5,33.6,0.7,34.6
604900,2000-07-06,2000-07-06,2000-07-08,3,33.8,0.6,34.5
604900,2000-08-15,2000-08-15,2000-08-17,3,34.8,0.2,35.0
604900,2001-06-02,2001-06-02,2001-06-06,5,31.8,1.6,33.4
604900,2001-06-22,2001-06-22,2001-06-24,3,34.5,0.8,35.1
604900,2001-07-30,2001-07-30,2001-08-01,3,37.4,3.5,41.4
604900,2001-08-23,2001-08-23,2001-08-25,3,35.8,1.1,37.0
604900,2002-06-15,2002-06-15,2002-06-17,3,32.9,1.1,33.8
604900,2002-07-26,2002-07-26,2002-07-28,3,35.1,0.2,35.3
604900,2003-06-13,2003-06-13,2003-06-15,3,34.4,2.0,36.0
604900,2003-06-26,2003-06-26,2003-06-28,3,32.8,0.6,33.5
604900,2003-07-26,2003-07-26,2003-07-28,3,35.1,0.4,35.6
604900,2004-06-01,2004-06-01,2004-06-03,3,30.3,0.8,31.2
604900,2005-08-07,2005-08-07,2005-08-09,3,35.6,0.7,36.4
604900,2006-06-07,2006-06-07,2006-06-09,3,31.7,0.7,32.4
604900,2006-07-09,2006-07-09,2006-07-11,3,35.3,0.7,36.1
604900,2006-07-31,2006-07-31,2006-08-02,3,35.4,0.3,35.7
604900,2007-08-26,2007-08-26,2007-08-29,4,38.1,2.9,40.0
604900,2008-06-25,2008-06-25,2008-06-27,3,33.1,0.4,33.5
604900,2008-08-11,2008-08-11,2008-08-13,3,34.6,0.3,34.9
604900,2009-07-02,2009-07-02,2009-07-05,4,34.7,0.9,35.3
604900,2009-07-21,2009-07-21,2009-07-25,5,37.1,2.1,40.5
604900,2011-06-16,2011-06-16,2011-06-19,4,32.6,0.6,33.4
604900,2011-08-06,2011-08-06,2011-08-08,3,35.4,0.8,36.1
604900,2011-08-14,2011-08-14,2011-08-17,4,35.1,0.5,35.9
604900,2012-06-04,2012-06-04,2012-06-07,4,30.8,1.2,32.4
604900,2012-06-26,2012-06-26,2012-06-29,4,35.0,2.2,37.6
604900,2012-07-12,2012-07-12,2012-07-14,3,35.3,1.4,36.3
604900,2012-07-31,2012-07-31,2012-08-04,5,36.5,1.4,38.8
604900,2012-08-09,2012-08-09,2012-08-12,4,37.6,1.8,39.9
604900,2014-07-16,2014-07-16,2014-07-18,3,35.4,1.3,36.7
604900,2014-08-09,2014-08-09,2014-08-11,3,34.9,1.4,36.5
604900,2014-08-27,2014-08-27,2014-08-29,3,34.8,0.8,35.7
604900,2015-06-27,2015-06-27,2015-07-01,5,34.8,1.1,36.7
604900,2015-07-05,2015-07-05,2015-07-09,5,34.4,1.3,36.7
604900,2015-07-13,2015-07-13,2015-07-17,5,34.5,0.3,34.9
604900,2015-07-19,2015-07-19,2015-07-23,5,35.4,0.7,36.5
604900,2015-07-27,2015-07-27,2015-07-29,3,35.9,0.7,36.7
604900,2015-08-05,2015-08-05,2015-08-07,3,36.2,1.6,38.1
604900,2015-08-10,2015-08-10,2015-08-13,4,35.7,1.2,37.3
604900,2016-06-06,2016-06-06,2016-06-10,5,31.3,1.3,33.1
604900,2016-08-18,2016-08-18,2016-08-20,3,34.7,0.5,35.2
604900,2017-06-06,2017-06-06,2017-06-08,3,31.0,1.0,32.2
604900,2017-06-17,2017-06-17,2017-06-19,3,32.4,0.7,33.1
604900,2017-06-21,2017-06-21,2017-06-27,7,33.8,2.4,38.5
604900,2017-07-11,2017-07-11,2017-07-14,4,35.8,1.4,37.0
604900,2017-08-04,2017-08-04,2017-08-08,5,36.3,0.9,37.4
604900,2018-08-06,2018-08-06,2018-08-08,3,35.9,0.4,36.4
604900,2019-08-06,2019-08-06,2019-08-11,6,35.1,0.6,35.6
604900,2020-06-21,2020-06-21,2020-06-24,4,34.2,2.0,36.5
604900,2020-06-28,2020-06-28,2020-07-02,5,34.0,1.5,36.2
604900,2020-07-05,2020-07-05,2020-07-08,4,36.1,2.0,38.7
604900,2020-07-24,2020-07-24,2020-07-27,4,35.7,0.3,36.1
604900,2020-07-30,2020-07-30,2020-08-02,4,37.5,2.5,40.3
604900,2020-08-08,2020-08-08,2020-08-11,4,36.0,1.2,37.6
604900,2021-06-09,2021-06-09,2021-06-12,4,31.7,0.5,32.0
604900,2021-07-02,2021-07-02,2021-07-06,5,34.5,0.8,35.7
604900,2021-07-22,2021-07-22,2021-07-24,3,36.9,1.5,38.0
604900,2021-08-11,2021-08-11,2021-08-16,6,38.1,2.0,40.5
603900,1982-07-04,1982-07-04,1982-07-07,4,38.4,1.5,39.7
603900,1983-06-09,1983-06-09,1983-06-11,3,34.4,1.0,35.0
603900,1983-07-24,1983-07-24,1983-07-26,3,38.7,0.7,39.5
603900,1984-07-08,1984-07-08,1984-07-11,4,38.9,1.4,40.2
603900,1987-08-10,1987-08-10,1987-08-15,6,39.5,2.3,42.2
603900,1989-07-20,1989-07-20,1989-07-22,3,39.7,2.0,41.7
603900,1991-06-13,1991-06-13,1991-06-15,3,34.6,2.2,36.9
603900,1991-07-20,1991-07-20,1991-07-22,3,37.7,0.7,38.5
603900,1991-08-23,1991-08-23,1991-08-30,8,36.7,1.3,38.0
603900,1992-08-23,1992-08-23,1992-08-26,4,37.3,0.6,38.0
603900,1994-07-02,1994-07-02,1994-07-06,5,38.0,1.3,39.7
603900,1994-08-12,1994-08-12,1994-08-16,5,39.2,1.9,40.8
603900,1994-08-20,1994-08-20,1994-08-24,5,38.9,2.8,42.1
603900,1996-07-23,1996-07-23,1996-07-25,3,39.9,0.7,40.6
603900,1997-07-13,1997-07-13,1997-07-15,3,40.0,1.4,41.6
603900,1998-08-30,1998-08-30,1998-09-01,3,37.8,2.3,40.1
603900,1999-07-02,1999-07-02,1999-07-04,3,37.3,0.4,37.8
603900,2000-07-01,2000-07-01,2000-07-03,3,38.2,2.4,41.0
603900,2000-08-17,2000-08-17,2000-08-21,5,38.8,2.1,42.5
603900,2001-06-22,2001-06-22,2001-06-26,5,36.9,2.2,40.0
603900,2002-06-14,2002-06-14,2002-06-18,5,34.3,1.2,35.5
603900,2003-06-11,2003-06-11,2003-06-13,3,34.3,2.0,36.0
603900,2003-06-22,2003-06-22,2003-06-24,3,36.9,0.8,37.7
603900,2003-08-20,2003-08-20,2003-08-24,5,38.2,2.0,41.5
603900,2004-08-23,2004-08-23,2004-08-25,3,39.1,2.8,42.2
603900,2005-06-26,2005-06-26,2005-06-28,3,36.2,1.0,37.4
603900,2005-07-15,2005-07-15,2005-07-17,3,37.1,0.4,37.5
603900,2006-06-07,2006-06-07,2006-06-09,3,33.8,2.3,36.3
603900,2007-08-24,2007-08-24,2007-08-29,6,39.5,1.8,41.9
603900,2009-06-12,2009-06-12,2009-06-19,8,34.3,2.4,39.0
603900,2009-07-21,2009-07-21,2009-07-24,4,39.2,1.9,41.7
603900,2012-06-26,2012-06-26,2012-06-30,5,36.3,1.1,38.2
603900,2012-08-09,2012-08-09,2012-08-12,4,37.5,1.5,39.6
603900,2012-08-16,2012-08-16,2012-08-25,10,37.6,1.9,40.8
603900,2015-06-28,2015-06-28,2015-07-01,4,37.0,1.8,39.5
603900,2015-07-03,2015-07-03,2015-07-08,6,38.2,0.8,39.0
603900,2017-06-12,2017-06-12,2017-06-17,6,33.5,2.1,37.4
603900,2017-06-24,2017-06-24,2017-06-27,4,36.4,1.4,37.5
603900,2017-07-31,2017-07-31,2017-08-03,4,41.3,2.9,44.0
603900,2017-08-26,2017-08-26,2017-08-29,4,37.2,0.8,38.2
603900,2019-06-26,2019-06-26,2019-06-29,4,37.5,1.6,39.0
603900,2019-07-06,2019-07-06,2019-07-08,3,39.9,1.3,41.2
603900,2019-07-20,2019-07-20,2019-07-24,5,38.4,0.8,39.5
603900,2019-08-08,2019-08-08,2019-08-10,3,37.4,0.6,37.9
603900,2020-07-26,2020-07-26,2020-07-28,3,38.8,0.5,39.4
603900,2020-08-09,2020-08-09,2020-08-12,4,37.8,1.7,40.0
603900,2021-06-10,2021-06-10,2021-06-16,7,33.5,0.8,34.5
603900,2021-07-21,2021-07-21,2021-07-24,4,39.1,1.6,41.0
603900,2021-08-09,2021-08-09,2021-08-16,8,39.3,2.0,42.9
603900,2021-08-21,2021-08-21,2021-08-23,3,37.8,1.4,39.4
604020,1982-07-05,1982-07-05,1982-07-07,3,35.7,0.8,36.6
604020,1983-06-09,1983-06-09,1983-06-12,4,30.3,2.5,33.7
604020,1983-07-20,1983-07-20,1983-07-26,7,38.2,1.3,40.0
604020,1983-07-29,1983-07-29,1983-07-31,3,38.0,1.2,39.4
604020,1984-07-09,1984-07-09,1984-07-11,3,37.5,0.3,37.7
604020,1986-06-25,1986-06-25,1986-06-28,4,33.4,1.5,34.8
604020,1987-08-11,1987-08-11,1987-08-16,6,36.8,1.7,39.4
604020,1991-06-14,1991-06-14,1991-06-16,3,30.6,1.1,31.8
604020,1991-08-24,1991-08-24,1991-08-27,4,34.4,1.0,35.7
604020,1991-08-29,1991-08-29,1991-09-01,4,32.4,0.7,33.3
604020,1994-07-02,1994-07-02,1994-07-06,5,35.8,2.2,38.1
604020,1994-08-13,1994-08-13,1994-08-17,5,38.2,2.6,41.2
604020,1994-08-20,1994-08-20,1994-08-23,4,36.1,2.4,39.3
604020,1994-08-29,1994-08-29,1994-09-01,4,33.2,0.6,33.8
604020,1997-07-13,1997-07-13,1997-07-15,3,35.6,1.0,36.3
604020,1997-08-07,1997-08-07,1997-08-10,4,36.6,2.4,39.9
604020,1998-06-01,1998-06-01,1998-06-03,3,28.5,0.7,29.0
604020,1998-06-27,1998-06-27,1998-06-30,4,35.1,2.6,38.9
604020,1999-08-24,1999-08-24,1999-08-28,5,35.0,2.5,38.8
604020,2000-07-01,2000-07-01,2000-07-03,3,36.6,2.4,39.3
604020,2000-08-18,2000-08-18,2000-08-21,4,37.9,3.1,40.2
604020,2000-08-24,2000-08-24,2000-08-26,3,38.6,1.1,39.8
604020,2001-06-22,2001-06-22,2001-06-25,4,33.3,2.5,36.1
604020,2002-06-01,2002-06-01,2002-06-03,3,28.6,0.7,29.3
604020,2003-06-11,2003-06-11,2003-06-13,3,31.2,2.1,32.4
604020,2003-06-22,2003-06-22,2003-06-26,5,33.9,1.3,35.4
604020,2003-08-12,2003-08-12,2003-08-15,4,34.4,1.1,35.8
604020,2003-08-21,2003-08-21,2003-08-24,4,35.5,1.6,37.7
604020,2004-08-23,2004-08-23,2004-08-25,3,35.3,1.7,37.1
604020,2006-06-14,2006-06-14,2006-06-16,3,32.2,1.8,33.7
604020,2006-06-19,2006-06-19,2006-06-21,3,33.6,2.5,36.1
604020,2007-08-24,2007-08-24,2007-08-30,7,35.4,2.3,39.6
604020,2009-06-13,2009-06-13,2009-06-16,4,31.3,2.4,34.1
604020,2011-07-10,2011-07-10,2011-07-12,3,35.6,1.9,37.6
604020,2012-06-28,2012-06-28,2012-06-30,3,34.0,2.0,36.3
604020,2012-08-08,2012-08-08,2012-08-10,3,34.1,1.3,35.6
604020,2012-08-21,2012-08-21,2012-08-23,3,33.9,0.9,34.9
604020,2014-06-05,2014-06-05,2014-06-07,3,29.6,2.2,32.1
604020,2015-08-29,2015-08-29,2015-09-01,4,32.8,0.7,33.5
604020,2017-06-13,2017-06-13,2017-06-15,3,31.1,1.4,32.0
604020,2017-07-05,2017-07-05,2017-07-07,3,35.5,0.4,35.9
604020,2017-07-31,2017-07-31,2017-08-03,4,38.4,1.4,39.5
604020,2017-08-24,2017-08-24,2017-08-28,5,34.1,1.6,36.2
604020,2019-07-06,2019-07-06,2019-07-08,3,35.4,2.0,36.8
604020,2021-06-16,2021-06-16,2021-06-19,4,33.5,2.6,36.5
604020,2021-08-09,2021-08-09,2021-08-16,8,36.9,2.4,40.2
603600,1982-07-03,1982-07-03,1982-07-07,5,39.8,0.3,40.2
603600,1982-07-14,1982-07-14,1982-07-16,3,41.1,2.6,44.2
603600,1983-06-04,1983-06-04,1983-06-07,4,32.9,0.6,33.6
603600,1983-07-20,1983-07-20,1983-07-31,12,42.7,1.3,44.0
603600,1984-06-19,1984-06-19,1984-06-21,3,39.0,0.7,39.8
603600,1987-08-14,1987-08-14,1987-08-16,3,40.1,2.0,42.3
603600,1991-06-14,1991-06-14,1991-06-16,3,36.7,1.7,38.4
603600,1991-08-24,1991-08-24,1991-08-29,6,38.3,0.4,38.7
603600,1993-08-22,1993-08-22,1993-08-25,4,39.3,1.2,41.0
603600,1994-06-17,1994-06-17,1994-06-19,3,35.2,1.7,37.1
603600,1994-07-03,1994-07-03,1994-07-06,4,40.4,1.3,41.8
603600,1994-08-08,1994-08-08,1994-08-10,3,41.5,1.9,43.3
603600,1994-08-13,1994-08-13,1994-08-17,5,43.3,1.0,44.4
603600,1994-08-21,1994-08-21,1994-08-24,4,41.6,1.5,43.6
603600,1994-08-30,1994-08-30,1994-09-01,3,38.3,2.0,40.6
603600,1997-06-07,1997-06-07,1997-06-13,7,37.6,2.6,41.7
603600,1997-07-14,1997-07-14,1997-07-16,3,40.6,1.2,42.0
603600,1998-06-01,1998-06-01,1998-06-05,5,38.3,2.0,40.5
603600,1998-06-27,1998-06-27,1998-07-01,5,42.6,1.8,44.8
603600,1999-07-03,1999-07-03,1999-07-05,3,40.0,1.1,41.2
603600,1999-08-24,1999-08-24,1999-08-26,3,39.9,1.5,41.2
603600,2000-07-01,2000-07-01,2000-07-03,3,43.6,2.3,45.1
603600,2000-08-18,2000-08-18,2000-08-21,4,42.2,1.5,44.3
603600,2000-08-23,2000-08-23,2000-08-26,4,43.2,0.6,43.6
603600,2001-06-08,2001-06-08,2001-06-10,3,36.7,3.8,40.9
603600,2001-06-23,2001-06-23,2001-06-25,3,37.9,0.7,38.8
603600,2002-06-01,2002-06-01,2002-06-04,4,34.1,2.5,37.4
603600,2003-06-04,2003-06-04,2003-06-06,3,32.9,0.6,33.6
603600,2003-06-12,2003-06-12,2003-06-14,3,34.5,0.8,35.4
603600,2003-06-22,2003-06-22,2003-06-26,5,38.5,1.3,40.2
603600,2003-08-13,2003-08-13,2003-08-19,7,40.2,1.4,42.4
603600,2003-08-22,2003-08-22,2003-08-24,3,40.3,1.9,42.2
603600,2006-06-19,2006-06-19,2006-06-22,4,40.0,1.7,41.2
603600,2007-08-25,2007-08-25,2007-08-30,6,40.0,1.9,42.9
603600,2008-06-22,2008-06-22,2008-06-24,3,37.5,1.4,38.4
603600,2008-08-12,2008-08-12,2008-08-14,3,40.0,2.1,42.3
603600,2009-06-14,2009-06-14,2009-06-17,4,35.3,0.6,36.0
603600,2009-07-22,2009-07-22,2009-07-24,3,43.2,2.4,45.4
603600,2011-07-10,2011-07-10,2011-07-12,3,42.2,1.1,43.2
603600,2011-08-31,2011-08-31,2011-09-02,3,39.0,1.2,40.4
603600,2012-06-06,2012-06-06,2012-06-08,3,35.0,3.5,38.9
603600,2013-06-15,2013-06-15,2013-06-18,4,36.6,2.1,39.4
603600,2013-08-05,2013-08-05,2013-08-08,4,40.8,1.7,43.0
603600,2014-06-05,2014-06-05,2014-06-08,4,33.5,0.7,34.4
603600,2015-08-29,2015-08-29,2015-08-31,3,38.0,0.3,38.4
603600,2017-06-13,2017-06-13,2017-06-16,4,35.4,0.9,36.6
603600,2017-07-29,2017-07-29,2017-08-01,4,42.6,1.7,44.5
603600,2017-08-25,2017-08-25,2017-08-28,4,39.0,0.6,39.8
603600,2019-08-05,2019-08-05,2019-08-07,3,42.5,2.6,44.4
603600,2019-08-09,2019-08-09,2019-08-12,4,39.5,1.8,42.1
603600,2020-08-11,2020-08-11,2020-08-15,5,39.0,0.6,39.6
603600,2021-06-03,2021-06-03,2021-06-05,3,34.4,2.9,37.7
603600,2021-06-16,2021-06-16,2021-06-20,5,38.1,2.7,41.8
603600,2021-08-09,2021-08-09,2021-08-13,5,43.6,2.3,47.1
607150,1982-06-22,1982-06-22,1982-06-26,5,36.9,3.8,41.3
607150,1982-07-13,1982-07-13,1982-07-16,4,35.9,1.8,37.3
607150,1983-07-23,1983-07-23,1983-07-29,7,37.5,1.5,40.3
607150,1987-06-11,1987-06-11,1987-06-13,3,32.5,2.0,34.2
607150,1988-08-31,1988-08-31,1988-09-02,3,35.8,3.4,38.2
607150,1993-08-23,1993-08-23,1993-08-25,3,35.8,1.8,37.7
607150,1994-08-08,1994-08-08,1994-08-10,3,36.6,1.9,38.6
607150,1994-08-13,1994-08-13,1994-08-17,5,38.3,2.0,41.2
607150,1994-08-21,1994-08-21,1994-08-24,4,35.8,2.4,39.2
607150,1994-08-30,1994-08-30,1994-09-02,4,34.5,0.7,35.3
607150,1996-07-25,1996-07-25,1996-07-27,3,36.5,1.3,38.0
607150,1997-06-08,1997-06-08,1997-06-12,5,32.8,1.9,35.5
607150,1997-06-16,1997-06-16,1997-06-18,3,32.7,0.3,32.9
607150,1998-06-27,1998-06-27,1998-07-02,6,36.9,3.1,42.6
607150,1999-08-25,1999-08-25,1999-08-27,3,34.3,1.7,36.1
607150,2000-07-01,2000-07-01,2000-07-04,4,35.6,1.8,37.6
607150,2000-08-21,2000-08-21,2000-08-27,7,34.3,0.9,35.5
607150,2002-08-02,2002-08-02,2002-08-04,3,36.5,1.0,37.5
607150,2003-06-22,2003-06-22,2003-06-26,5,32.5,0.7,33.6
607150,2003-06-28,2003-06-28,2003-07-01,4,36.1,1.8,37.8
607150,2003-07-14,2003-07-14,2003-07-16,3,37.1,3.2,40.8
607150,2003-08-16,2003-08-16,2003-08-19,4,36.9,0.8,37.4
607150,2003-08-21,2003-08-21,2003-08-25,5,34.6,0.9,35.6
607150,2006-06-17,2006-06-17,2006-06-22,6,34.3,3.1,38.6
607150,2006-06-24,2006-06-24,2006-06-26,3,34.8,2.2,37.2
607150,2007-08-28,2007-08-28,2007-08-30,3,37.3,3.2,39.4
607150,2008-08-12,2008-08-12,2008-08-14,3,34.7,1.5,36.4
607150,2009-07-14,2009-07-14,2009-07-16,3,34.3,0.8,35.1
607150,2011-07-08,2011-07-08,2011-07-11,4,34.8,0.9,36.0
607150,2012-06-29,2012-06-29,2012-07-01,3,33.3,0.2,33.4
607150,2012-08-03,2012-08-03,2012-08-05,3,36.7,1.7,38.2
607150,2012-08-23,2012-08-23,2012-08-25,3,34.1,0.8,34.9
607150,2013-06-16,2013-06-16,2013-06-18,3,31.5,0.2,31.7
607150,2014-06-22,2014-06-22,2014-06-24,3,33.8,3.0,37.1
607150,2014-08-09,2014-08-09,2014-08-11,3,34.5,0.8,35.4
607150,2015-08-30,2015-08-30,2015-09-01,3,32.7,0.6,33.4
607150,2017-06-01,2017-06-01,2017-06-03,3,28.4,0.1,28.5
607150,2017-06-25,2017-06-25,2017-06-28,4,34.3,2.4,36.5
607150,2017-07-07,2017-07-07,2017-07-13,7,35.3,1.9,39.2
607150,2017-07-30,2017-07-30,2017-08-02,4,35.9,0.9,37.0
607150,2017-08-26,2017-08-26,2017-08-28,3,33.1,0.6,33.7
607150,2019-06-07,2019-06-07,2019-06-09,3,33.9,1.9,35.8
607150,2019-06-20,2019-06-20,2019-06-23,4,32.9,1.9,35.7
607150,2020-08-12,2020-08-12,2020-08-15,4,35.2,1.2,36.5
607150,2020-08-20,2020-08-20,2020-08-22,3,34.2,0.4,34.7
607150,2021-06-18,2021-06-18,2021-06-21,4,34.5,2.5,36.7
607150,2021-07-24,2021-07-24,2021-07-26,3,36.5,1.1,37.7
607150,2021-08-09,2021-08-09,2021-08-11,3,40.0,4.3,43.8
6155A,1982-06-11,1982-06-11,1982-06-13,3,28.1,0.8,29.0
6155A,1983-06-11,1983-06-11,1983-06-13,3,33.7,2.2,35.4
6155A,1984-07-23,1984-07-23,1984-07-25,3,34.0,2.0,35.7
6155A,1986-08-22,1986-08-22,1986-08-24,3,32.8,2.2,35.0
6155A,1987-06-03,1987-06-03,1987-06-05,3,28.6,1.2,29.7
6155A,1989-06-24,1989-06-24,1989-06-28,5,30.6,1.1,32.2
6155A,1989-07-01,1989-07-01,1989-07-03,3,32.7,2.6,35.6
6155A,1989-07-31,1989-07-31,1989-08-02,3,32.4,1.1,33.5
6155A,1991-08-30,1991-08-30,1991-09-01,3,30.3,0.4,30.7
6155A,1992-08-26,1992-08-26,1992-08-28,3,31.7,0.7,32.2
6155A,1993-08-06,1993-08-06,1993-08-08,3,33.0,0.6,33.7
6155A,1994-06-03,1994-06-03,1994-06-05,3,27.3,0.0,27.4
6155A,1994-07-01,1994-07-01,1994-07-07,7,34.2,3.2,38.8
6155A,1994-08-22,1994-08-22,1994-08-24,3,32.6,1.2,33.9
6155A,1995-08-05,1995-08-05,1995-08-07,3,31.9,0.9,32.9
6155A,1999-06-03,1999-06-03,1999-06-05,3,27.3,0.3,27.7
6155A,1999-07-02,1999-07-02,1999-07-04,3,33.4,1.7,35.4
6155A,2001-06-22,2001-06-22,2001-06-26,5,30.7,1.4,32.8
6155A,2003-06-13,2003-06-13,2003-06-16,4,29.3,1.0,30.1
6155A,2003-06-24,2003-06-24,2003-06-27,4,30.6,0.7,31.5
6155A,2003-07-19,2003-07-19,2003-07-24,6,32.8,0.6,33.8
6155A,2003-08-25,2003-08-25,2003-08-27,3,30.8,0.6,31.4
6155A,2005-07-16,2005-07-16,2005-07-18,3,33.7,1.2,34.8
6155A,2006-07-04,2006-07-04,2006-07-06,3,30.9,0.6,31.5
6155A,2007-07-17,2007-07-17,2007-07-19,3,31.6,0.4,31.9
6155A,2007-08-28,2007-08-28,2007-08-30,3,30.8,1.0,31.9
6155A,2008-07-25,2008-07-25,2008-07-28,4,32.2,0.5,32.9
6155A,2008-08-11,2008-08-11,2008-08-13,3,32.8,0.6,33.5
6155A,2009-06-13,2009-06-13,2009-06-15,3,28.9,0.9,29.6
6155A,2009-07-02,2009-07-02,2009-07-06,5,33.3,1.3,34.4
6155A,2009-07-22,2009-07-22,2009-07-25,4,32.5,1.4,34.5
6155A,2010-07-13,2010-07-13,2010-07-15,3,31.5,0.6,32.0
6155A,2010-08-26,2010-08-26,2010-08-28,3,33.4,2.5,35.2
6155A,2011-06-16,2011-06-16,2011-06-18,3,29.9,0.8,30.7
6155A,2011-08-05,2011-08-05,2011-08-08,4,33.0,1.2,34.3
6155A,2011-08-24,2011-08-24,2011-08-26,3,30.9,0.3,31.2
6155A,2012-06-06,2012-06-06,2012-06-11,6,29.6,1.7,31.6
6155A,2012-06-27,2012-06-27,2012-06-29,3,31.5,1.6,32.5
6155A,2012-08-01,2012-08-01,2012-08-04,4,33.7,1.5,35.6
6155A,2012-08-09,2012-08-09,2012-08-12,4,34.9,2.5,36.8
6155A,2012-08-16,2012-08-16,2012-08-19,4,31.4,0.6,32.4
6155A,2012-08-22,2012-08-22,2012-08-26,5,32.2,0.7,33.3
6155A,2012-08-28,2012-08-28,2012-08-30,3,30.9,1.1,32.1
6155A,2014-06-07,2014-06-07,2014-06-09,3,28.2,0.5,28.5
6155A,2014-06-13,2014-06-13,2014-06-15,3,29.8,1.7,31.1
6155A,2014-08-09,2014-08-09,2014-08-11,3,32.7,1.6,33.8
6155A,2014-08-19,2014-08-19,2014-08-21,3,31.4,0.6,32.0
6155A,2015-07-05,2015-07-05,2015-07-08,4,32.9,2.7,36.7
6155A,2015-07-19,2015-07-19,2015-07-22,4,33.6,2.1,36.4
6155A,2015-07-27,2015-07-27,2015-07-30,4,33.8,1.0,35.2
6155A,2015-08-06,2015-08-06,2015-08-08,3,31.8,0.8,32.7
6155A,2015-08-10,2015-08-10,2015-08-13,4,32.8,0.6,33.3
6155A,2016-06-09,2016-06-09,2016-06-14,6,31.3,2.1,34.5
6155A,2016-08-17,2016-08-17,2016-08-20,4,33.2,1.4,34.2
6155A,2017-06-03,2017-06-03,2017-06-06,4,27.8,1.1,28.8
6155A,2017-06-14,2017-06-14,2017-06-18,5,28.8,0.7,30.0
6155A,2017-06-21,2017-06-21,2017-06-27,7,30.4,1.4,32.2
6155A,2017-07-12,2017-07-12,2017-07-14,3,32.3,1.4,33.4
6155A,2017-07-28,2017-07-28,2017-07-31,4,31.8,0.7,32.5
6155A,2017-08-02,2017-08-02,2017-08-05,4,32.1,0.9,33.3
6155A,2018-07-28,2018-07-28,2018-07-30,3,32.5,0.4,32.9
6155A,2019-06-19,2019-06-19,2019-06-21,3,28.6,0.3,28.9
6155A,2019-08-06,2019-08-06,2019-08-12,7,32.8,1.2,34.3
6155A,2020-07-31,2020-07-31,2020-08-03,4,34.6,2.5,37.3
6155A,2020-08-26,2020-08-26,2020-08-28,3,31.5,1.4,33.0
6155A,2021-06-27,2021-06-27,2021-06-29,3,29.9,0.5,30.5
6155A,2021-07-02,2021-07-02,2021-07-06,5,32.5,1.3,33.8
6155A,2021-07-23,2021-07-23,2021-07-25,3,33.2,1.7,35.1
6155A,2021-08-05,2021-08-05,2021-08-07,3,32.7,1.4,34.2
6155A,2021-08-12,2021-08-12,2021-08-16,5,34.3,2.0,36.4
6325O,1982-07-06,1982-07-06,1982-07-08,3,33.4,1.1,34.6
6325O,1982-07-10,1982-07-10,1982-07-12,3,32.8,0.3,33.1
6325O,1983-06-10,1983-06-10,1983-06-13,4,32.4,0.6,33.1
6325O,1984-07-23,1984-07-23,1984-07-25,3,35.3,0.8,36.2
6325O,1987-08-11,1987-08-11,1987-08-13,3,33.5,0.8,34.4
6325O,1988-08-01,1988-08-01,1988-08-03,3,35.5,2.2,38.0
6325O,1989-06-24,1989-06-24,1989-06-27,4,32.5,1.5,34.5
6325O,1989-07-19,1989-07-19,1989-07-21,3,34.3,0.8,34.8
6325O,1989-08-09,1989-08-09,1989-08-12,4,33.5,1.1,35.1
6325O,1991-06-25,1991-06-25,1991-06-27,3,31.6,0.9,32.7
6325O,1991-07-12,1991-07-12,1991-07-14,3,33.6,1.5,35.3
6325O,1991-08-03,1991-08-03,1991-08-07,5,33.7,0.5,34.3
6325O,1991-08-15,1991-08-15,1991-08-17,3,34.3,0.7,35.0
6325O,1991-08-20,1991-08-20,1991-08-22,3,33.3,0.7,34.0
6325O,1991-08-25,1991-08-25,1991-09-01,8,32.7,0.8,34.0
6325O,1992-08-04,1992-08-04,1992-08-07,4,33.8,0.8,34.4
6325O,1992-08-23,1992-08-23,1992-08-28,6,32.7,0.6,33.3
6325O,1993-08-04,1993-08-04,1993-08-08,5,34.6,0.7,35.4
6325O,1994-06-30,1994-06-30,1994-07-06,7,36.3,2.0,38.6
6325O,1994-08-07,1994-08-07,1994-08-09,3,34.7,0.7,35.4
6325O,1994-08-20,1994-08-20,1994-08-24,5,34.0,1.1,35.2
6325O,1994-08-28,1994-08-28,1994-08-31,4,32.0,0.6,32.8
6325O,1997-06-12,1997-06-12,1997-06-14,3,30.5,1.0,31.7
6325O,1998-08-24,1998-08-24,1998-08-27,4,32.6,0.3,33.0
6325O,1999-07-01,1999-07-01,1999-07-04,4,34.9,1.8,37.3
6325O,2000-06-26,2000-06-26,2000-06-28,3,32.6,1.7,34.6
6325O,2000-07-01,2000-07-01,2000-07-03,3,33.2,0.9,34.3
6325O,2000-08-15,2000-08-15,2000-08-17,3,32.9,0.3,33.3
6325O,2000-08-19,2000-08-19,2000-08-21,3,34.6,1.3,36.0
6325O,2001-06-22,2001-06-22,2001-06-26,5,33.7,1.1,35.4
6325O,2002-06-15,2002-06-15,2002-06-19,5,31.1,0.6,32.0
6325O,2003-06-10,2003-06-10,2003-06-16,7,31.2,0.9,32.6
6325O,2003-06-23,2003-06-23,2003-06-27,5,31.6,0.9,32.8
6325O,2003-07-19,2003-07-19,2003-07-21,3,34.5,0.6,35.2
6325O,2003-08-11,2003-08-11,2003-08-13,3,33.1,0.5,33.7
6325O,2004-06-26,2004-06-26,2004-07-01,6,32.2,0.6,32.8
6325O,2005-06-21,2005-06-21,2005-06-23,3,30.4,0.2,30.6
6325O,2005-07-14,2005-07-14,2005-07-18,5,34.4,1.6,36.6
6325O,2006-07-02,2006-07-02,2006-07-04,3,32.6,0.8,33.5
6325O,2007-08-27,2007-08-27,2007-08-29,3,33.1,1.2,34.2
6325O,2009-06-12,2009-06-12,2009-06-15,4,31.8,1.4,33.9
6325O,2009-06-23,2009-06-23,2009-06-25,3,30.7,0.5,31.3
6325O,2009-07-02,2009-07-02,2009-07-06,5,32.8,0.6,33.7
6325O,2009-07-21,2009-07-21,2009-07-24,4,35.7,1.6,37.2
6325O,2010-08-23,2010-08-23,2010-08-28,6,33.7,1.5,36.6
6325O,2011-08-06,2011-08-06,2011-08-08,3,33.3,0.9,34.3
6325O,2012-06-20,2012-06-20,2012-06-22,3,30.8,0.8,31.6
6325O,2012-06-24,2012-06-24,2012-06-30,7,32.9,1.8,35.6
6325O,2012-08-09,2012-08-09,2012-08-12,4,37.3,1.3,38.2
6325O,2012-08-15,2012-08-15,2012-08-19,5,33.5,1.2,35.6
6325O,2012-08-21,2012-08-21,2012-08-25,5,32.7,0.4,33.4
6325O,2014-07-17,2014-07-17,2014-07-19,3,33.4,0.3,33.6
6325O,2015-06-27,2015-06-27,2015-06-30,4,33.4,1.3,34.6
6325O,2015-07-03,2015-07-03,2015-07-08,6,34.7,1.6,36.8
6325O,2015-08-06,2015-08-06,2015-08-08,3,34.2,0.4,34.7
6325O,2016-06-08,2016-06-08,2016-06-10,3,31.2,1.1,32.2
6325O,2016-08-18,2016-08-18,2016-08-20,3,33.2,0.7,34.0
6325O,2017-06-12,2017-06-12,2017-06-28,17,31.6,1.1,33.4
6325O,2017-07-12,2017-07-12,2017-07-14,3,34.6,1.8,36.1
6325O,2019-06-27,2019-06-27,2019-06-29,3,32.1,0.5,32.8
6325O,2019-08-06,2019-08-06,2019-08-11,6,34.7,1.4,36.7
6325O,2020-06-21,2020-06-21,2020-06-24,4,30.5,0.3,30.7
6325O,2020-07-30,2020-07-30,2020-08-02,4,35.8,1.3,37.1
6325O,2020-08-08,2020-08-08,2020-08-10,3,33.5,0.5,33.9
6325O,2021-07-03,2021-07-03,2021-07-06,4,33.9,0.7,34.5
6325O,2021-07-22,2021-07-22,2021-07-24,3,35.7,1.9,37.7
6325O,2021-08-11,2021-08-11,2021-08-16,6,36.1,1.5,37.8
7031,1982-06-21,1982-06-21,1982-06-23,3,29.7,0.7,30.4
7031,1982-07-05,1982-07-05,1982-07-09,5,30.4,0.9,31.8
7031,1986-08-22,1986-08-22,1986-08-24,3,33.3,2.7,36.2
7031,1989-08-09,1989-08-09,1989-08-11,3,32.2,1.3,33.7
7031,1991-08-29,1991-08-29,1991-09-01,4,30.8,0.6,31.7
7031,1992-08-02,1992-08-02,1992-08-04,3,31.8,0.5,32.2
7031,1992-08-23,1992-08-23,1992-08-25,3,31.2,0.3,31.6
7031,1993-08-05,1993-08-05,1993-08-08,4,32.1,0.3,32.5
7031,1994-06-30,1994-06-30,1994-07-06,7,32.2,2.2,35.7
7031,1994-08-07,1994-08-07,1994-08-11,5,31.8,0.8,33.2
7031,1994-08-21,1994-08-21,1994-08-24,4,32.3,0.5,32.7
7031,1997-06-12,1997-06-12,1997-06-14,3,29.2,2.6,32.2
7031,2000-07-01,2000-07-01,2000-07-04,4,30.2,0.6,30.8
7031,2001-06-22,2001-06-22,2001-06-27,6,31.3,1.3,32.7
7031,2003-06-11,2003-06-11,2003-06-16,6,29.3,1.0,30.2
7031,2003-06-20,2003-06-20,2003-06-27,8,29.9,0.4,30.2
7031,2003-06-29,2003-06-29,2003-07-03,5,30.3,0.9,31.3
7031,2003-07-09,2003-07-09,2003-07-13,5,30.4,0.4,30.9
7031,2003-08-04,2003-08-04,2003-08-23,20,31.7,0.6,33.4
7031,2004-08-09,2004-08-09,2004-08-13,5,31.3,0.3,31.6
7031,2005-06-21,2005-06-21,2005-06-24,4,29.7,1.0,31.2
7031,2005-06-27,2005-06-27,2005-06-30,4,29.6,0.3,29.9
7031,2009-06-13,2009-06-13,2009-06-15,3,28.8,0.9,29.4
7031,2009-07-04,2009-07-04,2009-07-07,4,31.1,1.0,31.9
7031,2009-07-13,2009-07-13,2009-07-15,3,30.8,0.5,31.4
7031,2009-07-22,2009-07-22,2009-07-24,3,33.0,0.5,33.5
7031,2011-07-04,2011-07-04,2011-07-08,5,30.4,0.5,31.0
7031,2012-06-06,2012-06-06,2012-06-08,3,29.1,1.8,31.1
7031,2012-06-25,2012-06-25,2012-07-01,7,31.2,1.8,33.6
7031,2012-08-10,2012-08-10,2012-08-12,3,33.8,2.4,36.6
7031,2012-08-15,2012-08-15,2012-08-19,5,31.3,0.4,31.9
7031,2014-06-12,2014-06-12,2014-06-14,3,28.8,0.7,29.6
7031,2015-06-27,2015-06-27,2015-07-08,12,31.4,1.2,33.8
7031,2015-07-15,2015-07-15,2015-07-17,3,30.9,0.4,31.2
7031,2015-07-19,2015-07-19,2015-07-22,4,31.1,0.3,31.5
7031,2015-08-06,2015-08-06,2015-08-08,3,31.7,0.8,32.5
7031,2015-08-12,2015-08-12,2015-08-14,3,33.2,2.1,35.6
7031,2016-06-13,2016-06-13,2016-06-15,3,30.4,1.9,32.6
7031,2016-07-08,2016-07-08,2016-07-10,3,30.3,0.0,30.3
7031,2017-06-12,2017-06-12,2017-06-18,7,28.8,0.7,29.8
7031,2017-06-20,2017-06-20,2017-06-29,10,29.6,0.6,30.8
7031,2017-08-01,2017-08-01,2017-08-06,6,31.9,0.8,33.0
7031,2018-08-04,2018-08-04,2018-08-06,3,32.7,0.8,33.2
7031,2019-06-27,2019-06-27,2019-06-30,4,30.6,0.8,31.5
7031,2019-07-11,2019-07-11,2019-07-15,5,30.9,0.9,32.0
7031,2019-08-07,2019-08-07,2019-08-10,4,34.0,1.1,35.1
7031,2020-06-04,2020-06-04,2020-06-07,4,27.9,0.8,29.0
7031,2020-07-29,2020-07-29,2020-08-01,4,32.2,1.1,33.8
7031,2020-08-08,2020-08-08,2020-08-10,3,31.3,0.4,31.7
7031,2020-08-16,2020-08-16,2020-08-18,3,32.7,0.9,33.6
7031,2021-08-11,2021-08-11,2021-08-16,6,32.3,0.9,33.6
8025,1982-06-11,1982-06-11,1982-06-13,3,29.7,1.6,31.5
8025,1982-06-21,1982-06-21,1982-06-23,3,29.6,0.3,29.9
8025,1982-07-04,1982-07-04,1982-07-09,6,31.5,1.2,33.3
8025,1986-08-21,1986-08-21,1986-08-23,3,33.0,1.5,34.2
8025,1987-08-12,1987-08-12,1987-08-17,6,31.9,0.8,33.3
8025,1990-07-24,1990-07-24,1990-07-27,4,32.3,0.3,32.5
8025,1991-08-06,1991-08-06,1991-08-08,3,31.3,0.2,31.5
8025,1991-08-22,1991-08-22,1991-08-27,6,31.1,0.3,31.6
8025,1991-08-29,1991-08-29,1991-09-01,4,30.8,0.5,31.3
8025,1992-08-02,1992-08-02,1992-08-04,3,31.8,0.2,31.9
8025,1992-08-21,1992-08-21,1992-08-28,8,31.1,0.4,31.6
8025,1993-08-05,1993-08-05,1993-08-08,4,32.0,0.4,32.4
8025,1994-06-30,1994-06-30,1994-07-06,7,32.4,2.5,37.2
8025,1994-07-14,1994-07-14,1994-07-16,3,30.8,0.7,31.6
8025,1994-08-07,1994-08-07,1994-08-11,5,32.0,0.8,33.1
8025,1994-08-20,1994-08-20,1994-08-24,5,31.9,1.0,33.4
8025,1996-06-19,1996-06-19,1996-06-21,3,29.4,0.7,30.1
8025,1996-07-05,1996-07-05,1996-07-07,3,30.6,0.7,31.4
8025,1998-07-01,1998-07-01,1998-07-03,3,30.0,0.3,30.3
8025,1999-08-07,1999-08-07,1999-08-10,4,31.0,0.2,31.4
8025,1999-08-16,1999-08-16,1999-08-18,3,31.5,0.5,32.0
8025,1999-08-27,1999-08-27,1999-08-29,3,31.1,0.6,31.7
8025,2000-06-16,2000-06-16,2000-06-18,3,28.9,0.2,29.1
8025,2000-07-01,2000-07-01,2000-07-04,4,30.2,0.7,31.2
8025,2001-06-22,2001-06-22,2001-06-27,6,31.1,1.4,33.2
8025,2002-06-20,2002-06-20,2002-06-22,3,28.9,0.2,29.2
8025,2003-06-12,2003-06-12,2003-06-16,5,30.4,1.2,32.0
8025,2003-06-20,2003-06-20,2003-06-27,8,30.0,0.6,31.3
8025,2003-06-29,2003-06-29,2003-07-03,5,30.8,1.2,32.6
8025,2003-07-09,2003-07-09,2003-07-13,5,30.5,0.2,30.7
8025,2003-07-19,2003-07-19,2003-07-21,3,31.3,0.2,31.6
8025,2003-08-05,2003-08-05,2003-08-16,12,32.3,0.7,33.7
8025,2003-08-19,2003-08-19,2003-08-27,9,31.4,0.8,33.0
8025,2004-06-26,2004-06-26,2004-06-28,3,29.9,0.5,30.2
8025,2004-08-11,2004-08-11,2004-08-13,3,31.7,0.8,32.7
8025,2004-08-16,2004-08-16,2004-08-19,4,31.8,0.5,32.2
8025,2005-06-21,2005-06-21,2005-06-24,4,29.8,0.8,30.8
8025,2005-06-27,2005-06-27,2005-06-30,4,30.0,1.3,31.9
8025,2006-06-21,2006-06-21,2006-06-23,3,29.0,0.1,29.1
8025,2006-07-13,2006-07-13,2006-07-15,3,31.0,0.4,31.4
8025,2007-08-27,2007-08-27,2007-08-29,3,31.9,1.7,33.9
8025,2008-06-22,2008-06-22,2008-06-24,3,29.2,0.2,29.4
8025,2009-06-13,2009-06-13,2009-06-19,7,29.3,0.9,31.0
8025,2009-06-24,2009-06-24,2009-06-26,3,30.2,1.2,31.4
8025,2009-07-04,2009-07-04,2009-07-06,3,31.2,0.4,31.6
8025,2009-07-22,2009-07-22,2009-07-24,3,33.7,1.1,34.6
8025,2011-07-04,2011-07-04,2011-07-07,4,30.7,1.4,32.8
8025,2011-08-18,2011-08-18,2011-08-21,4,31.7,0.1,31.8
8025,2011-08-24,2011-08-24,2011-08-26,3,31.7,1.4,33.3
8025,2012-06-06,2012-06-06,2012-06-08,3,29.0,0.1,29.2
8025,2012-06-26,2012-06-26,2012-06-30,5,31.7,2.3,33.9
8025,2012-08-10,2012-08-10,2012-08-12,3,33.1,0.5,33.5
8025,2012-08-17,2012-08-17,2012-08-22,6,31.8,0.5,32.7
8025,2014-07-04,2014-07-04,2014-07-06,3,30.2,0.3,30.5
8025,2015-06-27,2015-06-27,2015-07-08,12,31.9,1.0,33.8
8025,2015-08-06,2015-08-06,2015-08-08,3,31.9,1.0,32.4
8025,2017-06-12,2017-06-12,2017-06-18,7,29.3,0.8,31.0
8025,2017-06-20,2017-06-20,2017-06-29,10,30.1,0.9,31.7
8025,2017-08-01,2017-08-01,2017-08-05,5,32.3,0.7,33.0
8025,2018-08-01,2018-08-01,2018-08-06,6,32.1,0.8,33.2
8025,2019-06-26,2019-06-26,2019-06-30,5,31.4,0.9,32.6
8025,2019-07-12,2019-07-12,2019-07-15,4,31.1,0.5,31.7
8025,2019-08-06,2019-08-06,2019-08-10,5,33.6,1.3,35.1
8025,2020-06-03,2020-06-03,2020-06-06,4,28.1,1.0,29.4
8025,2020-06-30,2020-06-30,2020-07-02,3,31.2,1.2,32.4
8025,2020-07-29,2020-07-29,2020-08-02,5,32.7,0.9,34.1
8025,2020-08-08,2020-08-08,2020-08-13,6,31.5,0.4,32.1
8025,2020-08-15,2020-08-15,2020-08-18,4,32.0,0.7,32.7
8025,2020-08-26,2020-08-26,2020-08-28,3,31.6,0.2,31.8
8025,2021-06-12,2021-06-12,2021-06-15,4,29.2,0.6,30.2
8025,2021-07-03,2021-07-03,2021-07-06,4,32.6,1.9,33.9
8025,2021-08-11,2021-08-11,2021-08-16,6,33.7,1.4,36.3
8019,1982-06-11,1982-06-11,1982-06-13,3,30.7,1.3,32.2
8019,1982-06-21,1982-06-21,1982-06-23,3,30.8,0.8,31.3
8019,1982-07-04,1982-07-04,1982-07-09,6,32.4,1.4,34.9
8019,1986-08-17,1986-08-17,1986-08-19,3,32.6,1.0,33.7
8019,1986-08-21,1986-08-21,1986-08-23,3,34.2,1.4,35.1
8019,1987-08-15,1987-08-15,1987-08-17,3,33.1,1.3,34.6
8019,1989-06-23,1989-06-23,1989-06-25,3,30.2,0.3,30.5
8019,1990-07-24,1990-07-24,1990-07-27,4,33.3,0.1,33.5
8019,1991-08-06,1991-08-06,1991-08-08,3,32.2,0.3,32.6
8019,1991-08-29,1991-08-29,1991-09-01,4,31.6,0.6,32.2
8019,1992-08-21,1992-08-21,1992-08-24,4,32.2,0.2,32.5
8019,1992-08-26,1992-08-26,1992-08-28,3,31.7,0.4,32.2
8019,1993-08-05,1993-08-05,1993-08-08,4,33.2,0.7,34.0
8019,1994-06-30,1994-06-30,1994-07-06,7,33.6,2.6,38.5
8019,1994-08-07,1994-08-07,1994-08-11,5,33.0,1.1,34.3
8019,1994-08-21,1994-08-21,1994-08-24,4,33.4,1.2,35.2
8019,1996-06-19,1996-06-19,1996-06-21,3,30.5,0.6,31.0
8019,1996-07-05,1996-07-05,1996-07-07,3,31.8,0.7,32.5
8019,1997-06-12,1997-06-12,1997-06-14,3,30.6,1.2,31.3
8019,1998-07-01,1998-07-01,1998-07-03,3,31.0,0.4,31.4
8019,1999-08-07,1999-08-07,1999-08-10,4,31.9,0.1,32.1
8019,1999-08-16,1999-08-16,1999-08-18,3,32.4,0.7,33.1
8019,1999-08-27,1999-08-27,1999-08-29,3,32.1,0.7,32.9
8019,2000-06-16,2000-06-16,2000-06-18,3,29.7,0.3,30.1
8019,2000-07-01,2000-07-01,2000-07-04,4,31.7,1.0,33.1
8019,2000-08-19,2000-08-19,2000-08-21,3,33.3,1.2,34.4
8019,2001-06-14,2001-06-14,2001-06-16,3,30.0,0.7,30.6
8019,2001-06-22,2001-06-22,2001-06-27,6,33.0,1.2,34.3
8019,2003-06-12,2003-06-12,2003-06-16,5,31.5,0.9,32.5
8019,2003-06-20,2003-06-20,2003-06-27,8,30.9,0.6,31.9
8019,2003-06-29,2003-06-29,2003-07-03,5,32.0,1.3,34.0
8019,2003-07-11,2003-07-11,2003-07-13,3,31.5,0.3,31.7
8019,2003-07-19,2003-07-19,2003-07-21,3,32.6,0.6,33.2
8019,2003-08-05,2003-08-05,2003-08-16,12,33.1,0.7,34.5
8019,2003-08-22,2003-08-22,2003-08-27,6,32.6,0.9,33.7
8019,2004-06-26,2004-06-26,2004-07-01,6,30.5,0.5,31.0
8019,2004-08-11,2004-08-11,2004-08-13,3,32.6,1.0,33.8
8019,2004-08-16,2004-08-16,2004-08-19,4,33.0,0.6,33.6
8019,2005-06-20,2005-06-20,2005-06-24,5,30.8,1.0,32.5
8019,2005-06-27,2005-06-27,2005-06-30,4,31.2,1.6,33.5
8019,2007-08-26,2007-08-26,2007-08-29,4,32.8,2.0,35.7
8019,2008-06-22,2008-06-22,2008-06-24,3,30.6,0.7,31.1
8019,2008-07-05,2008-07-05,2008-07-07,3,32.2,1.9,34.4
8019,2008-08-11,2008-08-11,2008-08-13,3,33.1,1.9,35.3
8019,2009-06-13,2009-06-13,2009-06-17,5,30.5,0.9,31.5
8019,2009-06-24,2009-06-24,2009-06-26,3,31.8,1.2,33.1
8019,2009-07-04,2009-07-04,2009-07-06,3,32.4,0.6,32.8
8019,2009-07-22,2009-07-22,2009-07-24,3,35.9,1.0,36.6
8019,2011-07-04,2011-07-04,2011-07-08,5,31.9,1.5,34.4
8019,2011-08-18,2011-08-18,2011-08-21,4,32.6,0.0,32.6
8019,2011-08-24,2011-08-24,2011-08-26,3,32.9,1.2,34.3
8019,2011-08-29,2011-08-29,2011-08-31,3,31.1,0.1,31.2
8019,2012-06-06,2012-06-06,2012-06-08,3,30.7,0.2,30.9
8019,2012-06-25,2012-06-25,2012-07-01,7,32.4,2.7,36.0
8019,2012-08-09,2012-08-09,2012-08-12,4,33.7,1.7,35.3
8019,2012-08-17,2012-08-17,2012-08-25,9,33.2,1.4,35.6
8019,2014-07-04,2014-07-04,2014-07-06,3,31.4,0.4,31.7
8019,2015-06-27,2015-06-27,2015-07-08,12,33.0,1.2,35.6
8019,2017-06-12,2017-06-12,2017-06-17,6,30.2,0.8,31.7
8019,2017-06-20,2017-06-20,2017-06-29,10,31.1,1.1,32.8
8019,2017-08-01,2017-08-01,2017-08-05,5,33.3,0.8,34.5
8019,2018-08-01,2018-08-01,2018-08-06,6,33.0,1.0,34.3
8019,2019-06-26,2019-06-26,2019-06-30,5,32.3,1.0,33.4
8019,2019-07-12,2019-07-12,2019-07-15,4,32.7,1.2,34.5
8019,2019-08-06,2019-08-06,2019-08-10,5,35.2,1.6,37.0
8019,2020-06-30,2020-06-30,2020-07-02,3,31.7,1.5,33.2
8019,2020-07-29,2020-07-29,2020-08-02,5,33.3,0.8,34.6
8019,2020-08-08,2020-08-08,2020-08-10,3,32.0,0.4,32.5
8019,2020-08-16,2020-08-16,2020-08-18,3,33.0,0.6,33.4
8019,2020-08-26,2020-08-26,2020-08-28,3,32.0,0.3,32.3
8019,2021-08-11,2021-08-11,2021-08-16,6,34.3,1.6,37.1
8416,1981-06-12,1981-06-12,1981-06-16,5,31.6,1.0,32.7
8416,1982-07-06,1982-07-06,1982-07-09,4,34.6,2.4,37.9
8416,1987-08-15,1987-08-15,1987-08-17,3,33.8,0.7,34.4
8416,1991-08-26,1991-08-26,1991-08-31,6,33.3,1.0,34.8
8416,1992-08-20,1992-08-20,1992-08-22,3,34.3,0.6,34.8
8416,1993-06-27,1993-06-27,1993-06-29,3,33.3,2.3,35.0
8416,1993-08-05,1993-08-05,1993-08-07,3,34.4,0.1,34.6
8416,1994-08-09,1994-08-09,1994-08-11,3,34.2,1.5,35.2
8416,1994-08-21,1994-08-21,1994-08-23,3,35.0,2.9,38.3
8416,1996-06-12,1996-06-12,1996-06-14,3,31.7,1.1,32.7
8416,1998-07-01,1998-07-01,1998-07-03,3,34.1,1.5,35.5
8416,1998-08-10,1998-08-10,1998-08-12,3,33.8,0.6,34.2
8416,1999-06-01,1999-06-01,1999-06-03,3,31.2,2.3,33.3
8416,1999-08-06,1999-08-06,1999-08-09,4,33.9,1.0,35.2
8416,1999-08-16,1999-08-16,1999-08-18,3,33.4,1.2,34.8
8416,2000-06-15,2000-06-15,2000-06-17,3,32.6,2.0,34.2
8416,2000-07-24,2000-07-24,2000-07-26,3,34.7,1.3,36.2
8416,2001-06-21,2001-06-21,2001-06-26,6,31.4,0.5,32.0
8416,2001-07-01,2001-07-01,2001-07-03,3,32.4,1.1,33.6
8416,2001-08-28,2001-08-28,2001-08-30,3,33.6,2.4,36.3
8416,2002-06-21,2002-06-21,2002-06-23,3,31.1,0.1,31.3
8416,2003-06-12,2003-06-12,2003-06-16,5,33.0,1.7,34.5
8416,2003-06-20,2003-06-20,2003-06-25,6,32.3,0.8,33.6
8416,2003-06-29,2003-06-29,2003-07-02,4,34.7,0.8,35.7
8416,2003-07-08,2003-07-08,2003-07-11,4,32.9,0.8,33.9
8416,2003-08-04,2003-08-04,2003-08-15,12,34.3,1.0,35.9
8416,2003-08-24,2003-08-24,2003-08-30,7,32.8,0.5,33.4
8416,2004-08-09,2004-08-09,2004-08-12,4,35.4,0.9,36.3
8416,2004-08-16,2004-08-16,2004-08-19,4,35.4,1.5,36.8
8416,2005-06-18,2005-06-18,2005-06-24,7,32.9,1.2,35.2
8416,2005-06-26,2005-06-26,2005-06-29,4,33.2,3.3,37.9
8416,2005-07-16,2005-07-16,2005-07-18,3,33.1,0.3,33.5
8416,2006-06-29,2006-06-29,2006-07-03,5,33.2,2.4,37.0
8416,2008-06-28,2008-06-28,2008-07-03,6,32.9,1.2,34.8
8416,2008-08-04,2008-08-04,2008-08-07,4,33.2,0.4,33.6
8416,2009-06-13,2009-06-13,2009-06-15,3,30.4,0.3,30.8
8416,2009-06-28,2009-06-28,2009-07-02,5,32.2,0.5,33.0
8416,2009-07-22,2009-07-22,2009-07-24,3,37.6,3.5,40.5
8416,2009-08-17,2009-08-17,2009-08-20,4,33.4,0.8,34.5
8416,2010-06-29,2010-06-29,2010-07-01,3,32.1,0.9,33.1
8416,2010-07-06,2010-07-06,2010-07-08,3,32.5,0.7,33.1
8416,2010-08-08,2010-08-08,2010-08-10,3,33.3,1.2,34.7
8416,2011-07-05,2011-07-05,2011-07-07,3,32.6,0.4,32.8
8416,2012-06-10,2012-06-10,2012-06-12,3,34.2,3.2,37.5
8416,2012-06-25,2012-06-25,2012-06-30,6,36.5,4.7,42.4
8416,2012-08-14,2012-08-14,2012-08-16,3,34.6,2.9,38.0
8416,2012-08-18,2012-08-18,2012-08-25,8,34.4,1.5,36.3
8416,2012-08-27,2012-08-27,2012-08-29,3,32.9,1.0,34.1
8416,2013-06-11,2013-06-11,2013-06-13,3,31.4,1.4,33.1
8416,2014-06-11,2014-06-11,2014-06-14,4,32.4,1.7,34.4
8416,2014-07-04,2014-07-04,2014-07-06,3,32.5,1.2,33.9
8416,2014-07-19,2014-07-19,2014-07-21,3,34.1,1.4,35.6
8416,2015-06-03,2015-06-03,2015-06-09,7,30.0,1.3,32.2
8416,2015-06-26,2015-06-26,2015-06-30,5,33.7,1.2,35.5
8416,2015-07-04,2015-07-04,2015-07-08,5,34.5,3.1,39.6
8416,2016-06-13,2016-06-13,2016-06-15,3,32.0,1.2,32.8
8416,2016-07-05,2016-07-05,2016-07-08,4,32.7,0.9,33.9
8416,2016-08-07,2016-08-07,2016-08-09,3,32.6,0.4,32.9
8416,2017-06-01,2017-06-01,2017-06-03,3,28.1,0.6,28.4
8416,2017-06-14,2017-06-14,2017-06-18,5,31.9,0.9,33.5
8416,2017-06-20,2017-06-20,2017-06-24,5,32.6,0.9,33.9
8416,2017-06-26,2017-06-26,2017-06-29,4,33.2,2.5,36.7
8416,2017-08-03,2017-08-03,2017-08-05,3,34.8,1.3,36.1
8416,2018-06-21,2018-06-21,2018-06-23,3,32.2,1.7,33.8
8416,2018-07-01,2018-07-01,2018-07-05,5,33.2,2.0,36.5
8416,2018-07-08,2018-07-08,2018-07-10,3,32.6,1.0,33.7
8416,2018-07-14,2018-07-14,2018-07-16,3,36.5,2.2,38.3
8416,2018-08-01,2018-08-01,2018-08-07,7,35.2,1.3,37.6
8416,2019-06-27,2019-06-27,2019-07-01,5,34.1,2.5,37.6
8416,2019-07-03,2019-07-03,2019-07-07,5,34.2,3.1,38.1
8416,2019-07-23,2019-07-23,2019-07-25,3,34.4,0.5,35.1
8416,2019-08-07,2019-08-07,2019-08-11,5,36.4,3.1,41.5
8416,2020-08-07,2020-08-07,2020-08-10,4,33.0,0.2,33.2
8416,2020-08-19,2020-08-19,2020-08-21,3,33.2,0.9,34.2
8416,2020-08-25,2020-08-25,2020-08-27,3,32.6,0.6,33.3
8416,2021-07-03,2021-07-03,2021-07-06,4,34.9,2.8,37.6
8416,2021-07-22,2021-07-22,2021-07-24,3,34.1,0.2,34.4
8414A,1982-07-06,1982-07-06,1982-07-09,4,35.1,2.5,38.5
8414A,1987-08-15,1987-08-15,1987-08-17,3,34.3,0.5,34.7
8414A,1991-08-26,1991-08-26,1991-08-31,6,33.5,0.8,34.6
8414A,1992-08-20,1992-08-20,1992-08-22,3,34.4,0.4,34.8
8414A,1993-08-05,1993-08-05,1993-08-07,3,35.0,0.5,35.6
8414A,1994-07-03,1994-07-03,1994-07-06,4,35.9,3.3,40.6
8414A,1994-08-07,1994-08-07,1994-08-09,3,34.9,2.0,36.4
8414A,1994-08-21,1994-08-21,1994-08-23,3,35.4,2.5,38.2
8414A,1996-06-12,1996-06-12,1996-06-14,3,31.8,1.2,32.9
8414A,1998-07-01,1998-07-01,1998-07-03,3,33.9,1.3,35.2
8414A,1998-08-10,1998-08-10,1998-08-12,3,34.0,0.5,34.4
8414A,1999-06-01,1999-06-01,1999-06-03,3,31.1,2.0,33.1
8414A,1999-07-02,1999-07-02,1999-07-05,4,32.5,0.7,33.4
8414A,1999-08-04,1999-08-04,1999-08-09,6,33.9,0.6,34.9
8414A,1999-08-16,1999-08-16,1999-08-18,3,34.5,1.3,36.0
8414A,1999-08-26,1999-08-26,1999-08-28,3,33.3,1.3,34.4
8414A,2000-07-24,2000-07-24,2000-07-26,3,34.5,1.2,35.8
8414A,2000-08-19,2000-08-19,2000-08-21,3,35.3,2.6,37.9
8414A,2001-06-21,2001-06-21,2001-06-26,6,32.1,0.6,32.7
8414A,2001-08-28,2001-08-28,2001-08-30,3,33.6,2.0,35.8
8414A,2002-06-21,2002-06-21,2002-06-23,3,31.0,0.1,31.0
8414A,2003-06-12,2003-06-12,2003-06-16,5,32.9,1.8,34.9
8414A,2003-06-20,2003-06-20,2003-06-25,6,32.1,0.8,33.4
8414A,2003-06-29,2003-06-29,2003-07-02,4,34.4,0.9,35.3
8414A,2003-08-04,2003-08-04,2003-08-14,11,34.4,0.9,36.1
8414A,2003-08-24,2003-08-24,2003-08-30,7,32.9,0.5,33.6
8414A,2004-08-08,2004-08-08,2004-08-12,5,34.5,1.5,35.9
8414A,2004-08-16,2004-08-16,2004-08-19,4,35.5,0.9,36.4
8414A,2005-06-18,2005-06-18,2005-06-24,7,33.0,1.2,35.4
8414A,2005-07-16,2005-07-16,2005-07-18,3,34.0,0.4,34.4
8414A,2006-06-29,2006-06-29,2006-07-03,5,33.5,2.3,37.0
8414A,2008-06-28,2008-06-28,2008-07-03,6,32.9,1.5,35.5
8414A,2008-08-04,2008-08-04,2008-08-07,4,33.9,0.6,34.6
8414A,2009-06-24,2009-06-24,2009-06-26,3,32.2,1.4,33.6
8414A,2009-06-28,2009-06-28,2009-07-02,5,32.7,0.7,33.9
8414A,2009-07-22,2009-07-22,2009-07-24,3,38.0,2.3,40.1
8414A,2009-08-17,2009-08-17,2009-08-21,5,33.4,0.9,35.0
8414A,2010-08-08,2010-08-08,2010-08-10,3,33.6,1.2,35.0
8414A,2011-07-05,2011-07-05,2011-07-07,3,33.7,0.3,34.1
8414A,2011-08-23,2011-08-23,2011-08-26,4,33.5,1.3,35.4
8414A,2012-06-10,2012-06-10,2012-06-12,3,34.0,3.0,37.0
8414A,2012-06-25,2012-06-25,2012-06-30,6,36.5,4.3,42.1
8414A,2012-08-09,2012-08-09,2012-08-11,3,34.0,0.9,34.9
8414A,2012-08-18,2012-08-18,2012-08-25,8,34.9,1.7,36.8
8414A,2012-08-27,2012-08-27,2012-08-29,3,33.9,1.0,35.0
8414A,2013-06-11,2013-06-11,2013-06-13,3,31.5,1.1,32.7
8414A,2014-06-12,2014-06-12,2014-06-14,3,33.5,1.0,34.6
8414A,2015-06-07,2015-06-07,2015-06-09,3,31.2,0.9,32.2
8414A,2015-06-26,2015-06-26,2015-06-30,5,33.7,1.3,35.5
8414A,2015-07-04,2015-07-04,2015-07-08,5,34.7,3.4,40.2
8414A,2016-06-13,2016-06-13,2016-06-15,3,32.3,1.2,33.6
8414A,2016-07-05,2016-07-05,2016-07-08,4,32.8,1.0,34.3
8414A,2017-06-14,2017-06-14,2017-06-18,5,32.2,0.9,33.8
8414A,2017-06-20,2017-06-20,2017-06-24,5,33.1,0.8,34.3
8414A,2017-06-26,2017-06-26,2017-06-28,3,33.8,2.2,36.3
8414A,2017-08-03,2017-08-03,2017-08-05,3,34.9,1.4,36.3
8414A,2018-06-21,2018-06-21,2018-06-23,3,32.3,1.6,33.9
8414A,2018-07-01,2018-07-01,2018-07-05,5,33.6,1.6,36.4
8414A,2018-07-14,2018-07-14,2018-07-16,3,36.6,1.6,38.0
8414A,2018-08-01,2018-08-01,2018-08-07,7,35.4,1.2,37.6
8414A,2019-06-27,2019-06-27,2019-06-30,4,34.8,2.4,37.6
8414A,2019-07-04,2019-07-04,2019-07-07,4,34.9,3.3,37.9
8414A,2019-07-23,2019-07-23,2019-07-25,3,34.5,0.6,35.1
8414A,2019-08-06,2019-08-06,2019-08-11,6,36.3,2.8,41.1
8414A,2020-08-07,2020-08-07,2020-08-10,4,33.3,0.2,33.4
8414A,2020-08-15,2020-08-15,2020-08-17,3,33.6,1.0,34.7
8414A,2020-08-25,2020-08-25,2020-08-28,4,32.8,0.8,33.8
8414A,2021-07-03,2021-07-03,2021-07-06,4,35.1,2.1,36.9
8414A,2021-07-22,2021-07-22,2021-07-24,3,34.7,0.2,35.0
8500A,1981-06-12,1981-06-12,1981-06-16,5,29.4,0.5,30.2
8500A,1982-07-05,1982-07-05,1982-07-09,5,31.9,2.2,35.1
8500A,1983-06-05,1983-06-05,1983-06-07,3,26.8,0.2,27.0
8500A,1983-06-10,1983-06-10,1983-06-12,3,27.7,0.3,28.1
8500A,1986-08-17,1986-08-17,1986-08-19,3,32.0,2.1,34.2
8500A,1987-07-04,1987-07-04,1987-07-06,3,30.1,0.5,30.7
8500A,1987-08-12,1987-08-12,1987-08-17,6,31.3,0.8,32.9
8500A,1990-08-04,1990-08-04,1990-08-06,3,31.9,1.3,32.8
8500A,1991-08-26,1991-08-26,1991-09-01,7,30.4,1.0,32.1
8500A,1992-08-26,1992-08-26,1992-08-28,3,29.5,0.2,29.7
8500A,1993-06-27,1993-06-27,1993-06-29,3,29.1,0.5,29.4
8500A,1993-08-05,1993-08-05,1993-08-08,4,31.4,1.3,33.0
8500A,1993-08-19,1993-08-19,1993-08-21,3,30.5,0.5,30.9
8500A,1994-06-30,1994-06-30,1994-07-05,6,30.6,1.7,34.0
8500A,1994-08-07,1994-08-07,1994-08-11,5,31.4,0.7,32.1
8500A,1994-08-21,1994-08-21,1994-08-23,3,31.4,0.3,31.8
8500A,1996-06-12,1996-06-12,1996-06-14,3,29.3,0.4,29.7
8500A,1997-06-11,1997-06-11,1997-06-14,4,28.2,0.7,28.9
8500A,1998-08-09,1998-08-09,1998-08-13,5,31.1,1.0,32.0
8500A,1999-08-25,1999-08-25,1999-08-28,4,30.1,0.4,30.6
8500A,2001-06-22,2001-06-22,2001-06-26,5,29.1,0.7,29.9
8500A,2001-07-31,2001-07-31,2001-08-02,3,31.7,0.5,32.3
8500A,2001-08-27,2001-08-27,2001-08-30,4,30.5,1.1,32.1
8500A,2002-06-20,2002-06-20,2002-06-24,5,28.8,0.5,29.4
8500A,2003-06-10,2003-06-10,2003-06-17,8,29.7,1.8,32.3
8500A,2003-06-20,2003-06-20,2003-06-27,8,30.3,1.1,31.8
8500A,2003-06-29,2003-06-29,2003-07-01,3,32.1,2.1,33.5
8500A,2003-07-08,2003-07-08,2003-07-13,6,30.5,0.6,31.5
8500A,2003-08-02,2003-08-02,2003-08-15,14,32.4,1.0,34.1
8500A,2003-08-23,2003-08-23,2003-08-30,8,30.7,1.0,32.9
8500A,2004-08-09,2004-08-09,2004-08-12,4,30.7,0.9,32.0
8500A,2005-06-17,2005-06-17,2005-06-29,13,30.0,1.2,32.3
8500A,2005-07-15,2005-07-15,2005-07-18,4,30.6,0.5,31.1
8500A,2006-06-19,2006-06-19,2006-06-24,6,28.6,0.5,29.6
8500A,2006-06-29,2006-06-29,2006-07-03,5,29.6,0.5,30.3
8500A,2006-07-09,2006-07-09,2006-07-15,7,30.7,0.7,31.8
8500A,2006-07-20,2006-07-20,2006-07-26,7,30.8,0.4,31.4
8500A,2006-07-30,2006-07-30,2006-08-01,3,31.4,0.4,31.7
8500A,2007-08-27,2007-08-27,2007-08-29,3,32.5,1.9,34.7
8500A,2008-08-04,2008-08-04,2008-08-07,4,30.4,0.2,30.6
8500A,2009-06-13,2009-06-13,2009-06-15,3,29.0,1.2,29.8
8500A,2009-06-29,2009-06-29,2009-07-02,4,29.5,0.3,29.8
8500A,2009-07-22,2009-07-22,2009-07-24,3,33.5,3.1,36.8
8500A,2009-08-14,2009-08-14,2009-08-24,11,31.1,0.7,32.1
8500A,2009-08-31,2009-08-31,2009-09-04,5,29.5,0.6,30.2
8500A,2010-06-28,2010-06-28,2010-07-01,4,29.1,0.5,29.7
8500A,2011-08-20,2011-08-20,2011-08-23,4,30.9,0.7,31.5
8500A,2012-06-06,2012-06-06,2012-06-08,3,27.8,0.6,28.3
8500A,2012-06-25,2012-06-25,2012-06-30,6,31.0,1.6,32.9
8500A,2012-08-09,2012-08-09,2012-08-11,3,31.5,1.3,32.9
8500A,2012-08-18,2012-08-18,2012-08-25,8,31.5,0.7,32.7
8500A,2012-08-27,2012-08-27,2012-08-29,3,29.8,0.3,30.1
8500A,2013-06-11,2013-06-11,2013-06-13,3,27.5,0.4,27.9
8500A,2014-06-09,2014-06-09,2014-06-14,6,29.3,1.6,31.2
8500A,2015-06-03,2015-06-03,2015-06-09,7,27.9,1.1,29.6
8500A,2015-06-26,2015-06-26,2015-07-08,13,31.1,1.4,34.4
8500A,2015-07-16,2015-07-16,2015-07-22,7,31.0,0.6,32.0
8500A,2015-07-24,2015-07-24,2015-07-27,4,31.6,0.4,32.1
8500A,2016-06-07,2016-06-07,2016-06-09,3,27.1,0.5,27.7
8500A,2016-06-13,2016-06-13,2016-06-15,3,28.6,1.0,29.7
8500A,2016-07-05,2016-07-05,2016-07-11,7,30.6,0.6,32.0
8500A,2017-06-01,2017-06-01,2017-06-03,3,26.0,0.4,26.2
8500A,2017-06-11,2017-06-11,2017-06-24,14,29.1,0.9,30.5
8500A,2017-06-26,2017-06-26,2017-06-28,3,30.8,1.6,32.6
8500A,2017-07-30,2017-07-30,2017-08-05,7,31.9,1.1,33.8
8500A,2018-06-20,2018-06-20,2018-06-23,4,29.3,1.2,30.6
8500A,2018-07-14,2018-07-14,2018-07-16,3,32.8,2.1,34.7
8500A,2018-07-31,2018-07-31,2018-08-07,8,32.5,1.4,34.8
8500A,2018-08-21,2018-08-21,2018-08-23,3,30.1,0.2,30.2
8500A,2019-06-26,2019-06-26,2019-07-04,9,31.1,1.8,35.0
8500A,2019-07-06,2019-07-06,2019-07-08,3,31.6,0.7,32.2
8500A,2019-07-11,2019-07-11,2019-07-13,3,30.7,0.7,31.4
8500A,2019-07-21,2019-07-21,2019-07-25,5,31.6,1.1,33.0
8500A,2019-08-07,2019-08-07,2019-08-11,5,32.3,2.3,36.3
8500A,2019-08-30,2019-08-30,2019-09-01,3,30.1,0.3,30.3
8500A,2020-07-27,2020-07-27,2020-08-02,7,31.7,0.8,32.6
8500A,2020-08-07,2020-08-07,2020-08-13,7,31.1,0.6,31.8
8500A,2020-08-17,2020-08-17,2020-08-22,6,30.7,0.4,31.3
8500A,2020-08-25,2020-08-25,2020-08-28,4,30.4,0.1,30.6
8500A,2021-06-12,2021-06-12,2021-06-16,5,29.7,0.9,30.7
8500A,2021-07-04,2021-07-04,2021-07-06,3,31.0,1.5,32.4
8500A,2021-07-22,2021-07-22,2021-07-24,3,31.3,0.6,32.0
8500A,2021-08-11,2021-08-11,2021-08-15,5,32.1,1.6,34.1
9981A,1981-06-12,1981-06-12,1981-06-17,6,31.3,1.0,32.6
9981A,1982-07-06,1982-07-06,1982-07-09,4,34.0,2.1,36.6
9981A,1983-06-05,1983-06-05,1983-06-07,3,27.3,0.5,27.6
9981A,1983-06-10,1983-06-10,1983-06-12,3,28.4,0.2,28.6
9981A,1983-07-12,1983-07-12,1983-07-14,3,32.1,0.4,32.6
9981A,1984-08-31,1984-08-31,1984-09-02,3,30.3,0.7,30.8
9981A,1987-07-02,1987-07-02,1987-07-05,4,31.0,0.9,31.9
9981A,1987-08-12,1987-08-12,1987-08-19,8,32.0,1.4,35.1
9981A,1989-06-21,1989-06-21,1989-06-24,4,29.6,0.6,30.4
9981A,1989-07-25,1989-07-25,1989-07-27,3,31.6,0.3,31.9
9981A,1990-07-16,1990-07-16,1990-07-18,3,31.6,0.5,32.2
9981A,1990-08-04,1990-08-04,1990-08-06,3,32.9,0.6,33.2
9981A,1991-08-01,1991-08-01,1991-08-03,3,31.8,0.4,32.1
9981A,1991-08-13,1991-08-13,1991-08-16,4,31.7,0.8,32.8
9981A,1991-08-27,1991-08-27,1991-08-30,4,31.5,1.8,33.5
9981A,1993-08-05,1993-08-05,1993-08-08,4,31.2,1.2,32.4
9981A,1993-08-18,1993-08-18,1993-08-21,4,31.2,0.8,32.2
9981A,1994-06-30,1994-06-30,1994-07-04,5,31.6,2.3,35.7
9981A,1994-08-21,1994-08-21,1994-08-23,3,32.1,0.7,32.6
9981A,1995-08-11,1995-08-11,1995-08-13,3,31.4,0.4,31.8
9981A,1996-06-12,1996-06-12,1996-06-14,3,30.2,0.8,31.0
9981A,1998-08-10,1998-08-10,1998-08-13,4,31.6,0.4,32.1
9981A,1998-08-21,1998-08-21,1998-08-24,4,31.1,0.5,31.7
9981A,2001-06-21,2001-06-21,2001-06-26,6,29.8,0.6,30.6
9981A,2001-06-30,2001-06-30,2001-07-02,3,30.2,0.6,30.9
9981A,2001-08-27,2001-08-27,2001-08-30,4,31.4,1.2,33.1
9981A,2002-06-21,2002-06-21,2002-06-23,3,30.1,0.3,30.4
9981A,2003-06-12,2003-06-12,2003-06-27,16,30.9,1.6,34.0
9981A,2003-07-31,2003-07-31,2003-08-15,16,33.4,1.1,35.1
9981A,2003-08-23,2003-08-23,2003-08-27,5,31.1,1.2,32.9
9981A,2004-06-01,2004-06-01,2004-06-03,3,27.1,0.6,27.6
9981A,2004-07-24,2004-07-24,2004-07-26,3,32.6,1.0,33.2
9981A,2004-08-09,2004-08-09,2004-08-12,4,31.5,1.1,33.0
9981A,2005-06-05,2005-06-05,2005-06-07,3,27.6,1.0,28.7
9981A,2005-06-18,2005-06-18,2005-06-24,7,30.9,1.0,32.7
9981A,2005-06-27,2005-06-27,2005-06-29,3,31.7,1.7,32.7
9981A,2005-08-05,2005-08-05,2005-08-07,3,31.4,0.5,31.8
9981A,2005-08-12,2005-08-12,2005-08-14,3,30.8,0.4,31.0
9981A,2006-06-29,2006-06-29,2006-07-01,3,31.7,0.9,32.8
9981A,2006-07-09,2006-07-09,2006-07-15,7,32.0,1.0,33.4
9981A,2006-07-22,2006-07-22,2006-07-26,5,32.5,0.3,32.9
9981A,2006-07-28,2006-07-28,2006-08-03,7,32.3,0.5,33.1
9981A,2006-08-07,2006-08-07,2006-08-11,5,30.9,0.4,31.4
9981A,2007-08-27,2007-08-27,2007-08-29,3,31.9,0.8,32.6
9981A,2009-06-01,2009-06-01,2009-06-03,3,27.0,0.2,27.2
9981A,2009-06-13,2009-06-13,2009-06-15,3,29.7,0.8,30.2
9981A,2009-06-29,2009-06-29,2009-07-02,4,30.6,0.5,31.1
9981A,2009-08-12,2009-08-12,2009-08-24,13,31.9,1.1,33.6
9981A,2010-06-27,2010-06-27,2010-07-01,5,30.6,0.7,31.3
9981A,2010-07-05,2010-07-05,2010-07-08,4,32.1,0.8,33.2
9981A,2010-08-09,2010-08-09,2010-08-11,3,31.5,1.3,32.9
9981A,2010-08-21,2010-08-21,2010-08-28,8,32.5,1.8,36.7
9981A,2011-08-19,2011-08-19,2011-08-23,5,31.4,0.8,32.6
9981A,2012-06-04,2012-06-04,2012-06-06,3,27.4,0.9,28.5
9981A,2012-06-24,2012-06-24,2012-06-30,7,31.2,0.8,32.6
9981A,2012-08-08,2012-08-08,2012-08-12,5,32.0,1.5,33.6
9981A,2012-08-18,2012-08-18,2012-08-25,8,32.2,1.3,34.2
9981A,2014-06-11,2014-06-11,2014-06-14,4,30.9,1.1,31.7
9981A,2015-06-03,2015-06-03,2015-06-09,7,28.9,1.2,30.8
9981A,2015-06-19,2015-06-19,2015-06-23,5,29.4,0.8,30.7
9981A,2015-06-26,2015-06-26,2015-07-01,6,31.5,0.9,32.9
9981A,2015-07-04,2015-07-04,2015-07-09,6,32.8,1.4,35.3
9981A,2015-07-12,2015-07-12,2015-07-17,6,31.7,0.6,32.7
9981A,2015-07-19,2015-07-19,2015-07-24,6,32.4,1.0,33.9
9981A,2015-07-26,2015-07-26,2015-07-29,4,32.5,0.9,33.6
9981A,2016-06-07,2016-06-07,2016-06-09,3,28.2,1.0,29.2
9981A,2016-06-12,2016-06-12,2016-06-14,3,30.6,1.6,32.3
9981A,2016-07-05,2016-07-05,2016-07-11,7,32.0,0.6,32.9
9981A,2016-07-25,2016-07-25,2016-07-28,4,31.7,0.3,32.1
9981A,2016-08-06,2016-08-06,2016-08-09,4,31.7,1.2,33.1
9981A,2017-06-11,2017-06-11,2017-06-24,14,30.4,1.4,32.4
9981A,2017-06-26,2017-06-26,2017-06-28,3,29.7,0.1,29.8
9981A,2017-07-12,2017-07-12,2017-07-14,3,31.2,0.5,31.8
9981A,2017-08-01,2017-08-01,2017-08-06,6,32.9,2.0,35.5
9981A,2018-06-17,2018-06-17,2018-06-25,9,29.5,1.3,32.4
9981A,2018-07-08,2018-07-08,2018-07-10,3,32.5,0.5,33.1
9981A,2018-07-14,2018-07-14,2018-07-17,4,31.7,0.7,32.4
9981A,2018-07-31,2018-07-31,2018-08-07,8,34.0,1.8,36.5
9981A,2018-08-20,2018-08-20,2018-08-24,5,31.5,0.6,32.1
9981A,2019-06-27,2019-06-27,2019-07-01,5,33.7,2.8,37.7
9981A,2019-07-03,2019-07-03,2019-07-07,5,31.9,1.2,33.8
9981A,2019-07-22,2019-07-22,2019-07-25,4,33.2,0.9,34.2
9981A,2019-08-02,2019-08-02,2019-08-04,3,31.3,0.7,32.1
9981A,2019-08-06,2019-08-06,2019-08-10,5,32.9,1.7,34.7
9981A,2019-08-30,2019-08-30,2019-09-01,3,30.5,0.9,31.4
9981A,2020-07-30,2020-07-30,2020-08-02,4,32.3,0.8,33.4
9981A,2020-08-07,2020-08-07,2020-08-10,4,31.5,0.8,32.2
9981A,2020-08-19,2020-08-19,2020-08-22,4,31.2,0.5,31.6
9981A,2020-08-25,2020-08-25,2020-08-27,3,31.4,0.4,31.8
9981A,2021-06-11,2021-06-11,2021-06-16,6,30.6,1.8,33.0
9981A,2021-07-21,2021-07-21,2021-07-24,4,32.3,0.7,33.0
9981A,2021-08-11,2021-08-11,2021-08-16,6,32.8,1.5,35.1
0016A,1981-06-11,1981-06-11,1981-06-17,7,30.7,1.5,32.4
0016A,1982-07-06,1982-07-06,1982-07-09,4,33.8,2.1,36.1
0016A,1983-07-12,1983-07-12,1983-07-14,3,32.0,0.4,32.5
0016A,1987-07-02,1987-07-02,1987-07-05,4,31.6,0.6,32.4
0016A,1987-08-14,1987-08-14,1987-08-18,5,33.0,1.5,35.5
0016A,1989-06-21,1989-06-21,1989-06-24,4,30.0,0.6,30.7
0016A,1989-07-25,1989-07-25,1989-07-27,3,32.6,0.3,33.0
0016A,1990-07-16,1990-07-16,1990-07-18,3,32.3,0.2,32.4
0016A,1990-08-03,1990-08-03,1990-08-06,4,33.7,1.1,35.0
0016A,1991-08-27,1991-08-27,1991-08-29,3,32.0,1.0,33.0
0016A,1994-07-02,1994-07-02,1994-07-05,4,32.5,2.8,36.6
0016A,1998-08-10,1998-08-10,1998-08-13,4,32.5,0.6,33.0
0016A,2000-08-24,2000-08-24,2000-08-26,3,32.3,1.4,33.9
0016A,2001-08-27,2001-08-27,2001-08-31,5,31.6,1.7,34.2
0016A,2002-06-21,2002-06-21,2002-06-25,5,31.0,1.0,32.4
0016A,2003-06-12,2003-06-12,2003-06-25,14,31.3,1.3,33.4
0016A,2003-08-02,2003-08-02,2003-08-15,14,34.1,1.2,35.7
0016A,2003-08-23,2003-08-23,2003-08-26,4,32.2,1.4,34.0
0016A,2003-08-28,2003-08-28,2003-08-30,3,31.7,1.2,32.7
0016A,2004-06-01,2004-06-01,2004-06-03,3,27.4,0.3,27.7
0016A,2004-08-10,2004-08-10,2004-08-12,3,32.9,0.8,33.8
0016A,2005-06-18,2005-06-18,2005-06-25,8,30.7,0.8,31.7
0016A,2005-06-27,2005-06-27,2005-06-29,3,33.1,2.0,35.0
0016A,2006-06-29,2006-06-29,2006-07-01,3,31.8,0.9,32.8
0016A,2006-07-11,2006-07-11,2006-07-15,5,32.7,1.3,34.2
0016A,2006-07-22,2006-07-22,2006-07-24,3,32.5,0.4,33.0
0016A,2006-07-31,2006-07-31,2006-08-03,4,33.1,1.2,34.9
0016A,2007-08-27,2007-08-27,2007-08-30,4,30.9,1.0,31.7
0016A,2008-06-25,2008-06-25,2008-06-28,4,30.9,0.3,31.3
0016A,2009-08-13,2009-08-13,2009-08-21,9,32.8,0.6,33.8
0016A,2009-08-28,2009-08-28,2009-08-30,3,30.8,0.8,31.4
0016A,2010-06-27,2010-06-27,2010-06-30,4,31.2,0.8,32.0
0016A,2010-08-21,2010-08-21,2010-08-23,3,31.3,0.3,31.5
0016A,2011-08-20,2011-08-20,2011-08-23,4,31.8,0.5,32.3
0016A,2012-06-24,2012-06-24,2012-06-26,3,30.7,1.4,32.3
0016A,2012-06-28,2012-06-28,2012-06-30,3,31.2,0.7,31.8
0016A,2012-08-18,2012-08-18,2012-08-22,5,32.0,0.5,32.9
0016A,2014-06-09,2014-06-09,2014-06-14,6,30.9,1.9,33.4
0016A,2015-06-03,2015-06-03,2015-06-09,7,29.3,1.1,30.9
0016A,2015-06-26,2015-06-26,2015-06-29,4,31.3,0.9,32.7
0016A,2015-07-01,2015-07-01,2015-07-09,9,32.1,1.0,33.4
0016A,2015-07-12,2015-07-12,2015-07-14,3,32.1,0.6,32.8
0016A,2015-07-21,2015-07-21,2015-07-23,3,33.5,1.5,34.9
0016A,2016-06-12,2016-06-12,2016-06-14,3,30.9,1.9,33.1
0016A,2016-07-08,2016-07-08,2016-07-10,3,32.2,0.2,32.4
0016A,2017-06-11,2017-06-11,2017-06-24,14,31.0,0.9,33.0
0016A,2017-08-01,2017-08-01,2017-08-06,6,33.6,1.6,35.8
0016A,2018-06-17,2018-06-17,2018-06-22,6,30.2,1.4,32.8
0016A,2018-07-08,2018-07-08,2018-07-10,3,33.1,1.0,34.2
0016A,2018-07-14,2018-07-14,2018-07-17,4,32.4,0.8,33.5
0016A,2018-07-31,2018-07-31,2018-08-06,7,34.6,1.8,37.2
0016A,2019-06-26,2019-06-26,2019-07-01,6,33.2,2.4,36.6
0016A,2019-07-03,2019-07-03,2019-07-07,5,32.1,1.1,33.8
0016A,2019-07-09,2019-07-09,2019-07-12,4,32.7,0.7,33.6
0016A,2019-07-22,2019-07-22,2019-07-24,3,33.2,0.6,33.6
0016A,2019-08-07,2019-08-07,2019-08-11,5,33.0,1.2,34.5
0016A,2019-08-29,2019-08-29,2019-09-05,8,30.7,1.4,33.0
0016A,2020-07-30,2020-07-30,2020-08-02,4,33.7,0.5,34.5
0016A,2020-08-07,2020-08-07,2020-08-11,5,32.0,0.6,33.0
0016A,2020-08-21,2020-08-21,2020-08-23,3,31.7,0.3,32.0
0016A,2020-08-25,2020-08-25,2020-08-27,3,31.1,0.5,31.6
0016A,2021-06-10,2021-06-10,2021-06-16,7,31.1,1.7,32.7
0016A,2021-08-11,2021-08-11,2021-08-17,7,33.4,1.6,36.0
76,1981-06-12,1981-06-12,1981-06-16,5,25.9,0.5,26.7
76,1982-07-06,1982-07-06,1982-07-09,4,28.8,1.0,30.1
76,1983-06-05,1983-06-05,1983-06-07,3,24.2,0.4,24.5
76,1983-06-10,1983-06-10,1983-06-12,3,24.8,0.3,25.0
76,1983-07-12,1983-07-12,1983-07-14,3,27.9,0.1,28.0
76,1983-07-29,1983-07-29,1983-07-31,3,29.9,0.8,30.8
76,1987-07-02,1987-07-02,1987-07-06,5,27.4,0.5,28.1
76,1987-08-13,1987-08-13,1987-08-16,4,28.7,0.7,29.7
76,1988-08-14,1988-08-14,1988-08-17,4,28.4,0.4,28.9
76,1989-08-22,1989-08-22,1989-08-24,3,28.6,1.0,29.5
76,1990-07-23,1990-07-23,1990-07-25,3,28.3,0.1,28.4
76,1990-08-01,1990-08-01,1990-08-06,6,29.1,0.7,29.9
76,1991-08-05,1991-08-05,1991-08-07,3,28.0,0.1,28.2
76,1991-08-26,1991-08-26,1991-09-01,7,27.5,0.8,28.5
76,1992-08-24,1992-08-24,1992-08-26,3,27.8,0.2,28.0
76,1993-08-18,1993-08-18,1993-08-21,4,28.3,0.2,28.4
76,1994-06-30,1994-06-30,1994-07-05,6,27.9,0.9,29.4
76,1994-07-14,1994-07-14,1994-07-17,4,28.6,0.5,29.3
76,1994-07-26,1994-07-26,1994-07-29,4,28.9,0.2,29.1
76,1994-08-05,1994-08-05,1994-08-11,7,28.7,0.6,29.7
76,1994-08-19,1994-08-19,1994-08-23,5,28.3,0.7,29.3
76,1995-07-19,1995-07-19,1995-07-21,3,28.2,0.1,28.2
76,1995-08-02,1995-08-02,1995-08-05,4,28.2,0.1,28.3
76,1996-06-11,1996-06-11,1996-06-15,5,25.2,0.8,26.3
76,1997-06-11,1997-06-11,1997-06-14,4,24.7,0.6,25.6
76,1997-08-14,1997-08-14,1997-08-16,3,28.5,0.4,28.9
76,1998-06-03,1998-06-03,1998-06-05,3,25.0,0.5,25.5
76,1998-06-28,1998-06-28,1998-06-30,3,26.1,0.2,26.3
76,1998-08-09,1998-08-09,1998-08-17,9,28.5,0.6,29.4
76,2000-08-15,2000-08-15,2000-08-17,3,28.0,0.2,28.2
76,2000-08-24,2000-08-24,2000-08-26,3,27.9,0.5,28.4
76,2001-06-23,2001-06-23,2001-06-26,4,25.9,0.4,26.2
76,2001-07-30,2001-07-30,2001-08-02,4,28.9,0.5,29.4
76,2001-08-23,2001-08-23,2001-08-29,7,28.1,0.5,29.0
76,2002-06-17,2002-06-17,2002-06-27,11,26.1,0.8,27.3
76,2003-06-07,2003-06-07,2003-06-17,11,25.7,1.3,27.4
76,2003-06-19,2003-06-19,2003-07-01,13,27.5,0.8,28.9
76,2003-07-10,2003-07-10,2003-07-13,4,28.6,0.3,28.9
76,2003-07-19,2003-07-19,2003-07-23,5,28.5,0.4,29.1
76,2003-08-02,2003-08-02,2003-08-30,29,29.6,1.3,31.9
76,2004-06-26,2004-06-26,2004-06-29,4,26.1,0.5,26.7
76,2005-06-16,2005-06-16,2005-06-29,14,26.6,1.1,28.5
76,2006-06-19,2006-06-19,2006-06-25,7,25.5,0.4,26.1
76,2006-06-29,2006-06-29,2006-07-02,4,27.3,0.4,27.8
76,2006-07-12,2006-07-12,2006-07-27,16,29.0,0.8,30.3
76,2006-07-29,2006-07-29,2006-07-31,3,29.4,0.0,29.4
76,2007-06-09,2007-06-09,2007-06-11,3,24.5,0.0,24.5
76,2007-08-26,2007-08-26,2007-08-29,4,27.5,0.6,28.2
76,2008-06-21,2008-06-21,2008-06-23,3,25.5,0.2,25.7
76,2008-08-04,2008-08-04,2008-08-07,4,28.5,0.2,28.8
76,2009-06-02,2009-06-02,2009-06-04,3,22.9,0.2,23.1
76,2009-06-13,2009-06-13,2009-06-19,7,25.7,0.4,26.2
76,2009-06-29,2009-06-29,2009-07-04,6,27.5,0.4,28.1
76,2009-08-13,2009-08-13,2009-08-21,9,29.0,1.0,30.3
76,2010-07-11,2010-07-11,2010-07-13,3,28.1,0.2,28.2
76,2010-08-21,2010-08-21,2010-08-23,3,28.4,0.7,29.0
76,2010-08-25,2010-08-25,2010-08-27,3,29.2,2.5,32.1
76,2011-08-20,2011-08-20,2011-08-23,4,28.4,0.5,29.0
76,2011-08-31,2011-08-31,2011-09-02,3,26.6,0.2,26.8
76,2012-06-05,2012-06-05,2012-06-07,3,23.7,0.5,24.1
76,2012-06-19,2012-06-19,2012-06-21,3,26.1,1.1,27.4
76,2012-06-24,2012-06-24,2012-06-30,7,26.9,0.8,27.9
76,2012-08-09,2012-08-09,2012-08-11,3,28.4,0.1,28.5
76,2012-08-15,2012-08-15,2012-08-25,11,29.1,0.9,30.3
76,2013-06-15,2013-06-15,2013-06-17,3,24.6,0.2,24.8
76,2013-07-25,2013-07-25,2013-07-28,4,29.0,0.9,30.3
76,2013-08-02,2013-08-02,2013-08-06,5,28.1,0.1,28.3
76,2014-06-08,2014-06-08,2014-06-14,7,25.8,1.4,27.8
76,2015-06-01,2015-06-01,2015-06-12,12,24.8,1.2,26.3
76,2015-06-26,2015-06-26,2015-07-08,13,28.4,1.3,30.7
76,2015-07-13,2015-07-13,2015-07-24,12,28.8,0.6,29.6
76,2015-08-05,2015-08-05,2015-08-08,4,28.5,0.5,29.2
76,2016-06-07,2016-06-07,2016-06-10,4,24.0,0.1,24.2
76,2016-07-08,2016-07-08,2016-07-11,4,28.3,0.5,28.9
76,2017-06-10,2017-06-10,2017-06-29,20,27.3,1.0,28.7
76,2017-07-30,2017-07-30,2017-08-05,7,29.3,1.0,30.6
76,2017-08-24,2017-08-24,2017-08-30,7,27.8,0.6,28.5
76,2018-06-20,2018-06-20,2018-06-22,3,26.2,0.1,26.3
76,2018-07-08,2018-07-08,2018-07-10,3,28.2,0.5,28.7
76,2018-07-25,2018-07-25,2018-07-27,3,28.4,0.4,28.9
76,2018-07-30,2018-07-30,2018-08-07,9,30.4,1.3,32.6
76,2018-08-20,2018-08-20,2018-08-24,5,28.2,0.5,28.8
76,2019-06-24,2019-06-24,2019-07-08,15,27.6,1.1,29.3
76,2019-07-22,2019-07-22,2019-07-26,5,29.4,0.6,30.3
76,2019-08-02,2019-08-02,2019-08-06,5,28.1,0.3,28.5
76,2019-08-08,2019-08-08,2019-08-10,3,28.9,0.1,29.0
76,2019-08-29,2019-08-29,2019-09-01,4,28.4,0.6,28.9
76,2020-06-24,2020-06-24,2020-06-26,3,25.8,0.5,26.3
76,2020-07-27,2020-07-27,2020-08-02,7,29.1,0.7,30.2
76,2020-08-07,2020-08-07,2020-08-13,7,28.6,0.3,29.0
76,2020-08-19,2020-08-19,2020-08-22,4,28.5,0.5,29.1
76,2020-08-25,2020-08-25,2020-08-28,4,28.1,0.5,28.6
76,2021-06-09,2021-06-09,2021-06-21,13,26.1,1.2,28.4
76,2021-08-11,2021-08-11,2021-08-16,6,29.6,1.4,31.8
0200E,1981-06-09,1981-06-09,1981-06-16,8,28.5,1.7,30.9
0200E,1982-07-04,1982-07-04,1982-07-09,6,31.5,2.4,35.6
0200E,1983-06-05,1983-06-05,1983-06-08,4,27.2,1.1,28.2
0200E,1983-07-12,1983-07-12,1983-07-14,3,31.1,0.3,31.3
0200E,1983-07-29,1983-07-29,1983-07-31,3,33.0,1.0,34.1
0200E,1986-06-25,1986-06-25,1986-06-29,5,28.6,0.5,29.3
0200E,1987-07-02,1987-07-02,1987-07-05,4,30.1,0.6,30.7
0200E,1987-08-14,1987-08-14,1987-08-16,3,31.1,1.2,32.4
0200E,1988-08-12,1988-08-12,1988-08-17,6,30.4,0.7,31.5
0200E,1990-08-03,1990-08-03,1990-08-06,4,31.4,1.3,32.6
0200E,1991-08-05,1991-08-05,1991-08-07,3,29.9,0.3,30.2
0200E,1991-08-25,1991-08-25,1991-08-30,6,29.4,1.0,30.7
0200E,1992-08-25,1992-08-25,1992-08-28,4,28.7,1.0,29.8
0200E,1993-06-06,1993-06-06,1993-06-08,3,25.8,0.5,26.3
0200E,1993-08-18,1993-08-18,1993-08-21,4,30.7,0.2,31.0
0200E,1994-06-30,1994-06-30,1994-07-05,6,31.0,1.5,33.6
0200E,1994-07-14,1994-07-14,1994-07-17,4,31.3,0.9,32.5
0200E,1994-07-26,1994-07-26,1994-07-28,3,31.3,0.8,31.9
0200E,1994-08-05,1994-08-05,1994-08-08,4,30.2,0.4,30.6
0200E,1994-08-19,1994-08-19,1994-08-23,5,30.3,0.8,31.6
0200E,1996-06-11,1996-06-11,1996-06-13,3,27.9,0.9,28.6
0200E,1997-06-11,1997-06-11,1997-06-14,4,27.4,1.3,29.3
0200E,1997-08-14,1997-08-14,1997-08-16,3,30.7,0.4,31.2
0200E,1998-06-03,1998-06-03,1998-06-05,3,26.9,0.7,27.6
0200E,1998-08-09,1998-08-09,1998-08-17,9,30.6,1.0,32.3
0200E,2000-06-01,2000-06-01,2000-06-05,5,25.0,0.8,26.1
0200E,2000-08-14,2000-08-14,2000-08-17,4,30.1,0.6,30.8
0200E,2000-08-19,2000-08-19,2000-08-21,3,29.5,0.1,29.6
0200E,2000-08-23,2000-08-23,2000-08-26,4,30.3,1.0,31.1
0200E,2001-06-21,2001-06-21,2001-06-26,6,28.7,0.9,29.9
0200E,2001-07-30,2001-07-30,2001-08-02,4,31.3,0.8,32.3
0200E,2001-08-23,2001-08-23,2001-08-29,7,30.2,0.9,31.8
0200E,2002-06-13,2002-06-13,2002-06-26,14,28.0,1.3,30.2
0200E,2003-06-07,2003-06-07,2003-06-17,11,28.5,1.8,31.7
0200E,2003-06-19,2003-06-19,2003-06-26,8,30.8,1.4,33.3
0200E,2003-07-10,2003-07-10,2003-07-13,4,31.4,0.7,31.9
0200E,2003-08-02,2003-08-02,2003-08-16,15,33.3,1.7,35.5
0200E,2003-08-18,2003-08-18,2003-08-20,3,29.8,0.2,29.9
0200E,2003-08-22,2003-08-22,2003-08-30,9,30.1,0.7,31.1
0200E,2004-07-31,2004-07-31,2004-08-03,4,31.1,0.6,31.9
0200E,2005-06-01,2005-06-01,2005-06-04,4,25.6,1.3,26.8
0200E,2005-06-16,2005-06-16,2005-06-29,14,29.4,1.5,32.1
0200E,2006-06-16,2006-06-16,2006-06-25,10,28.0,0.7,29.1
0200E,2006-06-29,2006-06-29,2006-07-02,4,30.4,0.9,31.2
0200E,2006-07-10,2006-07-10,2006-07-13,4,31.2,1.4,32.9
0200E,2006-07-20,2006-07-20,2006-07-27,8,32.0,0.8,33.2
0200E,2006-07-29,2006-07-29,2006-07-31,3,31.2,0.1,31.2
0200E,2007-06-08,2007-06-08,2007-06-11,4,27.4,0.6,28.0
0200E,2007-06-13,2007-06-13,2007-06-15,3,27.4,1.3,28.9
0200E,2007-06-17,2007-06-17,2007-06-20,4,27.5,0.9,28.5
0200E,2007-08-26,2007-08-26,2007-08-29,4,29.7,1.1,31.0
0200E,2008-08-04,2008-08-04,2008-08-07,4,30.8,0.6,31.6
0200E,2008-08-28,2008-08-28,2008-08-30,3,28.7,0.8,29.1
0200E,2009-06-01,2009-06-01,2009-06-03,3,25.1,0.9,26.1
0200E,2009-06-13,2009-06-13,2009-06-19,7,28.6,0.5,29.4
0200E,2009-06-29,2009-06-29,2009-07-04,6,30.3,0.8,31.3
0200E,2009-08-13,2009-08-13,2009-08-21,9,31.5,1.5,33.4
0200E,2009-08-26,2009-08-26,2009-08-28,3,28.7,0.5,29.3
0200E,2010-06-27,2010-06-27,2010-06-29,3,29.0,0.8,29.8
0200E,2010-08-21,2010-08-21,2010-08-23,3,30.7,1.3,31.9
0200E,2010-08-25,2010-08-25,2010-08-27,3,31.7,3.4,35.6
0200E,2011-08-19,2011-08-19,2011-08-26,8,30.0,1.3,32.0
0200E,2011-08-31,2011-08-31,2011-09-02,3,28.1,0.1,28.2
0200E,2012-06-05,2012-06-05,2012-06-07,3,25.8,0.8,26.7
0200E,2012-06-19,2012-06-19,2012-06-21,3,29.5,2.0,31.8
0200E,2012-06-24,2012-06-24,2012-06-30,7,29.6,1.0,30.6
0200E,2012-08-09,2012-08-09,2012-08-11,3,30.7,0.3,31.0
0200E,2012-08-15,2012-08-15,2012-08-25,11,31.2,1.4,33.4
0200E,2013-06-15,2013-06-15,2013-06-17,3,26.6,0.3,26.9
0200E,2013-08-04,2013-08-04,2013-08-06,3,29.8,0.1,29.9
0200E,2014-06-07,2014-06-07,2014-06-14,8,28.5,1.7,31.4
0200E,2015-06-01,2015-06-01,2015-06-09,9,27.7,1.4,29.2
0200E,2015-06-26,2015-06-26,2015-07-07,12,31.5,1.7,34.7
0200E,2015-07-15,2015-07-15,2015-07-18,4,31.1,0.5,31.8
0200E,2016-06-06,2016-06-06,2016-06-08,3,25.8,0.4,26.1
0200E,2016-07-08,2016-07-08,2016-07-11,4,30.9,0.9,32.1
0200E,2016-08-23,2016-08-23,2016-08-29,7,28.9,0.8,30.1
0200E,2017-06-10,2017-06-10,2017-06-26,17,30.4,1.3,32.5
0200E,2017-07-31,2017-07-31,2017-08-05,6,32.2,1.3,33.9
0200E,2017-08-22,2017-08-22,2017-08-30,9,29.6,0.9,30.9
0200E,2018-06-20,2018-06-20,2018-06-22,3,28.6,0.2,28.8
0200E,2018-07-30,2018-07-30,2018-08-06,8,33.0,1.3,35.3
0200E,2018-08-20,2018-08-20,2018-08-23,4,29.7,0.1,29.8
0200E,2019-06-23,2019-06-23,2019-07-08,16,30.8,1.9,34.8
0200E,2019-07-22,2019-07-22,2019-07-26,5,32.1,0.9,33.3
0200E,2019-08-08,2019-08-08,2019-08-10,3,30.6,0.4,30.9
0200E,2019-08-23,2019-08-23,2019-08-26,4,29.7,0.5,30.2
0200E,2019-08-28,2019-08-28,2019-09-01,5,29.7,1.1,30.8
0200E,2020-07-30,2020-07-30,2020-08-01,3,32.2,0.2,32.4
0200E,2020-08-07,2020-08-07,2020-08-11,5,30.9,0.3,31.3
0200E,2020-08-19,2020-08-19,2020-08-21,3,30.1,0.5,30.6
0200E,2020-08-25,2020-08-25,2020-08-28,4,29.3,0.8,30.1
0200E,2021-06-08,2021-06-08,2021-06-19,12,28.7,2.0,31.8
0200E,2021-07-21,2021-07-21,2021-07-23,3,31.3,0.7,32.2
0200E,2021-08-11,2021-08-11,2021-08-15,5,33.2,2.1,36.3
B893,1981-06-12,1981-06-12,1981-06-16,5,24.4,0.5,24.9
B893,1982-06-08,1982-06-08,1982-06-11,4,23.8,0.3,24.1
B893,1982-07-05,1982-07-05,1982-07-09,5,26.8,0.5,27.3
B893,1982-07-11,1982-07-11,1982-07-15,5,27.8,0.3,28.2
B893,1982-07-19,1982-07-19,1982-07-21,3,28.3,0.4,28.6
B893,1983-07-19,1983-07-19,1983-07-31,13,28.8,0.6,30.5
B893,1988-08-17,1988-08-17,1988-08-20,4,28.0,0.2,28.2
B893,1989-06-24,1989-06-24,1989-06-26,3,25.3,0.3,25.4
B893,1989-08-19,1989-08-19,1989-08-24,6,28.2,0.2,28.6
B893,1990-06-27,1990-06-27,1990-06-30,4,25.7,0.4,26.1
B893,1991-08-25,1991-08-25,1991-09-01,8,28.0,0.3,28.2
B893,1992-07-31,1992-07-31,1992-08-05,6,28.1,0.4,28.8
B893,1992-08-23,1992-08-23,1992-08-31,9,27.9,0.3,28.2
B893,1994-07-01,1994-07-01,1994-07-05,5,26.6,0.4,27.4
B893,1994-07-13,1994-07-13,1994-07-18,6,27.7,0.3,28.2
B893,1994-07-28,1994-07-28,1994-07-30,3,28.1,0.0,28.2
B893,1994-08-06,1994-08-06,1994-08-17,12,28.7,0.6,29.6
B893,1994-08-20,1994-08-20,1994-08-23,4,28.6,0.7,29.6
B893,1994-08-28,1994-08-28,1994-09-01,5,27.8,0.4,28.4
B893,1995-08-09,1995-08-09,1995-08-11,3,27.9,0.5,28.4
B893,1996-06-12,1996-06-12,1996-06-14,3,24.1,0.3,24.5
B893,1996-06-19,1996-06-19,1996-06-21,3,25.3,0.7,26.0
B893,1997-06-08,1997-06-08,1997-06-10,3,23.7,0.5,24.3
B893,1997-06-12,1997-06-12,1997-06-16,5,24.3,0.3,24.7
B893,1998-06-01,1998-06-01,1998-06-05,5,23.1,1.1,24.6
B893,1998-06-30,1998-06-30,1998-07-03,4,26.0,0.3,26.5
B893,1999-08-06,1999-08-06,1999-08-09,4,28.2,0.5,28.7
B893,1999-08-24,1999-08-24,1999-08-28,5,28.7,0.6,29.8
B893,1999-08-31,1999-08-31,1999-09-03,4,27.1,0.2,27.4
B893,2000-08-24,2000-08-24,2000-08-26,3,29.0,0.6,29.5
B893,2001-08-26,2001-08-26,2001-08-29,4,28.0,0.5,28.4
B893,2002-06-16,2002-06-16,2002-06-27,12,25.5,0.6,26.4
B893,2003-07-07,2003-07-07,2003-07-16,10,27.8,0.7,28.7
B893,2003-07-18,2003-07-18,2003-07-23,6,28.5,0.7,29.7
B893,2003-07-25,2003-07-25,2003-07-27,3,28.8,0.3,29.0
B893,2003-08-02,2003-08-02,2003-08-31,30,29.5,0.9,31.2
B893,2004-06-26,2004-06-26,2004-06-28,3,25.6,0.5,26.3
B893,2004-08-08,2004-08-08,2004-08-12,5,28.2,0.4,28.5
B893,2004-08-17,2004-08-17,2004-08-19,3,28.1,0.2,28.3
B893,2005-06-18,2005-06-18,2005-06-30,13,26.2,0.9,27.7
B893,2006-06-27,2006-06-27,2006-07-05,9,26.4,0.7,27.5
B893,2006-07-12,2006-07-12,2006-08-01,21,28.6,0.7,29.8
B893,2007-06-18,2007-06-18,2007-06-20,3,24.8,0.1,24.9
B893,2008-06-21,2008-06-21,2008-06-24,4,25.1,0.3,25.4
B893,2008-06-30,2008-06-30,2008-07-03,4,25.9,0.3,26.4
B893,2008-08-05,2008-08-05,2008-08-07,3,28.3,0.4,28.7
B893,2009-06-04,2009-06-04,2009-06-06,3,23.2,0.2,23.4
B893,2009-06-13,2009-06-13,2009-06-19,7,25.4,0.6,26.4
B893,2009-06-29,2009-06-29,2009-07-06,8,26.5,0.4,27.0
B893,2009-08-18,2009-08-18,2009-08-26,9,28.3,0.3,28.8
B893,2011-06-15,2011-06-15,2011-06-17,3,24.4,0.4,24.9
B893,2011-08-20,2011-08-20,2011-08-22,3,28.1,0.3,28.4
B893,2011-08-30,2011-08-30,2011-09-02,4,27.2,0.3,27.5
B893,2012-06-05,2012-06-05,2012-06-07,3,23.9,1.0,25.0
B893,2012-06-18,2012-06-18,2012-06-21,4,25.0,0.4,25.5
B893,2012-06-24,2012-06-24,2012-06-30,7,26.3,1.0,27.6
B893,2012-08-09,2012-08-09,2012-08-11,3,28.0,0.5,28.6
B893,2012-08-18,2012-08-18,2012-08-25,8,28.8,0.4,29.3
B893,2012-08-28,2012-08-28,2012-08-30,3,27.8,0.3,28.1
B893,2013-06-15,2013-06-15,2013-06-17,3,24.6,0.4,24.9
B893,2013-07-25,2013-07-25,2013-07-28,4,28.8,0.5,29.4
B893,2013-08-02,2013-08-02,2013-08-07,6,28.5,0.4,29.1
B893,2014-06-07,2014-06-07,2014-06-14,8,24.8,0.8,25.7
B893,2014-08-08,2014-08-08,2014-08-10,3,27.7,0.1,27.9
B893,2015-06-03,2015-06-03,2015-06-11,9,24.1,0.8,25.1
B893,2015-06-27,2015-06-27,2015-07-08,12,27.3,0.8,28.8
B893,2015-07-18,2015-07-18,2015-07-24,7,28.5,0.4,28.8
B893,2015-08-04,2015-08-04,2015-08-08,5,28.3,0.6,29.1
B893,2015-08-29,2015-08-29,2015-09-01,4,27.3,0.6,27.8
B893,2016-06-07,2016-06-07,2016-06-10,4,24.3,0.7,24.9
B893,2017-06-11,2017-06-11,2017-06-28,18,26.0,0.9,27.8
B893,2017-07-05,2017-07-05,2017-07-09,5,26.8,0.3,27.2
B893,2017-07-30,2017-07-30,2017-08-05,7,28.7,0.4,29.4
B893,2017-08-26,2017-08-26,2017-08-30,5,27.8,0.3,28.2
B893,2018-07-01,2018-07-01,2018-07-03,3,26.2,0.4,26.6
B893,2018-07-08,2018-07-08,2018-07-11,4,27.4,0.2,27.5
B893,2018-07-14,2018-07-14,2018-07-16,3,27.7,0.4,28.1
B893,2018-07-31,2018-07-31,2018-08-13,14,28.8,0.8,30.4
B893,2019-06-24,2019-06-24,2019-07-09,16,27.1,0.9,28.5
B893,2019-07-22,2019-07-22,2019-07-26,5,28.4,0.2,28.8
B893,2019-08-03,2019-08-03,2019-08-11,9,28.2,0.3,28.7
B893,2019-08-30,2019-08-30,2019-09-01,3,26.9,0.1,27.0
B893,2020-06-24,2020-06-24,2020-06-27,4,25.3,0.2,25.5
B893,2020-06-29,2020-06-29,2020-07-02,4,26.5,0.3,26.9
B893,2020-07-28,2020-07-28,2020-08-02,6,28.6,0.7,29.4
B893,2020-08-08,2020-08-08,2020-08-13,6,28.1,0.4,28.7
B893,2020-08-15,2020-08-15,2020-08-22,8,28.2,0.3,28.8
B893,2020-08-25,2020-08-25,2020-08-28,4,28.1,0.2,28.3
B893,2021-06-10,2021-06-10,2021-06-22,13,25.4,0.8,26.5
B893,2021-07-01,2021-07-01,2021-07-07,7,26.5,0.5,27.3
B893,2021-07-21,2021-07-21,2021-07-24,4,28.5,0.6,29.3
B893,2021-08-12,2021-08-12,2021-08-15,4,28.9,0.4,29.3
B228,1981-06-12,1981-06-12,1981-06-16,5,29.4,0.5,30.1
B228,1981-08-04,1981-08-04,1981-08-06,3,32.2,0.5,32.8
B228,1982-07-05,1982-07-05,1982-07-12,8,33.7,1.7,36.4
B228,1983-06-04,1983-06-04,1983-06-07,4,28.8,0.7,29.7
B228,1983-06-09,1983-06-09,1983-06-12,4,29.1,0.5,29.9
B228,1983-07-18,1983-07-18,1983-07-26,9,33.9,1.3,36.6
B228,1983-07-28,1983-07-28,1983-07-31,4,34.6,1.6,36.6
B228,1984-07-09,1984-07-09,1984-07-11,3,32.8,0.7,33.6
B228,1986-06-25,1986-06-25,1986-06-28,4,31.1,0.8,31.9
B228,1987-08-12,1987-08-12,1987-08-16,5,34.2,1.3,35.5
B228,1987-08-30,1987-08-30,1987-09-01,3,29.9,0.6,30.6
B228,1989-08-21,1989-08-21,1989-08-23,3,31.6,0.2,31.8
B228,1991-08-26,1991-08-26,1991-08-31,6,31.0,0.7,31.6
B228,1992-08-23,1992-08-23,1992-08-26,4,31.9,0.6,32.7
B228,1993-08-04,1993-08-04,1993-08-07,4,33.0,0.1,33.1
B228,1993-08-18,1993-08-18,1993-08-21,4,31.8,0.3,32.2
B228,1994-06-30,1994-06-30,1994-07-06,7,32.9,1.7,35.4
B228,1994-07-15,1994-07-15,1994-07-17,3,33.2,0.7,33.7
B228,1994-08-20,1994-08-20,1994-08-23,4,33.5,1.1,34.6
B228,1994-08-28,1994-08-28,1994-08-30,3,31.1,0.5,31.7
B228,1998-06-02,1998-06-02,1998-06-05,4,27.7,0.7,28.2
B228,1998-08-09,1998-08-09,1998-08-13,5,32.8,0.6,33.2
B228,1998-08-31,1998-08-31,1998-09-03,4,30.8,1.6,33.1
B228,2000-07-01,2000-07-01,2000-07-03,3,31.8,1.1,33.0
B228,2001-06-22,2001-06-22,2001-06-26,5,32.0,2.0,34.1
B228,2001-07-30,2001-07-30,2001-08-01,3,33.2,0.9,33.8
B228,2001-08-24,2001-08-24,2001-08-30,7,31.3,1.1,32.4
B228,2002-06-16,2002-06-16,2002-06-23,8,30.5,0.9,31.3
B228,2003-06-10,2003-06-10,2003-06-18,9,30.9,1.4,32.7
B228,2003-06-20,2003-06-20,2003-06-28,9,32.0,1.7,34.6
B228,2003-07-08,2003-07-08,2003-07-13,6,32.1,0.5,32.8
B228,2003-07-20,2003-07-20,2003-07-22,3,33.9,1.1,35.2
B228,2003-08-02,2003-08-02,2003-08-28,27,33.1,1.2,35.3
B228,2004-06-26,2004-06-26,2004-06-28,3,30.9,0.7,31.3
B228,2005-06-18,2005-06-18,2005-06-28,11,30.7,1.2,33.5
B228,2005-07-15,2005-07-15,2005-07-17,3,33.0,0.4,33.5
B228,2006-06-19,2006-06-19,2006-06-25,7,30.4,0.9,31.8
B228,2006-07-13,2006-07-13,2006-07-15,3,32.2,0.2,32.4
B228,2006-07-19,2006-07-19,2006-07-21,3,32.2,0.0,32.2
B228,2007-08-26,2007-08-26,2007-08-29,4,32.0,0.7,32.9
B228,2009-06-13,2009-06-13,2009-06-19,7,30.7,1.1,32.4
B228,2009-06-30,2009-06-30,2009-07-03,4,31.2,0.4,31.6
B228,2009-07-22,2009-07-22,2009-07-24,3,33.8,0.4,34.3
B228,2009-08-14,2009-08-14,2009-08-24,11,32.2,0.6,33.3
B228,2011-08-17,2011-08-17,2011-08-22,6,32.8,0.8,33.5
B228,2011-08-30,2011-08-30,2011-09-02,4,30.4,0.9,31.4
B228,2012-06-18,2012-06-18,2012-06-30,13,30.8,1.3,33.6
B228,2012-08-08,2012-08-08,2012-08-12,5,32.7,0.7,33.2
B228,2012-08-16,2012-08-16,2012-08-23,8,33.6,0.9,34.6
B228,2012-08-28,2012-08-28,2012-08-30,3,30.9,1.1,32.0
B228,2013-06-15,2013-06-15,2013-06-17,3,30.2,1.3,31.7
B228,2013-07-25,2013-07-25,2013-07-28,4,33.3,0.5,33.8
B228,2013-08-02,2013-08-02,2013-08-06,5,32.6,0.5,33.1
B228,2014-06-06,2014-06-06,2014-06-14,9,29.6,0.8,30.3
B228,2014-08-29,2014-08-29,2014-08-31,3,29.9,0.3,30.3
B228,2015-06-02,2015-06-02,2015-06-11,10,28.2,0.9,29.0
B228,2015-06-27,2015-06-27,2015-07-08,12,32.4,1.1,33.9
B228,2015-08-06,2015-08-06,2015-08-08,3,33.3,0.8,34.2
B228,2015-08-28,2015-08-28,2015-08-31,4,31.2,0.1,31.3
B228,2016-07-09,2016-07-09,2016-07-11,3,32.0,0.7,32.8
B228,2016-08-31,2016-08-31,2016-09-08,9,30.4,1.0,32.5
B228,2017-06-13,2017-06-13,2017-06-27,15,30.5,0.6,31.4
B228,2017-07-28,2017-07-28,2017-08-05,9,34.1,1.1,36.6
B228,2017-08-16,2017-08-16,2017-08-18,3,31.7,0.1,31.8
B228,2017-08-24,2017-08-24,2017-08-30,7,32.0,0.7,32.7
B228,2018-07-31,2018-07-31,2018-08-06,7,32.9,0.8,34.0
B228,2019-06-23,2019-06-23,2019-07-08,16,32.3,1.6,34.9
B228,2019-07-20,2019-07-20,2019-07-25,6,33.0,0.6,33.5
B228,2019-08-03,2019-08-03,2019-08-05,3,32.2,0.5,32.7
B228,2019-08-09,2019-08-09,2019-08-11,3,32.3,0.8,33.2
B228,2019-08-17,2019-08-17,2019-08-19,3,32.3,0.9,33.2
B228,2019-08-30,2019-08-30,2019-09-01,3,29.9,0.3,30.3
B228,2020-06-24,2020-06-24,2020-06-26,3,30.0,0.4,30.5
B228,2020-07-27,2020-07-27,2020-08-01,6,34.3,0.7,35.4
B228,2020-08-09,2020-08-09,2020-08-13,5,32.6,0.2,32.9
B228,2020-08-19,2020-08-19,2020-08-22,4,32.4,0.6,33.2
B228,2020-08-26,2020-08-26,2020-08-28,3,31.7,0.3,31.9
B228,2021-06-12,2021-06-12,2021-06-19,8,30.2,1.2,32.4
B228,2021-07-21,2021-07-21,2021-07-24,4,33.5,0.8,34.2
B228,2021-08-10,2021-08-10,2021-08-15,6,34.7,1.0,35.6
B278,1981-06-12,1981-06-12,1981-06-16,5,29.4,0.5,30.1
B278,1981-08-04,1981-08-04,1981-08-06,3,32.2,0.5,32.8
B278,1982-07-05,1982-07-05,1982-07-12,8,33.7,1.7,36.4
B278,1983-06-04,1983-06-04,1983-06-07,4,28.8,0.7,29.7
B278,1983-06-09,1983-06-09,1983-06-12,4,29.1,0.5,29.9
B278,1983-07-18,1983-07-18,1983-07-26,9,33.9,1.3,36.6
B278,1983-07-28,1983-07-28,1983-07-31,4,34.6,1.6,36.6
B278,1984-07-09,1984-07-09,1984-07-11,3,32.8,0.7,33.6
B278,1986-06-25,1986-06-25,1986-06-28,4,31.1,0.8,31.9
B278,1987-08-12,1987-08-12,1987-08-16,5,34.2,1.3,35.5
B278,1987-08-30,1987-08-30,1987-09-01,3,29.9,0.6,30.6
B278,1989-08-21,1989-08-21,1989-08-23,3,31.6,0.2,31.8
B278,1991-08-26,1991-08-26,1991-08-31,6,31.0,0.7,31.6
B278,1992-08-23,1992-08-23,1992-08-26,4,31.9,0.6,32.7
B278,1993-08-04,1993-08-04,1993-08-07,4,33.0,0.1,33.1
B278,1993-08-18,1993-08-18,1993-08-21,4,31.8,0.3,32.2
B278,1994-06-30,1994-06-30,1994-07-06,7,32.9,1.7,35.4
B278,1994-07-15,1994-07-15,1994-07-17,3,33.2,0.7,33.7
B278,1994-08-20,1994-08-20,1994-08-23,4,33.5,1.1,34.6
B278,1994-08-28,1994-08-28,1994-08-30,3,31.1,0.5,31.7
B278,1998-06-02,1998-06-02,1998-06-05,4,27.7,0.7,28.2
B278,1998-08-09,1998-08-09,1998-08-13,5,32.8,0.6,33.2
B278,1998-08-31,1998-08-31,1998-09-03,4,30.8,1.6,33.1
B278,2000-07-01,2000-07-01,2000-07-03,3,31.8,1.1,33.0
B278,2001-06-22,2001-06-22,2001-06-26,5,32.0,2.0,34.1
B278,2001-07-30,2001-07-30,2001-08-01,3,33.2,0.9,33.8
B278,2001-08-24,2001-08-24,2001-08-30,7,31.3,1.1,32.4
B278,2002-06-16,2002-06-16,2002-06-23,8,30.5,0.9,31.3
B278,2003-06-10,2003-06-10,2003-06-18,9,30.9,1.4,32.7
B278,2003-06-20,2003-06-20,2003-06-28,9,32.0,1.7,34.6
B278,2003-07-08,2003-07-08,2003-07-13,6,32.1,0.5,32.8
B278,2003-07-20,2003-07-20,2003-07-22,3,33.9,1.1,35.2
B278,2003-08-02,2003-08-02,2003-08-28,27,33.1,1.2,35.3
B278,2004-06-26,2004-06-26,2004-06-28,3,30.9,0.7,31.3
B278,2005-06-18,2005-06-18,2005-06-28,11,30.7,1.2,33.5
B278,2005-07-15,2005-07-15,2005-07-17,3,33.0,0.4,33.5
B278,2006-06-19,2006-06-19,2006-06-25,7,30.4,0.9,31.8
B278,2006-07-13,2006-07-13,2006-07-15,3,32.2,0.2,32.4
B278,2006-07-19,2006-07-19,2006-07-21,3,32.2,0.0,32.2
B278,2007-08-26,2007-08-26,2007-08-29,4,32.0,0.7,32.9
B278,2009-06-13,2009-06-13,2009-06-19,7,30.7,1.1,32.4
B278,2009-06-30,2009-06-30,2009-07-03,4,31.2,0.4,31.6
B278,2009-07-22,2009-07-22,2009-07-24,3,33.8,0.4,34.3
B278,2009-08-14,2009-08-14,2009-08-24,11,32.2,0.6,33.3
B278,2011-08-17,2011-08-17,2011-08-22,6,32.8,0.8,33.5
B278,2011-08-30,2011-08-30,2011-09-02,4,30.4,0.9,31.4
B278,2012-06-18,2012-06-18,2012-06-30,13,30.8,1.3,33.6
B278,2012-08-08,2012-08-08,2012-08-12,5,32.7,0.7,33.2
B278,2012-08-16,2012-08-16,2012-08-23,8,33.6,0.9,34.6
B278,2012-08-28,2012-08-28,2012-08-30,3,30.9,1.1,32.0
B278,2013-06-15,2013-06-15,2013-06-17,3,30.2,1.3,31.7
B278,2013-07-25,2013-07-25,2013-07-28,4,33.3,0.5,33.8
B278,2013-08-02,2013-08-02,2013-08-06,5,32.6,0.5,33.1
B278,2014-06-06,2014-06-06,2014-06-14,9,29.6,0.8,30.3
B278,2014-08-29,2014-08-29,2014-08-31,3,29.9,0.3,30.3
B278,2015-06-02,2015-06-02,2015-06-11,10,28.2,0.9,29.0
B278,2015-06-27,2015-06-27,2015-07-08,12,32.4,1.1,33.9
B278,2015-08-06,2015-08-06,2015-08-08,3,33.3,0.8,34.2
B278,2015-08-28,2015-08-28,2015-08-31,4,31.2,0.1,31.3
B278,2016-07-09,2016-07-09,2016-07-11,3,32.0,0.7,32.8
B278,2016-08-31,2016-08-31,2016-09-08,9,30.4,1.0,32.5
B278,2017-06-13,2017-06-13,2017-06-27,15,30.5,0.6,31.4
B278,2017-07-28,2017-07-28,2017-08-05,9,34.1,1.1,36.6
B278,2017-08-16,2017-08-16,2017-08-18,3,31.7,0.1,31.8
B278,2017-08-24,2017-08-24,2017-08-30,7,32.0,0.7,32.7
B278,2018-07-31,2018-07-31,2018-08-06,7,32.9,0.8,34.0
B278,2019-06-23,2019-06-23,2019-07-08,16,32.3,1.6,34.9
B278,2019-07-20,2019-07-20,2019-07-25,6,33.0,0.6,33.5
B278,2019-08-03,2019-08-03,2019-08-05,3,32.2,0.5,32.7
B278,2019-08-09,2019-08-09,2019-08-11,3,32.3,0.8,33.2
B278,2019-08-17,2019-08-17,2019-08-19,3,32.3,0.9,33.2
B278,2019-08-30,2019-08-30,2019-09-01,3,29.9,0.3,30.3
B278,2020-06-24,2020-06-24,2020-06-26,3,30.0,0.4,30.5
B278,2020-07-27,2020-07-27,2020-08-01,6,34.3,0.7,35.4
B278,2020-08-09,2020-08-09,2020-08-13,5,32.6,0.2,32.9
B278,2020-08-19,2020-08-19,2020-08-22,4,32.4,0.6,33.2
B278,2020-08-26,2020-08-26,2020-08-28,3,31.7,0.3,31.9
B278,2021-06-12,2021-06-12,2021-06-19,8,30.2,1.2,32.4
B278,2021-07-21,2021-07-21,2021-07-24,4,33.5,0.8,34.2
B278,2021-08-10,2021-08-10,2021-08-15,6,34.7,1.0,35.6
B954,1981-06-15,1981-06-15,1981-06-17,3,30.2,0.3,30.6
B954,1982-07-05,1982-07-05,1982-07-12,8,33.8,1.2,35.9
B954,1983-06-10,1983-06-10,1983-06-12,3,30.3,0.8,31.3
B954,1983-07-19,1983-07-19,1983-07-22,4,34.2,1.1,35.4
B954,1983-07-29,1983-07-29,1983-07-31,3,34.6,1.1,35.5
B954,1986-06-26,1986-06-26,1986-06-28,3,30.8,0.5,31.4
B954,1986-08-16,1986-08-16,1986-08-18,3,32.8,0.3,33.2
B954,1987-08-12,1987-08-12,1987-08-17,6,33.4,0.6,34.1
B954,1991-08-05,1991-08-05,1991-08-07,3,33.3,0.6,33.8
B954,1991-08-24,1991-08-24,1991-08-31,8,33.2,0.7,34.2
B954,1992-08-02,1992-08-02,1992-08-04,3,33.8,0.6,34.2
B954,1992-08-23,1992-08-23,1992-08-26,4,33.0,0.2,33.1
B954,1993-08-04,1993-08-04,1993-08-07,4,33.9,0.8,34.7
B954,1994-06-30,1994-06-30,1994-07-06,7,34.5,1.9,37.6
B954,1994-07-14,1994-07-14,1994-07-17,4,33.2,0.4,33.8
B954,1994-08-06,1994-08-06,1994-08-09,4,33.3,0.6,33.8
B954,1994-08-20,1994-08-20,1994-08-23,4,34.3,0.7,34.9
B954,1994-08-28,1994-08-28,1994-09-01,5,31.9,0.7,33.1
B954,1998-08-09,1998-08-09,1998-08-13,5,33.4,0.3,33.6
B954,1999-07-02,1999-07-02,1999-07-04,3,32.2,0.4,32.5
B954,1999-08-07,1999-08-07,1999-08-09,3,32.7,0.2,32.8
B954,1999-08-23,1999-08-23,1999-08-25,3,34.1,1.8,36.0
B954,1999-08-27,1999-08-27,1999-08-29,3,32.0,0.8,32.6
B954,2000-07-01,2000-07-01,2000-07-03,3,33.0,0.7,33.8
B954,2000-08-17,2000-08-17,2000-08-21,5,33.3,1.1,35.0
B954,2000-08-24,2000-08-24,2000-08-26,3,33.4,1.8,35.4
B954,2001-06-22,2001-06-22,2001-06-26,5,33.0,1.1,34.5
B954,2001-07-30,2001-07-30,2001-08-02,4,33.7,0.6,34.6
B954,2001-08-24,2001-08-24,2001-08-30,7,32.5,0.8,33.4
B954,2002-06-17,2002-06-17,2002-06-24,8,30.9,0.5,31.4
B954,2003-06-10,2003-06-10,2003-06-18,9,31.3,1.2,32.7
B954,2003-06-20,2003-06-20,2003-06-27,8,32.4,0.9,33.6
B954,2003-06-29,2003-06-29,2003-07-01,3,31.8,0.9,32.7
B954,2003-07-08,2003-07-08,2003-07-12,5,32.9,0.5,33.5
B954,2003-07-19,2003-07-19,2003-07-22,4,34.2,0.8,34.8
B954,2003-08-05,2003-08-05,2003-08-23,19,33.9,0.5,34.8
B954,2004-06-26,2004-06-26,2004-06-30,5,31.7,0.7,32.6
B954,2005-06-20,2005-06-20,2005-06-24,5,31.5,0.4,31.8
B954,2005-06-26,2005-06-26,2005-06-29,4,31.6,0.6,32.5
B954,2006-06-22,2006-06-22,2006-06-25,4,30.7,0.2,31.0
B954,2006-07-30,2006-07-30,2006-08-01,3,33.7,0.6,34.4
B954,2007-08-26,2007-08-26,2007-08-29,4,33.0,0.7,34.1
B954,2008-08-05,2008-08-05,2008-08-07,3,33.4,0.5,33.9
B954,2009-06-13,2009-06-13,2009-06-15,3,31.4,1.0,32.4
B954,2009-06-17,2009-06-17,2009-06-19,3,31.3,0.9,32.1
B954,2009-06-29,2009-06-29,2009-07-05,7,32.0,0.7,32.6
B954,2009-07-22,2009-07-22,2009-07-24,3,35.7,0.5,36.3
B954,2009-08-17,2009-08-17,2009-08-24,8,33.0,0.3,33.5
B954,2010-08-09,2010-08-09,2010-08-11,3,32.7,0.4,33.1
B954,2011-08-19,2011-08-19,2011-08-22,4,33.3,0.5,33.9
B954,2012-06-23,2012-06-23,2012-06-30,8,32.5,1.7,35.3
B954,2012-08-09,2012-08-09,2012-08-12,4,33.9,0.4,34.3
B954,2012-08-15,2012-08-15,2012-08-25,11,33.8,0.9,34.9
B954,2012-08-28,2012-08-28,2012-08-30,3,32.0,0.9,32.7
B954,2013-06-15,2013-06-15,2013-06-17,3,30.5,0.6,31.2
B954,2013-08-05,2013-08-05,2013-08-07,3,33.4,0.6,33.9
B954,2014-06-06,2014-06-06,2014-06-09,4,29.8,0.4,30.1
B954,2014-06-11,2014-06-11,2014-06-14,4,30.3,0.5,30.6
B954,2014-08-08,2014-08-08,2014-08-10,3,32.6,0.3,32.9
B954,2015-06-03,2015-06-03,2015-06-09,7,29.0,0.6,29.6
B954,2015-06-27,2015-06-27,2015-07-08,12,33.4,1.1,35.1
B954,2015-08-05,2015-08-05,2015-08-08,4,33.9,0.8,35.0
B954,2017-06-11,2017-06-11,2017-06-26,16,31.2,0.8,32.2
B954,2017-07-28,2017-07-28,2017-08-07,11,34.0,0.8,35.0
B954,2018-08-01,2018-08-01,2018-08-09,9,33.5,1.0,35.1
B954,2019-06-26,2019-06-26,2019-07-04,9,32.9,1.1,34.8
B954,2019-07-06,2019-07-06,2019-07-08,3,34.1,1.3,35.6
B954,2019-07-22,2019-07-22,2019-07-25,4,34.1,0.7,34.9
B954,2019-08-06,2019-08-06,2019-08-11,6,34.0,0.8,34.8
B954,2020-06-24,2020-06-24,2020-06-26,3,30.9,0.6,31.3
B954,2020-06-29,2020-06-29,2020-07-02,4,31.7,0.6,32.1
B954,2020-07-26,2020-07-26,2020-08-01,7,34.3,0.7,35.1
B954,2020-08-07,2020-08-07,2020-08-10,4,33.1,0.6,33.7
B954,2020-08-17,2020-08-17,2020-08-22,6,33.0,0.3,33.5
B954,2020-08-26,2020-08-26,2020-08-28,3,32.7,0.9,33.3
B954,2021-06-11,2021-06-11,2021-06-16,6,30.6,1.2,32.2
B954,2021-07-04,2021-07-04,2021-07-06,3,33.0,1.4,34.5
B954,2021-07-21,2021-07-21,2021-07-24,4,34.4,0.4,34.8
B954,2021-08-10,2021-08-10,2021-08-15,6,35.3,1.7,37.3
