dates,station,A,NE,E,SE,S,SW,W,NW,N,C
1981-01-31,77470,4,9,3,0,0,0,0,6,7,2
1981-02-28,77470,5,6,5,0,1,1,1,3,4,2
1981-03-31,77470,12,0,0,0,0,5,4,3,4,3
1981-04-30,77470,4,6,4,0,2,0,1,1,2,10
1981-05-31,77470,7,0,0,0,6,2,6,3,3,4
1981-06-30,77470,10,12,0,0,0,0,0,1,2,5
1981-07-31,77470,4,2,0,0,0,1,0,1,13,10
1981-08-31,77470,2,10,1,0,0,0,0,0,4,14
1981-09-30,77470,8,4,0,0,0,4,1,0,4,9
1981-10-31,77470,8,0,0,0,1,4,5,5,7,1
1981-11-30,77470,14,6,4,0,0,0,0,1,5,0
1981-12-31,77470,1,2,0,0,0,6,8,6,5,3
1982-01-31,77470,4,3,2,3,2,1,2,4,8,2
1982-02-28,77470,10,4,2,1,1,1,0,0,2,7
1982-03-31,77470,5,5,2,1,0,2,2,3,6,5
1982-04-30,77470,3,16,3,0,2,0,0,2,0,4
1982-05-31,77470,10,4,1,1,2,1,0,1,3,8
1982-06-30,77470,5,2,0,0,0,0,0,3,4,16
1982-07-31,77470,2,6,1,0,0,1,0,0,4,17
1982-08-31,77470,10,4,0,0,0,0,0,0,8,9
1982-09-30,77470,7,6,0,0,0,5,2,1,2,7
1982-10-31,77470,4,1,5,1,0,2,3,9,2,4
1982-11-30,77470,11,3,0,0,2,3,1,3,3,4
1982-12-31,77470,3,7,1,0,0,0,9,4,4,3
1983-01-31,77470,17,2,0,0,0,0,1,5,6,0
1983-02-28,77470,4,3,2,2,2,1,2,3,3,6
1983-03-31,77470,11,5,0,1,0,2,2,2,5,3
1983-04-30,77470,3,1,0,0,2,10,5,4,2,3
1983-05-31,77470,4,0,0,0,1,4,5,3,5,9
1983-06-30,77470,5,7,0,0,0,0,0,0,4,14
1983-07-31,77470,2,4,0,1,0,0,1,0,0,23
1983-08-31,77470,1,5,2,0,0,0,0,0,7,16
1983-09-30,77470,11,3,0,0,1,2,2,2,4,5
1983-10-31,77470,11,5,5,0,0,2,2,0,4,2
1983-11-30,77470,3,3,2,4,3,0,1,1,2,11
1983-12-31,77470,6,6,4,0,0,5,3,2,4,1
1984-01-31,77470,7,2,0,0,0,1,8,7,4,2
1984-02-29,77470,2,7,4,0,0,1,3,3,5,4
1984-03-31,77470,0,7,2,2,0,3,4,1,4,8
1984-04-30,77470,6,7,3,0,0,0,0,1,4,9
1984-05-31,77470,0,3,2,0,0,3,6,3,4,10
1984-06-30,77470,4,3,2,1,0,2,2,1,5,10
1984-07-31,77470,2,8,0,0,2,1,0,0,5,13
1984-08-31,77470,4,5,0,0,0,1,0,1,6,14
1984-09-30,77470,6,2,0,0,0,2,1,5,9,5
1984-10-31,77470,12,6,1,0,0,5,3,1,1,2
1984-11-30,77470,2,1,1,2,5,4,7,2,1,5
1984-12-31,77470,8,6,0,1,0,2,2,2,4,6
1985-01-31,77470,3,9,2,0,0,3,4,3,5,2
1985-02-28,77470,6,1,5,1,2,2,3,1,2,5
1985-03-31,77470,3,9,0,0,0,3,4,4,5,3
1985-04-30,77470,4,5,2,0,0,4,1,4,4,6
1985-05-31,77470,4,1,0,0,0,3,0,6,2,15
1985-06-30,77470,7,5,0,0,0,1,1,3,3,10
1985-07-31,77470,8,5,1,0,0,2,1,0,2,12
1985-08-31,77470,14,2,1,0,0,0,0,1,6,7
1985-09-30,77470,16,7,1,0,0,0,0,0,1,5
1985-10-31,77470,9,5,6,2,0,5,0,0,2,2
1985-11-30,77470,1,9,3,0,0,1,4,4,4,4
1985-12-31,77470,8,8,0,0,0,4,5,1,2,3
1986-01-31,77470,2,0,0,0,0,1,9,5,9,5
1986-02-28,77470,0,5,1,3,1,1,1,0,3,13
1986-03-31,77470,8,5,0,0,0,0,4,4,4,6
1986-04-30,77470,1,4,2,1,0,6,2,3,6,5
1986-05-31,77470,13,5,0,0,1,3,1,0,1,7
1986-06-30,77470,5,4,0,0,1,0,0,0,6,14
1986-07-31,77470,6,12,0,0,0,0,1,1,3,8
1986-08-31,77470,3,3,0,0,0,1,1,0,7,16
1986-09-30,77470,4,10,4,0,0,3,0,0,1,8
1986-10-31,77470,8,6,2,2,1,0,2,3,2,5
1986-11-30,77470,11,5,2,0,2,2,3,2,2,1
1986-12-31,77470,8,3,0,0,0,2,2,9,7,0
1987-01-31,77470,1,9,5,1,0,1,0,3,2,9
1987-02-28,77470,4,5,0,1,1,2,1,0,9,5
1987-03-31,77470,6,2,3,4,1,4,0,4,6,1
1987-04-30,77470,10,2,0,1,4,6,0,1,3,3
1987-05-31,77470,0,7,0,1,1,0,0,1,9,12
1987-06-30,77470,11,1,0,0,0,1,2,2,6,7
1987-07-31,77470,2,7,0,0,0,0,2,2,5,13
1987-08-31,77470,1,4,2,0,0,0,0,2,5,17
1987-09-30,77470,14,2,2,0,0,0,0,1,1,10
1987-10-31,77470,4,0,1,1,7,7,4,2,0,5
1987-11-30,77470,4,4,4,0,0,0,2,2,8,6
1987-12-31,77470,10,3,3,2,2,0,2,0,1,8
1988-01-31,77470,5,0,0,3,3,4,7,6,2,1
1988-02-29,77470,5,5,2,1,0,0,6,3,7,0
1988-03-31,77470,3,6,0,0,0,1,2,6,9,4
1988-04-30,77470,6,1,1,1,1,1,3,0,3,13
1988-05-31,77470,5,2,1,0,0,3,1,0,3,16
1988-06-30,77470,3,4,1,0,2,0,1,0,4,15
1988-07-31,77470,13,4,0,0,0,1,3,0,5,5
1988-08-31,77470,9,4,0,0,0,0,0,0,7,11
1988-09-30,77470,13,7,0,0,0,0,1,1,2,6
1988-10-31,77470,8,0,3,2,3,5,1,4,0,5
1988-11-30,77470,7,7,4,4,4,0,1,2,1,0
1988-12-31,77470,9,14,0,0,0,0,0,4,3,1
1989-01-31,77470,18,4,3,1,0,1,2,0,2,0
1989-02-28,77470,16,0,0,0,1,1,5,1,2,2
1989-03-31,77470,12,3,0,0,3,1,3,2,5,2
1989-04-30,77470,0,2,0,1,3,1,6,3,4,10
1989-05-31,77470,5,4,1,2,0,1,0,0,3,15
1989-06-30,77470,3,1,0,0,0,0,0,0,5,21
1989-07-31,77470,0,8,0,0,0,0,0,1,6,16
1989-08-31,77470,5,8,0,0,0,0,0,0,7,11
1989-09-30,77470,6,10,3,0,1,1,0,0,0,9
1989-10-31,77470,16,7,0,0,0,3,1,0,3,1
1989-11-30,77470,3,1,2,6,7,1,2,2,1,5
1989-12-31,77470,3,0,7,7,0,7,5,0,0,2
1990-01-31,77470,16,3,1,0,1,3,5,0,1,1
1990-02-28,77470,11,1,0,0,0,4,5,7,0,0
1990-03-31,77470,15,7,2,1,0,1,0,0,5,0
1990-04-30,77470,2,2,3,1,0,0,1,2,9,10
1990-05-31,77470,9,6,1,0,0,0,0,0,2,13
1990-06-30,77470,8,1,0,0,0,1,1,1,3,15
1990-07-31,77470,5,6,0,0,0,0,0,1,4,15
1990-08-31,77470,3,6,0,0,0,0,0,0,7,15
1990-09-30,77470,4,5,2,1,0,2,0,3,6,7
1990-10-31,77470,2,5,1,1,3,6,7,0,1,5
1990-11-30,77470,3,5,1,1,2,1,2,3,6,6
1990-12-31,77470,6,10,3,0,0,1,4,1,3,3
1991-01-31,77470,9,7,5,0,1,0,7,2,0,0
1991-02-28,77470,5,4,1,3,1,0,2,3,2,7
1991-03-31,77470,6,3,2,1,5,2,2,3,1,6
1991-04-30,77470,5,4,4,0,0,0,2,2,6,7
1991-05-31,77470,3,11,1,0,0,0,0,1,8,7
1991-06-30,77470,14,1,0,0,0,0,3,0,8,4
1991-07-31,77470,4,4,1,0,0,0,0,2,9,11
1991-08-31,77470,2,9,0,1,0,0,0,0,3,16
1991-09-30,77470,9,1,0,0,0,2,0,2,2,14
1991-10-31,77470,4,5,4,0,2,4,3,2,1,6
1991-11-30,77470,8,4,0,2,0,1,6,1,5,3
1991-12-31,77470,8,5,6,6,0,0,0,4,2,0
1992-01-31,77470,7,10,10,1,0,2,0,0,0,1
1992-02-29,77470,13,2,4,0,0,3,0,2,5,0
1992-03-31,77470,10,5,2,0,0,1,2,3,7,1
1992-04-30,77470,4,6,0,0,1,1,4,1,7,6
1992-05-31,77470,7,6,0,0,2,1,0,1,2,12
1992-06-30,77470,0,3,2,0,0,1,0,2,6,16
1992-07-31,77470,5,4,0,0,0,0,1,2,6,13
1992-08-31,77470,17,2,0,0,1,0,2,2,1,6
1992-09-30,77470,11,2,0,0,2,2,2,0,4,7
1992-10-31,77470,1,2,1,0,1,0,3,6,2,15
1992-11-30,77470,5,2,1,0,0,2,7,7,6,0
1992-12-31,77470,5,6,8,0,1,3,4,1,2,1
1993-01-31,77470,16,3,1,2,0,1,3,0,3,2
1993-02-28,77470,7,10,5,2,0,0,0,0,2,2
1993-03-31,77470,12,8,1,1,2,1,0,0,1,5
1993-04-30,77470,5,1,0,0,1,4,5,3,3,8
1993-05-31,77470,6,2,2,1,4,1,1,2,1,11
1993-06-30,77470,3,2,0,0,0,0,1,3,6,15
1993-07-31,77470,9,7,1,0,0,0,0,0,7,7
1993-08-31,77470,6,6,1,0,0,0,0,0,5,13
1993-09-30,77470,2,1,1,0,0,4,4,1,4,13
1993-10-31,77470,1,5,6,3,0,8,5,1,1,1
1993-11-30,77470,7,6,4,2,1,1,1,0,1,7
1993-12-31,77470,7,1,0,0,0,0,6,11,4,2
1994-01-31,77470,8,5,0,0,0,1,7,3,4,3
1994-02-28,77470,2,1,1,1,3,4,5,0,7,4
1994-03-31,77470,17,3,0,0,0,1,2,1,4,3
1994-04-30,77470,5,5,1,0,0,2,0,7,7,3
1994-05-31,77470,3,0,2,0,3,4,2,2,2,13
1994-06-30,77470,6,6,0,0,0,0,1,1,4,12
1994-07-31,77470,2,2,0,0,0,0,0,0,5,22
1994-08-31,77470,4,4,0,0,0,0,1,1,5,16
1994-09-30,77470,4,2,2,0,0,2,2,2,2,14
1994-10-31,77470,8,2,3,3,0,1,3,4,0,7
1994-11-30,77470,10,3,1,2,2,3,2,2,3,2
1994-12-31,77470,8,6,0,0,2,2,8,0,5,0
1995-01-31,77470,3,7,1,0,0,2,10,2,6,0
1995-02-28,77470,11,2,0,0,0,1,4,6,3,1
1995-03-31,77470,6,5,1,1,1,0,4,4,9,0
1995-04-30,77470,5,6,5,0,0,2,1,2,4,5
1995-05-31,77470,8,7,0,0,1,1,1,1,2,10
1995-06-30,77470,6,8,3,0,0,0,0,0,3,10
1995-07-31,77470,6,4,0,0,1,0,0,1,4,15
1995-08-31,77470,1,9,0,0,0,0,0,0,6,15
1995-09-30,77470,3,6,0,0,0,2,1,3,5,10
1995-10-31,77470,15,4,0,1,2,5,1,0,0,3
1995-11-30,77470,1,6,2,1,5,5,2,2,3,3
1995-12-31,77470,2,4,3,4,0,3,5,1,1,8
1996-01-31,77470,2,0,1,5,8,6,2,1,0,6
1996-02-29,77470,1,7,0,1,0,2,2,4,7,5
1996-03-31,77470,2,6,3,2,2,2,0,1,4,9
1996-04-30,77470,3,8,0,0,4,0,1,0,3,11
1996-05-31,77470,7,2,0,0,1,3,3,2,3,10
1996-06-30,77470,8,9,2,0,0,1,0,0,4,6
1996-07-31,77470,5,6,2,0,1,1,0,0,5,11
1996-08-31,77470,3,7,0,0,0,0,1,1,4,15
1996-09-30,77470,4,5,4,0,0,2,0,0,6,9
1996-10-31,77470,7,8,0,0,2,0,2,3,6,3
1996-11-30,77470,6,1,1,0,0,3,3,9,3,4
1996-12-31,77470,2,2,5,1,3,6,0,0,3,9
1997-01-31,77470,5,2,5,3,4,3,0,0,1,8
1997-02-28,77470,18,1,0,0,0,0,5,3,1,0
1997-03-31,77470,13,8,4,0,0,1,0,1,4,0
1997-04-30,77470,4,8,6,1,0,1,1,2,2,5
1997-05-31,77470,6,0,8,1,0,3,3,4,0,6
1997-06-30,77470,1,2,0,0,0,3,4,2,4,14
1997-07-31,77470,2,8,0,0,0,1,0,0,7,13
1997-08-31,77470,6,0,0,0,0,0,1,1,1,22
1997-09-30,77470,7,8,2,0,0,0,0,0,0,13
1997-10-31,77470,2,5,3,0,3,2,0,2,4,10
1997-11-30,77470,4,1,0,0,3,5,7,2,2,6
1997-12-31,77470,3,4,2,1,1,3,4,6,4,3
1998-01-31,77470,7,4,4,3,0,3,5,3,2,0
1998-02-28,77470,15,5,2,1,0,2,0,2,1,0
1998-03-31,77470,7,12,2,0,1,1,1,3,3,1
1998-04-30,77470,3,0,0,0,0,3,10,7,1,6
1998-05-31,77470,5,9,0,0,1,2,0,0,3,11
1998-06-30,77470,10,4,2,0,0,2,0,1,3,8
1998-07-31,77470,7,4,0,0,0,1,0,0,13,6
1998-08-31,77470,0,13,0,0,0,0,0,0,5,13
1998-09-30,77470,3,0,4,0,0,3,3,4,4,9
1998-10-31,77470,9,2,0,0,0,1,4,5,6,4
1998-11-30,77470,4,7,4,0,0,0,3,4,8,0
1998-12-31,77470,11,4,3,0,2,3,1,2,4,1
1999-01-31,77470,13,3,0,1,0,2,1,5,3,3
1999-02-28,77470,3,8,1,0,0,0,1,6,9,0
1999-03-31,77470,5,6,2,1,5,3,4,3,2,0
1999-04-30,77470,6,1,1,0,0,2,5,2,6,7
1999-05-31,77470,6,2,2,1,1,2,0,1,2,14
1999-06-30,77470,4,11,0,0,0,0,3,0,2,10
1999-07-31,77470,4,7,1,0,0,0,0,0,4,15
1999-08-31,77470,5,8,0,0,0,0,1,0,3,14
1999-09-30,77470,8,1,1,0,0,4,2,1,2,11
1999-10-31,77470,11,1,1,1,1,5,3,1,1,6
1999-11-30,77470,7,10,1,1,0,1,1,1,6,2
1999-12-31,77470,11,2,0,0,0,1,7,6,4,0
2000-01-31,77470,12,9,3,1,0,0,0,2,2,2
2000-02-29,77470,8,5,1,0,1,1,2,7,4,0
2000-03-31,77470,7,9,2,1,2,0,1,3,2,4
2000-04-30,77470,3,1,1,2,1,8,3,5,1,5
2000-05-31,77470,9,1,0,2,0,0,1,1,3,14
2000-06-30,77470,8,9,0,0,1,0,0,0,4,8
2000-07-31,77470,3,2,1,0,1,0,0,3,9,12
2000-08-31,77470,8,3,0,0,1,0,0,0,5,14
2000-09-30,77470,7,3,0,0,0,2,1,3,3,11
2000-10-31,77470,8,5,0,2,1,2,5,1,5,2
2000-11-30,77470,5,0,0,0,0,7,12,3,3,0
2000-12-31,77470,7,0,0,1,4,9,2,5,1,2
2001-01-31,77470,0,2,1,1,1,7,9,2,4,4
2001-02-28,77470,4,10,2,0,0,3,3,3,2,1
2001-03-31,77470,1,1,0,0,0,5,14,4,1,5
2001-04-30,77470,5,6,0,0,0,3,4,4,6,2
2001-05-31,77470,6,7,0,0,0,2,0,0,4,12
2001-06-30,77470,3,5,2,0,0,0,0,1,7,12
2001-07-31,77470,4,7,0,0,0,0,2,2,2,14
2001-08-31,77470,7,3,0,0,0,0,0,0,4,17
2001-09-30,77470,9,7,0,1,1,1,1,1,6,3
2001-10-31,77470,17,0,0,0,1,8,4,0,0,1
2001-11-30,77470,3,11,4,1,0,0,0,2,7,2
2001-12-31,77470,5,7,9,0,0,0,1,4,5,0
2002-01-31,77470,19,0,0,4,1,3,2,1,1,0
2002-02-28,77470,8,1,0,0,0,1,6,4,6,2
2002-03-31,77470,3,5,5,2,2,4,2,2,4,2
2002-04-30,77470,4,6,1,1,1,1,1,1,7,7
2002-05-31,77470,6,2,3,0,1,4,1,4,5,5
2002-06-30,77470,7,6,0,0,1,0,1,4,1,10
2002-07-31,77470,6,5,0,0,0,0,1,1,10,8
2002-08-31,77470,1,2,0,0,0,0,0,1,8,19
2002-09-30,77470,1,6,4,1,0,0,0,0,4,14
2002-10-31,77470,7,2,0,0,1,6,3,2,3,7
2002-11-30,77470,2,2,0,0,1,7,3,5,4,6
2002-12-31,77470,3,4,1,1,2,5,5,4,3,3
2003-01-31,77470,3,10,0,0,0,0,7,2,4,5
2003-02-28,77470,7,3,5,0,5,0,1,2,2,3
2003-03-31,77470,12,3,3,2,3,1,1,2,1,3
2003-04-30,77470,4,4,3,2,2,7,2,0,2,4
2003-05-31,77470,10,7,1,0,1,0,0,0,4,8
2003-06-30,77470,8,3,0,0,0,0,1,0,1,17
2003-07-31,77470,3,3,0,0,0,0,0,2,5,18
2003-08-31,77470,1,4,0,0,0,0,1,0,3,22
2003-09-30,77470,9,7,3,0,1,0,0,1,3,6
2003-10-31,77470,4,1,2,2,1,2,3,1,5,10
2003-11-30,77470,11,1,0,0,4,1,3,2,1,7
2003-12-31,77470,5,4,2,1,2,3,0,3,4,7
2004-01-31,77470,4,5,0,0,0,1,7,3,9,2
2004-02-29,77470,8,9,2,1,0,0,0,0,4,5
2004-03-31,77470,9,6,3,0,1,2,0,1,5,4
2004-04-30,77470,2,7,1,1,0,3,1,5,2,8
2004-05-31,77470,7,6,4,0,0,1,1,4,0,8
2004-06-30,77470,10,11,0,0,0,1,0,1,5,2
2004-07-31,77470,5,4,1,0,0,0,0,1,5,15
2004-08-31,77470,4,0,0,0,0,3,2,1,7,14
2004-09-30,77470,7,7,1,4,0,0,1,0,4,6
2004-10-31,77470,6,0,0,0,2,8,3,1,0,11
2004-11-30,77470,6,14,1,0,0,0,0,1,3,5
2004-12-31,77470,4,9,7,0,1,0,1,4,2,3
2005-01-31,77470,14,9,0,0,0,0,0,1,7,0
2005-02-28,77470,4,8,1,2,1,0,0,2,7,3
2005-03-31,77470,10,6,0,0,2,4,1,3,2,3
2005-04-30,77470,6,3,0,1,3,4,0,6,2,5
2005-05-31,77470,7,3,2,0,2,3,0,0,7,7
2005-06-30,77470,2,7,2,1,0,0,0,1,1,16
2005-07-31,77470,2,8,0,0,0,1,0,0,9,11
2005-08-31,77470,4,7,2,1,0,0,0,0,11,6
2005-09-30,77470,8,7,0,0,0,0,0,1,2,12
2005-10-31,77470,8,2,0,2,5,6,0,0,2,6
2005-11-30,77470,3,3,5,1,0,3,2,3,6,4
2005-12-31,77470,4,9,2,0,0,2,4,4,3,3
2006-01-31,77470,7,7,2,3,3,0,1,1,2,5
2006-02-28,77470,3,8,2,0,0,1,4,0,3,7
2006-03-31,77470,4,1,2,2,2,2,5,5,5,3
2006-04-30,77470,7,10,2,0,1,2,0,0,3,5
2006-05-31,77470,11,3,0,1,1,3,2,0,3,7
2006-06-30,77470,3,6,0,1,3,0,0,0,1,16
2006-07-31,77470,7,4,1,0,0,0,0,0,3,16
2006-08-31,77470,5,6,0,0,0,3,0,1,13,3
2006-09-30,77470,7,0,1,0,3,2,0,1,6,10
2006-10-31,77470,7,2,1,0,5,6,2,1,3,4
2006-11-30,77470,12,2,3,0,1,5,3,2,2,0
2006-12-31,77470,12,7,2,0,0,2,5,2,1,0
2007-01-31,77470,12,3,1,0,0,0,5,2,5,3
2007-02-28,77470,6,1,2,0,1,1,8,6,1,2
2007-03-31,77470,4,7,1,2,0,1,3,5,6,2
2007-04-30,77470,4,6,3,2,0,0,0,0,0,15
2007-05-31,77470,1,1,2,1,0,2,3,3,9,9
2007-06-30,77470,13,3,0,0,0,2,1,1,2,8
2007-07-31,77470,10,2,0,0,1,3,1,0,7,7
2007-08-31,77470,4,5,3,0,0,1,0,1,7,10
2007-09-30,77470,8,12,1,0,1,0,0,0,4,4
2007-10-31,77470,5,18,1,0,1,0,0,0,1,5
2007-11-30,77470,1,16,0,0,1,3,0,0,7,2
2007-12-31,77470,6,7,6,3,0,0,2,5,2,0
2008-01-31,77470,14,2,0,0,1,5,4,2,2,1
2008-02-29,77470,17,0,2,2,3,2,2,0,0,1
2008-03-31,77470,3,6,0,0,0,2,2,9,5,4
2008-04-30,77470,4,3,0,0,0,6,4,4,4,5
2008-05-31,77470,3,1,0,2,2,0,0,0,1,22
2008-06-30,77470,5,6,0,0,0,0,0,0,10,9
2008-07-31,77470,10,4,0,0,0,0,0,0,4,13
2008-08-31,77470,12,3,0,0,0,0,1,0,5,10
2008-09-30,77470,6,7,6,0,0,1,2,0,3,5
2008-10-31,77470,8,6,0,1,1,2,2,2,1,8
2008-11-30,77470,3,8,1,0,0,0,1,1,5,11
2008-12-31,77470,4,1,4,2,1,1,3,1,8,6
2009-01-31,77470,4,3,6,0,2,0,5,3,5,3
2009-02-28,77470,1,9,3,0,1,2,1,2,4,5
2009-03-31,77470,5,5,4,0,0,0,2,2,8,5
2009-04-30,77470,5,3,0,0,2,4,0,4,4,8
2009-05-31,77470,4,7,3,0,4,1,0,1,2,9
2009-06-30,77470,3,8,0,0,0,1,4,0,1,13
2009-07-31,77470,5,2,0,0,0,2,0,0,7,15
2009-08-31,77470,5,11,0,0,0,0,0,0,1,14
2009-09-30,77470,6,11,4,0,0,0,0,0,2,7
2009-10-31,77470,8,7,0,0,1,5,0,0,6,4
2009-11-30,77470,4,0,0,0,0,8,5,7,2,4
2009-12-31,77470,5,4,2,0,0,5,4,3,5,3
2010-01-31,77470,3,5,2,0,0,2,1,3,8,7
2010-02-28,77470,1,5,1,1,0,6,6,2,2,4
2010-03-31,77470,7,8,3,0,0,6,4,1,0,2
2010-04-30,77470,7,7,5,0,1,3,0,0,1,6
2010-05-31,77470,1,5,1,0,1,1,0,2,10,10
2010-06-30,77470,2,5,0,0,1,1,0,0,5,16
2010-07-31,77470,5,6,0,0,0,0,0,0,7,13
2010-08-31,77470,12,6,1,0,0,0,2,1,6,3
2010-09-30,77470,6,5,0,0,0,1,0,1,4,13
2010-10-31,77470,4,8,2,0,3,4,2,0,2,6
2010-11-30,77470,2,0,0,0,0,1,5,6,7,9
2010-12-31,77470,4,8,1,1,1,4,1,1,3,7
2011-01-31,77470,8,10,1,0,0,4,0,1,1,6
2011-02-28,77470,10,6,0,0,0,2,1,1,5,3
2011-03-31,77470,6,5,5,1,3,1,0,2,2,6
2011-04-30,77470,4,10,4,1,4,1,0,0,0,6
2011-05-31,77470,10,5,0,0,3,0,0,1,5,7
2011-06-30,77470,10,7,0,0,0,0,0,0,4,9
2011-07-31,77470,2,5,1,0,0,0,1,4,6,12
2011-08-31,77470,4,0,0,0,0,0,0,0,3,24
2011-09-30,77470,15,2,0,0,0,1,0,0,4,8
2011-10-31,77470,11,4,4,0,4,1,2,0,4,1
2011-11-30,77470,8,1,1,2,9,2,0,0,0,7
2011-12-31,77470,6,0,0,0,0,1,5,8,8,3
2012-01-31,77470,8,7,1,0,0,0,1,3,9,2
2012-02-29,77470,5,20,0,0,0,0,0,0,3,1
2012-03-31,77470,10,8,4,1,0,2,0,2,3,1
2012-04-30,77470,1,1,1,0,1,3,5,6,3,9
2012-05-31,77470,8,5,0,0,2,2,2,1,3,8
2012-06-30,77470,8,1,0,0,1,2,1,1,4,12
2012-07-31,77470,6,5,0,0,0,0,1,0,7,12
2012-08-31,77470,7,1,0,0,1,1,0,1,2,18
2012-09-30,77470,5,12,1,0,0,3,1,0,1,7
2012-10-31,77470,5,0,0,1,2,1,4,1,5,12
2012-11-30,77470,7,4,2,0,2,4,4,1,2,4
2012-12-31,77470,6,2,0,1,0,3,6,9,4,0
2013-01-31,77470,5,6,0,0,0,0,3,5,5,7
2013-02-28,77470,1,3,2,2,0,0,2,2,11,5
2013-03-31,77470,1,2,0,0,3,5,5,1,4,10
2013-04-30,77470,8,5,3,0,0,0,5,0,3,6
2013-05-31,77470,4,2,0,0,0,0,1,2,11,11
2013-06-30,77470,8,6,0,0,1,0,0,2,5,8
2013-07-31,77470,10,6,3,0,0,0,0,0,0,12
2013-08-31,77470,4,11,0,0,0,2,0,0,4,10
2013-09-30,77470,3,4,1,0,0,1,0,4,6,11
2013-10-31,77470,5,7,0,0,2,5,3,1,3,5
2013-11-30,77470,0,12,2,0,0,0,5,5,5,1
2013-12-31,77470,13,8,0,0,0,5,3,1,1,0
2014-01-31,77470,4,0,0,0,0,7,5,5,4,6
2014-02-28,77470,1,0,0,0,1,6,10,5,2,3
2014-03-31,77470,7,5,2,1,2,2,1,4,4,3
2014-04-30,77470,6,3,2,0,1,1,0,4,4,9
2014-05-31,77470,7,7,0,0,3,3,1,0,6,4
2014-06-30,77470,3,10,0,0,1,0,0,0,4,12
2014-07-31,77470,1,2,2,0,1,0,1,1,13,10
2014-08-31,77470,4,7,0,0,0,1,1,0,6,12
2014-09-30,77470,3,8,1,1,1,0,0,0,0,16
2014-10-31,77470,11,3,1,0,0,6,3,0,2,5
2014-11-30,77470,1,0,0,2,4,6,5,1,1,10
2014-12-31,77470,3,6,0,0,0,1,1,2,13,5
2015-01-31,77470,7,4,0,0,0,2,3,7,5,3
2015-02-28,77470,4,7,0,0,0,2,1,4,6,4
2015-03-31,77470,8,6,6,0,0,0,1,3,5,2
2015-04-30,77470,11,2,2,0,2,1,1,1,3,7
2015-05-31,77470,9,7,0,0,1,2,4,2,5,1
2015-06-30,77470,6,8,1,0,0,0,0,0,5,10
2015-07-31,77470,3,5,0,0,1,0,0,1,10,11
2015-08-31,77470,8,3,0,0,0,1,1,1,4,13
2015-09-30,77470,1,11,3,0,1,3,1,2,4,4
2015-10-31,77470,5,9,1,1,1,2,2,0,1,9
2015-11-30,77470,17,2,0,1,1,1,0,2,6,0
2015-12-31,77470,27,0,0,0,0,4,0,0,0,0
2016-01-31,77470,10,0,0,0,0,1,10,4,3,3
2016-02-29,77470,5,2,0,0,0,1,7,2,5,7
2016-03-31,77470,0,9,3,1,1,1,4,4,4,4
2016-04-30,77470,1,6,1,1,0,8,1,2,5,5
2016-05-31,77470,2,2,1,1,4,1,1,4,7,8
2016-06-30,77470,7,4,0,0,0,0,1,4,4,10
2016-07-31,77470,5,9,0,1,0,0,0,0,8,8
2016-08-31,77470,9,10,0,0,0,0,0,0,1,11
2016-09-30,77470,10,3,0,0,0,1,2,0,6,8
2016-10-31,77470,6,9,4,1,1,1,0,0,1,8
2016-11-30,77470,5,3,3,1,1,2,2,2,4,7
2016-12-31,77470,12,3,7,4,0,0,0,0,4,1
2017-01-31,77470,2,10,6,0,2,2,2,0,6,1
2017-02-28,77470,10,3,0,3,2,2,4,1,3,0
2017-03-31,77470,8,2,3,0,0,4,3,1,5,5
2017-04-30,77470,5,9,4,0,1,1,0,1,4,5
2017-05-31,77470,9,2,2,0,3,2,0,2,2,9
2017-06-30,77470,6,5,0,0,0,0,1,3,2,13
2017-07-31,77470,4,5,0,0,0,1,0,1,6,14
2017-08-31,77470,7,7,1,0,0,0,0,0,2,14
2017-09-30,77470,8,3,0,0,0,0,2,2,6,9
2017-10-31,77470,20,4,1,0,1,1,0,0,3,1
2017-11-30,77470,6,7,1,0,0,2,1,0,10,3
2017-12-31,77470,4,8,0,0,0,1,7,6,5,0
2018-01-31,77470,5,2,0,0,0,1,5,9,3,6
2018-02-28,77470,3,8,2,1,0,0,2,3,5,4
2018-03-31,77470,0,3,0,0,0,10,4,6,2,6
2018-04-30,77470,9,2,0,1,3,3,5,0,2,5
2018-05-31,77470,2,6,0,1,0,0,0,0,8,14
2018-06-30,77470,1,9,1,0,0,0,0,1,4,14
2018-07-31,77470,3,6,0,0,0,0,0,0,5,17
2018-08-31,77470,2,13,0,0,0,0,0,0,5,11
2018-09-30,77470,15,6,1,0,0,0,0,0,3,5
2018-10-31,77470,1,9,4,1,4,3,1,0,1,7
2018-11-30,77470,3,2,1,3,2,6,1,0,2,10
2018-12-31,77470,4,5,1,0,0,1,7,8,3,2
2019-01-31,77470,0,14,0,0,0,1,1,5,6,4
2019-02-28,77470,13,3,3,0,1,1,2,1,2,2
2019-03-31,77470,8,8,0,0,0,1,4,4,5,1
2019-04-30,77470,2,4,2,2,2,4,0,1,3,10
2019-05-31,77470,3,7,2,0,0,2,1,1,7,8
2019-06-30,77470,5,2,0,0,1,2,0,0,1,19
2019-07-31,77470,5,9,2,0,0,0,0,0,5,10
2019-08-31,77470,5,7,0,0,0,0,1,0,2,16
2019-09-30,77470,7,7,5,1,1,0,1,1,3,4
2019-10-31,77470,7,2,1,0,0,7,1,4,3,6
2019-11-30,77470,0,0,0,0,0,3,8,9,5,5
2019-12-31,77470,6,0,5,0,2,3,2,8,4,1
2020-01-31,77470,12,2,3,2,0,3,6,1,1,1
2020-02-29,77470,13,1,0,0,1,1,5,7,1,0
2020-03-31,77470,6,5,6,3,1,0,2,4,2,2
2020-04-30,77470,8,1,2,3,0,2,3,0,0,11
2020-05-31,77470,3,11,3,0,0,0,1,1,0,12
2020-06-30,77470,6,1,0,0,0,1,1,2,6,13
2020-07-31,77470,5,9,0,0,0,0,0,0,5,12
2020-08-31,77470,6,3,0,0,0,1,0,1,7,13
2020-09-30,77470,7,7,0,0,1,0,2,2,3,8
2020-10-31,77470,7,2,0,0,1,3,9,2,4,3
2020-11-30,77470,12,5,3,3,3,1,1,0,2,0
2020-12-31,77470,6,1,0,0,0,4,9,3,5,3
2021-01-31,77470,3,4,2,0,0,1,4,6,5,6
2021-02-28,77470,6,2,2,0,4,4,2,2,0,6
2021-03-31,77470,10,9,4,2,0,1,1,2,2,0
2021-04-30,77470,3,7,4,1,1,1,0,0,2,11
2021-05-31,77470,9,1,2,0,0,2,3,6,3,5
2021-06-30,77470,4,5,0,0,0,0,1,0,3,17
2021-07-31,77470,3,5,0,0,0,1,0,0,6,16
2021-08-31,77470,6,12,1,0,0,0,0,1,2,9
2021-09-30,77470,6,2,4,0,1,1,0,0,3,13
2021-10-31,77470,9,9,0,0,0,6,1,2,1,3
2021-11-30,77470,3,11,2,0,0,0,1,2,5,6
2021-12-31,77470,10,0,4,0,0,1,5,6,5,0
1981-01-31,76430,1,7,6,1,0,0,0,6,8,2
1981-02-28,76430,5,6,5,0,2,0,0,2,3,5
1981-03-31,76430,5,1,0,0,2,7,6,3,4,3
1981-04-30,76430,2,5,7,0,3,0,0,1,1,11
1981-05-31,76430,6,0,0,0,8,1,4,5,3,4
1981-06-30,76430,8,10,0,0,0,1,0,1,3,7
1981-07-31,76430,4,2,0,0,0,1,0,1,14,9
1981-08-31,76430,4,8,2,0,0,0,0,0,3,14
1981-09-30,76430,6,3,0,0,0,6,1,0,6,8
1981-10-31,76430,6,0,0,0,2,3,6,6,7,1
1981-11-30,76430,12,7,5,0,0,0,0,2,4,0
1981-12-31,76430,0,2,0,0,1,5,6,5,5,7
1982-01-31,76430,2,3,2,2,4,2,2,3,7,4
1982-02-28,76430,5,4,2,2,5,3,0,0,2,5
1982-03-31,76430,4,6,2,2,0,2,3,4,3,5
1982-04-30,76430,3,16,5,0,3,0,0,1,1,1
1982-05-31,76430,9,2,1,2,3,2,0,1,4,7
1982-06-30,76430,5,1,0,0,1,1,0,3,5,14
1982-07-31,76430,1,6,1,1,0,1,0,0,4,17
1982-08-31,76430,9,5,0,0,0,0,0,0,7,10
1982-09-30,76430,8,5,1,0,0,5,2,2,2,5
1982-10-31,76430,4,2,3,3,0,3,4,5,1,6
1982-11-30,76430,7,3,0,0,2,7,3,2,4,2
1982-12-31,76430,2,6,1,0,0,0,9,4,6,3
1983-01-31,76430,14,1,0,0,0,0,3,7,6,0
1983-02-28,76430,3,1,3,3,2,1,2,5,1,7
1983-03-31,76430,8,5,0,1,1,2,2,3,6,3
1983-04-30,76430,2,2,0,0,3,12,4,4,2,1
1983-05-31,76430,3,0,0,0,3,6,5,1,6,7
1983-06-30,76430,5,6,1,0,2,1,0,0,4,11
1983-07-31,76430,1,3,0,1,1,1,0,0,1,23
1983-08-31,76430,1,7,1,2,0,0,0,0,5,15
1983-09-30,76430,7,3,2,0,1,4,1,2,5,5
1983-10-31,76430,8,5,4,1,0,3,2,1,5,2
1983-11-30,76430,1,3,6,5,5,0,2,1,2,5
1983-12-31,76430,4,5,5,0,2,5,4,2,3,1
1984-01-31,76430,3,1,0,0,0,2,9,10,4,2
1984-02-29,76430,0,7,5,1,1,2,1,4,4,4
1984-03-31,76430,0,8,1,3,0,4,2,1,4,8
1984-04-30,76430,5,8,4,2,2,0,0,0,4,5
1984-05-31,76430,0,6,2,0,1,4,4,4,2,8
1984-06-30,76430,4,5,2,1,2,1,1,1,5,8
1984-07-31,76430,1,9,0,0,2,3,0,0,4,12
1984-08-31,76430,3,7,1,0,3,1,0,1,5,10
1984-09-30,76430,5,0,0,0,0,2,1,6,10,6
1984-10-31,76430,11,3,2,0,1,6,3,1,2,2
1984-11-30,76430,3,1,0,3,8,3,4,2,1,5
1984-12-31,76430,6,6,0,1,3,2,1,3,3,6
1985-01-31,76430,3,8,3,0,0,5,2,2,7,1
1985-02-28,76430,5,1,5,1,3,3,1,1,2,6
1985-03-31,76430,2,8,0,0,0,3,5,4,6,3
1985-04-30,76430,3,3,3,0,0,4,2,4,6,5
1985-05-31,76430,1,2,1,1,1,1,1,3,3,17
1985-06-30,76430,2,4,0,2,0,1,0,5,6,10
1985-07-31,76430,4,4,1,1,0,2,1,2,3,13
1985-08-31,76430,9,3,1,0,0,1,1,1,5,10
1985-09-30,76430,14,8,1,0,0,0,0,1,2,4
1985-10-31,76430,7,1,10,4,0,4,0,0,2,3
1985-11-30,76430,0,8,5,0,0,5,1,4,5,2
1985-12-31,76430,6,6,0,0,0,9,3,0,4,3
1986-01-31,76430,0,0,0,0,0,3,8,6,10,4
1986-02-28,76430,0,5,1,3,3,0,0,0,2,14
1986-03-31,76430,8,5,0,1,0,1,5,4,3,4
1986-04-30,76430,1,4,2,0,1,7,1,3,5,6
1986-05-31,76430,14,5,0,0,0,5,0,0,0,7
1986-06-30,76430,4,5,0,0,2,0,0,0,7,12
1986-07-31,76430,5,12,0,0,0,2,0,1,5,6
1986-08-31,76430,2,3,0,0,0,0,1,0,8,17
1986-09-30,76430,5,9,4,0,0,3,0,0,0,9
1986-10-31,76430,8,4,3,3,2,0,2,3,2,4
1986-11-30,76430,10,5,2,0,4,2,3,2,2,0
1986-12-31,76430,8,2,0,0,0,2,3,9,7,0
1987-01-31,76430,1,11,5,1,0,1,0,3,1,8
1987-02-28,76430,4,6,1,1,2,2,1,0,6,5
1987-03-31,76430,6,4,1,5,2,4,0,4,5,0
1987-04-30,76430,5,4,0,2,4,9,0,0,3,3
1987-05-31,76430,1,5,1,1,0,1,0,2,9,11
1987-06-30,76430,10,1,0,0,1,2,2,3,7,4
1987-07-31,76430,0,7,2,0,0,1,1,1,7,12
1987-08-31,76430,0,2,1,0,0,0,1,1,5,21
1987-09-30,76430,10,2,1,1,0,2,1,1,1,11
1987-10-31,76430,3,0,0,1,9,5,4,1,0,8
1987-11-30,76430,3,3,3,2,0,0,2,3,8,6
1987-12-31,76430,8,3,5,3,2,2,4,0,1,3
1988-01-31,76430,3,0,0,2,5,4,7,6,3,1
1988-02-29,76430,2,5,1,2,2,2,5,4,6,0
1988-03-31,76430,2,5,0,0,0,2,1,7,11,3
1988-04-30,76430,2,1,2,1,4,2,1,0,3,14
1988-05-31,76430,3,2,1,2,1,3,5,0,3,11
1988-06-30,76430,2,5,1,1,2,1,0,0,4,14
1988-07-31,76430,12,3,0,0,0,2,3,0,6,5
1988-08-31,76430,6,5,0,0,0,1,2,0,3,14
1988-09-30,76430,12,6,2,0,0,1,1,2,2,4
1988-10-31,76430,8,0,3,2,6,5,1,3,0,3
1988-11-30,76430,4,6,5,5,5,0,1,2,2,0
1988-12-31,76430,8,14,0,0,0,0,0,5,2,2
1989-01-31,76430,15,5,2,1,2,2,2,1,1,0
1989-02-28,76430,16,0,0,0,2,3,1,3,2,1
1989-03-31,76430,9,1,2,0,4,1,3,2,7,2
1989-04-30,76430,0,2,0,0,3,1,6,2,5,11
1989-05-31,76430,4,6,2,3,2,3,0,0,2,9
1989-06-30,76430,2,1,2,0,1,0,0,3,7,14
1989-07-31,76430,1,11,1,0,2,1,0,1,4,10
1989-08-31,76430,2,9,0,0,0,0,0,1,5,14
1989-09-30,76430,4,10,2,1,1,2,0,1,0,9
1989-10-31,76430,10,7,0,1,4,3,3,0,3,0
1989-11-30,76430,3,0,5,6,7,1,2,2,1,3
1989-12-31,76430,1,0,3,10,2,8,4,1,0,2
1990-01-31,76430,18,1,1,1,0,4,4,0,0,2
1990-02-28,76430,10,0,0,0,1,5,4,8,0,0
1990-03-31,76430,13,8,1,1,2,1,0,1,4,0
1990-04-30,76430,1,2,2,2,1,1,0,3,7,11
1990-05-31,76430,11,4,2,1,0,0,0,0,1,12
1990-06-30,76430,6,3,0,0,0,2,1,2,3,13
1990-07-31,76430,3,3,4,0,0,0,0,1,7,13
1990-08-31,76430,4,5,1,0,0,0,0,1,6,14
1990-09-30,76430,3,4,5,1,0,2,0,3,6,6
1990-10-31,76430,2,4,2,2,4,6,6,1,1,3
1990-11-30,76430,3,6,1,1,2,1,1,5,5,5
1990-12-31,76430,4,9,3,0,0,2,6,1,3,3
1991-01-31,76430,4,6,6,0,3,2,7,2,0,1
1991-02-28,76430,5,3,2,3,1,0,2,3,2,7
1991-03-31,76430,7,2,5,1,5,3,1,1,1,5
1991-04-30,76430,2,3,3,1,1,0,2,2,9,7
1991-05-31,76430,3,13,2,2,0,0,0,0,6,5
1991-06-30,76430,14,1,0,0,0,1,3,0,7,4
1991-07-31,76430,3,4,1,1,0,0,0,0,8,14
1991-08-31,76430,3,8,1,2,0,1,0,0,3,13
1991-09-30,76430,5,2,0,1,0,2,0,3,3,14
1991-10-31,76430,4,3,1,2,5,3,0,3,4,6
1991-11-30,76430,1,3,0,1,4,4,6,2,5,4
1991-12-31,76430,5,4,7,6,1,0,0,4,4,0
1992-01-31,76430,7,9,10,1,0,3,0,0,0,1
1992-02-29,76430,9,2,5,0,0,4,2,2,5,0
1992-03-31,76430,10,3,1,1,0,2,0,3,8,3
1992-04-30,76430,4,6,1,0,1,1,3,1,7,6
1992-05-31,76430,4,6,1,0,5,0,0,1,2,12
1992-06-30,76430,0,4,2,0,0,1,0,3,6,14
1992-07-31,76430,5,3,1,0,1,0,0,2,3,16
1992-08-31,76430,12,2,0,0,0,2,2,3,1,9
1992-09-30,76430,8,2,1,0,3,2,0,1,3,10
1992-10-31,76430,0,1,2,0,1,1,2,9,1,14
1992-11-30,76430,7,2,0,0,0,4,5,7,5,0
1992-12-31,76430,2,6,7,1,2,5,4,1,2,1
1993-01-31,76430,14,1,3,2,0,1,3,1,4,2
1993-02-28,76430,5,10,2,7,0,0,0,0,2,2
1993-03-31,76430,10,8,0,1,3,4,0,0,0,5
1993-04-30,76430,2,2,0,0,4,3,6,2,4,7
1993-05-31,76430,4,3,2,0,5,4,1,3,1,8
1993-06-30,76430,3,3,1,1,0,2,0,3,6,11
1993-07-31,76430,9,5,1,0,0,2,0,2,7,5
1993-08-31,76430,4,6,3,0,0,0,0,0,3,15
1993-09-30,76430,1,2,2,0,0,6,2,2,2,13
1993-10-31,76430,0,6,4,5,0,9,4,1,0,2
1993-11-30,76430,3,5,5,5,2,0,1,2,1,6
1993-12-31,76430,4,1,0,0,0,0,9,11,4,2
1994-01-31,76430,5,6,0,0,0,3,6,6,2,3
1994-02-28,76430,1,0,2,1,3,7,3,0,7,4
1994-03-31,76430,17,2,0,0,1,2,0,4,4,1
1994-04-30,76430,4,5,1,0,0,2,1,7,6,4
1994-05-31,76430,2,1,2,0,3,6,1,1,2,13
1994-06-30,76430,5,7,1,0,1,0,1,1,5,9
1994-07-31,76430,2,5,0,0,1,0,0,0,4,19
1994-08-31,76430,4,2,1,0,1,0,1,2,6,14
1994-09-30,76430,1,1,2,2,0,4,3,3,4,10
1994-10-31,76430,5,2,3,2,3,2,4,3,0,7
1994-11-30,76430,10,3,1,1,3,4,1,2,4,1
1994-12-31,76430,5,5,0,0,2,4,7,4,4,0
1995-01-31,76430,2,7,0,0,0,4,8,3,7,0
1995-02-28,76430,7,1,0,0,0,5,4,6,5,0
1995-03-31,76430,6,4,1,1,1,0,5,5,8,0
1995-04-30,76430,3,5,5,0,0,2,1,2,3,9
1995-05-31,76430,8,5,0,0,1,2,0,2,5,8
1995-06-30,76430,6,10,3,0,0,0,0,1,2,8
1995-07-31,76430,1,7,1,1,1,0,0,2,5,13
1995-08-31,76430,0,9,2,1,0,0,0,0,8,11
1995-09-30,76430,3,7,0,0,0,3,1,5,2,9
1995-10-31,76430,14,4,1,0,2,7,1,0,0,2
1995-11-30,76430,3,5,2,1,7,3,2,2,3,2
1995-12-31,76430,2,4,2,5,2,3,4,0,1,8
1996-01-31,76430,1,0,1,6,9,5,1,0,1,7
1996-02-29,76430,0,6,0,0,2,2,1,3,6,9
1996-03-31,76430,1,7,3,1,6,3,0,0,4,6
1996-04-30,76430,3,9,1,1,4,0,1,0,2,9
1996-05-31,76430,4,3,1,0,2,4,5,1,2,9
1996-06-30,76430,7,7,3,0,0,1,0,0,6,6
1996-07-31,76430,4,5,4,0,1,1,1,0,5,10
1996-08-31,76430,0,5,0,0,0,0,0,1,6,19
1996-09-30,76430,3,8,4,0,0,1,0,1,4,9
1996-10-31,76430,5,8,0,0,5,0,3,2,6,2
1996-11-30,76430,5,1,2,0,1,3,3,7,6,2
1996-12-31,76430,0,2,4,3,4,7,0,0,2,9
1997-01-31,76430,3,4,6,3,6,3,0,0,0,6
1997-02-28,76430,14,2,0,0,0,2,5,4,1,0
1997-03-31,76430,10,9,4,0,0,0,0,2,6,0
1997-04-30,76430,3,8,5,3,1,0,2,2,2,4
1997-05-31,76430,1,0,3,7,2,6,3,4,0,5
1997-06-30,76430,2,2,0,1,1,3,4,1,4,12
1997-07-31,76430,1,6,1,0,0,0,0,0,8,15
1997-08-31,76430,3,1,0,2,0,1,0,2,1,21
1997-09-30,76430,6,6,8,0,0,0,0,0,1,9
1997-10-31,76430,1,5,4,0,4,1,2,2,4,8
1997-11-30,76430,2,2,0,0,7,4,5,3,1,6
1997-12-31,76430,2,5,1,1,2,3,4,5,4,4
1998-01-31,76430,2,3,4,4,1,4,8,3,2,0
1998-02-28,76430,14,5,3,1,0,2,0,2,1,0
1998-03-31,76430,6,13,2,0,2,2,0,3,1,2
1998-04-30,76430,3,0,0,0,0,5,8,7,1,6
1998-05-31,76430,2,8,2,0,2,2,0,0,2,13
1998-06-30,76430,9,3,0,1,3,1,0,1,4,8
1998-07-31,76430,6,4,0,0,0,1,0,1,11,8
1998-08-31,76430,0,12,0,0,1,0,0,1,5,12
1998-09-30,76430,1,0,3,2,5,2,3,8,1,5
1998-10-31,76430,7,2,0,0,0,2,4,4,6,6
1998-11-30,76430,3,7,4,0,0,0,3,5,7,1
1998-12-31,76430,11,2,4,0,4,2,1,2,4,1
1999-01-31,76430,10,3,0,0,2,4,2,5,2,3
1999-02-28,76430,4,6,1,0,0,0,1,6,9,1
1999-03-31,76430,3,5,3,1,5,3,3,5,2,1
1999-04-30,76430,5,2,0,2,2,1,4,2,6,6
1999-05-31,76430,5,3,1,1,4,1,1,1,2,12
1999-06-30,76430,2,11,0,0,1,0,3,1,3,9
1999-07-31,76430,3,5,2,0,0,0,0,0,4,17
1999-08-31,76430,2,7,0,0,1,1,1,1,2,16
1999-09-30,76430,4,0,2,1,0,5,4,2,0,12
1999-10-31,76430,9,1,1,3,2,6,1,1,1,6
1999-11-30,76430,7,9,1,1,0,2,0,1,6,3
1999-12-31,76430,8,2,1,0,1,2,8,5,3,1
2000-01-31,76430,10,8,3,2,1,0,1,2,4,0
2000-02-29,76430,7,5,0,0,0,4,2,7,4,0
2000-03-31,76430,4,6,4,1,1,1,3,2,4,5
2000-04-30,76430,2,1,1,1,2,6,4,5,1,7
2000-05-31,76430,7,0,1,2,1,0,1,1,5,13
2000-06-30,76430,4,6,1,0,3,1,0,0,8,7
2000-07-31,76430,2,3,2,0,2,0,2,2,9,9
2000-08-31,76430,4,3,0,0,1,0,0,0,5,18
2000-09-30,76430,6,2,1,0,1,2,0,3,4,11
2000-10-31,76430,7,6,0,1,2,4,5,0,3,3
2000-11-30,76430,3,0,0,0,0,9,12,3,2,1
2000-12-31,76430,2,0,0,1,5,9,4,5,2,3
2001-01-31,76430,1,3,2,2,3,8,5,2,2,3
2001-02-28,76430,1,11,2,0,0,3,4,3,3,1
2001-03-31,76430,0,1,0,0,1,6,13,4,1,5
2001-04-30,76430,5,4,0,0,0,3,3,4,10,1
2001-05-31,76430,4,8,2,0,0,3,0,0,3,11
2001-06-30,76430,2,8,0,1,0,0,0,1,6,12
2001-07-31,76430,6,3,1,0,1,0,2,2,2,14
2001-08-31,76430,3,3,0,0,0,2,1,1,4,17
2001-09-30,76430,6,3,0,1,1,2,2,0,11,4
2001-10-31,76430,10,0,0,0,5,9,3,1,0,3
2001-11-30,76430,2,11,3,2,0,0,0,3,8,1
2001-12-31,76430,4,6,10,0,0,0,1,6,3,1
2002-01-31,76430,13,0,2,5,2,3,3,2,1,0
2002-02-28,76430,6,1,1,0,0,2,6,4,6,2
2002-03-31,76430,4,5,4,2,4,4,1,2,4,1
2002-04-30,76430,3,7,1,3,2,1,1,1,6,5
2002-05-31,76430,5,1,2,0,1,5,0,5,6,6
2002-06-30,76430,8,6,0,0,1,1,0,3,1,10
2002-07-31,76430,3,5,0,0,0,0,1,1,10,11
2002-08-31,76430,0,3,0,0,0,0,0,1,9,18
2002-09-30,76430,0,6,6,2,2,1,0,0,4,9
2002-10-31,76430,7,2,0,0,2,5,3,4,2,6
2002-11-30,76430,1,2,0,0,2,6,3,5,4,7
2002-12-31,76430,1,3,1,2,4,4,7,5,2,2
2003-01-31,76430,5,9,0,0,0,1,5,2,5,4
2003-02-28,76430,5,1,6,1,8,0,1,1,4,1
2003-03-31,76430,8,3,6,3,4,3,0,1,2,1
2003-04-30,76430,2,4,2,2,2,4,2,0,3,9
2003-05-31,76430,8,6,0,1,1,0,1,0,6,8
2003-06-30,76430,6,3,0,0,2,1,1,0,4,13
2003-07-31,76430,2,5,1,0,0,0,0,2,5,16
2003-08-31,76430,0,5,0,0,0,0,1,0,1,24
2003-09-30,76430,6,5,2,1,2,4,0,0,4,6
2003-10-31,76430,4,1,1,6,3,2,3,1,5,5
2003-11-30,76430,10,0,0,2,6,2,3,0,1,6
2003-12-31,76430,4,4,2,5,2,3,2,1,4,4
2004-01-31,76430,3,5,0,0,0,3,4,5,7,4
2004-02-29,76430,7,9,1,1,0,0,1,1,3,6
2004-03-31,76430,8,6,2,1,2,3,0,1,4,4
2004-04-30,76430,2,7,1,1,2,3,1,5,2,6
2004-05-31,76430,5,5,5,0,0,0,1,5,0,10
2004-06-30,76430,7,11,1,0,1,1,0,1,5,3
2004-07-31,76430,1,5,0,0,0,0,1,1,7,16
2004-08-31,76430,3,1,0,0,1,5,1,2,7,11
2004-09-30,76430,4,8,1,4,1,3,0,0,3,6
2004-10-31,76430,7,0,0,0,1,10,3,1,0,9
2004-11-30,76430,6,11,1,0,0,1,0,1,5,5
2004-12-31,76430,3,6,6,2,2,0,3,3,3,3
2005-01-31,76430,11,10,0,0,1,0,1,1,7,0
2005-02-28,76430,3,8,2,1,3,0,0,2,5,4
2005-03-31,76430,8,6,0,0,4,4,1,3,3,2
2005-04-30,76430,6,4,0,1,3,5,2,4,3,2
2005-05-31,76430,5,2,2,1,2,5,0,1,8,5
2005-06-30,76430,2,5,2,0,1,0,0,0,3,17
2005-07-31,76430,1,7,0,0,1,0,0,0,10,12
2005-08-31,76430,4,9,2,1,0,0,1,0,9,5
2005-09-30,76430,5,7,0,0,1,0,0,0,2,15
2005-10-31,76430,9,2,0,3,6,7,0,0,1,3
2005-11-30,76430,4,3,5,2,1,3,2,2,4,4
2005-12-31,76430,4,11,1,0,0,2,4,4,4,1
2006-01-31,76430,6,5,2,5,4,0,1,1,3,4
2006-02-28,76430,3,8,2,0,0,1,4,1,2,7
2006-03-31,76430,1,1,3,2,2,3,6,5,4,4
2006-04-30,76430,8,10,0,1,1,2,0,1,3,4
2006-05-31,76430,8,3,0,1,1,4,2,0,3,9
2006-06-30,76430,4,6,2,1,4,0,0,0,0,13
2006-07-31,76430,4,5,2,0,0,0,0,0,1,19
2006-08-31,76430,3,6,0,0,0,3,0,1,14,4
2006-09-30,76430,7,0,1,1,5,3,0,0,6,7
2006-10-31,76430,4,2,3,1,6,6,3,0,3,3
2006-11-30,76430,8,3,2,0,1,8,4,2,2,0
2006-12-31,76430,10,6,3,0,0,5,5,2,0,0
2007-01-31,76430,7,4,1,0,1,1,7,3,4,3
2007-02-28,76430,3,2,1,1,2,1,8,6,2,2
2007-03-31,76430,5,7,0,0,0,2,1,3,6,7
2007-04-30,76430,7,7,1,4,0,0,0,0,0,11
2007-05-31,76430,1,1,2,1,0,1,4,6,6,9
2007-06-30,76430,5,4,0,0,0,2,2,2,3,12
2007-07-31,76430,8,1,1,0,1,4,1,1,8,6
2007-08-31,76430,2,4,3,0,0,2,0,1,5,14
2007-09-30,76430,7,11,1,0,2,1,0,1,5,2
2007-10-31,76430,4,15,5,0,3,0,0,0,0,4
2007-11-30,76430,1,14,1,0,1,4,0,0,8,1
2007-12-31,76430,6,5,5,4,0,0,3,5,3,0
2008-01-31,76430,12,2,0,0,3,6,3,3,2,0
2008-02-29,76430,10,0,3,6,3,2,3,1,1,0
2008-03-31,76430,1,5,0,0,0,2,3,11,8,1
2008-04-30,76430,2,3,0,0,2,4,3,3,5,8
2008-05-31,76430,4,2,0,1,6,1,0,0,0,17
2008-06-30,76430,4,6,0,0,0,0,0,0,9,11
2008-07-31,76430,7,2,0,0,0,0,0,1,7,14
2008-08-31,76430,9,4,0,0,1,1,1,0,5,10
2008-09-30,76430,4,5,7,2,1,2,2,1,4,2
2008-10-31,76430,8,4,1,0,2,1,3,3,2,7
2008-11-30,76430,2,8,0,0,1,2,1,1,4,11
2008-12-31,76430,1,3,4,4,2,1,3,2,6,5
2009-01-31,76430,4,3,6,0,2,0,6,1,3,6
2009-02-28,76430,1,9,2,1,1,2,1,2,5,4
2009-03-31,76430,3,5,5,0,0,0,2,3,7,6
2009-04-30,76430,3,6,0,0,4,3,0,3,1,10
2009-05-31,76430,6,7,2,1,5,2,0,0,2,6
2009-06-30,76430,1,10,0,0,0,1,3,0,3,12
2009-07-31,76430,6,2,0,0,1,2,1,0,7,12
2009-08-31,76430,2,9,0,0,1,0,0,0,4,15
2009-09-30,76430,5,7,8,0,0,0,1,1,2,6
2009-10-31,76430,7,8,0,0,2,4,0,0,5,5
2009-11-30,76430,3,0,0,0,0,11,4,7,2,3
2009-12-31,76430,1,5,2,0,0,8,3,4,4,4
2010-01-31,76430,3,4,4,2,0,2,1,4,5,6
2010-02-28,76430,0,6,0,2,0,7,7,2,1,3
2010-03-31,76430,5,9,2,1,0,7,4,1,0,2
2010-04-30,76430,5,7,5,0,1,3,0,1,2,6
2010-05-31,76430,0,6,2,0,1,1,0,2,8,11
2010-06-30,76430,1,5,0,0,1,3,0,0,4,16
2010-07-31,76430,2,7,0,0,0,0,0,0,6,16
2010-08-31,76430,8,4,0,0,0,1,1,2,9,6
2010-09-30,76430,3,7,0,1,1,0,0,1,5,12
2010-10-31,76430,3,7,2,1,4,5,2,0,4,3
2010-11-30,76430,2,0,0,0,1,2,4,4,7,10
2010-12-31,76430,2,8,0,2,3,5,2,1,3,5
2011-01-31,76430,5,10,1,0,0,5,0,1,2,7
2011-02-28,76430,5,8,0,0,1,4,2,0,3,5
2011-03-31,76430,4,4,5,2,5,2,0,2,2,5
2011-04-30,76430,5,9,3,1,5,1,0,0,1,5
2011-05-31,76430,9,6,0,0,2,0,0,0,5,9
2011-06-30,76430,8,7,0,0,0,2,0,2,2,9
2011-07-31,76430,1,4,3,0,0,0,1,4,8,10
2011-08-31,76430,5,1,0,0,0,0,0,0,4,21
2011-09-30,76430,10,3,0,1,0,1,0,2,4,9
2011-10-31,76430,9,3,2,3,4,2,1,1,4,2
2011-11-30,76430,7,1,2,2,10,2,0,0,0,6
2011-12-31,76430,4,0,0,0,0,1,6,9,8,3
2012-01-31,76430,6,7,1,1,0,0,1,6,7,2
2012-02-29,76430,4,20,0,0,0,0,0,0,4,1
2012-03-31,76430,12,9,4,1,0,2,0,0,3,0
2012-04-30,76430,1,3,1,0,2,4,4,4,3,8
2012-05-31,76430,4,6,0,0,3,4,1,1,3,9
2012-06-30,76430,6,2,0,0,0,2,0,1,5,14
2012-07-31,76430,2,4,2,0,0,0,1,1,8,13
2012-08-31,76430,3,0,2,0,0,1,0,0,4,21
2012-09-30,76430,3,12,1,0,1,3,1,1,1,7
2012-10-31,76430,4,1,0,1,3,3,1,1,5,12
2012-11-30,76430,4,4,2,0,2,7,3,1,2,5
2012-12-31,76430,3,3,0,0,0,7,4,9,4,1
2013-01-31,76430,4,7,0,0,0,0,3,4,3,10
2013-02-28,76430,1,3,4,2,0,1,1,3,7,6
2013-03-31,76430,1,2,1,1,5,3,4,0,3,11
2013-04-30,76430,7,6,3,1,1,0,5,0,0,7
2013-05-31,76430,2,4,0,0,0,0,3,2,11,9
2013-06-30,76430,7,6,1,0,2,0,0,1,5,8
2013-07-31,76430,2,6,5,1,0,3,0,2,0,12
2013-08-31,76430,3,12,1,0,1,0,0,0,4,10
2013-09-30,76430,3,3,1,0,2,0,0,4,7,10
2013-10-31,76430,1,5,0,0,6,7,3,1,4,4
2013-11-30,76430,0,10,3,0,0,1,4,4,6,2
2013-12-31,76430,11,5,0,0,1,8,2,2,2,0
2014-01-31,76430,2,0,0,0,2,10,3,5,4,5
2014-02-28,76430,2,0,0,0,0,9,9,4,2,2
2014-03-31,76430,6,4,1,1,3,3,2,1,4,6
2014-04-30,76430,3,5,2,0,2,2,0,4,3,9
2014-05-31,76430,5,7,1,0,3,3,0,2,5,5
2014-06-30,76430,1,11,0,0,2,0,0,0,2,14
2014-07-31,76430,1,3,0,1,1,1,1,1,12,10
2014-08-31,76430,2,6,0,0,0,0,1,0,8,14
2014-09-30,76430,3,7,5,1,5,0,0,0,1,8
2014-10-31,76430,5,3,1,1,3,7,2,0,2,7
2014-11-30,76430,0,0,1,2,6,7,5,0,0,9
2014-12-31,76430,3,7,0,0,0,1,1,3,11,5
2015-01-31,76430,6,5,0,0,0,2,3,7,2,6
2015-02-28,76430,3,7,2,0,0,3,0,4,6,3
2015-03-31,76430,5,7,7,2,0,0,1,3,4,2
2015-04-30,76430,8,3,3,0,2,4,1,0,4,5
2015-05-31,76430,10,8,0,0,1,1,2,1,5,3
2015-06-30,76430,7,10,2,1,1,0,0,0,3,6
2015-07-31,76430,4,4,2,0,1,0,0,2,8,10
2015-08-31,76430,3,3,0,0,2,3,1,1,4,14
2015-09-30,76430,0,9,5,1,2,3,2,1,5,2
2015-10-31,76430,2,5,5,2,3,2,2,0,3,7
2015-11-30,76430,13,3,0,1,2,2,0,4,5,0
2015-12-31,76430,20,0,0,0,1,10,0,0,0,0
2016-01-31,76430,6,0,0,0,2,3,11,4,3,2
2016-02-29,76430,4,3,0,0,0,1,6,3,5,7
2016-03-31,76430,0,9,3,1,1,2,3,2,4,6
2016-04-30,76430,2,3,1,1,2,5,1,2,8,5
2016-05-31,76430,2,3,1,1,5,1,2,5,5,6
2016-06-30,76430,8,3,0,0,0,0,0,4,5,10
2016-07-31,76430,7,11,0,0,1,0,0,0,4,8
2016-08-31,76430,7,10,0,0,0,0,0,0,2,12
2016-09-30,76430,5,4,0,1,2,0,0,1,4,13
2016-10-31,76430,2,7,8,2,4,1,0,0,3,4
2016-11-30,76430,5,2,3,2,1,3,3,2,3,6
2016-12-31,76430,8,2,9,4,3,0,0,0,4,1
2017-01-31,76430,2,10,6,0,2,3,1,0,6,1
2017-02-28,76430,10,4,0,3,2,3,3,0,2,1
2017-03-31,76430,9,3,1,1,1,4,3,2,3,4
2017-04-30,76430,4,11,3,0,0,1,0,1,4,6
2017-05-31,76430,8,2,2,1,4,2,0,2,2,8
2017-06-30,76430,6,3,1,0,2,0,2,2,3,11
2017-07-31,76430,4,4,1,0,1,2,0,1,7,11
2017-08-31,76430,3,6,0,0,0,0,0,0,5,17
2017-09-30,76430,7,1,0,0,0,0,2,4,5,11
2017-10-31,76430,12,4,1,0,2,4,1,0,6,1
2017-11-30,76430,3,9,0,0,1,5,1,0,9,2
2017-12-31,76430,3,7,0,0,0,1,8,6,6,0
2018-01-31,76430,4,2,0,0,2,3,4,10,1,5
2018-02-28,76430,2,7,4,2,0,0,2,3,4,4
2018-03-31,76430,0,3,0,0,1,11,3,5,1,7
2018-04-30,76430,8,1,1,0,4,6,2,1,2,5
2018-05-31,76430,1,7,0,1,1,0,0,0,7,14
2018-06-30,76430,0,7,5,1,0,0,0,0,3,14
2018-07-31,76430,2,5,0,0,0,0,0,0,6,18
2018-08-31,76430,2,13,0,0,0,0,0,0,5,11
2018-09-30,76430,12,6,3,1,0,0,0,1,1,6
2018-10-31,76430,1,7,5,1,5,2,1,0,0,9
2018-11-30,76430,2,2,0,5,4,7,1,0,2,7
2018-12-31,76430,4,5,1,1,0,1,6,7,4,2
2019-01-31,76430,1,12,0,0,0,2,0,6,7,3
2019-02-28,76430,9,4,3,0,2,2,3,1,2,2
2019-03-31,76430,5,6,3,0,1,1,4,7,3,1
2019-04-30,76430,1,6,2,3,3,4,1,3,1,6
2019-05-31,76430,2,7,2,0,0,2,0,1,9,8
2019-06-30,76430,3,2,0,2,2,3,0,0,1,17
2019-07-31,76430,5,9,2,0,0,0,0,0,4,11
2019-08-31,76430,3,6,0,0,0,2,0,0,2,18
2019-09-30,76430,4,6,5,1,1,1,3,3,3,3
2019-10-31,76430,6,2,1,0,1,8,1,2,3,7
2019-11-30,76430,0,1,0,0,3,2,7,4,4,9
2019-12-31,76430,4,1,5,0,1,5,3,7,4,1
2020-01-31,76430,9,1,2,3,0,6,5,3,2,0
2020-02-29,76430,9,1,0,1,1,3,5,6,3,0
2020-03-31,76430,7,5,4,4,1,0,3,4,2,1
2020-04-30,76430,6,1,2,2,2,5,3,0,0,9
2020-05-31,76430,4,8,4,3,3,0,0,2,0,7
2020-06-30,76430,4,1,0,0,0,1,1,2,9,12
2020-07-31,76430,4,7,0,0,0,1,0,0,7,12
2020-08-31,76430,4,4,0,0,0,2,0,0,6,15
2020-09-30,76430,7,7,1,0,1,0,2,1,3,8
2020-10-31,76430,6,1,0,0,2,3,9,1,5,4
2020-11-30,76430,9,2,4,3,5,5,0,0,2,0
2020-12-31,76430,4,1,0,0,0,5,9,3,4,5
2021-01-31,76430,2,3,2,0,0,3,2,6,8,5
2021-02-28,76430,3,1,2,1,5,6,2,1,0,7
2021-03-31,76430,9,9,3,1,3,1,1,2,2,0
2021-04-30,76430,3,9,5,2,0,2,0,0,1,8
2021-05-31,76430,9,2,1,1,0,3,2,8,4,1
2021-06-30,76430,2,8,0,0,2,1,0,0,4,13
2021-07-31,76430,3,4,1,0,0,0,0,0,6,17
2021-08-31,76430,3,8,3,0,0,0,0,1,3,13
2021-09-30,76430,5,2,2,1,3,0,1,0,3,13
2021-10-31,76430,8,7,2,0,1,7,0,2,1,3
2021-11-30,76430,2,9,5,1,0,0,1,3,3,6
2021-12-31,76430,6,0,6,0,1,2,4,7,4,1
1981-01-31,76500,1,8,6,0,0,0,0,5,9,2
1981-02-28,76500,5,6,5,1,2,0,1,1,3,4
1981-03-31,76500,8,0,0,0,3,6,4,2,3,5
1981-04-30,76500,8,1,6,0,1,1,0,1,0,12
1981-05-31,76500,7,0,0,0,7,1,5,2,4,5
1981-06-30,76500,8,12,0,0,0,1,0,0,1,8
1981-07-31,76500,4,3,0,0,1,0,0,1,12,10
1981-08-31,76500,2,9,3,1,0,0,0,0,2,14
1981-09-30,76500,10,4,1,0,1,5,0,0,2,7
1981-10-31,76500,6,0,0,0,3,3,6,3,7,3
1981-11-30,76500,13,8,4,0,0,0,0,2,3,0
1981-12-31,76500,1,2,0,0,2,4,5,5,5,7
1982-01-31,76500,2,6,2,4,2,1,2,3,4,5
1982-02-28,76500,5,3,5,3,5,2,0,0,1,4
1982-03-31,76500,5,5,3,1,1,3,3,4,4,2
1982-04-30,76500,3,15,3,0,3,0,0,1,2,3
1982-05-31,76500,11,2,1,1,2,2,1,0,4,7
1982-06-30,76500,7,1,0,0,1,1,0,1,4,15
1982-07-31,76500,1,7,1,1,0,1,0,0,2,18
1982-08-31,76500,11,5,0,0,0,0,0,0,5,10
1982-09-30,76500,7,5,1,1,1,6,0,0,1,8
1982-10-31,76500,4,1,5,2,2,2,5,2,1,7
1982-11-30,76500,8,3,0,0,3,6,1,2,3,4
1982-12-31,76500,2,7,1,0,0,2,8,2,6,3
1983-01-31,76500,15,2,0,0,0,0,2,5,7,0
1983-02-28,76500,2,2,6,2,2,2,1,3,2,6
1983-03-31,76500,8,5,2,0,1,1,2,2,6,4
1983-04-30,76500,2,1,0,0,2,13,4,4,2,2
1983-05-31,76500,4,0,0,0,3,6,3,1,5,9
1983-06-30,76500,5,5,2,1,1,1,0,0,2,13
1983-07-31,76500,1,3,3,2,2,0,0,0,0,20
1983-08-31,76500,0,6,1,2,0,0,0,0,4,18
1983-09-30,76500,8,4,2,1,0,4,0,2,3,6
1983-10-31,76500,9,6,6,0,0,4,1,0,4,1
1983-11-30,76500,2,3,8,5,5,0,2,0,2,3
1983-12-31,76500,3,7,5,0,3,5,2,4,1,1
1984-01-31,76500,5,1,0,0,0,4,8,6,5,2
1984-02-29,76500,0,5,8,0,0,2,1,3,5,5
1984-03-31,76500,0,10,1,3,0,4,2,1,3,7
1984-04-30,76500,6,8,5,2,1,1,0,0,3,4
1984-05-31,76500,0,5,1,0,2,5,4,3,2,9
1984-06-30,76500,4,4,2,1,2,2,1,2,4,8
1984-07-31,76500,3,8,0,0,4,1,0,0,3,12
1984-08-31,76500,4,5,1,0,3,0,0,0,5,13
1984-09-30,76500,9,1,0,0,1,0,2,3,7,7
1984-10-31,76500,11,5,2,0,1,5,3,0,2,2
1984-11-30,76500,2,1,0,4,9,2,5,0,1,6
1984-12-31,76500,6,7,0,3,3,1,0,0,3,8
1985-01-31,76500,2,9,2,0,0,4,2,0,9,3
1985-02-28,76500,6,1,5,3,1,3,1,0,2,6
1985-03-31,76500,2,8,0,0,0,5,4,3,5,4
1985-04-30,76500,3,3,3,0,2,4,2,5,4,4
1985-05-31,76500,4,3,2,0,0,0,1,2,0,19
1985-06-30,76500,6,5,0,2,0,1,0,3,3,10
1985-07-31,76500,5,5,2,1,1,1,1,0,3,12
1985-08-31,76500,9,3,1,0,1,0,1,0,4,12
1985-09-30,76500,14,6,2,1,0,0,0,0,1,6
1985-10-31,76500,7,1,12,4,1,3,0,0,2,1
1985-11-30,76500,0,8,5,0,0,5,1,3,4,4
1985-12-31,76500,9,8,0,0,1,7,2,0,1,3
1986-01-31,76500,1,1,0,0,0,2,8,5,9,5
1986-02-28,76500,0,7,1,3,2,0,0,0,0,15
1986-03-31,76500,9,6,0,1,1,0,5,3,2,4
1986-04-30,76500,1,4,1,1,2,8,0,3,5,5
1986-05-31,76500,14,3,0,0,1,4,0,0,2,7
1986-06-30,76500,4,4,0,1,1,0,0,0,7,13
1986-07-31,76500,4,12,0,0,1,1,0,0,3,10
1986-08-31,76500,2,3,0,0,2,1,0,0,5,18
1986-09-30,76500,3,9,6,0,1,2,0,0,0,9
1986-10-31,76500,8,3,3,4,2,0,3,3,1,4
1986-11-30,76500,9,5,3,0,5,1,3,2,2,0
1986-12-31,76500,8,2,0,0,0,4,2,7,8,0
1987-01-31,76500,1,11,6,1,0,1,0,3,1,7
1987-02-28,76500,3,7,1,2,3,2,1,0,5,4
1987-03-31,76500,5,5,3,6,0,4,2,2,4,0
1987-04-30,76500,5,4,0,2,5,8,0,0,3,3
1987-05-31,76500,1,4,1,1,0,2,0,2,9,11
1987-06-30,76500,10,1,0,0,2,2,1,3,5,6
1987-07-31,76500,1,8,2,0,0,2,0,0,5,13
1987-08-31,76500,3,3,2,1,0,0,0,1,4,17
1987-09-30,76500,12,2,2,0,1,2,0,0,1,10
1987-10-31,76500,4,0,0,2,10,3,4,1,0,7
1987-11-30,76500,4,4,4,0,1,0,2,0,9,6
1987-12-31,76500,10,1,6,4,2,1,3,0,1,3
1988-01-31,76500,4,0,0,2,6,4,7,4,3,1
1988-02-29,76500,3,6,1,3,0,3,3,4,5,1
1988-03-31,76500,2,5,0,0,0,2,2,5,11,4
1988-04-30,76500,1,0,3,1,2,4,0,0,4,15
1988-05-31,76500,3,2,1,2,1,4,1,0,3,14
1988-06-30,76500,2,5,2,0,1,1,0,0,3,16
1988-07-31,76500,11,4,0,0,1,3,2,0,4,6
1988-08-31,76500,6,4,0,0,0,1,1,0,4,15
1988-09-30,76500,13,7,2,0,0,1,1,1,1,4
1988-10-31,76500,5,0,3,3,7,4,1,2,0,6
1988-11-30,76500,6,6,4,4,5,0,1,2,1,1
1988-12-31,76500,9,15,0,0,0,0,0,4,1,2
1989-01-31,76500,12,3,5,5,2,1,2,0,1,0
1989-02-28,76500,16,0,0,1,1,2,3,2,2,1
1989-03-31,76500,6,2,1,1,5,1,2,2,9,2
1989-04-30,76500,0,2,0,0,4,1,5,1,6,11
1989-05-31,76500,4,7,2,4,1,3,0,0,1,9
1989-06-30,76500,1,2,5,0,1,0,0,1,4,16
1989-07-31,76500,2,12,1,1,2,0,0,0,2,11
1989-08-31,76500,2,8,3,0,2,0,0,1,2,13
1989-09-30,76500,5,10,2,2,2,0,0,0,0,9
1989-10-31,76500,13,7,0,1,4,3,1,0,2,0
1989-11-30,76500,2,0,6,6,7,3,3,0,2,1
1989-12-31,76500,2,0,7,8,1,8,4,0,1,0
1990-01-31,76500,15,2,3,1,0,4,4,0,0,2
1990-02-28,76500,11,1,0,0,0,5,4,6,1,0
1990-03-31,76500,14,7,1,2,2,1,0,1,3,0
1990-04-30,76500,1,2,2,2,1,2,0,3,6,11
1990-05-31,76500,10,4,2,0,1,0,0,0,0,14
1990-06-30,76500,5,1,0,0,0,1,1,1,4,17
1990-07-31,76500,3,3,3,0,0,0,0,1,6,15
1990-08-31,76500,5,7,2,1,0,1,0,0,4,11
1990-09-30,76500,5,6,5,1,0,2,1,2,4,4
1990-10-31,76500,3,4,2,3,6,6,4,1,1,1
1990-11-30,76500,2,6,1,2,2,1,2,3,6,5
1990-12-31,76500,5,9,4,1,0,3,3,1,2,3
1991-01-31,76500,5,7,6,2,1,2,6,2,0,0
1991-02-28,76500,5,4,1,5,0,1,0,3,2,7
1991-03-31,76500,5,2,4,1,5,2,1,1,1,9
1991-04-30,76500,3,3,1,2,0,0,2,0,11,8
1991-05-31,76500,4,10,2,1,0,0,0,0,7,7
1991-06-30,76500,15,1,0,0,0,0,3,0,5,6
1991-07-31,76500,4,5,1,1,1,0,0,0,5,14
1991-08-31,76500,3,10,4,3,1,0,0,0,1,9
1991-09-30,76500,5,1,1,1,0,4,1,1,2,14
1991-10-31,76500,2,4,2,3,6,2,1,2,2,7
1991-11-30,76500,2,5,0,2,4,5,3,2,3,4
1991-12-31,76500,4,5,8,6,1,0,0,4,3,0
1992-01-31,76500,7,8,11,1,0,3,0,0,0,1
1992-02-29,76500,13,2,4,0,1,3,0,1,5,0
1992-03-31,76500,10,3,1,1,1,3,0,4,5,3
1992-04-30,76500,4,8,0,0,1,2,3,0,6,6
1992-05-31,76500,5,6,1,2,4,0,1,1,1,10
1992-06-30,76500,0,6,1,2,0,1,0,1,3,16
1992-07-31,76500,5,2,1,1,1,0,0,2,2,17
1992-08-31,76500,15,2,0,0,1,1,2,1,1,8
1992-09-30,76500,11,2,1,0,4,1,0,0,2,9
1992-10-31,76500,0,1,3,1,1,1,4,7,0,13
1992-11-30,76500,7,2,1,0,1,3,5,5,5,1
1992-12-31,76500,1,5,7,3,6,2,3,1,1,2
1993-01-31,76500,14,2,3,2,0,2,2,1,3,2
1993-02-28,76500,3,8,4,8,0,0,0,0,3,2
1993-03-31,76500,10,9,0,1,5,2,0,0,0,4
1993-04-30,76500,2,2,0,0,4,5,3,1,4,9
1993-05-31,76500,6,2,2,0,6,3,0,1,0,11
1993-06-30,76500,3,4,0,0,0,1,1,2,6,13
1993-07-31,76500,11,3,1,0,0,3,0,0,6,7
1993-08-31,76500,1,7,4,0,1,0,0,0,3,15
1993-09-30,76500,0,2,2,1,3,6,2,1,1,12
1993-10-31,76500,0,5,5,5,0,9,4,1,0,2
1993-11-30,76500,3,5,7,4,2,0,1,1,1,6
1993-12-31,76500,5,1,0,0,0,0,10,9,3,3
1994-01-31,76500,8,4,1,0,0,2,4,3,4,5
1994-02-28,76500,1,2,2,1,4,7,2,0,5,4
1994-03-31,76500,17,2,0,0,1,2,1,3,3,2
1994-04-30,76500,3,5,1,0,0,3,3,3,7,5
1994-05-31,76500,3,0,2,0,3,5,0,2,2,14
1994-06-30,76500,4,7,1,0,2,0,1,1,5,9
1994-07-31,76500,0,6,1,1,0,0,0,0,3,20
1994-08-31,76500,3,2,2,0,1,1,0,0,5,17
1994-09-30,76500,4,2,2,1,1,3,2,1,4,10
1994-10-31,76500,6,2,4,5,1,2,3,2,0,6
1994-11-30,76500,9,3,1,2,3,3,1,0,5,3
1994-12-31,76500,7,7,0,1,2,4,7,0,2,1
1995-01-31,76500,1,9,1,0,1,3,8,3,4,1
1995-02-28,76500,9,1,0,0,0,4,6,4,3,1
1995-03-31,76500,8,3,2,1,1,0,5,4,7,0
1995-04-30,76500,5,2,6,1,0,1,1,2,4,8
1995-05-31,76500,6,4,0,0,2,2,1,0,5,11
1995-06-30,76500,8,7,3,0,0,0,0,0,1,11
1995-07-31,76500,2,8,2,1,0,0,0,0,2,16
1995-08-31,76500,1,9,3,1,0,0,0,0,6,11
1995-09-30,76500,5,6,0,0,2,2,1,2,2,10
1995-10-31,76500,13,3,3,0,3,7,0,0,0,2
1995-11-30,76500,1,7,1,2,9,1,1,1,4,3
1995-12-31,76500,2,3,4,5,2,2,3,0,1,9
1996-01-31,76500,1,1,1,8,11,4,0,0,1,4
1996-02-29,76500,0,7,1,0,2,2,2,2,4,9
1996-03-31,76500,1,9,2,4,3,3,0,0,2,7
1996-04-30,76500,3,9,0,0,4,1,0,0,0,13
1996-05-31,76500,6,2,2,1,1,4,4,0,3,8
1996-06-30,76500,7,7,3,0,0,1,0,1,5,6
1996-07-31,76500,6,1,7,0,1,1,0,1,5,9
1996-08-31,76500,2,4,1,0,0,0,0,0,2,22
1996-09-30,76500,2,10,5,1,0,1,0,0,3,8
1996-10-31,76500,5,9,1,1,4,0,2,2,4,3
1996-11-30,76500,5,1,1,0,1,3,4,4,6,5
1996-12-31,76500,1,2,3,4,6,3,0,0,2,10
1997-01-31,76500,1,4,7,6,8,0,0,0,0,5
1997-02-28,76500,15,2,0,0,0,2,3,4,2,0
1997-03-31,76500,10,7,4,0,0,0,0,0,8,2
1997-04-30,76500,3,7,4,3,1,1,1,2,3,5
1997-05-31,76500,2,0,4,4,2,5,4,2,0,8
1997-06-30,76500,2,2,1,1,2,4,2,0,4,12
1997-07-31,76500,1,6,0,0,1,1,0,0,9,13
1997-08-31,76500,5,2,1,1,0,1,1,1,0,19
1997-09-30,76500,5,7,8,1,0,0,0,0,0,9
1997-10-31,76500,2,5,7,1,6,1,0,2,4,3
1997-11-30,76500,1,2,1,1,6,6,4,0,2,7
1997-12-31,76500,4,4,2,1,4,3,3,1,6,3
1998-01-31,76500,5,2,5,4,3,2,6,2,2,0
1998-02-28,76500,13,5,4,1,0,2,0,2,1,0
1998-03-31,76500,6,14,2,0,2,1,1,1,1,3
1998-04-30,76500,2,0,0,0,1,9,8,4,2,4
1998-05-31,76500,3,8,2,0,2,1,0,0,3,12
1998-06-30,76500,10,0,0,1,3,2,0,1,3,10
1998-07-31,76500,8,4,0,0,2,0,0,0,9,8
1998-08-31,76500,0,12,1,0,1,0,0,1,4,12
1998-09-30,76500,0,0,4,2,4,4,1,6,3,6
1998-10-31,76500,7,3,0,0,0,2,3,4,4,8
1998-11-30,76500,4,11,3,0,0,0,2,4,3,3
1998-12-31,76500,12,5,3,0,4,2,0,2,2,1
1999-01-31,76500,12,3,0,1,2,2,2,3,2,4
1999-02-28,76500,6,7,1,0,0,0,1,6,6,1
1999-03-31,76500,3,4,4,0,5,4,2,3,3,3
1999-04-30,76500,4,2,0,2,3,2,4,2,6,5
1999-05-31,76500,6,2,1,1,3,1,0,1,2,14
1999-06-30,76500,3,11,0,0,0,1,1,0,3,11
1999-07-31,76500,3,8,2,0,0,0,0,0,3,15
1999-08-31,76500,4,7,1,0,3,1,0,0,2,13
1999-09-30,76500,5,1,4,1,1,5,2,1,0,10
1999-10-31,76500,10,1,2,3,2,6,0,1,1,5
1999-11-30,76500,7,9,2,2,0,2,0,1,5,2
1999-12-31,76500,9,3,0,0,1,3,7,4,3,1
2000-01-31,76500,13,7,4,2,0,0,0,2,3,0
2000-02-29,76500,9,5,0,0,0,5,0,7,3,0
2000-03-31,76500,5,7,3,1,2,1,1,2,4,5
2000-04-30,76500,1,1,1,1,6,4,2,3,2,9
2000-05-31,76500,6,0,0,2,2,1,1,0,5,14
2000-06-30,76500,4,8,1,0,3,1,0,0,5,8
2000-07-31,76500,3,2,3,0,3,0,1,1,8,10
2000-08-31,76500,3,5,0,2,0,0,0,0,3,18
2000-09-30,76500,6,2,1,1,1,2,0,0,4,13
2000-10-31,76500,8,7,0,1,3,5,2,0,1,4
2000-11-30,76500,5,0,0,0,1,8,9,3,2,2
2000-12-31,76500,5,1,0,2,4,8,3,3,2,3
2001-01-31,76500,1,4,3,3,2,10,4,0,1,3
2001-02-28,76500,1,11,2,0,0,4,4,1,4,1
2001-03-31,76500,0,1,0,0,4,5,12,4,1,4
2001-04-30,76500,4,4,0,0,0,3,3,2,10,4
2001-05-31,76500,4,7,3,0,0,3,0,0,3,11
2001-06-30,76500,3,5,0,2,0,0,0,0,7,13
2001-07-31,76500,8,4,1,0,2,0,1,1,2,12
2001-08-31,76500,5,4,2,0,0,0,0,0,5,15
2001-09-30,76500,7,3,0,1,2,1,1,0,10,5
2001-10-31,76500,11,0,0,1,8,7,1,0,1,2
2001-11-30,76500,4,9,6,2,0,0,0,3,5,1
2001-12-31,76500,5,4,11,0,0,0,1,4,5,1
2002-01-31,76500,16,1,2,4,1,3,2,2,0,0
2002-02-28,76500,7,0,1,0,0,3,4,4,6,3
2002-03-31,76500,4,3,6,2,4,3,1,2,4,2
2002-04-30,76500,1,5,0,4,2,1,1,1,5,10
2002-05-31,76500,5,1,2,0,1,5,0,3,6,8
2002-06-30,76500,8,6,0,0,1,2,0,2,2,9
2002-07-31,76500,4,5,1,0,0,0,1,0,8,12
2002-08-31,76500,1,3,2,0,0,0,0,1,7,17
2002-09-30,76500,0,9,6,3,2,0,0,0,2,8
2002-10-31,76500,7,3,0,0,4,4,3,3,2,5
2002-11-30,76500,1,2,0,0,2,8,2,5,4,6
2002-12-31,76500,1,4,1,1,5,3,5,2,3,6
2003-01-31,76500,5,10,0,0,0,3,4,1,5,3
2003-02-28,76500,3,1,9,2,7,0,1,1,3,1
2003-03-31,76500,8,4,6,2,3,2,0,1,1,4
2003-04-30,76500,1,5,2,3,3,5,0,0,2,9
2003-05-31,76500,8,6,1,1,1,0,1,0,6,7
2003-06-30,76500,3,5,0,0,2,2,0,0,0,18
2003-07-31,76500,1,5,0,0,0,0,0,1,3,21
2003-08-31,76500,2,5,1,0,0,1,1,0,0,21
2003-09-30,76500,7,5,3,2,2,1,0,0,3,7
2003-10-31,76500,3,1,2,7,3,1,3,2,4,5
2003-11-30,76500,9,0,1,4,5,3,2,0,1,5
2003-12-31,76500,5,5,2,5,4,2,1,1,3,3
2004-01-31,76500,3,7,0,0,0,3,5,3,7,3
2004-02-29,76500,9,8,1,1,1,0,1,1,1,6
2004-03-31,76500,7,7,2,1,4,0,1,1,4,4
2004-04-30,76500,1,6,1,1,3,3,1,6,2,6
2004-05-31,76500,5,6,3,0,1,0,1,4,0,11
2004-06-30,76500,8,10,1,1,0,1,0,0,5,4
2004-07-31,76500,2,5,0,0,0,0,1,1,5,17
2004-08-31,76500,5,0,0,0,3,3,0,1,4,15
2004-09-30,76500,4,8,1,5,1,2,0,0,3,6
2004-10-31,76500,8,0,0,0,3,9,3,0,0,8
2004-11-30,76500,6,11,1,0,0,1,0,1,3,7
2004-12-31,76500,3,5,8,3,2,2,1,1,3,3
2005-01-31,76500,12,9,0,1,0,0,0,1,8,0
2005-02-28,76500,2,8,3,2,2,0,0,2,5,4
2005-03-31,76500,8,5,0,0,4,4,1,2,4,3
2005-04-30,76500,6,4,0,1,5,3,0,4,2,5
2005-05-31,76500,6,1,2,1,1,5,1,0,8,6
2005-06-30,76500,2,5,2,1,0,0,0,0,2,18
2005-07-31,76500,1,10,0,0,1,0,0,0,6,13
2005-08-31,76500,5,8,2,2,0,0,0,0,8,6
2005-09-30,76500,4,7,0,1,2,0,0,0,2,14
2005-10-31,76500,7,3,0,4,10,3,0,0,2,2
2005-11-30,76500,6,5,3,2,2,2,2,1,3,4
2005-12-31,76500,5,8,2,0,0,3,3,2,5,3
2006-01-31,76500,5,5,3,6,4,1,0,1,3,3
2006-02-28,76500,4,7,4,0,0,2,3,1,2,5
2006-03-31,76500,2,2,2,3,1,4,5,4,4,4
2006-04-30,76500,9,9,1,1,1,1,0,0,3,5
2006-05-31,76500,9,2,0,2,1,4,1,0,3,9
2006-06-30,76500,5,7,2,2,2,0,0,0,0,12
2006-07-31,76500,7,3,5,0,0,0,0,0,1,15
2006-08-31,76500,4,6,0,0,2,2,0,1,14,2
2006-09-30,76500,8,2,1,1,5,1,0,0,4,8
2006-10-31,76500,6,1,3,2,4,7,2,0,2,4
2006-11-30,76500,9,3,3,0,3,6,2,1,2,1
2006-12-31,76500,11,5,5,0,2,4,2,1,0,1
2007-01-31,76500,15,2,2,0,0,0,4,2,4,2
2007-02-28,76500,2,2,2,0,2,1,9,3,2,5
2007-03-31,76500,5,7,0,1,0,2,1,4,3,8
2007-04-30,76500,6,7,1,3,0,0,0,0,0,13
2007-05-31,76500,2,1,2,1,1,1,4,3,7,9
2007-06-30,76500,7,4,0,0,0,3,1,1,2,12
2007-07-31,76500,9,1,1,0,2,4,1,0,8,5
2007-08-31,76500,3,6,4,0,1,1,0,0,2,14
2007-09-30,76500,6,11,1,1,2,1,0,1,5,2
2007-10-31,76500,6,13,7,1,3,0,0,0,0,1
2007-11-30,76500,1,13,1,0,4,0,0,0,9,2
2007-12-31,76500,6,5,6,4,0,0,2,5,3,0
2008-01-31,76500,12,3,0,0,3,6,2,3,2,0
2008-02-29,76500,9,1,2,8,3,2,3,1,0,0
2008-03-31,76500,3,5,0,0,0,3,2,8,9,1
2008-04-30,76500,1,4,0,0,2,8,1,5,3,6
2008-05-31,76500,4,1,0,3,6,1,0,0,0,16
2008-06-30,76500,3,4,1,0,0,1,0,0,9,12
2008-07-31,76500,8,4,1,0,0,0,0,0,3,15
2008-08-31,76500,10,5,0,0,1,2,0,0,4,9
2008-09-30,76500,5,4,8,3,1,4,0,0,2,3
2008-10-31,76500,7,3,3,1,2,4,0,1,2,8
2008-11-30,76500,3,8,0,0,1,2,0,3,1,12
2008-12-31,76500,0,5,5,5,1,1,3,2,4,5
2009-01-31,76500,4,5,7,2,0,1,5,0,2,5
2009-02-28,76500,2,11,1,1,1,2,1,1,4,4
2009-03-31,76500,2,6,5,0,0,0,1,4,6,7
2009-04-30,76500,2,5,0,1,3,3,0,3,1,12
2009-05-31,76500,5,7,2,1,6,1,0,0,2,7
2009-06-30,76500,2,10,0,0,0,2,3,0,1,12
2009-07-31,76500,5,3,0,0,2,3,0,0,5,13
2009-08-31,76500,1,9,2,0,1,0,0,0,2,16
2009-09-30,76500,5,7,8,1,1,0,0,0,2,6
2009-10-31,76500,5,10,1,0,2,3,0,0,4,6
2009-11-30,76500,4,1,0,0,0,10,6,4,2,3
2009-12-31,76500,3,6,2,0,0,11,0,3,3,3
2010-01-31,76500,3,3,3,3,1,1,0,3,5,9
2010-02-28,76500,1,6,0,3,2,5,6,1,1,3
2010-03-31,76500,6,7,2,1,0,7,3,2,1,2
2010-04-30,76500,7,7,4,1,1,3,0,1,0,6
2010-05-31,76500,0,7,1,0,1,1,0,2,6,13
2010-06-30,76500,1,5,0,0,2,1,0,0,3,18
2010-07-31,76500,2,8,1,0,0,0,0,0,4,16
2010-08-31,76500,8,5,0,0,0,1,0,1,5,11
2010-09-30,76500,3,5,1,2,2,0,1,0,3,13
2010-10-31,76500,3,8,2,3,4,3,1,0,2,5
2010-11-30,76500,3,0,0,0,1,2,3,3,6,12
2010-12-31,76500,3,8,1,2,3,4,1,1,3,5
2011-01-31,76500,7,9,2,0,0,5,1,0,1,6
2011-02-28,76500,7,8,0,0,0,3,1,0,1,8
2011-03-31,76500,4,4,6,1,6,2,0,2,2,4
2011-04-30,76500,6,7,3,1,3,1,0,0,2,7
2011-05-31,76500,7,5,0,1,2,0,0,0,5,11
2011-06-30,76500,7,7,1,0,0,2,0,2,2,9
2011-07-31,76500,4,5,2,0,0,1,1,1,5,12
2011-08-31,76500,4,1,0,1,0,0,0,0,3,22
2011-09-30,76500,9,4,2,0,1,1,0,0,2,11
2011-10-31,76500,10,4,2,3,5,3,0,0,3,1
2011-11-30,76500,7,1,2,6,8,0,0,0,0,6
2011-12-31,76500,4,1,1,0,0,2,6,7,8,2
2012-01-31,76500,6,7,1,1,1,0,2,5,7,1
2012-02-29,76500,5,18,1,0,0,0,0,0,4,1
2012-03-31,76500,10,8,5,1,0,2,0,0,2,3
2012-04-30,76500,1,3,1,0,2,4,5,3,3,8
2012-05-31,76500,5,5,0,0,3,5,0,1,3,9
2012-06-30,76500,5,2,0,0,3,2,1,1,4,12
2012-07-31,76500,3,5,1,0,0,0,0,1,6,15
2012-08-31,76500,5,0,4,0,0,0,0,0,3,19
2012-09-30,76500,4,11,3,0,2,2,1,0,1,6
2012-10-31,76500,4,1,0,3,3,3,1,0,4,12
2012-11-30,76500,3,3,4,0,2,7,2,1,2,6
2012-12-31,76500,2,3,0,1,1,6,5,6,5,2
2013-01-31,76500,4,8,0,0,0,0,3,1,2,13
2013-02-28,76500,0,5,3,4,0,1,1,3,6,5
2013-03-31,76500,1,4,1,0,5,3,2,0,1,14
2013-04-30,76500,7,4,2,2,1,1,4,0,2,7
2013-05-31,76500,2,3,0,0,1,2,2,2,11,8
2013-06-30,76500,6,6,1,1,2,0,0,0,7,7
2013-07-31,76500,3,4,7,0,2,1,0,0,1,13
2013-08-31,76500,3,13,2,1,1,1,0,0,2,8
2013-09-30,76500,3,4,2,0,2,0,0,2,6,11
2013-10-31,76500,2,6,0,1,7,7,0,0,3,5
2013-11-30,76500,0,11,3,1,0,1,5,3,4,2
2013-12-31,76500,10,5,0,0,2,9,1,1,3,0
2014-01-31,76500,3,0,0,0,1,10,3,3,5,6
2014-02-28,76500,2,0,0,0,1,8,6,5,2,4
2014-03-31,76500,6,5,2,0,3,3,2,0,5,5
2014-04-30,76500,1,5,3,0,2,2,0,3,5,9
2014-05-31,76500,5,7,1,0,3,2,0,2,5,6
2014-06-30,76500,1,10,0,0,2,1,0,0,2,14
2014-07-31,76500,0,3,1,2,2,0,1,0,12,10
2014-08-31,76500,4,4,0,0,1,1,1,0,4,16
2014-09-30,76500,2,7,6,2,4,0,0,0,0,9
2014-10-31,76500,7,3,1,1,3,6,0,0,2,8
2014-11-30,76500,1,0,0,4,8,5,4,0,0,8
2014-12-31,76500,5,7,0,0,0,1,1,2,9,6
2015-01-31,76500,7,6,0,1,0,3,1,6,3,4
2015-02-28,76500,3,9,2,0,0,3,1,2,5,3
2015-03-31,76500,5,5,7,3,0,0,1,4,3,3
2015-04-30,76500,8,3,5,0,2,3,1,0,3,5
2015-05-31,76500,9,7,0,0,1,3,1,1,6,3
2015-06-30,76500,6,10,1,2,0,0,0,0,2,9
2015-07-31,76500,4,5,2,0,1,0,0,1,4,14
2015-08-31,76500,2,5,0,0,2,2,1,0,3,16
2015-09-30,76500,1,7,7,0,2,3,1,0,2,7
2015-10-31,76500,2,8,2,3,2,2,1,0,1,10
2015-11-30,76500,16,3,0,1,2,1,0,2,5,0
2015-12-31,76500,21,1,0,0,3,6,0,0,0,0
2016-01-31,76500,7,0,0,0,3,3,9,4,3,2
2016-02-29,76500,6,3,0,0,0,1,5,1,4,9
2016-03-31,76500,0,8,4,0,0,4,2,2,4,7
2016-04-30,76500,4,3,2,1,1,6,0,1,7,5
2016-05-31,76500,2,3,1,1,5,1,3,4,5,6
2016-06-30,76500,8,2,0,0,0,0,0,2,5,13
2016-07-31,76500,6,10,0,0,1,0,0,0,2,12
2016-08-31,76500,8,12,0,0,0,0,0,0,0,11
2016-09-30,76500,6,4,1,1,3,2,0,0,2,11
2016-10-31,76500,2,9,7,4,3,0,0,0,2,4
2016-11-30,76500,5,1,5,1,2,5,0,2,2,7
2016-12-31,76500,8,5,7,5,3,0,0,0,2,1
2017-01-31,76500,4,9,7,1,2,2,1,1,2,2
2017-02-28,76500,10,3,0,3,2,4,2,0,3,1
2017-03-31,76500,8,2,1,2,3,3,3,2,4,3
2017-04-30,76500,5,12,1,0,0,1,0,0,3,8
2017-05-31,76500,6,2,3,2,3,2,0,3,3,7
2017-06-30,76500,8,2,1,0,1,0,3,1,1,13
2017-07-31,76500,6,3,1,1,3,1,0,1,5,10
2017-08-31,76500,2,8,1,0,0,0,0,0,3,17
2017-09-30,76500,6,2,0,0,0,0,2,3,5,12
2017-10-31,76500,16,4,1,0,3,2,0,0,4,1
2017-11-30,76500,4,9,0,0,0,5,1,2,7,2
2017-12-31,76500,3,7,0,0,0,5,4,3,7,2
2018-01-31,76500,3,2,0,2,1,4,5,8,2,4
2018-02-28,76500,2,9,4,2,0,1,1,1,3,5
2018-03-31,76500,0,3,0,0,2,8,4,4,1,9
2018-04-30,76500,8,1,1,0,4,6,1,1,2,6
2018-05-31,76500,1,7,1,0,1,0,0,1,5,15
2018-06-30,76500,2,7,6,1,0,0,0,0,2,12
2018-07-31,76500,2,7,0,0,0,0,0,0,2,20
2018-08-31,76500,1,15,0,0,0,0,0,0,2,13
2018-09-30,76500,10,6,5,1,0,0,0,1,1,6
2018-10-31,76500,1,5,6,2,6,1,0,0,1,9
2018-11-30,76500,2,2,1,5,5,7,0,0,1,7
2018-12-31,76500,3,6,1,0,0,3,4,7,4,3
2019-01-31,76500,1,13,0,0,0,2,0,4,7,4
2019-02-28,76500,9,5,4,1,0,2,2,1,2,2
2019-03-31,76500,8,6,3,0,0,1,4,4,4,1
2019-04-30,76500,1,6,0,6,2,4,1,3,1,6
2019-05-31,76500,3,7,2,0,1,1,1,2,7,7
2019-06-30,76500,5,3,1,3,1,3,0,0,1,13
2019-07-31,76500,4,7,3,0,0,1,0,0,1,15
2019-08-31,76500,3,6,2,0,0,2,0,0,2,16
2019-09-30,76500,6,7,5,1,1,0,1,1,2,6
2019-10-31,76500,7,2,1,1,3,6,1,0,3,7
2019-11-30,76500,0,1,0,0,3,2,6,2,1,15
2019-12-31,76500,4,2,4,1,3,3,3,6,3,2
2020-01-31,76500,15,1,2,3,0,4,4,1,1,0
2020-02-29,76500,10,1,0,1,1,4,5,4,3,0
2020-03-31,76500,8,5,5,3,1,0,3,2,2,2
2020-04-30,76500,6,1,1,5,1,4,3,0,0,9
2020-05-31,76500,3,7,5,4,3,0,1,1,0,7
2020-06-30,76500,6,2,0,1,3,0,0,1,6,11
2020-07-31,76500,4,9,1,0,0,0,0,0,3,14
2020-08-31,76500,3,6,0,0,4,1,0,0,3,14
2020-09-30,76500,7,5,3,1,0,1,1,1,3,8
2020-10-31,76500,7,2,0,0,3,4,8,0,4,3
2020-11-30,76500,10,3,3,4,5,3,0,0,2,0
2020-12-31,76500,4,2,0,0,3,6,5,2,4,5
2021-01-31,76500,1,5,2,0,0,3,2,4,6,8
2021-02-28,76500,6,1,3,1,4,5,1,1,0,6
2021-03-31,76500,9,7,4,1,2,2,2,1,3,0
2021-04-30,76500,2,8,6,2,0,2,0,0,1,9
2021-05-31,76500,9,1,1,0,0,4,4,5,3,4
2021-06-30,76500,2,8,1,0,3,1,0,0,3,12
2021-07-31,76500,3,4,1,0,0,0,0,0,5,18
2021-08-31,76500,5,8,3,0,0,0,0,0,2,13
2021-09-30,76500,5,3,2,1,4,0,0,0,2,13
2021-10-31,76500,7,8,3,0,1,6,2,0,1,3
2021-11-30,76500,2,9,5,1,0,0,1,3,3,6
2021-12-31,76500,5,0,6,0,1,3,7,4,4,1
1981-01-31,76900,1,7,6,1,0,0,0,5,9,2
1981-02-28,76900,6,5,4,2,2,0,0,2,2,5
1981-03-31,76900,9,0,0,0,3,4,5,2,3,5
1981-04-30,76900,8,1,6,1,1,1,0,1,0,11
1981-05-31,76900,6,0,0,0,6,3,3,2,5,6
1981-06-30,76900,8,8,1,0,1,1,0,0,3,8
1981-07-31,76900,7,3,0,0,2,0,0,1,10,8
1981-08-31,76900,3,6,6,0,0,0,0,0,2,14
1981-09-30,76900,10,3,1,0,1,5,0,0,2,8
1981-10-31,76900,7,0,0,0,3,4,7,2,4,4
1981-11-30,76900,15,6,3,0,0,0,0,2,3,1
1981-12-31,76900,1,2,0,0,2,4,7,2,5,8
1982-01-31,76900,4,5,1,5,3,1,2,3,3,4
1982-02-28,76900,5,2,5,4,5,2,0,0,1,4
1982-03-31,76900,6,5,3,1,1,2,2,4,3,4
1982-04-30,76900,3,12,5,1,2,0,0,1,2,4
1982-05-31,76900,11,1,1,2,1,2,1,0,3,9
1982-06-30,76900,9,1,0,1,0,1,0,2,2,14
1982-07-31,76900,2,7,1,3,1,2,0,0,2,13
1982-08-31,76900,11,4,0,0,0,2,0,1,4,9
1982-09-30,76900,7,4,2,1,3,5,0,0,1,7
1982-10-31,76900,5,1,3,2,2,1,5,2,1,9
1982-11-30,76900,8,3,1,0,3,7,1,1,3,3
1982-12-31,76900,3,7,2,0,0,2,8,2,3,4
1983-01-31,76900,15,1,0,0,0,0,1,8,6,0
1983-02-28,76900,2,2,6,3,2,2,1,3,1,6
1983-03-31,76900,8,6,2,0,1,2,0,2,5,5
1983-04-30,76900,2,1,0,0,2,12,5,4,2,2
1983-05-31,76900,2,0,0,0,3,7,4,1,6,8
1983-06-30,76900,6,4,3,1,1,1,0,0,2,12
1983-07-31,76900,1,3,2,1,4,0,0,0,0,20
1983-08-31,76900,1,4,2,2,0,0,0,0,4,18
1983-09-30,76900,8,4,2,1,0,4,1,1,3,6
1983-10-31,76900,9,6,6,0,0,4,1,0,4,1
1983-11-30,76900,1,2,9,6,4,0,3,0,2,3
1983-12-31,76900,3,6,6,1,2,6,1,4,1,1
1984-01-31,76900,7,2,0,0,0,5,6,4,5,2
1984-02-29,76900,1,3,9,0,0,2,0,5,2,7
1984-03-31,76900,0,9,1,5,1,4,2,1,3,5
1984-04-30,76900,3,7,6,4,1,0,0,0,4,5
1984-05-31,76900,1,1,2,0,2,6,4,3,1,11
1984-06-30,76900,5,2,2,1,2,2,2,2,4,8
1984-07-31,76900,3,9,0,0,4,2,0,0,4,9
1984-08-31,76900,5,2,0,1,3,0,0,0,4,16
1984-09-30,76900,8,1,0,0,2,1,3,4,6,5
1984-10-31,76900,11,4,4,1,0,6,2,0,1,2
1984-11-30,76900,2,1,0,5,9,1,5,0,1,6
1984-12-31,76900,7,7,0,3,3,1,0,0,3,7
1985-01-31,76900,2,7,3,0,0,5,1,0,7,6
1985-02-28,76900,5,1,4,4,1,3,0,1,2,7
1985-03-31,76900,2,6,2,1,0,5,4,2,5,4
1985-04-30,76900,3,3,3,0,2,4,3,5,4,3
1985-05-31,76900,1,1,0,0,0,0,0,3,2,24
1985-06-30,76900,5,3,0,1,1,2,2,3,3,10
1985-07-31,76900,9,3,1,2,0,1,1,0,2,12
1985-08-31,76900,9,2,2,0,2,0,1,0,4,11
1985-09-30,76900,11,4,2,2,1,0,1,0,1,8
1985-10-31,76900,6,1,11,5,0,4,0,0,1,3
1985-11-30,76900,1,7,5,1,0,5,2,1,4,4
1985-12-31,76900,8,5,0,0,1,7,2,0,4,4
1986-01-31,76900,3,1,0,0,1,3,4,5,8,6
1986-02-28,76900,0,7,1,3,3,0,0,0,0,14
1986-03-31,76900,9,4,2,1,1,0,4,4,2,4
1986-04-30,76900,1,4,1,1,2,8,1,4,4,4
1986-05-31,76900,12,3,1,0,2,1,0,0,2,10
1986-06-30,76900,4,3,1,2,1,0,0,0,5,14
1986-07-31,76900,8,9,0,0,0,2,0,0,2,10
1986-08-31,76900,4,4,0,0,2,3,0,0,3,15
1986-09-30,76900,4,7,8,0,1,2,0,0,0,8
1986-10-31,76900,7,3,4,5,2,0,3,3,1,3
1986-11-30,76900,9,4,3,0,5,1,4,1,3,0
1986-12-31,76900,7,2,2,0,1,3,1,8,5,2
1987-01-31,76900,1,11,6,1,0,1,0,4,0,7
1987-02-28,76900,4,3,1,2,4,2,1,0,5,6
1987-03-31,76900,4,5,3,7,0,4,3,2,3,0
1987-04-30,76900,5,4,1,1,5,6,3,0,3,2
1987-05-31,76900,1,4,1,0,0,1,1,2,9,12
1987-06-30,76900,10,1,0,0,1,3,1,4,4,6
1987-07-31,76900,3,2,2,0,0,2,0,0,3,19
1987-08-31,76900,4,2,2,1,0,0,0,1,3,18
1987-09-30,76900,12,1,3,0,1,2,0,0,2,9
1987-10-31,76900,1,0,0,4,11,3,4,1,1,6
1987-11-30,76900,5,4,4,0,1,0,2,0,7,7
1987-12-31,76900,8,3,5,4,2,1,4,0,1,3
1988-01-31,76900,4,0,0,2,6,4,6,5,3,1
1988-02-29,76900,3,6,0,4,0,3,3,5,4,1
1988-03-31,76900,2,5,0,0,0,4,2,8,9,1
1988-04-30,76900,2,0,2,2,3,3,0,0,4,14
1988-05-31,76900,2,0,2,3,2,3,3,0,2,14
1988-06-30,76900,2,3,3,0,1,1,0,0,3,17
1988-07-31,76900,12,2,1,0,1,3,2,0,3,7
1988-08-31,76900,7,4,1,0,0,1,1,0,2,15
1988-09-30,76900,13,5,3,1,0,1,0,1,1,5
1988-10-31,76900,3,0,3,3,7,5,1,2,1,6
1988-11-30,76900,5,6,4,5,4,0,1,1,1,3
1988-12-31,76900,9,12,1,0,0,0,0,5,2,2
1989-01-31,76900,9,3,8,5,1,3,1,0,1,0
1989-02-28,76900,14,0,1,1,1,4,3,2,2,0
1989-03-31,76900,8,2,1,1,4,1,2,2,7,3
1989-04-30,76900,2,2,0,0,5,1,5,1,5,9
1989-05-31,76900,7,6,2,5,0,3,0,0,1,7
1989-06-30,76900,2,2,2,0,1,0,0,1,3,19
1989-07-31,76900,5,9,1,0,2,0,1,0,3,10
1989-08-31,76900,2,4,1,0,2,0,0,0,4,18
1989-09-30,76900,4,9,2,3,3,0,0,0,1,8
1989-10-31,76900,13,7,0,1,5,2,1,0,2,0
1989-11-30,76900,4,0,5,8,6,2,2,0,2,1
1989-12-31,76900,2,0,6,9,2,7,4,0,1,0
1990-01-31,76900,15,1,1,4,0,3,4,0,0,3
1990-02-28,76900,11,0,1,0,0,5,4,6,1,0
1990-03-31,76900,14,6,2,2,2,1,0,1,3,0
1990-04-30,76900,0,2,2,3,1,2,0,2,7,11
1990-05-31,76900,7,3,2,3,0,0,0,0,0,16
1990-06-30,76900,4,0,1,0,1,2,1,3,3,15
1990-07-31,76900,5,1,5,0,0,0,1,0,4,15
1990-08-31,76900,9,5,3,1,0,1,0,0,2,10
1990-09-30,76900,5,6,3,1,0,2,1,2,4,6
1990-10-31,76900,2,3,2,4,9,4,3,1,0,3
1990-11-30,76900,2,4,3,1,2,1,2,3,5,7
1990-12-31,76900,5,8,5,2,0,4,1,1,1,4
1991-01-31,76900,6,2,10,3,0,2,6,0,1,1
1991-02-28,76900,4,2,2,7,1,1,1,2,2,6
1991-03-31,76900,5,0,6,3,5,3,1,1,1,6
1991-04-30,76900,5,2,0,3,0,0,2,1,9,8
1991-05-31,76900,3,10,2,0,0,0,0,0,7,9
1991-06-30,76900,14,1,0,0,0,0,3,0,5,7
1991-07-31,76900,4,4,1,1,3,0,0,0,4,14
1991-08-31,76900,4,7,2,4,1,0,0,0,3,10
1991-09-30,76900,7,2,1,1,1,3,1,1,2,11
1991-10-31,76900,2,4,2,4,5,2,1,2,2,7
1991-11-30,76900,2,5,0,4,2,5,3,1,4,4
1991-12-31,76900,4,5,7,7,1,0,0,4,3,0
1992-01-31,76900,7,6,10,3,0,3,0,0,0,2
1992-02-29,76900,13,2,4,0,0,3,1,1,5,0
1992-03-31,76900,9,3,2,1,1,3,0,5,4,3
1992-04-30,76900,4,7,1,0,0,3,5,0,4,6
1992-05-31,76900,3,4,3,1,7,1,0,3,1,8
1992-06-30,76900,1,4,1,2,0,1,0,2,1,18
1992-07-31,76900,6,1,1,0,0,0,0,2,1,20
1992-08-31,76900,14,2,1,0,1,1,2,1,0,9
1992-09-30,76900,10,1,1,0,4,1,0,1,2,10
1992-10-31,76900,0,0,2,3,1,1,4,6,1,13
1992-11-30,76900,9,0,2,0,1,3,6,5,4,0
1992-12-31,76900,1,5,5,5,6,3,2,1,1,2
1993-01-31,76900,14,1,4,2,0,1,3,1,3,2
1993-02-28,76900,2,7,4,10,0,0,0,0,3,2
1993-03-31,76900,10,9,0,2,4,2,0,0,0,4
1993-04-30,76900,2,2,0,1,2,7,1,3,4,8
1993-05-31,76900,6,1,3,0,3,4,1,1,0,12
1993-06-30,76900,4,3,0,0,0,2,1,3,4,13
1993-07-31,76900,9,3,0,1,0,4,0,0,6,8
1993-08-31,76900,3,5,3,0,1,0,0,0,2,17
1993-09-30,76900,0,2,2,3,4,6,3,2,0,8
1993-10-31,76900,0,3,5,4,1,9,4,1,0,4
1993-11-30,76900,5,3,7,5,2,0,1,0,1,6
1993-12-31,76900,8,2,0,0,0,0,9,7,2,3
1994-01-31,76900,8,3,2,0,0,3,4,3,4,4
1994-02-28,76900,2,5,2,1,4,6,2,0,2,4
1994-03-31,76900,15,1,1,0,0,2,2,5,3,2
1994-04-30,76900,3,3,1,0,0,2,3,4,6,8
1994-05-31,76900,3,0,2,0,3,3,1,1,2,16
1994-06-30,76900,7,5,1,0,2,0,1,1,3,10
1994-07-31,76900,1,4,1,1,0,0,0,0,3,21
1994-08-31,76900,5,0,2,0,2,1,0,0,5,16
1994-09-30,76900,4,4,1,4,2,5,2,1,2,5
1994-10-31,76900,6,1,6,5,2,3,3,2,0,3
1994-11-30,76900,8,3,2,2,3,3,1,1,4,3
1994-12-31,76900,7,6,1,1,2,4,7,0,2,1
1995-01-31,76900,0,10,1,0,1,3,8,3,4,1
1995-02-28,76900,9,1,0,0,0,2,7,4,3,2
1995-03-31,76900,6,3,1,2,1,0,5,7,6,0
1995-04-30,76900,2,2,4,1,1,0,3,2,6,9
1995-05-31,76900,6,3,0,1,2,2,1,0,4,12
1995-06-30,76900,9,4,4,0,0,0,0,0,1,12
1995-07-31,76900,5,4,3,2,0,0,0,0,1,16
1995-08-31,76900,2,6,2,1,0,0,0,0,5,15
1995-09-30,76900,6,6,0,0,3,2,1,1,2,9
1995-10-31,76900,9,3,3,2,5,6,0,0,0,3
1995-11-30,76900,0,7,1,3,9,1,1,1,4,3
1995-12-31,76900,1,3,2,6,4,1,3,0,1,10
1996-01-31,76900,0,1,1,9,12,2,0,0,1,5
1996-02-29,76900,1,7,1,1,3,1,2,1,3,9
1996-03-31,76900,2,10,1,3,4,1,0,0,1,9
1996-04-30,76900,3,6,1,0,4,1,0,0,1,14
1996-05-31,76900,5,2,1,0,1,3,5,3,2,9
1996-06-30,76900,9,7,3,0,0,0,0,1,3,7
1996-07-31,76900,7,2,6,0,1,2,0,0,4,9
1996-08-31,76900,2,4,0,0,0,0,0,0,3,22
1996-09-30,76900,3,5,6,1,0,1,0,0,4,10
1996-10-31,76900,5,9,1,1,4,0,2,2,4,3
1996-11-30,76900,5,0,2,0,0,4,4,3,5,7
1996-12-31,76900,1,2,3,4,7,4,0,0,1,9
1997-01-31,76900,1,2,9,7,7,0,0,0,0,5
1997-02-28,76900,15,2,0,0,0,2,3,4,2,0
1997-03-31,76900,8,6,7,0,0,0,0,0,7,3
1997-04-30,76900,5,6,4,4,0,0,2,2,3,4
1997-05-31,76900,2,0,4,5,0,5,5,2,0,8
1997-06-30,76900,1,1,0,1,1,5,2,1,3,15
1997-07-31,76900,2,3,1,0,1,1,0,0,7,16
1997-08-31,76900,6,1,1,2,0,1,1,1,0,18
1997-09-30,76900,8,4,7,2,0,0,0,0,0,9
1997-10-31,76900,2,3,7,3,5,1,0,2,4,4
1997-11-30,76900,1,1,2,2,6,6,3,0,2,7
1997-12-31,76900,6,4,2,1,4,2,3,1,5,3
1998-01-31,76900,4,2,5,4,4,1,7,2,2,0
1998-02-28,76900,14,5,3,2,0,2,0,2,0,0
1998-03-31,76900,6,14,1,0,2,0,2,2,1,3
1998-04-30,76900,2,0,0,0,1,9,8,4,1,5
1998-05-31,76900,3,5,3,1,1,3,0,0,1,14
1998-06-30,76900,7,0,0,1,2,4,0,2,3,11
1998-07-31,76900,7,4,0,0,1,0,0,0,9,10
1998-08-31,76900,0,9,2,0,0,0,0,1,4,15
1998-09-30,76900,0,0,4,2,5,4,1,7,2,5
1998-10-31,76900,8,2,0,0,0,2,3,4,4,8
1998-11-30,76900,4,10,3,0,0,0,1,4,3,5
1998-12-31,76900,11,5,3,1,4,2,0,1,3,1
1999-01-31,76900,11,3,0,1,2,2,3,3,2,4
1999-02-28,76900,4,7,1,0,1,0,1,6,7,1
1999-03-31,76900,3,4,4,0,4,5,3,2,2,4
1999-04-30,76900,3,2,0,2,1,2,3,3,5,9
1999-05-31,76900,7,2,1,2,3,1,0,1,2,12
1999-06-30,76900,3,8,0,0,0,0,2,1,4,12
1999-07-31,76900,4,4,3,1,1,0,0,0,4,14
1999-08-31,76900,3,6,1,0,3,2,0,0,1,15
1999-09-30,76900,6,0,4,1,1,7,1,1,0,9
1999-10-31,76900,10,1,2,3,2,6,0,1,1,5
1999-11-30,76900,7,9,3,2,0,1,0,1,4,3
1999-12-31,76900,11,3,0,0,0,3,7,3,2,2
2000-01-31,76900,13,3,6,2,0,0,0,2,4,1
2000-02-29,76900,9,4,0,0,1,3,2,7,2,1
2000-03-31,76900,6,5,2,2,1,2,2,2,4,5
2000-04-30,76900,1,1,1,1,5,5,2,3,2,9
2000-05-31,76900,7,0,0,1,4,1,1,1,4,12
2000-06-30,76900,5,8,1,1,3,1,0,0,4,7
2000-07-31,76900,3,2,2,0,3,2,1,3,5,10
2000-08-31,76900,4,5,0,3,2,0,0,0,2,15
2000-09-30,76900,5,2,2,1,1,2,0,1,3,13
2000-10-31,76900,8,6,0,1,3,5,2,0,1,5
2000-11-30,76900,5,0,0,0,1,9,9,2,2,2
2000-12-31,76900,5,1,0,2,5,6,2,3,1,6
2001-01-31,76900,2,4,2,4,2,9,5,0,1,2
2001-02-28,76900,2,10,2,0,0,4,3,1,5,1
2001-03-31,76900,0,1,0,0,3,6,11,5,1,4
2001-04-30,76900,3,4,1,0,0,3,3,3,9,4
2001-05-31,76900,4,5,3,0,0,3,0,0,3,13
2001-06-30,76900,4,5,0,1,1,0,0,0,7,12
2001-07-31,76900,7,2,2,0,2,2,0,1,1,14
2001-08-31,76900,4,3,1,0,2,1,0,1,2,17
2001-09-30,76900,8,3,0,1,2,1,1,1,9,4
2001-10-31,76900,13,0,0,1,8,5,1,0,1,2
2001-11-30,76900,5,7,6,3,0,0,0,3,4,2
2001-12-31,76900,6,3,12,0,0,0,1,4,5,0
2002-01-31,76900,15,2,3,4,1,3,2,0,1,0
2002-02-28,76900,8,0,0,0,0,3,4,4,5,4
2002-03-31,76900,5,3,5,3,3,3,1,2,3,3
2002-04-30,76900,2,5,0,5,0,0,1,1,4,12
2002-05-31,76900,4,0,1,2,1,5,0,4,5,9
2002-06-30,76900,11,4,0,0,1,1,0,1,2,10
2002-07-31,76900,4,5,1,0,0,0,1,0,7,13
2002-08-31,76900,1,3,0,1,0,0,0,0,5,21
2002-09-30,76900,0,7,6,1,2,0,0,0,3,11
2002-10-31,76900,6,3,0,0,5,4,4,2,2,5
2002-11-30,76900,1,2,0,0,2,7,2,4,4,8
2002-12-31,76900,1,5,2,2,5,4,3,2,2,5
2003-01-31,76900,5,6,3,0,0,3,4,1,5,4
2003-02-28,76900,3,1,9,2,7,0,1,1,2,2
2003-03-31,76900,9,0,8,2,3,1,2,0,1,5
2003-04-30,76900,2,4,3,2,4,5,0,0,1,9
2003-05-31,76900,7,5,1,1,2,1,1,0,6,7
2003-06-30,76900,4,4,0,0,2,2,0,0,0,18
2003-07-31,76900,1,4,0,2,1,0,1,1,2,19
2003-08-31,76900,5,3,1,1,0,1,1,0,0,19
2003-09-30,76900,5,2,7,2,2,2,0,0,2,8
2003-10-31,76900,4,1,1,7,3,1,3,2,4,5
2003-11-30,76900,9,0,1,3,7,3,0,1,1,5
2003-12-31,76900,4,5,3,4,5,3,0,1,3,3
2004-01-31,76900,4,6,0,1,0,3,5,3,5,4
2004-02-29,76900,7,6,2,2,1,0,1,2,1,7
2004-03-31,76900,7,7,1,2,4,0,1,2,3,4
2004-04-30,76900,0,6,2,1,4,2,1,6,2,6
2004-05-31,76900,5,5,4,1,1,0,2,4,0,9
2004-06-30,76900,10,9,1,0,0,1,0,0,4,5
2004-07-31,76900,4,4,0,0,1,0,1,1,4,16
2004-08-31,76900,5,0,0,0,3,4,0,2,3,14
2004-09-30,76900,5,5,2,6,1,1,0,0,3,7
2004-10-31,76900,7,0,0,0,4,10,3,0,0,7
2004-11-30,76900,6,8,4,0,0,1,0,1,3,7
2004-12-31,76900,2,4,9,3,2,2,1,2,3,3
2005-01-31,76900,14,8,0,1,0,0,1,0,7,0
2005-02-28,76900,2,8,3,1,3,0,0,3,4,4
2005-03-31,76900,8,5,0,0,2,2,0,2,4,8
2005-04-30,76900,6,4,0,1,2,5,0,6,1,5
2005-05-31,76900,5,1,2,1,3,2,1,0,8,8
2005-06-30,76900,3,3,4,1,0,1,0,0,2,16
2005-07-31,76900,1,7,0,0,1,1,0,0,6,15
2005-08-31,76900,4,6,3,1,0,0,1,0,7,9
2005-09-30,76900,8,6,1,0,3,0,0,0,1,11
2005-10-31,76900,7,2,0,3,11,3,0,0,1,4
2005-11-30,76900,7,5,5,2,2,2,2,0,1,4
2005-12-31,76900,6,6,3,0,0,3,4,2,4,3
2006-01-31,76900,5,3,5,9,2,1,0,1,2,3
2006-02-28,76900,4,5,5,1,0,2,3,1,3,4
2006-03-31,76900,2,2,2,3,1,3,5,5,3,5
2006-04-30,76900,5,6,2,2,0,1,0,1,4,9
2006-05-31,76900,8,2,0,2,1,4,1,0,6,7
2006-06-30,76900,4,5,1,4,3,0,0,0,0,13
2006-07-31,76900,6,1,3,2,0,0,0,0,1,18
2006-08-31,76900,5,4,0,0,0,3,0,1,13,5
2006-09-30,76900,8,2,1,1,7,1,0,1,3,6
2006-10-31,76900,7,0,3,2,4,7,2,0,3,3
2006-11-30,76900,10,3,2,0,4,6,2,0,2,1
2006-12-31,76900,12,3,7,0,2,4,1,0,0,2
2007-01-31,76900,12,3,1,0,0,1,4,3,4,3
2007-02-28,76900,2,2,2,0,2,0,9,2,3,6
2007-03-31,76900,5,5,3,3,0,1,1,3,3,7
2007-04-30,76900,8,1,4,6,0,0,0,0,0,11
2007-05-31,76900,2,1,1,0,1,1,3,4,7,11
2007-06-30,76900,8,3,0,0,1,2,2,0,2,12
2007-07-31,76900,7,1,1,0,1,4,1,0,8,8
2007-08-31,76900,3,5,4,0,1,1,0,0,3,14
2007-09-30,76900,7,11,1,1,2,2,0,1,3,2
2007-10-31,76900,6,10,10,2,3,0,0,0,0,0
2007-11-30,76900,0,11,3,0,4,0,0,0,10,2
2007-12-31,76900,7,4,7,4,0,0,3,4,2,0
2008-01-31,76900,12,2,0,0,3,5,2,3,3,1
2008-02-29,76900,9,1,3,7,3,2,4,0,0,0
2008-03-31,76900,1,5,0,0,0,3,3,8,10,1
2008-04-30,76900,0,4,1,0,3,6,4,4,4,4
2008-05-31,76900,2,0,0,6,5,2,1,0,0,15
2008-06-30,76900,6,3,0,0,1,1,0,0,7,12
2008-07-31,76900,7,2,1,0,0,0,0,0,3,18
2008-08-31,76900,12,0,1,0,0,2,0,0,4,12
2008-09-30,76900,3,3,10,2,1,4,0,0,2,5
2008-10-31,76900,9,2,4,1,2,3,1,1,2,6
2008-11-30,76900,2,8,0,0,1,4,0,3,1,11
2008-12-31,76900,1,4,3,5,3,1,3,1,4,6
2009-01-31,76900,3,5,8,4,0,1,4,0,1,5
2009-02-28,76900,2,9,1,1,1,2,1,1,6,4
2009-03-31,76900,3,4,6,0,1,2,1,3,7,4
2009-04-30,76900,2,5,0,1,4,1,2,3,1,11
2009-05-31,76900,6,7,1,2,6,1,0,0,2,6
2009-06-30,76900,5,8,0,0,0,1,4,0,0,12
2009-07-31,76900,4,2,0,1,1,4,0,1,5,13
2009-08-31,76900,5,4,1,1,2,1,0,0,1,16
2009-09-30,76900,5,6,8,1,1,1,0,0,2,6
2009-10-31,76900,4,10,1,2,2,3,0,0,4,5
2009-11-30,76900,4,1,0,0,0,10,8,2,1,4
2009-12-31,76900,2,6,3,0,0,10,0,3,3,4
2010-01-31,76900,3,3,3,4,2,0,0,1,5,10
2010-02-28,76900,1,6,0,3,2,5,6,1,1,3
2010-03-31,76900,5,5,3,1,0,7,3,2,3,2
2010-04-30,76900,3,6,5,1,1,4,0,2,1,7
2010-05-31,76900,1,4,1,0,1,3,0,2,7,12
2010-06-30,76900,1,6,0,0,2,1,0,0,3,17
2010-07-31,76900,5,6,1,0,0,0,0,0,5,14
2010-08-31,76900,10,3,0,0,0,2,0,1,4,11
2010-09-30,76900,3,4,0,2,2,0,1,0,2,16
2010-10-31,76900,3,8,2,3,5,4,0,0,2,4
2010-11-30,76900,3,1,0,1,1,2,4,2,5,11
2010-12-31,76900,3,8,0,3,3,4,2,0,2,6
2011-01-31,76900,6,8,3,2,0,5,1,1,1,4
2011-02-28,76900,7,7,0,0,0,2,2,0,1,9
2011-03-31,76900,5,3,6,1,5,1,1,1,1,7
2011-04-30,76900,6,6,3,1,3,1,0,0,2,8
2011-05-31,76900,9,3,0,1,2,0,0,0,3,13
2011-06-30,76900,7,3,2,0,0,2,0,1,4,11
2011-07-31,76900,3,4,1,0,1,1,1,1,6,13
2011-08-31,76900,5,1,0,0,1,1,0,0,3,20
2011-09-30,76900,9,3,3,2,1,1,0,0,1,10
2011-10-31,76900,7,3,2,6,4,2,0,1,4,2
2011-11-30,76900,8,0,2,9,7,0,0,0,0,4
2011-12-31,76900,4,2,1,0,0,2,7,7,6,2
2012-01-31,76900,7,4,3,1,1,0,2,5,7,1
2012-02-29,76900,4,18,3,0,0,0,0,0,2,2
2012-03-31,76900,7,8,6,1,1,2,1,0,2,3
2012-04-30,76900,1,2,1,0,2,4,5,3,3,9
2012-05-31,76900,6,4,0,1,3,4,0,2,3,8
2012-06-30,76900,6,2,0,0,1,2,1,1,3,14
2012-07-31,76900,6,3,1,0,0,0,0,0,3,18
2012-08-31,76900,7,0,4,0,1,0,0,0,2,17
2012-09-30,76900,2,9,5,1,2,2,1,0,1,7
2012-10-31,76900,4,1,0,1,6,2,2,0,2,13
2012-11-30,76900,3,2,2,2,2,7,2,1,2,7
2012-12-31,76900,5,3,0,1,1,5,4,6,5,1
2013-01-31,76900,4,7,0,0,1,0,3,1,3,12
2013-02-28,76900,1,3,3,3,0,1,1,3,5,8
2013-03-31,76900,0,4,1,0,5,3,4,0,1,13
2013-04-30,76900,8,4,2,2,0,1,4,0,2,7
2013-05-31,76900,3,3,0,0,1,2,1,2,9,10
2013-06-30,76900,5,6,1,0,2,0,0,1,5,10
2013-07-31,76900,2,2,5,0,2,1,0,2,0,17
2013-08-31,76900,3,10,2,0,1,1,0,0,2,12
2013-09-30,76900,3,4,1,0,2,0,0,4,4,12
2013-10-31,76900,4,4,0,1,6,7,0,0,2,7
2013-11-30,76900,2,10,3,2,0,0,5,3,2,3
2013-12-31,76900,12,2,3,0,3,6,1,0,3,1
2014-01-31,76900,4,1,0,0,2,9,1,3,1,10
2014-02-28,76900,2,0,0,1,2,7,5,5,2,4
2014-03-31,76900,6,3,3,1,2,1,3,2,4,6
2014-04-30,76900,0,2,3,0,2,2,0,3,9,9
2014-05-31,76900,6,6,0,0,2,3,0,2,6,6
2014-06-30,76900,1,8,0,0,2,1,0,0,1,17
2014-07-31,76900,0,2,0,1,2,1,1,0,11,13
2014-08-31,76900,7,3,0,0,1,1,1,0,3,15
2014-09-30,76900,2,5,5,2,6,0,0,0,0,10
2014-10-31,76900,7,2,2,2,3,5,0,1,1,8
2014-11-30,76900,1,0,0,4,10,4,1,1,0,9
2014-12-31,76900,5,8,0,0,1,1,2,2,6,6
2015-01-31,76900,7,5,0,1,0,3,2,6,2,5
2015-02-28,76900,3,6,4,0,0,4,0,3,3,5
2015-03-31,76900,4,5,5,6,0,0,1,4,4,2
2015-04-30,76900,8,2,4,1,1,4,1,0,3,6
2015-05-31,76900,8,8,0,0,2,2,1,0,4,6
2015-06-30,76900,10,5,3,1,2,0,0,0,2,7
2015-07-31,76900,4,5,1,0,1,0,0,1,4,15
2015-08-31,76900,5,2,0,0,2,3,0,0,3,16
2015-09-30,76900,1,6,6,1,2,3,2,0,2,7
2015-10-31,76900,2,6,4,3,2,4,0,0,2,8
2015-11-30,76900,17,3,0,1,2,1,0,2,4,0
2015-12-31,76900,20,1,0,0,5,4,0,0,1,0
2016-01-31,76900,7,0,0,0,3,3,9,4,3,2
2016-02-29,76900,4,2,0,0,0,2,5,3,3,10
2016-03-31,76900,0,6,5,0,0,3,3,2,4,8
2016-04-30,76900,4,4,1,2,1,6,0,1,5,6
2016-05-31,76900,1,3,0,1,5,1,2,4,7,7
2016-06-30,76900,8,2,0,0,0,0,1,3,4,12
2016-07-31,76900,7,6,0,0,0,0,0,0,3,15
2016-08-31,76900,8,9,3,0,0,0,0,0,0,11
2016-09-30,76900,8,1,1,0,2,1,0,0,3,14
2016-10-31,76900,4,5,10,3,3,0,0,0,0,6
2016-11-30,76900,5,0,6,1,3,5,0,2,2,6
2016-12-31,76900,10,3,8,6,1,0,0,0,2,1
2017-01-31,76900,3,8,6,3,3,2,1,1,2,2
2017-02-28,76900,9,3,1,2,3,4,3,0,2,1
2017-03-31,76900,8,1,2,4,2,3,1,5,3,2
2017-04-30,76900,6,11,1,0,0,1,0,1,4,6
2017-05-31,76900,6,1,3,2,3,2,1,2,3,8
2017-06-30,76900,9,2,0,1,1,0,3,2,0,12
2017-07-31,76900,6,3,1,0,2,1,0,1,5,12
2017-08-31,76900,7,4,1,0,0,0,0,0,2,17
2017-09-30,76900,8,2,0,0,0,0,1,3,5,11
2017-10-31,76900,17,4,1,0,4,0,0,0,4,1
2017-11-30,76900,4,7,2,0,1,4,1,2,6,3
2017-12-31,76900,5,5,1,0,0,5,4,3,5,3
2018-01-31,76900,3,1,1,3,1,4,5,8,2,3
2018-02-28,76900,2,4,8,2,0,0,1,1,2,8
2018-03-31,76900,0,4,0,0,2,8,2,3,1,11
2018-04-30,76900,5,3,1,2,4,6,1,1,0,7
2018-05-31,76900,1,6,1,0,2,0,0,1,4,16
2018-06-30,76900,1,6,6,0,0,0,0,0,2,15
2018-07-31,76900,2,2,0,1,0,0,0,0,2,24
2018-08-31,76900,1,7,0,0,0,0,0,0,2,21
2018-09-30,76900,11,5,3,1,0,0,0,1,0,9
2018-10-31,76900,1,5,6,1,6,2,0,0,1,9
2018-11-30,76900,2,3,1,6,7,6,0,0,0,5
2018-12-31,76900,4,5,2,0,1,2,4,6,4,3
2019-01-31,76900,1,12,0,0,0,2,2,2,8,4
2019-02-28,76900,10,4,4,1,0,3,2,1,2,1
2019-03-31,76900,6,4,5,1,0,1,4,5,4,1
2019-04-30,76900,1,6,0,6,1,3,1,3,1,8
2019-05-31,76900,2,5,3,0,0,1,1,4,6,9
2019-06-30,76900,3,1,1,3,1,2,0,0,1,18
2019-07-31,76900,4,4,5,1,0,0,0,0,1,16
2019-08-31,76900,4,4,3,0,0,3,0,0,0,17
2019-09-30,76900,6,6,5,2,1,1,1,0,1,7
2019-10-31,76900,7,2,1,1,4,5,1,0,2,8
2019-11-30,76900,0,1,0,0,4,4,4,2,1,14
2019-12-31,76900,4,2,4,2,3,3,3,5,3,2
2020-01-31,76900,13,1,2,3,2,4,4,1,1,0
2020-02-29,76900,8,1,1,0,1,4,5,6,3,0
2020-03-31,76900,8,5,4,3,2,1,2,2,3,1
2020-04-30,76900,7,1,2,3,1,3,3,0,0,10
2020-05-31,76900,3,6,7,2,2,1,1,1,0,8
2020-06-30,76900,6,2,0,1,1,2,0,1,5,12
2020-07-31,76900,6,5,2,0,1,0,0,0,1,16
2020-08-31,76900,4,5,1,0,2,1,0,0,3,15
2020-09-30,76900,7,2,3,1,1,0,2,1,3,10
2020-10-31,76900,8,2,0,0,3,5,5,1,3,4
2020-11-30,76900,10,1,5,4,6,2,0,0,2,0
2020-12-31,76900,5,3,0,0,3,6,4,3,2,5
2021-01-31,76900,2,3,4,0,0,2,2,6,5,7
2021-02-28,76900,6,1,3,2,5,4,2,1,0,4
2021-03-31,76900,10,6,5,2,0,1,2,2,3,0
2021-04-30,76900,2,6,8,2,0,3,0,0,1,8
2021-05-31,76900,7,0,1,1,1,3,5,7,3,3
2021-06-30,76900,3,2,0,0,3,2,0,0,3,17
2021-07-31,76900,4,3,1,0,1,0,0,0,5,17
2021-08-31,76900,5,9,3,0,0,0,0,0,2,12
2021-09-30,76900,4,2,3,2,3,2,0,0,1,13
2021-10-31,76900,6,8,4,0,1,6,2,0,1,3
2021-11-30,76900,2,6,6,2,0,0,1,3,3,7
2021-12-31,76900,5,1,5,1,0,4,5,2,4,4
1981-01-31,161530,0,8,6,1,0,0,1,4,8,3
1981-02-28,161530,5,3,5,2,2,0,0,2,2,7
1981-03-31,161530,9,1,0,0,3,3,5,3,3,4
1981-04-30,161530,6,1,5,2,1,1,0,1,1,12
1981-05-31,161530,11,0,0,0,2,3,3,2,5,5
1981-06-30,161530,6,10,0,1,0,0,0,0,5,8
1981-07-31,161530,7,3,0,0,0,0,0,1,11,9
1981-08-31,161530,3,9,4,0,0,0,0,0,2,13
1981-09-30,161530,7,3,2,0,0,5,0,0,4,9
1981-10-31,161530,7,0,0,0,2,3,6,4,6,3
1981-11-30,161530,14,6,4,0,0,0,0,2,3,1
1981-12-31,161530,0,3,1,0,2,4,6,3,5,7
1982-01-31,161530,7,4,3,6,1,1,1,2,3,3
1982-02-28,161530,9,3,4,4,2,1,0,0,0,5
1982-03-31,161530,5,5,3,1,1,2,2,3,3,6
1982-04-30,161530,2,11,6,1,2,0,0,1,2,5
1982-05-31,161530,13,1,1,1,0,2,2,0,2,9
1982-06-30,161530,7,1,0,0,0,0,0,3,3,16
1982-07-31,161530,2,6,3,1,1,0,0,0,4,14
1982-08-31,161530,9,4,0,0,0,1,1,0,5,11
1982-09-30,161530,6,5,2,1,1,5,1,0,1,8
1982-10-31,161530,5,1,4,1,2,1,5,2,2,8
1982-11-30,161530,12,3,1,0,3,5,1,1,1,3
1982-12-31,161530,3,6,3,0,0,2,8,2,2,5
1983-01-31,161530,14,2,0,0,0,0,1,9,5,0
1983-02-28,161530,1,1,6,2,2,2,1,3,2,8
1983-03-31,161530,6,6,3,0,1,2,0,3,4,6
1983-04-30,161530,5,0,0,0,1,10,6,4,3,1
1983-05-31,161530,2,0,0,0,3,5,6,2,6,7
1983-06-30,161530,7,4,3,1,0,1,0,0,2,12
1983-07-31,161530,1,3,1,1,0,0,0,0,2,23
1983-08-31,161530,2,4,1,1,0,0,0,0,5,18
1983-09-30,161530,11,4,2,0,0,3,1,1,3,5
1983-10-31,161530,11,5,6,0,0,2,1,0,4,2
1983-11-30,161530,6,2,10,6,0,0,2,0,2,2
1983-12-31,161530,6,6,6,0,2,4,2,2,1,2
1984-01-31,161530,8,1,0,0,0,4,5,4,6,3
1984-02-29,161530,2,3,8,0,0,2,0,5,1,8
1984-03-31,161530,0,8,2,5,0,3,2,1,3,7
1984-04-30,161530,5,7,5,3,0,0,0,0,3,7
1984-05-31,161530,1,2,2,0,2,4,5,3,1,11
1984-06-30,161530,6,2,1,1,0,1,3,3,4,9
1984-07-31,161530,2,7,0,0,1,4,0,0,7,10
1984-08-31,161530,4,2,1,0,1,0,0,0,3,20
1984-09-30,161530,9,1,0,0,1,1,1,6,5,6
1984-10-31,161530,12,4,3,1,0,4,4,0,1,2
1984-11-30,161530,4,1,0,4,7,0,2,2,1,9
1984-12-31,161530,10,7,1,0,2,0,1,0,3,7
1985-01-31,161530,2,6,4,0,0,4,1,0,7,7
1985-02-28,161530,5,1,5,3,1,3,0,1,2,7
1985-03-31,161530,4,4,5,1,0,2,6,1,4,4
1985-04-30,161530,3,3,3,0,1,4,3,6,3,4
1985-05-31,161530,1,2,0,0,0,0,1,4,2,21
1985-06-30,161530,6,1,0,0,0,1,1,3,6,12
1985-07-31,161530,6,4,0,1,0,0,0,0,2,18
1985-08-31,161530,10,3,2,0,0,0,1,0,5,10
1985-09-30,161530,14,4,3,0,0,0,1,0,1,7
1985-10-31,161530,5,1,12,3,0,4,0,0,1,5
1985-11-30,161530,2,6,6,0,0,4,2,1,3,6
1985-12-31,161530,11,5,0,0,1,5,2,0,3,4
1986-01-31,161530,3,1,0,0,1,3,4,6,7,6
1986-02-28,161530,0,6,1,4,2,0,0,0,0,15
1986-03-31,161530,10,3,3,1,0,0,3,4,1,6
1986-04-30,161530,1,4,1,1,0,8,1,4,4,6
1986-05-31,161530,10,2,1,0,0,0,0,1,3,14
1986-06-30,161530,5,3,1,0,0,0,0,1,5,15
1986-07-31,161530,7,10,0,0,0,1,2,0,2,9
1986-08-31,161530,5,3,0,0,0,1,0,0,5,17
1986-09-30,161530,4,7,8,0,0,2,0,0,0,9
1986-10-31,161530,7,5,4,3,2,0,3,3,1,3
1986-11-30,161530,10,5,3,0,5,0,3,1,2,1
1986-12-31,161530,8,2,2,0,0,3,1,8,5,2
1987-01-31,161530,1,11,6,1,0,0,0,4,0,8
1987-02-28,161530,3,4,1,2,4,2,1,0,3,8
1987-03-31,161530,4,4,5,6,0,2,5,2,3,0
1987-04-30,161530,8,4,2,1,3,5,1,1,4,1
1987-05-31,161530,3,5,1,0,0,0,1,2,6,13
1987-06-30,161530,8,2,0,0,0,2,1,4,5,8
1987-07-31,161530,3,4,2,0,0,0,1,0,4,17
1987-08-31,161530,3,3,3,0,0,0,0,1,4,17
1987-09-30,161530,13,2,2,0,0,0,0,0,1,12
1987-10-31,161530,2,0,1,4,9,3,3,1,0,8
1987-11-30,161530,5,5,4,0,1,0,2,0,5,8
1987-12-31,161530,9,1,8,3,2,1,2,1,1,3
1988-01-31,161530,5,0,0,2,5,4,6,5,3,1
1988-02-29,161530,5,6,1,0,0,3,3,5,5,1
1988-03-31,161530,2,5,0,0,0,4,2,7,9,2
1988-04-30,161530,5,0,3,1,2,1,0,0,3,15
1988-05-31,161530,3,1,1,4,0,3,2,0,2,15
1988-06-30,161530,6,4,2,0,1,0,0,0,3,14
1988-07-31,161530,9,6,0,0,0,2,3,0,5,6
1988-08-31,161530,7,4,1,0,0,1,0,0,2,16
1988-09-30,161530,12,6,3,1,0,1,0,1,2,4
1988-10-31,161530,4,1,3,3,6,4,2,2,1,5
1988-11-30,161530,8,6,4,4,2,0,1,1,1,3
1988-12-31,161530,9,12,1,0,0,0,0,4,2,3
1989-01-31,161530,16,2,9,1,0,1,1,0,1,0
1989-02-28,161530,18,0,0,0,0,3,3,2,2,0
1989-03-31,161530,10,2,1,0,2,2,2,2,7,3
1989-04-30,161530,2,2,0,0,4,2,5,1,4,10
1989-05-31,161530,7,6,2,4,0,1,2,0,1,8
1989-06-30,161530,3,1,3,0,0,0,0,1,4,18
1989-07-31,161530,6,9,1,0,0,0,0,0,4,11
1989-08-31,161530,4,6,0,0,0,0,0,0,4,17
1989-09-30,161530,6,9,3,2,1,0,0,0,0,9
1989-10-31,161530,18,7,0,1,0,2,1,0,2,0
1989-11-30,161530,8,1,5,4,4,2,2,0,1,3
1989-12-31,161530,3,0,10,6,0,6,5,0,1,0
1990-01-31,161530,17,1,1,2,0,3,4,0,0,3
1990-02-28,161530,13,0,1,0,0,3,4,6,1,0
1990-03-31,161530,17,5,2,1,0,1,0,1,3,1
1990-04-30,161530,2,3,1,3,0,1,1,1,6,12
1990-05-31,161530,6,3,5,0,0,0,0,0,0,17
1990-06-30,161530,5,0,1,0,0,1,1,4,4,14
1990-07-31,161530,5,3,4,0,0,0,0,1,5,13
1990-08-31,161530,7,5,3,0,0,1,0,2,4,9
1990-09-30,161530,7,5,2,0,0,1,1,2,5,7
1990-10-31,161530,3,2,2,5,3,4,3,1,0,8
1990-11-30,161530,2,4,3,2,1,2,2,4,4,6
1990-12-31,161530,8,8,4,0,0,2,4,0,1,4
1991-01-31,161530,6,1,13,1,0,0,8,0,1,1
1991-02-28,161530,3,2,2,7,1,1,1,1,4,6
1991-03-31,161530,4,1,4,4,3,4,0,2,1,8
1991-04-30,161530,4,3,0,3,0,0,2,1,8,9
1991-05-31,161530,5,6,3,0,0,0,0,0,7,10
1991-06-30,161530,13,0,0,0,0,0,3,0,7,7
1991-07-31,161530,4,3,0,1,0,0,0,0,6,17
1991-08-31,161530,3,9,3,2,0,0,0,0,3,11
1991-09-30,161530,8,2,1,0,0,3,2,1,2,11
1991-10-31,161530,3,3,4,2,4,2,1,1,3,8
1991-11-30,161530,7,3,1,2,0,5,3,1,3,5
1991-12-31,161530,6,7,7,4,0,0,0,4,3,0
1992-01-31,161530,8,4,11,3,0,2,0,0,1,2
1992-02-29,161530,13,2,4,0,0,3,1,1,5,0
1992-03-31,161530,11,3,1,0,1,2,0,5,5,3
1992-04-30,161530,5,7,1,0,0,1,4,0,4,8
1992-05-31,161530,6,5,3,1,2,1,0,2,1,10
1992-06-30,161530,1,5,2,2,0,0,0,3,2,15
1992-07-31,161530,7,2,1,0,0,0,0,2,0,19
1992-08-31,161530,11,2,1,0,0,1,2,1,2,11
1992-09-30,161530,11,0,0,0,3,1,1,1,3,10
1992-10-31,161530,0,0,2,3,1,1,4,6,1,13
1992-11-30,161530,11,0,2,0,1,2,5,5,4,0
1992-12-31,161530,3,4,5,5,3,4,2,0,3,2
1993-01-31,161530,15,1,4,2,0,0,3,1,3,2
1993-02-28,161530,5,7,6,5,0,0,0,0,3,2
1993-03-31,161530,15,9,1,0,0,1,1,0,0,4
1993-04-30,161530,2,1,0,1,2,6,2,3,4,9
1993-05-31,161530,7,1,3,0,1,1,2,1,1,14
1993-06-30,161530,5,4,0,0,0,1,0,4,5,11
1993-07-31,161530,11,2,1,0,0,0,1,1,7,8
1993-08-31,161530,3,7,4,0,0,0,0,0,2,15
1993-09-30,161530,2,1,2,2,1,5,2,4,1,10
1993-10-31,161530,0,2,5,5,0,8,5,1,0,5
1993-11-30,161530,5,2,7,4,2,0,1,0,1,8
1993-12-31,161530,8,3,0,0,0,0,10,6,1,3
1994-01-31,161530,6,4,2,0,0,3,3,4,5,4
1994-02-28,161530,2,6,3,2,2,6,2,0,1,4
1994-03-31,161530,15,1,1,0,0,2,2,4,3,3
1994-04-30,161530,2,0,3,0,0,2,3,4,6,10
1994-05-31,161530,2,0,3,0,4,3,1,2,3,13
1994-06-30,161530,7,5,0,0,1,0,1,2,5,9
1994-07-31,161530,0,6,1,0,0,0,0,0,3,21
1994-08-31,161530,2,3,1,0,1,1,0,1,6,16
1994-09-30,161530,6,4,1,3,1,2,3,1,2,7
1994-10-31,161530,7,1,6,6,2,0,3,2,0,4
1994-11-30,161530,10,4,2,0,4,2,0,1,4,3
1994-12-31,161530,9,5,2,1,2,2,7,0,1,2
1995-01-31,161530,1,11,0,0,0,3,8,3,4,1
1995-02-28,161530,10,1,0,0,0,1,7,4,3,2
1995-03-31,161530,7,2,1,2,1,0,4,8,5,1
1995-04-30,161530,5,2,4,0,1,1,2,1,6,8
1995-05-31,161530,5,4,1,1,0,3,1,0,4,12
1995-06-30,161530,9,4,3,0,0,0,0,0,2,12
1995-07-31,161530,3,6,2,0,0,0,1,1,2,16
1995-08-31,161530,1,6,3,1,0,0,0,0,5,15
1995-09-30,161530,6,4,0,1,0,3,1,0,4,11
1995-10-31,161530,14,4,2,3,0,4,0,0,0,4
1995-11-30,161530,0,7,0,3,9,1,1,1,4,4
1995-12-31,161530,1,3,4,6,2,1,3,0,1,10
1996-01-31,161530,0,1,1,11,9,2,0,0,0,7
1996-02-29,161530,1,9,1,2,2,1,2,0,2,9
1996-03-31,161530,3,7,2,4,1,0,0,0,1,13
1996-04-30,161530,5,5,2,0,0,4,0,0,1,13
1996-05-31,161530,7,2,1,0,0,3,5,3,2,8
1996-06-30,161530,7,7,4,0,0,0,0,1,4,7
1996-07-31,161530,7,3,6,0,0,1,0,0,5,9
1996-08-31,161530,1,4,0,0,0,0,0,1,3,22
1996-09-30,161530,2,6,6,1,0,1,0,0,5,9
1996-10-31,161530,7,9,1,1,2,0,2,2,4,3
1996-11-30,161530,5,0,0,1,0,5,3,3,5,8
1996-12-31,161530,3,2,3,4,6,3,0,0,1,9
1997-01-31,161530,3,2,10,5,5,1,0,0,0,5
1997-02-28,161530,16,2,0,0,0,0,4,4,2,0
1997-03-31,161530,9,6,7,0,0,0,0,0,6,3
1997-04-30,161530,6,6,5,2,0,0,3,1,3,4
1997-05-31,161530,2,0,7,2,0,4,6,2,1,7
1997-06-30,161530,1,2,1,1,1,2,2,2,3,15
1997-07-31,161530,3,3,1,0,1,0,0,0,8,15
1997-08-31,161530,6,3,0,0,0,1,1,1,0,19
1997-09-30,161530,9,4,6,0,0,0,0,0,1,10
1997-10-31,161530,3,3,10,1,4,1,0,2,4,3
1997-11-30,161530,1,1,2,3,4,4,4,0,2,9
1997-12-31,161530,5,4,2,1,4,2,3,0,5,5
1998-01-31,161530,6,2,5,3,1,3,7,2,2,0
1998-02-28,161530,12,7,3,1,0,2,1,1,0,1
1998-03-31,161530,7,12,3,0,1,1,2,2,1,2
1998-04-30,161530,3,0,0,1,0,9,7,6,1,3
1998-05-31,161530,4,4,4,1,0,2,1,0,1,14
1998-06-30,161530,6,1,0,1,1,2,1,2,5,11
1998-07-31,161530,6,3,0,0,0,1,0,2,10,9
1998-08-31,161530,0,11,3,0,0,0,0,1,3,13
1998-09-30,161530,2,1,3,1,3,3,1,7,1,8
1998-10-31,161530,8,2,0,0,0,2,3,4,4,8
1998-11-30,161530,4,9,3,0,0,0,3,2,3,6
1998-12-31,161530,11,5,3,0,4,2,0,1,2,3
1999-01-31,161530,13,2,1,0,1,2,2,4,3,3
1999-02-28,161530,5,6,2,0,0,0,1,6,7,1
1999-03-31,161530,3,4,4,0,3,6,2,3,2,4
1999-04-30,161530,3,2,0,1,1,2,3,4,5,9
1999-05-31,161530,8,2,1,2,0,1,0,3,2,12
1999-06-30,161530,2,7,2,0,0,0,1,1,4,13
1999-07-31,161530,3,6,2,0,0,0,0,0,5,15
1999-08-31,161530,3,8,1,0,1,0,1,0,1,16
1999-09-30,161530,6,2,3,1,0,4,2,1,0,11
1999-10-31,161530,13,2,1,1,1,6,0,1,1,5
1999-11-30,161530,8,8,4,2,0,0,0,1,3,4
1999-12-31,161530,12,3,0,0,0,2,7,3,2,2
2000-01-31,161530,14,3,6,1,0,0,0,2,4,1
2000-02-29,161530,9,4,1,0,0,1,2,8,3,1
2000-03-31,161530,6,5,2,1,0,3,1,4,5,4
2000-04-30,161530,1,1,1,1,4,4,2,3,2,11
2000-05-31,161530,8,0,0,1,1,0,1,1,4,15
2000-06-30,161530,8,6,1,0,1,0,0,0,6,8
2000-07-31,161530,6,4,2,0,2,2,1,2,5,7
2000-08-31,161530,3,6,0,1,0,0,0,0,2,19
2000-09-30,161530,5,2,2,1,2,1,0,1,4,12
2000-10-31,161530,9,6,0,1,2,4,2,0,2,5
2000-11-30,161530,4,0,0,0,1,9,9,3,2,2
2000-12-31,161530,7,1,0,3,2,7,1,3,1,6
2001-01-31,161530,2,4,3,3,3,8,5,0,1,2
2001-02-28,161530,3,8,2,0,0,4,3,1,5,2
2001-03-31,161530,0,1,0,0,2,5,12,5,1,5
2001-04-30,161530,4,4,1,0,0,1,4,2,9,5
2001-05-31,161530,4,4,4,0,0,3,0,0,4,12
2001-06-30,161530,4,4,0,0,0,0,0,0,8,14
2001-07-31,161530,6,4,1,0,3,0,0,2,4,11
2001-08-31,161530,6,3,0,0,0,0,0,0,4,18
2001-09-30,161530,9,0,0,1,0,2,1,1,13,3
2001-10-31,161530,15,0,1,1,4,4,2,0,1,3
2001-11-30,161530,5,7,6,3,0,0,0,2,4,3
2001-12-31,161530,7,2,12,0,0,0,1,3,5,1
2002-01-31,161530,19,1,2,4,0,1,2,0,1,1
2002-02-28,161530,10,1,0,0,0,2,4,3,3,5
2002-03-31,161530,4,3,6,2,2,2,1,2,2,7
2002-04-30,161530,2,5,0,5,0,1,0,1,4,12
2002-05-31,161530,5,0,2,1,0,3,0,5,5,10
2002-06-30,161530,10,3,0,0,1,1,0,1,3,11
2002-07-31,161530,4,5,1,0,0,0,1,0,6,14
2002-08-31,161530,2,4,0,1,0,0,0,0,6,18
2002-09-30,161530,2,7,6,0,0,0,0,0,2,13
2002-10-31,161530,9,4,0,0,1,3,4,2,1,7
2002-11-30,161530,1,2,0,0,2,6,3,4,4,8
2002-12-31,161530,2,3,1,3,3,5,3,1,1,9
2003-01-31,161530,4,7,3,0,0,3,2,4,3,5
2003-02-28,161530,4,1,9,4,4,0,1,1,2,2
2003-03-31,161530,11,1,7,2,0,1,2,0,1,6
2003-04-30,161530,4,4,4,2,2,4,1,0,1,8
2003-05-31,161530,9,4,1,1,1,0,1,0,5,9
2003-06-30,161530,4,5,0,0,0,1,1,0,2,17
2003-07-31,161530,0,5,0,1,0,0,0,2,3,20
2003-08-31,161530,4,5,0,0,0,0,1,0,1,20
2003-09-30,161530,7,3,7,1,1,0,1,0,2,8
2003-10-31,161530,5,1,2,5,2,1,3,2,4,6
2003-11-30,161530,10,0,2,2,7,2,0,1,1,5
2003-12-31,161530,6,5,4,3,4,2,1,0,3,3
2004-01-31,161530,3,5,1,1,0,3,5,3,5,5
2004-02-29,161530,8,2,4,1,1,0,1,2,2,8
2004-03-31,161530,7,7,1,2,3,1,1,2,2,5
2004-04-30,161530,2,7,2,1,3,1,1,5,2,6
2004-05-31,161530,5,6,4,1,1,0,1,4,0,9
2004-06-30,161530,9,10,1,0,0,0,0,0,4,6
2004-07-31,161530,3,4,0,0,0,0,1,1,5,17
2004-08-31,161530,6,1,0,0,0,4,0,0,4,16
2004-09-30,161530,5,5,6,1,1,1,0,0,3,8
2004-10-31,161530,8,0,0,0,0,10,2,1,0,10
2004-11-30,161530,6,8,4,0,0,1,0,1,3,7
2004-12-31,161530,2,4,11,1,2,2,1,2,2,4
2005-01-31,161530,15,7,0,0,0,0,1,0,7,1
2005-02-28,161530,2,8,3,4,0,0,0,3,3,5
2005-03-31,161530,9,5,0,0,2,2,0,2,3,8
2005-04-30,161530,9,4,0,1,2,4,0,5,1,4
2005-05-31,161530,7,1,2,1,1,3,0,0,8,8
2005-06-30,161530,1,4,4,0,0,0,0,0,4,17
2005-07-31,161530,1,7,0,0,0,0,0,0,7,16
2005-08-31,161530,3,9,2,0,0,0,1,0,7,9
2005-09-30,161530,6,7,1,0,2,0,0,1,2,11
2005-10-31,161530,8,1,0,4,8,4,0,0,1,5
2005-11-30,161530,7,5,5,2,2,1,2,0,1,5
2005-12-31,161530,6,4,4,0,0,2,4,2,5,4
2006-01-31,161530,6,3,6,6,2,1,0,1,1,5
2006-02-28,161530,4,4,6,0,0,1,4,1,3,5
2006-03-31,161530,2,3,2,3,0,3,6,5,2,5
2006-04-30,161530,5,6,1,0,0,1,0,0,3,14
2006-05-31,161530,11,2,0,2,1,1,3,1,6,4
2006-06-30,161530,6,6,1,2,1,1,0,0,0,13
2006-07-31,161530,7,4,2,1,0,0,0,0,2,15
2006-08-31,161530,5,3,0,0,0,2,0,2,16,3
2006-09-30,161530,9,2,3,0,5,1,0,0,3,7
2006-10-31,161530,7,0,4,1,4,7,2,0,3,3
2006-11-30,161530,11,2,3,0,2,6,2,0,3,1
2006-12-31,161530,13,3,8,0,1,3,1,0,0,2
2007-01-31,161530,14,3,2,0,0,0,3,3,3,3
2007-02-28,161530,4,2,1,0,2,0,7,3,3,6
2007-03-31,161530,5,5,4,2,0,1,1,3,3,7
2007-04-30,161530,7,0,4,6,0,0,0,0,0,13
2007-05-31,161530,3,1,1,0,1,1,4,4,6,10
2007-06-30,161530,6,4,0,0,0,2,2,2,2,12
2007-07-31,161530,10,2,0,0,0,3,1,1,7,7
2007-08-31,161530,3,4,4,0,0,1,0,0,5,14
2007-09-30,161530,10,11,1,1,0,0,0,1,2,4
2007-10-31,161530,9,9,10,1,1,0,0,0,0,1
2007-11-30,161530,1,10,4,0,4,0,0,0,9,2
2007-12-31,161530,6,4,8,4,0,0,3,3,3,0
2008-01-31,161530,14,2,0,0,3,5,1,2,3,1
2008-02-29,161530,10,1,8,1,2,1,4,1,0,1
2008-03-31,161530,1,5,0,0,0,3,4,7,6,5
2008-04-30,161530,1,3,1,0,2,4,5,4,5,5
2008-05-31,161530,4,0,0,5,4,1,1,0,0,16
2008-06-30,161530,5,4,0,0,1,0,0,0,8,12
2008-07-31,161530,5,3,0,0,0,0,0,0,5,18
2008-08-31,161530,10,4,0,0,0,1,0,0,5,11
2008-09-30,161530,5,4,9,1,0,1,1,0,2,7
2008-10-31,161530,11,1,4,0,1,1,2,3,2,6
2008-11-30,161530,5,7,0,0,2,3,0,3,1,9
2008-12-31,161530,2,5,4,3,2,1,3,1,3,7
2009-01-31,161530,3,5,11,1,0,1,3,0,1,6
2009-02-28,161530,2,9,1,1,0,3,1,1,5,5
2009-03-31,161530,3,5,6,0,1,2,1,4,5,4
2009-04-30,161530,2,6,0,1,4,1,2,1,0,13
2009-05-31,161530,6,7,1,2,1,1,1,0,1,11
2009-06-30,161530,5,8,0,0,0,1,3,1,4,8
2009-07-31,161530,5,2,0,0,1,3,0,1,4,15
2009-08-31,161530,5,6,1,0,0,0,0,0,2,17
2009-09-30,161530,4,7,9,0,0,0,0,1,2,7
2009-10-31,161530,5,10,2,0,2,3,0,0,3,6
2009-11-30,161530,7,0,0,0,0,8,8,1,2,4
2009-12-31,161530,2,7,3,1,0,8,3,3,2,2
2010-01-31,161530,3,3,5,4,1,1,0,1,4,9
2010-02-28,161530,1,5,0,3,2,5,6,1,1,4
2010-03-31,161530,4,3,3,1,0,7,3,3,3,4
2010-04-30,161530,5,6,4,1,0,2,1,1,1,9
2010-05-31,161530,1,4,1,0,0,1,2,1,7,14
2010-06-30,161530,2,5,0,0,1,1,0,0,4,17
2010-07-31,161530,5,6,2,0,0,0,0,0,7,11
2010-08-31,161530,7,4,0,0,0,0,1,2,7,10
2010-09-30,161530,3,4,2,0,2,0,1,0,2,16
2010-10-31,161530,3,8,2,5,2,5,0,0,2,4
2010-11-30,161530,3,1,0,1,1,2,5,1,5,11
2010-12-31,161530,4,8,1,2,2,4,2,0,2,6
2011-01-31,161530,6,8,4,1,0,5,1,1,1,4
2011-02-28,161530,7,6,1,0,0,2,1,0,1,10
2011-03-31,161530,6,2,7,1,4,1,1,0,1,8
2011-04-30,161530,8,6,4,1,2,1,0,0,3,5
2011-05-31,161530,5,5,2,1,2,0,0,0,3,13
2011-06-30,161530,8,3,2,0,0,0,0,2,4,11
2011-07-31,161530,1,4,0,0,0,0,2,4,6,14
2011-08-31,161530,4,0,0,0,0,0,1,0,3,23
2011-09-30,161530,7,4,3,0,0,1,0,1,4,10
2011-10-31,161530,9,3,4,3,3,2,0,1,4,2
2011-11-30,161530,9,0,2,10,6,0,0,0,0,3
2011-12-31,161530,5,2,0,0,0,2,7,7,6,2
2012-01-31,161530,7,4,1,1,1,0,2,5,7,3
2012-02-29,161530,5,16,4,0,0,0,0,0,2,2
2012-03-31,161530,8,6,7,2,0,2,1,0,4,1
2012-04-30,161530,1,3,1,0,2,4,5,3,2,9
2012-05-31,161530,5,4,0,0,3,1,2,1,4,11
2012-06-30,161530,5,2,0,0,0,1,2,1,7,12
2012-07-31,161530,3,2,1,0,0,0,0,0,7,18
2012-08-31,161530,6,4,2,0,0,0,0,0,2,17
2012-09-30,161530,3,10,2,1,0,3,1,0,1,9
2012-10-31,161530,5,2,0,0,6,1,2,0,2,13
2012-11-30,161530,5,1,4,2,2,5,2,1,1,7
2012-12-31,161530,5,3,0,0,1,4,3,6,6,3
2013-01-31,161530,5,7,0,0,1,1,1,2,3,11
2013-02-28,161530,1,5,5,1,0,0,1,2,3,10
2013-03-31,161530,0,2,2,1,4,3,3,0,1,15
2013-04-30,161530,9,4,0,2,0,1,4,0,1,9
2013-05-31,161530,3,3,0,0,1,2,3,2,9,8
2013-06-30,161530,6,6,0,0,1,0,0,0,7,10
2013-07-31,161530,3,3,3,0,0,0,0,0,1,21
2013-08-31,161530,4,10,3,0,0,0,0,0,3,11
2013-09-30,161530,3,4,1,0,1,0,0,3,5,13
2013-10-31,161530,8,4,0,1,4,5,1,1,1,6
2013-11-30,161530,2,8,4,2,0,0,4,3,3,4
2013-12-31,161530,14,2,3,1,0,6,1,0,3,1
2014-01-31,161530,8,1,0,0,2,7,0,3,1,9
2014-02-28,161530,4,1,0,1,0,8,5,4,0,5
2014-03-31,161530,6,3,4,1,1,0,3,2,4,7
2014-04-30,161530,2,2,2,0,2,0,0,2,8,12
2014-05-31,161530,5,6,0,0,2,2,2,3,6,5
2014-06-30,161530,3,10,0,0,0,0,0,0,2,15
2014-07-31,161530,0,2,0,1,1,1,2,0,12,12
2014-08-31,161530,6,3,0,0,0,0,1,0,6,15
2014-09-30,161530,4,6,3,0,3,0,0,0,0,14
2014-10-31,161530,8,2,3,2,1,4,1,1,1,8
2014-11-30,161530,1,1,0,5,7,6,1,0,0,9
2014-12-31,161530,5,8,0,0,1,1,1,3,4,8
2015-01-31,161530,7,5,0,1,0,3,1,6,3,5
2015-02-28,161530,3,5,4,0,0,4,0,2,4,6
2015-03-31,161530,5,5,5,6,0,0,1,4,2,3
2015-04-30,161530,9,4,2,1,0,4,1,0,3,6
2015-05-31,161530,9,7,0,0,0,3,1,0,4,7
2015-06-30,161530,10,5,3,1,0,0,0,0,3,8
2015-07-31,161530,4,4,2,0,0,0,0,1,7,13
2015-08-31,161530,7,2,0,0,0,2,0,1,4,15
2015-09-30,161530,0,5,7,0,1,3,2,0,4,8
2015-10-31,161530,2,5,5,1,2,4,1,0,1,10
2015-11-30,161530,18,3,1,1,1,0,0,2,2,2
2015-12-31,161530,28,1,0,0,0,1,0,1,0,0
2016-01-31,161530,9,2,0,0,1,1,8,4,1,5
2016-02-29,161530,3,1,0,0,0,2,6,3,3,11
2016-03-31,161530,1,5,6,0,1,1,5,3,3,6
2016-04-30,161530,4,5,1,2,0,5,0,1,3,9
2016-05-31,161530,3,3,0,1,5,0,2,5,6,6
2016-06-30,161530,7,2,0,0,0,0,1,3,5,12
2016-07-31,161530,7,8,0,0,0,0,0,0,4,12
2016-08-31,161530,5,8,3,0,0,0,0,0,2,13
2016-09-30,161530,8,3,2,0,1,0,0,1,3,12
2016-10-31,161530,3,6,8,3,3,0,0,0,0,8
2016-11-30,161530,5,1,6,0,3,4,0,2,2,7
2016-12-31,161530,11,2,7,7,1,0,0,0,2,1
2017-01-31,161530,3,6,8,3,3,2,1,1,2,2
2017-02-28,161530,8,1,2,3,1,3,4,0,2,4
2017-03-31,161530,8,1,2,4,1,3,1,5,3,3
2017-04-30,161530,7,10,2,0,0,1,1,0,3,6
2017-05-31,161530,5,3,3,2,1,1,2,2,3,9
2017-06-30,161530,8,2,1,0,0,0,3,3,0,13
2017-07-31,161530,5,3,1,1,0,1,0,1,6,13
2017-08-31,161530,5,5,2,0,0,0,0,0,3,16
2017-09-30,161530,10,2,0,0,0,0,0,3,4,11
2017-10-31,161530,17,3,1,0,2,0,0,1,5,2
2017-11-30,161530,6,8,1,0,1,2,1,3,4,4
2017-12-31,161530,7,4,2,0,0,3,6,2,5,2
2018-01-31,161530,4,1,1,2,1,3,4,9,2,4
2018-02-28,161530,2,4,7,2,0,0,1,1,2,9
2018-03-31,161530,0,4,0,0,2,7,3,3,1,11
2018-04-30,161530,7,2,2,0,4,6,2,1,1,5
2018-05-31,161530,1,5,2,0,0,0,0,2,2,19
2018-06-30,161530,1,7,5,0,0,0,0,0,2,15
2018-07-31,161530,1,6,0,1,0,0,0,0,3,20
2018-08-31,161530,1,14,0,0,0,0,0,0,3,13
2018-09-30,161530,13,5,3,0,0,0,0,1,1,7
2018-10-31,161530,3,4,7,1,5,2,0,0,2,7
2018-11-30,161530,1,1,7,3,6,6,0,0,0,6
2018-12-31,161530,5,5,2,0,0,1,5,5,4,4
2019-01-31,161530,2,12,0,1,0,1,2,2,7,4
2019-02-28,161530,12,4,4,0,0,2,2,1,2,1
2019-03-31,161530,8,4,5,0,0,1,3,5,4,1
2019-04-30,161530,0,5,0,7,0,3,1,3,2,9
2019-05-31,161530,3,5,3,0,0,1,1,4,5,9
2019-06-30,161530,8,1,1,2,0,1,0,1,1,15
2019-07-31,161530,5,7,3,0,0,0,0,0,2,14
2019-08-31,161530,6,5,3,0,0,0,0,0,1,16
2019-09-30,161530,6,6,6,1,1,1,1,0,1,7
2019-10-31,161530,8,2,2,1,1,6,2,0,2,7
2019-11-30,161530,0,1,0,0,2,3,4,2,1,17
2019-12-31,161530,6,2,4,2,1,5,3,4,3,1
2020-01-31,161530,15,1,2,3,1,2,4,1,2,0
2020-02-29,161530,9,1,0,0,0,3,5,8,3,0
2020-03-31,161530,9,3,6,2,1,1,2,2,3,2
2020-04-30,161530,10,1,2,3,0,1,2,1,0,10
2020-05-31,161530,6,7,6,1,0,1,1,1,0,8
2020-06-30,161530,5,2,1,0,1,0,2,2,7,10
2020-07-31,161530,7,5,2,0,0,0,0,0,2,15
2020-08-31,161530,5,5,0,0,0,0,0,0,5,16
2020-09-30,161530,6,3,4,1,1,0,1,1,2,11
2020-10-31,161530,9,3,0,0,1,6,5,0,2,5
2020-11-30,161530,11,2,5,4,3,3,0,0,2,0
2020-12-31,161530,5,1,0,0,2,3,7,3,2,8
2021-01-31,161530,2,3,3,0,0,2,2,6,6,7
2021-02-28,161530,7,1,2,2,4,3,3,0,0,6
2021-03-31,161530,11,6,5,2,0,1,2,1,3,0
2021-04-30,161530,2,6,8,2,0,4,0,0,2,6
2021-05-31,161530,5,1,2,0,0,3,5,8,3,4
2021-06-30,161530,3,7,0,0,1,0,0,0,4,15
2021-07-31,161530,4,4,0,0,0,0,0,0,6,17
2021-08-31,161530,5,9,2,0,0,0,0,1,3,11
2021-09-30,161530,4,1,3,1,2,0,0,0,3,16
2021-10-31,161530,7,8,4,0,0,6,2,0,1,3
2021-11-30,161530,2,5,7,3,0,0,2,1,2,8
2021-12-31,161530,6,2,5,1,0,2,6,2,2,5
1981-01-31,161680,0,11,3,1,1,0,1,4,5,5
1981-02-28,161680,4,3,3,2,1,0,1,1,1,12
1981-03-31,161680,7,1,0,0,4,2,5,6,1,5
1981-04-30,161680,9,0,0,5,1,1,0,1,0,13
1981-05-31,161680,12,0,0,1,1,3,3,2,0,9
1981-06-30,161680,5,4,0,0,1,1,0,1,1,17
1981-07-31,161680,4,5,0,0,1,1,1,0,5,14
1981-08-31,161680,2,4,3,0,0,0,0,0,1,21
1981-09-30,161680,5,3,0,0,0,3,0,0,0,19
1981-10-31,161680,5,1,0,0,0,3,4,4,2,12
1981-11-30,161680,16,9,1,0,0,0,1,1,2,0
1981-12-31,161680,0,2,1,0,2,4,8,1,2,11
1982-01-31,161680,1,0,6,8,0,1,1,3,4,7
1982-02-28,161680,7,2,4,7,1,0,0,0,0,7
1982-03-31,161680,4,3,3,1,1,2,1,2,4,10
1982-04-30,161680,3,6,3,1,0,0,0,1,1,15
1982-05-31,161680,9,2,4,2,0,2,0,0,0,12
1982-06-30,161680,3,0,0,1,0,0,1,2,3,20
1982-07-31,161680,2,4,2,1,0,0,0,0,1,21
1982-08-31,161680,4,5,0,0,0,0,0,0,0,22
1982-09-30,161680,6,2,3,1,1,1,1,0,0,15
1982-10-31,161680,1,1,4,3,2,1,4,2,1,12
1982-11-30,161680,8,0,2,2,3,4,0,0,3,8
1982-12-31,161680,3,5,2,0,0,2,7,2,1,9
1983-01-31,161680,10,7,0,0,0,0,1,9,3,1
1983-02-28,161680,3,2,5,2,1,1,2,2,2,8
1983-03-31,161680,7,5,1,0,4,1,1,3,0,9
1983-04-30,161680,6,0,0,0,1,6,10,2,3,2
1983-05-31,161680,5,0,0,0,2,2,3,3,0,16
1983-06-30,161680,7,6,2,1,0,0,0,0,0,14
1983-07-31,161680,1,1,1,0,0,0,0,0,0,28
1983-08-31,161680,0,3,1,0,0,0,0,0,2,25
1983-09-30,161680,5,4,3,1,1,3,0,0,2,11
1983-10-31,161680,7,5,7,0,0,2,1,0,0,9
1983-11-30,161680,4,2,9,7,0,0,2,1,1,4
1983-12-31,161680,4,7,3,2,2,4,2,3,0,4
1984-01-31,161680,6,4,0,0,1,2,4,4,2,8
1984-02-29,161680,3,3,6,1,1,0,0,3,0,12
1984-03-31,161680,0,6,5,3,2,2,4,0,0,9
1984-04-30,161680,4,9,3,3,0,1,0,0,1,9
1984-05-31,161680,2,0,1,1,2,4,7,2,0,12
1984-06-30,161680,8,1,0,1,1,1,3,4,2,9
1984-07-31,161680,7,7,0,0,1,1,0,0,1,14
1984-08-31,161680,0,0,0,0,1,0,0,1,1,28
1984-09-30,161680,8,0,0,0,1,0,1,3,1,16
1984-10-31,161680,11,2,6,1,0,5,2,0,0,4
1984-11-30,161680,2,1,2,4,5,2,3,1,0,10
1984-12-31,161680,5,2,10,0,3,2,0,0,1,8
1985-01-31,161680,1,4,4,2,0,4,0,1,1,14
1985-02-28,161680,4,2,5,4,1,1,0,1,1,9
1985-03-31,161680,5,0,4,3,4,0,5,0,0,10
1985-04-30,161680,4,5,0,1,2,1,4,5,1,7
1985-05-31,161680,2,0,0,0,1,2,0,0,2,24
1985-06-30,161680,9,1,0,0,1,0,2,2,4,11
1985-07-31,161680,2,2,1,1,1,0,0,0,0,24
1985-08-31,161680,6,7,0,0,0,0,0,0,2,16
1985-09-30,161680,8,2,6,0,1,0,0,0,0,13
1985-10-31,161680,9,1,8,6,0,0,0,0,0,7
1985-11-30,161680,3,1,3,1,0,2,1,0,1,18
1985-12-31,161680,9,5,2,0,0,4,2,0,3,6
1986-01-31,161680,2,1,0,0,2,1,4,6,6,9
1986-02-28,161680,0,0,1,2,1,1,0,0,0,23
1986-03-31,161680,6,2,4,2,1,0,3,3,1,9
1986-04-30,161680,2,2,0,1,1,8,4,2,0,10
1986-05-31,161680,7,3,1,0,0,0,0,0,1,19
1986-06-30,161680,0,3,2,0,0,0,0,1,2,22
1986-07-31,161680,2,3,3,0,0,0,1,0,2,20
1986-08-31,161680,2,3,1,0,0,1,0,0,2,22
1986-09-30,161680,3,5,7,1,0,0,0,0,0,14
1986-10-31,161680,6,4,2,7,0,1,2,3,1,5
1986-11-30,161680,10,5,5,2,3,0,1,0,0,4
1986-12-31,161680,8,3,2,1,1,0,0,8,4,4
1987-01-31,161680,2,3,6,0,0,0,2,4,0,14
1987-02-28,161680,2,2,3,2,4,2,1,2,1,9
1987-03-31,161680,3,3,5,4,0,0,4,2,1,9
1987-04-30,161680,10,4,2,0,1,2,3,2,2,4
1987-05-31,161680,4,2,0,0,1,0,3,0,3,18
1987-06-30,161680,6,2,0,0,0,1,2,1,2,16
1987-07-31,161680,3,2,1,0,0,0,1,0,2,22
1987-08-31,161680,2,1,3,0,1,0,0,0,1,23
1987-09-30,161680,9,3,3,0,0,1,0,0,0,14
1987-10-31,161680,3,1,1,8,3,4,1,1,0,9
1987-11-30,161680,4,4,3,1,2,0,2,0,4,10
1987-12-31,161680,7,3,2,4,2,1,1,0,1,10
1988-01-31,161680,2,3,0,1,7,1,7,3,2,5
1988-02-29,161680,3,2,3,1,0,2,5,4,2,7
1988-03-31,161680,2,4,0,0,0,4,1,7,6,7
1988-04-30,161680,8,1,0,3,0,1,1,0,0,16
1988-05-31,161680,2,0,1,4,1,3,1,0,1,18
1988-06-30,161680,7,0,0,1,0,0,0,0,2,20
1988-07-31,161680,3,7,0,0,0,3,1,1,1,15
1988-08-31,161680,4,2,1,0,0,0,0,0,2,22
1988-09-30,161680,9,4,4,0,0,0,1,1,1,10
1988-10-31,161680,4,0,3,6,5,2,2,0,1,8
1988-11-30,161680,9,5,5,5,0,0,2,0,0,4
1988-12-31,161680,6,10,3,0,1,0,0,5,2,4
1989-01-31,161680,13,2,9,3,1,0,0,0,2,1
1989-02-28,161680,15,2,1,2,0,3,3,1,1,0
1989-03-31,161680,10,6,0,3,0,2,4,1,1,4
1989-04-30,161680,3,0,0,0,6,3,5,0,1,12
1989-05-31,161680,3,7,0,4,0,1,1,0,3,12
1989-06-30,161680,3,2,0,0,0,0,0,1,1,23
1989-07-31,161680,5,3,0,0,0,0,0,0,0,23
1989-08-31,161680,3,3,0,0,1,0,0,0,1,23
1989-09-30,161680,6,3,2,3,0,0,0,0,0,16
1989-10-31,161680,16,3,1,0,0,1,1,1,1,7
1989-11-30,161680,5,0,4,6,1,4,1,0,0,9
1989-12-31,161680,3,0,5,9,0,3,8,0,1,2
1990-01-31,161680,9,2,7,5,0,4,3,0,0,1
1990-02-28,161680,13,1,1,0,0,1,5,5,1,1
1990-03-31,161680,14,2,3,1,0,0,1,2,3,5
1990-04-30,161680,3,1,0,2,1,2,0,3,2,16
1990-05-31,161680,7,3,4,2,0,0,0,0,0,15
1990-06-30,161680,5,0,0,0,0,0,0,2,1,22
1990-07-31,161680,0,5,3,0,0,0,0,1,1,21
1990-08-31,161680,5,5,2,0,0,0,0,0,0,19
1990-09-30,161680,7,4,1,0,0,0,0,1,0,17
1990-10-31,161680,1,0,3,3,7,2,3,1,0,11
1990-11-30,161680,2,3,4,2,0,4,3,3,0,9
1990-12-31,161680,5,7,3,2,1,1,2,0,0,10
1991-01-31,161680,1,2,12,3,0,0,7,2,1,3
1991-02-28,161680,3,1,3,5,2,2,0,1,3,8
1991-03-31,161680,4,0,4,4,1,5,0,1,0,12
1991-04-30,161680,3,3,0,2,0,0,1,1,4,16
1991-05-31,161680,6,2,1,1,0,0,0,1,3,17
1991-06-30,161680,8,2,0,0,0,1,1,0,4,14
1991-07-31,161680,2,1,0,0,0,0,0,0,3,25
1991-08-31,161680,1,0,2,0,0,0,0,1,2,25
1991-09-30,161680,6,0,1,1,1,4,0,1,1,15
1991-10-31,161680,3,1,7,4,3,2,0,1,0,10
1991-11-30,161680,4,3,3,3,0,4,2,0,1,10
1991-12-31,161680,4,11,8,2,0,0,0,2,4,0
1992-01-31,161680,14,4,6,3,0,1,0,0,0,3
1992-02-29,161680,12,3,3,0,1,0,3,3,4,0
1992-03-31,161680,9,1,3,3,0,2,2,4,1,6
1992-04-30,161680,5,5,2,0,1,1,4,1,1,10
1992-05-31,161680,4,3,6,3,0,0,0,0,0,15
1992-06-30,161680,2,1,1,0,2,2,2,2,1,17
1992-07-31,161680,0,0,1,0,0,0,0,0,2,28
1992-08-31,161680,4,3,0,0,0,0,1,1,0,22
1992-09-30,161680,7,0,0,1,2,1,1,1,3,14
1992-10-31,161680,0,0,1,2,2,1,3,5,1,16
1992-11-30,161680,11,0,1,1,0,2,4,3,5,3
1992-12-31,161680,4,2,5,7,3,2,2,1,1,4
1993-01-31,161680,15,1,5,2,0,0,2,3,1,2
1993-02-28,161680,3,7,8,6,1,0,0,0,2,1
1993-03-31,161680,12,5,2,0,0,0,2,0,2,8
1993-04-30,161680,2,1,0,0,3,4,1,4,2,13
1993-05-31,161680,7,2,2,0,0,0,2,2,2,14
1993-06-30,161680,3,2,0,1,1,0,1,3,1,18
1993-07-31,161680,10,2,0,2,0,1,1,1,5,9
1993-08-31,161680,2,5,2,0,0,0,0,0,0,22
1993-09-30,161680,2,1,1,4,3,4,3,1,0,11
1993-10-31,161680,1,0,6,4,1,10,2,1,0,6
1993-11-30,161680,3,3,5,4,2,0,1,0,0,12
1993-12-31,161680,7,0,2,0,0,2,8,6,0,6
1994-01-31,161680,4,3,4,0,0,3,3,4,3,7
1994-02-28,161680,2,2,1,2,1,4,2,0,2,12
1994-03-31,161680,14,1,0,0,0,0,3,3,5,5
1994-04-30,161680,2,3,0,1,0,0,3,3,3,15
1994-05-31,161680,1,1,2,0,2,3,2,0,1,19
1994-06-30,161680,5,6,0,0,0,1,0,1,2,15
1994-07-31,161680,1,6,0,0,0,0,0,0,0,24
1994-08-31,161680,1,0,1,0,0,1,0,1,3,24
1994-09-30,161680,7,3,0,1,3,1,1,0,0,14
1994-10-31,161680,7,0,6,6,1,0,2,1,0,8
1994-11-30,161680,10,2,3,1,4,1,0,1,2,6
1994-12-31,161680,8,1,2,2,1,0,5,2,2,8
1995-01-31,161680,3,9,2,0,0,2,7,3,2,3
1995-02-28,161680,10,1,1,0,0,1,6,4,2,3
1995-03-31,161680,3,4,1,3,0,1,3,4,3,9
1995-04-30,161680,7,4,1,0,2,1,4,0,3,8
1995-05-31,161680,7,3,1,0,0,1,2,0,3,14
1995-06-30,161680,6,2,1,1,0,0,0,0,1,19
1995-07-31,161680,1,3,3,1,0,0,1,0,0,22
1995-08-31,161680,0,5,3,0,0,0,0,0,2,21
1995-09-30,161680,5,2,1,1,0,1,2,1,0,17
1995-10-31,161680,16,0,5,4,1,0,0,0,0,5
1995-11-30,161680,0,5,1,5,6,1,1,0,3,8
1995-12-31,161680,1,0,2,5,1,1,3,0,0,18
1996-01-31,161680,0,1,5,7,10,0,0,0,0,8
1996-02-29,161680,1,3,2,2,2,1,1,1,1,15
1996-03-31,161680,2,1,1,6,0,1,0,0,1,19
1996-04-30,161680,3,2,2,2,3,2,0,0,0,16
1996-05-31,161680,6,1,0,0,0,2,5,2,3,12
1996-06-30,161680,6,3,3,0,0,1,1,0,2,14
1996-07-31,161680,3,2,4,1,0,0,1,1,1,18
1996-08-31,161680,0,2,0,1,0,0,0,0,0,28
1996-09-30,161680,2,5,4,1,0,0,0,0,3,15
1996-10-31,161680,7,4,1,0,2,1,1,1,1,13
1996-11-30,161680,6,1,0,0,2,5,3,1,2,10
1996-12-31,161680,3,1,3,5,5,2,0,0,2,10
1997-01-31,161680,5,0,7,4,7,0,0,0,0,8
1997-02-28,161680,14,3,0,0,0,0,6,2,2,1
1997-03-31,161680,6,8,6,0,1,0,0,1,4,5
1997-04-30,161680,7,3,3,2,0,1,1,3,2,8
1997-05-31,161680,6,1,3,2,1,0,5,3,0,10
1997-06-30,161680,1,0,1,1,1,4,0,3,2,17
1997-07-31,161680,4,1,0,0,0,1,0,0,7,18
1997-08-31,161680,2,0,0,0,0,0,1,0,1,27
1997-09-30,161680,3,1,9,2,0,0,0,0,0,15
1997-10-31,161680,3,3,4,5,1,1,1,1,0,12
1997-11-30,161680,0,1,3,2,3,4,3,0,0,14
1997-12-31,161680,3,3,2,1,5,0,2,1,1,13
1998-01-31,161680,9,3,7,1,1,1,5,2,0,2
1998-02-28,161680,8,5,4,1,0,1,1,2,3,3
1998-03-31,161680,7,10,3,1,0,0,1,2,0,7
1998-04-30,161680,4,1,0,2,0,9,8,2,0,4
1998-05-31,161680,6,2,2,2,2,0,0,0,0,17
1998-06-30,161680,8,1,0,1,1,0,0,0,2,17
1998-07-31,161680,4,3,0,0,0,0,0,0,5,19
1998-08-31,161680,2,7,4,0,0,0,0,1,0,17
1998-09-30,161680,2,1,4,2,1,2,1,4,1,12
1998-10-31,161680,8,2,0,0,1,1,3,1,4,11
1998-11-30,161680,2,6,3,1,0,1,2,1,2,12
1998-12-31,161680,9,7,0,3,3,0,0,0,1,8
1999-01-31,161680,9,3,0,3,2,1,2,2,3,6
1999-02-28,161680,3,4,2,1,0,0,4,7,3,4
1999-03-31,161680,5,5,2,4,0,5,4,1,1,4
1999-04-30,161680,3,3,0,1,1,3,2,5,2,10
1999-05-31,161680,9,0,0,0,4,0,0,0,0,18
1999-06-30,161680,4,2,1,0,0,0,0,0,4,19
1999-07-31,161680,3,8,0,0,0,0,0,0,1,19
1999-08-31,161680,2,4,1,0,0,0,0,0,0,24
1999-09-30,161680,5,3,1,1,2,1,1,0,0,16
1999-10-31,161680,11,3,2,1,3,4,0,0,1,6
1999-11-30,161680,7,2,0,5,0,0,0,1,1,14
1999-12-31,161680,7,6,1,0,0,1,6,2,1,7
2000-01-31,161680,11,1,5,3,0,0,1,3,3,4
2000-02-29,161680,12,3,1,0,0,1,3,4,3,2
2000-03-31,161680,9,4,3,1,0,1,2,2,2,7
2000-04-30,161680,1,1,0,0,5,3,5,1,4,10
2000-05-31,161680,6,0,0,0,5,0,0,0,0,20
2000-06-30,161680,8,5,2,0,0,0,0,0,1,14
2000-07-31,161680,6,3,0,0,0,1,1,2,6,12
2000-08-31,161680,2,1,0,1,0,0,0,0,1,26
2000-09-30,161680,4,3,3,0,3,2,0,0,2,13
2000-10-31,161680,8,3,0,3,3,6,0,0,0,8
2000-11-30,161680,5,0,0,0,1,9,6,1,1,7
2000-12-31,161680,6,1,0,3,2,6,2,3,0,8
2001-01-31,161680,2,1,4,3,2,7,5,1,0,6
2001-02-28,161680,2,7,1,1,0,3,4,1,2,7
2001-03-31,161680,1,1,0,0,1,6,11,4,0,7
2001-04-30,161680,5,4,0,0,0,1,3,2,4,11
2001-05-31,161680,2,2,1,2,0,2,0,0,2,20
2001-06-30,161680,4,3,1,0,1,0,0,0,4,17
2001-07-31,161680,4,4,0,0,2,0,0,1,4,16
2001-08-31,161680,4,4,0,0,0,0,0,0,1,22
2001-09-30,161680,7,0,0,1,2,0,1,1,6,12
2001-10-31,161680,13,2,2,0,2,1,1,0,0,10
2001-11-30,161680,3,4,5,3,1,0,0,2,1,11
2001-12-31,161680,5,6,8,1,0,0,1,5,1,4
2002-01-31,161680,13,4,3,0,0,0,6,0,1,4
2002-02-28,161680,8,1,0,2,0,0,5,3,2,7
2002-03-31,161680,2,7,3,2,2,1,1,2,2,9
2002-04-30,161680,2,4,0,5,0,1,1,0,3,14
2002-05-31,161680,3,2,2,2,1,1,1,2,4,13
2002-06-30,161680,6,1,1,0,0,1,1,0,1,19
2002-07-31,161680,2,6,0,0,0,0,0,1,3,19
2002-08-31,161680,2,2,0,0,0,0,0,1,2,24
2002-09-30,161680,1,5,2,1,0,0,0,0,1,20
2002-10-31,161680,8,3,1,1,1,3,4,2,0,8
2002-11-30,161680,0,2,2,1,3,7,3,1,0,11
2002-12-31,161680,1,1,2,4,1,2,3,1,0,16
2003-01-31,161680,3,5,3,1,0,1,2,3,1,12
2003-02-28,161680,3,2,10,6,2,0,1,0,3,1
2003-03-31,161680,12,4,4,2,0,0,2,1,0,6
2003-04-30,161680,5,2,3,3,3,4,0,1,0,9
2003-05-31,161680,5,5,0,2,1,1,0,1,4,12
2003-06-30,161680,4,4,0,0,0,1,0,0,0,21
2003-07-31,161680,0,4,0,0,0,0,0,1,0,26
2003-08-31,161680,0,4,0,0,0,1,0,0,0,26
2003-09-30,161680,8,2,8,0,0,0,0,0,1,11
2003-10-31,161680,3,0,3,4,2,3,2,1,3,10
2003-11-30,161680,10,1,4,3,4,2,0,0,0,6
2003-12-31,161680,4,5,3,4,5,2,1,1,1,5
2004-01-31,161680,4,5,1,1,0,1,5,1,4,9
2004-02-29,161680,9,0,3,1,1,0,0,2,1,12
2004-03-31,161680,5,3,1,4,2,0,1,2,0,13
2004-04-30,161680,2,4,0,1,3,1,1,3,0,15
2004-05-31,161680,6,3,2,1,1,1,3,1,0,13
2004-06-30,161680,9,4,2,0,0,0,0,0,0,15
2004-07-31,161680,2,3,0,0,0,0,0,0,3,23
2004-08-31,161680,4,0,0,0,1,1,0,0,4,21
2004-09-30,161680,4,3,7,0,1,0,0,1,1,13
2004-10-31,161680,10,0,0,2,1,5,2,0,0,11
2004-11-30,161680,7,3,6,2,1,1,0,2,2,6
2004-12-31,161680,0,3,8,6,2,2,1,1,1,7
2005-01-31,161680,10,4,1,0,0,0,1,2,5,8
2005-02-28,161680,1,5,5,3,0,0,1,2,0,11
2005-03-31,161680,8,2,1,0,1,2,1,1,2,13
2005-04-30,161680,9,0,1,1,0,5,2,1,1,10
2005-05-31,161680,6,5,1,1,0,0,0,0,4,14
2005-06-30,161680,1,6,1,0,0,1,0,0,2,19
2005-07-31,161680,4,5,0,0,0,0,0,0,2,20
2005-08-31,161680,2,5,2,1,0,0,0,0,1,20
2005-09-30,161680,3,4,1,0,3,0,0,1,1,17
2005-10-31,161680,7,0,3,6,4,2,0,0,0,9
2005-11-30,161680,10,2,4,3,2,2,2,0,0,5
2005-12-31,161680,5,4,6,0,0,1,4,1,1,9
2006-01-31,161680,2,2,10,8,2,1,0,0,0,6
2006-02-28,161680,2,5,5,1,0,2,4,1,2,6
2006-03-31,161680,2,4,1,2,1,3,6,3,0,9
2006-04-30,161680,5,1,0,1,0,1,0,0,4,18
2006-05-31,161680,8,2,0,3,1,1,0,1,3,12
2006-06-30,161680,7,5,1,1,1,0,0,0,1,14
2006-07-31,161680,1,5,2,0,0,0,0,0,0,23
2006-08-31,161680,5,4,0,0,0,2,0,1,4,15
2006-09-30,161680,8,2,2,3,3,0,0,0,1,11
2006-10-31,161680,7,1,4,2,2,4,2,0,1,8
2006-11-30,161680,13,1,4,0,1,4,1,1,0,5
2006-12-31,161680,13,0,8,1,0,3,2,0,0,4
2007-01-31,161680,10,1,1,0,1,0,5,4,4,5
2007-02-28,161680,2,2,1,1,1,0,7,2,2,10
2007-03-31,161680,4,3,4,2,0,2,1,3,1,11
2007-04-30,161680,6,0,3,9,0,0,0,0,0,12
2007-05-31,161680,2,1,0,0,0,2,1,4,3,18
2007-06-30,161680,5,1,1,0,0,1,2,1,3,16
2007-07-31,161680,7,3,0,0,0,0,0,2,6,13
2007-08-31,161680,2,3,2,0,0,0,0,0,1,23
2007-09-30,161680,8,6,1,1,0,0,1,0,0,13
2007-10-31,161680,7,6,8,2,0,0,0,0,0,8
2007-11-30,161680,0,5,7,1,4,0,0,1,3,9
2007-12-31,161680,4,4,11,3,0,0,4,1,1,3
2008-01-31,161680,10,5,0,0,3,6,1,1,2,3
2008-02-29,161680,12,1,9,0,1,1,2,2,0,1
2008-03-31,161680,1,3,1,0,0,3,3,8,1,11
2008-04-30,161680,2,5,0,0,0,4,4,4,2,9
2008-05-31,161680,4,0,2,3,4,1,1,0,0,16
2008-06-30,161680,3,1,0,0,0,1,0,0,2,23
2008-07-31,161680,3,5,0,0,0,0,0,0,2,21
2008-08-31,161680,5,1,0,0,0,1,0,0,1,23
2008-09-30,161680,2,4,8,0,0,1,0,0,0,15
2008-10-31,161680,10,0,6,0,1,1,1,0,1,11
2008-11-30,161680,4,0,5,1,5,4,0,2,1,8
2008-12-31,161680,1,6,1,4,5,1,1,2,1,9
2009-01-31,161680,2,0,7,3,0,2,2,0,1,14
2009-02-28,161680,2,8,1,1,1,2,2,1,3,7
2009-03-31,161680,3,5,3,1,0,4,0,5,3,7
2009-04-30,161680,1,0,0,1,3,0,2,1,2,20
2009-05-31,161680,7,7,1,2,0,0,0,0,1,13
2009-06-30,161680,5,2,0,0,0,2,0,0,2,19
2009-07-31,161680,6,2,0,0,0,1,0,0,1,21
2009-08-31,161680,1,5,2,1,0,0,0,0,0,22
2009-09-30,161680,4,6,8,0,1,0,0,0,0,11
2009-10-31,161680,4,9,4,0,2,1,0,0,1,10
2009-11-30,161680,10,0,0,0,0,4,6,1,1,8
2009-12-31,161680,1,3,1,1,0,6,4,0,1,14
2010-01-31,161680,3,1,4,5,1,0,1,0,2,14
2010-02-28,161680,2,0,1,1,1,4,5,2,1,11
2010-03-31,161680,5,3,3,1,1,5,2,4,0,7
2010-04-30,161680,5,3,4,2,1,1,0,1,2,11
2010-05-31,161680,3,4,0,0,0,4,1,2,3,14
2010-06-30,161680,1,2,0,0,1,1,1,0,2,22
2010-07-31,161680,3,5,1,0,0,0,0,0,2,20
2010-08-31,161680,7,5,0,0,0,0,0,0,2,17
2010-09-30,161680,3,6,0,0,1,1,0,0,0,19
2010-10-31,161680,4,4,0,6,2,3,0,0,1,11
2010-11-30,161680,3,0,0,0,1,2,4,3,1,16
2010-12-31,161680,3,8,0,2,1,6,3,0,1,7
2011-01-31,161680,4,6,3,3,1,4,0,2,1,7
2011-02-28,161680,6,5,3,0,2,0,0,1,1,10
2011-03-31,161680,7,2,5,1,4,0,1,0,1,10
2011-04-30,161680,3,5,3,3,2,0,0,0,6,8
2011-05-31,161680,6,5,3,0,1,0,0,0,1,15
2011-06-30,161680,5,3,0,0,0,0,0,1,2,19
2011-07-31,161680,0,1,0,0,0,0,0,1,4,25
2011-08-31,161680,1,3,0,0,0,0,0,0,1,26
2011-09-30,161680,3,2,3,0,0,0,0,0,1,21
2011-10-31,161680,7,2,4,6,3,0,0,0,2,7
2011-11-30,161680,7,0,8,8,5,0,0,0,0,2
2011-12-31,161680,2,5,2,0,0,2,6,6,4,4
2012-01-31,161680,4,5,1,4,0,0,2,6,4,5
2012-02-29,161680,2,6,6,0,0,0,0,1,4,10
2012-03-31,161680,12,3,4,3,0,1,1,0,1,6
2012-04-30,161680,3,0,1,0,3,3,8,1,0,11
2012-05-31,161680,5,5,0,0,1,1,3,0,6,10
2012-06-30,161680,5,3,0,0,0,1,0,2,1,18
2012-07-31,161680,2,5,2,0,0,0,0,0,1,21
2012-08-31,161680,3,6,0,0,0,0,0,0,1,21
2012-09-30,161680,2,4,1,1,1,2,1,0,0,18
2012-10-31,161680,6,0,1,0,5,1,0,0,0,18
2012-11-30,161680,6,2,5,2,2,4,2,1,0,6
2012-12-31,161680,4,4,1,0,1,3,2,4,4,8
2013-01-31,161680,2,3,0,0,1,1,0,2,2,20
2013-02-28,161680,0,4,2,1,0,1,2,1,0,17
2013-03-31,161680,1,1,1,2,5,2,4,0,1,14
2013-04-30,161680,7,1,0,2,2,1,4,0,0,13
2013-05-31,161680,4,1,0,0,2,1,0,5,4,14
2013-06-30,161680,2,4,0,0,0,0,0,2,7,15
2013-07-31,161680,3,5,1,0,0,0,0,0,1,21
2013-08-31,161680,3,3,3,0,0,0,0,0,1,21
2013-09-30,161680,5,3,1,1,0,0,0,2,2,16
2013-10-31,161680,7,1,3,2,3,3,1,0,1,10
2013-11-30,161680,2,4,6,1,1,1,3,0,1,11
2013-12-31,161680,15,3,3,1,0,4,0,0,1,4
2014-01-31,161680,7,0,0,1,3,6,0,0,1,13
2014-02-28,161680,3,0,0,0,3,4,6,1,1,10
2014-03-31,161680,9,2,5,1,0,0,2,1,1,10
2014-04-30,161680,1,6,0,0,1,1,0,1,1,19
2014-05-31,161680,6,3,0,0,3,1,1,1,2,14
2014-06-30,161680,4,1,0,0,0,0,0,0,2,23
2014-07-31,161680,1,2,0,1,1,0,0,3,1,22
2014-08-31,161680,3,3,0,0,0,0,0,0,0,25
2014-09-30,161680,3,4,1,1,2,0,0,0,0,19
2014-10-31,161680,5,1,6,1,1,4,1,0,2,10
2014-11-30,161680,6,0,1,4,7,4,1,0,0,7
2014-12-31,161680,5,6,2,0,2,1,1,1,2,11
2015-01-31,161680,5,6,0,0,0,2,3,3,3,9
2015-02-28,161680,4,4,3,1,1,2,0,1,0,12
2015-03-31,161680,3,6,1,6,3,0,1,4,0,7
2015-04-30,161680,9,4,1,0,0,2,3,1,1,9
2015-05-31,161680,4,7,0,0,1,1,2,0,1,15
2015-06-30,161680,4,3,1,1,1,0,1,0,1,18
2015-07-31,161680,3,2,2,0,0,0,0,0,0,24
2015-08-31,161680,5,1,1,0,0,1,0,0,2,21
2015-09-30,161680,0,8,5,1,2,2,0,0,1,11
2015-10-31,161680,4,2,5,4,1,1,0,0,0,14
2015-11-30,161680,9,4,3,1,0,0,1,5,3,4
2015-12-31,161680,28,1,0,1,0,0,0,1,0,0
2016-01-31,161680,9,2,0,1,0,1,6,3,0,9
2016-02-29,161680,2,0,0,0,1,3,5,5,1,12
2016-03-31,161680,0,2,5,0,0,3,2,2,0,17
2016-04-30,161680,2,1,3,1,2,4,3,1,1,12
2016-05-31,161680,4,2,0,0,5,0,4,3,1,12
2016-06-30,161680,2,3,0,0,0,1,0,2,0,22
2016-07-31,161680,4,8,0,0,0,0,0,0,2,17
2016-08-31,161680,2,10,3,0,0,0,0,0,0,16
2016-09-30,161680,5,4,1,1,0,0,0,0,0,19
2016-10-31,161680,3,3,7,0,4,0,0,0,0,14
2016-11-30,161680,4,1,4,0,3,4,0,1,0,13
2016-12-31,161680,6,5,7,9,0,0,0,0,3,1
2017-01-31,161680,3,5,7,4,2,2,1,1,2,4
2017-02-28,161680,7,0,4,4,0,2,5,1,0,5
2017-03-31,161680,6,5,3,1,2,1,2,3,2,6
2017-04-30,161680,5,5,0,0,1,2,0,0,4,13
2017-05-31,161680,6,4,0,0,1,1,0,1,3,15
2017-06-30,161680,6,2,2,0,0,1,1,1,0,17
2017-07-31,161680,3,6,0,0,0,0,0,0,4,18
2017-08-31,161680,3,5,1,0,0,0,0,0,2,20
2017-09-30,161680,9,0,0,0,0,0,1,0,2,18
2017-10-31,161680,14,5,2,0,0,0,0,2,3,5
2017-11-30,161680,4,2,3,0,1,1,3,1,4,11
2017-12-31,161680,4,4,2,0,0,4,7,0,4,6
2018-01-31,161680,5,0,0,1,5,1,3,7,1,8
2018-02-28,161680,2,1,0,3,0,1,0,0,1,20
2018-03-31,161680,1,1,1,0,2,4,5,1,0,16
2018-04-30,161680,9,0,1,2,2,5,0,3,0,8
2018-05-31,161680,0,1,1,1,0,0,0,0,2,26
2018-06-30,161680,0,8,2,0,0,0,0,1,1,18
2018-07-31,161680,0,3,0,0,0,0,0,0,3,25
2018-08-31,161680,1,8,2,0,0,0,0,0,0,20
2018-09-30,161680,5,2,5,0,0,0,0,0,0,18
2018-10-31,161680,1,3,6,10,3,1,0,0,0,7
2018-11-30,161680,4,1,6,3,5,2,0,0,0,9
2018-12-31,161680,7,6,0,0,0,1,3,5,3,6
2019-01-31,161680,2,9,0,0,0,1,2,2,4,11
2019-02-28,161680,7,11,2,0,0,1,1,1,1,4
2019-03-31,161680,5,4,5,0,0,1,3,5,5,3
2019-04-30,161680,1,1,1,4,2,4,0,2,3,12
2019-05-31,161680,1,4,0,0,1,1,3,2,1,18
2019-06-30,161680,4,1,2,1,0,1,0,0,0,21
2019-07-31,161680,2,2,2,0,0,0,0,0,0,25
2019-08-31,161680,4,3,3,0,0,0,0,0,0,21
2019-09-30,161680,5,2,7,1,2,0,0,0,0,13
2019-10-31,161680,10,1,1,1,3,3,0,0,0,12
2019-11-30,161680,0,0,0,1,5,3,5,1,0,15
2019-12-31,161680,5,3,4,3,3,3,2,4,2,2
2020-01-31,161680,13,2,3,4,1,0,4,1,2,1
2020-02-29,161680,8,2,0,0,0,1,6,6,6,0
2020-03-31,161680,3,2,7,3,1,2,1,1,2,9
2020-04-30,161680,10,1,4,2,0,0,2,2,0,9
2020-05-31,161680,6,3,5,1,1,1,2,1,0,11
2020-06-30,161680,4,2,0,0,0,2,2,0,5,15
2020-07-31,161680,1,5,3,0,0,0,0,0,1,21
2020-08-31,161680,3,6,0,0,0,0,0,1,0,21
2020-09-30,161680,3,2,7,1,0,1,0,2,0,14
2020-10-31,161680,9,0,0,0,0,4,3,0,2,13
2020-11-30,161680,10,2,10,4,2,1,0,0,0,1
2020-12-31,161680,5,2,0,1,3,2,4,0,0,14
2021-01-31,161680,1,2,3,1,1,3,3,2,3,12
2021-02-28,161680,8,1,3,1,4,2,2,0,0,7
2021-03-31,161680,11,6,3,3,0,0,3,1,2,2
2021-04-30,161680,3,2,5,1,0,2,0,1,2,14
2021-05-31,161680,6,0,0,0,1,1,2,6,4,11
2021-06-30,161680,5,2,0,0,0,0,0,0,2,21
2021-07-31,161680,1,3,0,0,1,0,0,1,2,23
2021-08-31,161680,1,3,1,0,0,0,0,1,1,24
2021-09-30,161680,2,3,3,1,1,0,0,0,0,20
2021-10-31,161680,5,8,6,1,2,2,1,0,0,6
2021-11-30,161680,1,1,8,6,0,2,1,1,0,10
2021-12-31,161680,4,5,3,0,0,2,4,1,3,9
1981-01-31,162420,0,13,1,1,1,0,0,5,5,5
1981-02-28,162420,4,5,3,1,1,0,2,0,0,12
1981-03-31,162420,8,0,0,0,5,0,2,7,1,8
1981-04-30,162420,9,0,0,4,1,2,0,1,0,13
1981-05-31,162420,11,0,0,0,3,1,4,1,1,10
1981-06-30,162420,5,4,0,1,1,0,0,1,1,17
1981-07-31,162420,5,4,0,0,2,0,0,0,6,14
1981-08-31,162420,1,7,2,0,0,0,0,0,4,17
1981-09-30,162420,5,3,0,0,3,2,0,0,0,17
1981-10-31,162420,8,1,0,0,0,4,4,2,2,10
1981-11-30,162420,14,10,1,0,0,0,1,0,2,2
1981-12-31,162420,0,2,1,0,3,5,8,1,1,10
1982-01-31,162420,2,1,7,7,1,0,1,2,3,7
1982-02-28,162420,6,2,6,7,1,0,0,0,0,6
1982-03-31,162420,4,3,3,0,2,1,0,2,5,11
1982-04-30,162420,3,4,1,2,0,0,0,1,2,17
1982-05-31,162420,7,5,1,2,0,2,0,1,0,13
1982-06-30,162420,1,0,2,1,0,0,1,2,3,20
1982-07-31,162420,2,2,3,0,0,0,0,0,3,21
1982-08-31,162420,3,5,0,0,0,0,0,0,0,23
1982-09-30,162420,6,1,3,1,1,0,1,0,0,17
1982-10-31,162420,3,1,3,4,2,1,4,2,0,11
1982-11-30,162420,7,2,1,4,5,3,0,0,2,6
1982-12-31,162420,2,5,3,0,0,2,6,3,1,9
1983-01-31,162420,10,7,0,0,0,0,0,10,3,1
1983-02-28,162420,5,3,1,1,1,3,0,2,2,10
1983-03-31,162420,6,5,1,1,3,1,1,3,0,10
1983-04-30,162420,8,0,0,0,2,5,9,2,3,1
1983-05-31,162420,7,0,0,0,3,3,3,4,0,11
1983-06-30,162420,9,5,2,1,0,0,0,0,0,13
1983-07-31,162420,4,4,0,1,0,0,0,0,0,22
1983-08-31,162420,0,2,0,0,0,0,0,0,3,26
1983-09-30,162420,5,4,3,1,1,1,0,0,1,14
1983-10-31,162420,10,5,6,0,0,1,0,0,0,9
1983-11-30,162420,3,2,10,6,0,0,2,1,1,5
1983-12-31,162420,5,5,3,3,1,5,1,3,0,5
1984-01-31,162420,6,4,0,0,1,3,4,4,3,6
1984-02-29,162420,1,4,5,1,4,0,0,1,1,12
1984-03-31,162420,0,4,5,3,0,3,3,1,1,11
1984-04-30,162420,4,5,1,3,1,0,0,0,4,12
1984-05-31,162420,3,0,0,2,4,5,5,2,0,10
1984-06-30,162420,9,2,1,0,0,2,1,4,2,9
1984-07-31,162420,10,6,0,0,0,1,0,0,1,13
1984-08-31,162420,0,0,0,0,2,0,0,1,1,27
1984-09-30,162420,8,0,0,0,1,1,3,5,2,10
1984-10-31,162420,7,3,7,2,0,6,1,0,0,5
1984-11-30,162420,2,0,2,4,7,0,3,1,0,11
1984-12-31,162420,4,2,9,1,3,2,0,0,1,9
1985-01-31,162420,1,3,2,3,0,4,0,1,1,16
1985-02-28,162420,5,2,5,3,1,1,1,1,1,8
1985-03-31,162420,6,0,3,3,3,1,4,0,0,11
1985-04-30,162420,2,5,0,1,2,1,5,5,1,8
1985-05-31,162420,2,0,0,0,2,2,0,2,3,20
1985-06-30,162420,11,0,0,0,1,0,1,2,2,13
1985-07-31,162420,2,4,0,0,0,0,0,0,0,25
1985-08-31,162420,6,5,0,0,0,0,0,0,4,16
1985-09-30,162420,8,1,7,0,0,0,0,0,0,14
1985-10-31,162420,9,3,6,7,0,0,0,0,0,6
1985-11-30,162420,2,1,1,2,1,3,1,2,0,17
1985-12-31,162420,10,5,2,0,0,4,2,0,2,6
1986-01-31,162420,2,1,0,0,4,1,5,4,6,8
1986-02-28,162420,0,0,1,3,1,2,0,0,0,21
1986-03-31,162420,6,1,2,4,1,0,2,4,1,10
1986-04-30,162420,2,2,0,0,6,7,3,2,0,8
1986-05-31,162420,5,4,0,1,0,0,0,0,2,19
1986-06-30,162420,1,4,0,0,0,0,0,0,3,22
1986-07-31,162420,2,1,4,0,0,0,2,0,2,20
1986-08-31,162420,4,3,1,0,0,0,1,0,1,21
1986-09-30,162420,5,5,5,1,0,0,0,0,0,14
1986-10-31,162420,5,4,2,8,0,1,3,2,1,5
1986-11-30,162420,8,4,7,2,3,1,0,0,0,5
1986-12-31,162420,7,3,4,2,1,0,0,8,3,3
1987-01-31,162420,2,3,4,0,1,0,2,5,0,14
1987-02-28,162420,5,3,1,3,3,2,1,0,0,10
1987-03-31,162420,3,5,6,1,0,0,4,2,2,8
1987-04-30,162420,10,4,1,0,1,3,2,3,1,5
1987-05-31,162420,5,3,0,0,1,0,2,1,2,17
1987-06-30,162420,7,2,0,0,0,0,1,1,4,15
1987-07-31,162420,3,3,2,0,0,1,0,0,2,20
1987-08-31,162420,3,1,3,0,1,0,0,0,1,22
1987-09-30,162420,9,3,3,0,0,1,0,0,0,14
1987-10-31,162420,3,0,2,9,5,4,1,1,0,6
1987-11-30,162420,4,3,4,1,3,1,1,1,2,10
1987-12-31,162420,8,4,1,4,2,1,1,0,1,9
1988-01-31,162420,3,4,0,1,7,4,3,3,1,5
1988-02-29,162420,4,3,2,1,0,3,4,4,1,7
1988-03-31,162420,2,3,1,0,0,3,2,7,6,7
1988-04-30,162420,9,1,1,3,1,1,0,0,0,14
1988-05-31,162420,3,0,1,4,2,2,3,0,0,16
1988-06-30,162420,8,0,0,0,0,0,0,0,2,20
1988-07-31,162420,5,6,0,0,0,2,0,1,2,15
1988-08-31,162420,5,3,0,0,0,0,0,0,1,22
1988-09-30,162420,11,5,2,0,0,0,0,1,1,10
1988-10-31,162420,4,1,4,5,5,2,2,0,1,7
1988-11-30,162420,5,5,7,5,0,0,3,0,0,5
1988-12-31,162420,6,12,2,0,1,0,0,5,1,4
1989-01-31,162420,14,2,8,3,1,0,0,0,2,1
1989-02-28,162420,15,1,2,2,0,3,3,0,1,1
1989-03-31,162420,7,7,1,2,1,3,3,1,1,5
1989-04-30,162420,4,0,0,0,5,4,5,0,2,10
1989-05-31,162420,4,6,1,4,0,3,0,0,3,10
1989-06-30,162420,4,2,0,0,0,0,0,2,1,21
1989-07-31,162420,6,3,0,0,0,0,0,0,0,22
1989-08-31,162420,3,3,0,0,1,0,0,0,2,22
1989-09-30,162420,5,2,3,2,1,0,0,0,0,17
1989-10-31,162420,16,4,2,0,0,1,1,1,1,5
1989-11-30,162420,4,1,6,4,1,5,1,0,0,8
1989-12-31,162420,3,0,4,11,0,3,7,0,1,2
1990-01-31,162420,11,2,5,6,0,3,3,0,0,1
1990-02-28,162420,12,4,0,0,0,1,3,5,1,2
1990-03-31,162420,14,2,5,1,0,0,0,1,3,5
1990-04-30,162420,4,0,2,0,1,3,1,0,4,15
1990-05-31,162420,9,5,3,1,1,1,0,1,0,10
1990-06-30,162420,9,1,0,0,0,0,1,2,1,16
1990-07-31,162420,1,6,2,0,0,0,0,0,1,21
1990-08-31,162420,4,5,3,0,0,0,0,0,0,19
1990-09-30,162420,7,4,1,0,0,0,0,1,1,16
1990-10-31,162420,3,0,2,3,7,0,4,0,0,12
1990-11-30,162420,1,4,5,2,1,3,5,2,0,7
1990-12-31,162420,5,5,4,3,1,1,1,0,1,10
1991-01-31,162420,3,3,12,2,0,0,5,2,1,3
1991-02-28,162420,2,2,3,5,2,2,1,0,2,9
1991-03-31,162420,2,1,5,2,6,4,0,0,0,11
1991-04-30,162420,4,2,0,1,1,0,1,2,5,14
1991-05-31,162420,5,3,1,0,2,1,0,2,4,13
1991-06-30,162420,9,2,0,0,0,0,2,0,4,13
1991-07-31,162420,1,3,0,0,0,0,0,0,3,24
1991-08-31,162420,2,0,2,0,0,0,0,1,3,23
1991-09-30,162420,8,0,1,1,2,2,1,0,0,15
1991-10-31,162420,3,0,7,6,1,2,0,1,1,10
1991-11-30,162420,4,3,3,3,0,5,1,0,0,11
1991-12-31,162420,4,12,7,2,0,0,0,2,4,0
1992-01-31,162420,14,4,5,4,0,1,0,0,0,3
1992-02-29,162420,11,3,3,0,1,0,3,2,5,1
1992-03-31,162420,9,1,3,4,0,2,2,3,0,7
1992-04-30,162420,3,4,1,0,3,1,5,1,1,11
1992-05-31,162420,4,2,6,2,1,0,0,0,0,16
1992-06-30,162420,2,4,0,0,2,1,0,0,2,19
1992-07-31,162420,0,1,0,1,0,0,0,0,2,27
1992-08-31,162420,6,1,0,0,0,0,1,1,2,20
1992-09-30,162420,7,1,0,1,3,1,0,0,3,14
1992-10-31,162420,0,0,0,3,4,2,5,5,0,12
1992-11-30,162420,10,0,1,2,0,2,4,2,5,4
1992-12-31,162420,5,1,3,9,1,3,1,2,1,5
1993-01-31,162420,14,1,6,2,0,0,3,2,1,2
1993-02-28,162420,4,8,7,4,1,0,0,0,1,3
1993-03-31,162420,12,4,2,0,0,1,1,0,2,9
1993-04-30,162420,3,1,0,0,4,3,1,3,2,13
1993-05-31,162420,6,3,2,0,0,1,2,2,2,13
1993-06-30,162420,4,1,1,0,0,0,0,3,1,20
1993-07-31,162420,9,1,0,2,1,1,0,1,5,11
1993-08-31,162420,2,5,0,0,0,0,0,0,0,24
1993-09-30,162420,5,0,0,4,3,4,3,1,1,9
1993-10-31,162420,2,0,6,4,2,10,1,1,0,5
1993-11-30,162420,3,3,3,5,3,1,0,0,0,12
1993-12-31,162420,7,0,2,0,0,2,8,4,1,7
1994-01-31,162420,4,2,4,1,0,4,2,3,4,7
1994-02-28,162420,2,2,0,3,1,5,2,0,1,12
1994-03-31,162420,14,1,1,0,0,0,2,4,2,7
1994-04-30,162420,2,4,0,1,0,0,4,2,2,15
1994-05-31,162420,1,1,1,0,2,3,2,2,1,18
1994-06-30,162420,6,5,0,0,0,1,1,2,3,12
1994-07-31,162420,1,6,0,0,0,0,0,0,0,24
1994-08-31,162420,1,0,1,0,0,1,0,1,3,24
1994-09-30,162420,7,2,0,1,3,1,2,1,1,12
1994-10-31,162420,6,0,11,3,1,0,2,1,0,7
1994-11-30,162420,10,4,2,1,4,2,0,0,2,5
1994-12-31,162420,8,2,3,1,1,0,5,2,1,8
1995-01-31,162420,3,9,3,0,0,1,7,2,2,4
1995-02-28,162420,10,2,0,0,0,1,6,4,2,3
1995-03-31,162420,2,5,1,3,0,0,5,3,3,9
1995-04-30,162420,7,2,2,0,3,1,4,0,4,7
1995-05-31,162420,5,4,1,0,3,1,2,0,3,12
1995-06-30,162420,6,2,1,1,0,0,0,0,1,19
1995-07-31,162420,2,5,2,1,0,0,1,0,1,19
1995-08-31,162420,1,3,2,0,0,0,0,0,2,23
1995-09-30,162420,5,2,1,1,1,1,2,3,0,14
1995-10-31,162420,16,1,5,2,1,0,0,0,0,6
1995-11-30,162420,1,3,3,3,7,1,1,0,4,7
1995-12-31,162420,1,0,2,7,1,1,3,0,0,16
1996-01-31,162420,0,1,5,8,9,0,0,0,0,8
1996-02-29,162420,1,3,2,2,2,1,1,1,1,15
1996-03-31,162420,3,1,1,6,2,0,0,0,1,17
1996-04-30,162420,3,2,0,3,3,1,0,1,0,17
1996-05-31,162420,8,1,0,0,0,2,4,2,3,11
1996-06-30,162420,6,3,5,0,0,1,1,0,2,12
1996-07-31,162420,6,3,6,0,0,0,0,1,3,12
1996-08-31,162420,0,2,0,1,0,0,0,0,1,27
1996-09-30,162420,2,5,0,3,0,1,0,1,5,13
1996-10-31,162420,6,3,3,1,3,1,1,0,2,11
1996-11-30,162420,7,1,0,0,4,3,4,1,2,8
1996-12-31,162420,2,2,1,5,6,3,0,0,2,10
1997-01-31,162420,4,1,6,6,8,0,0,0,0,6
1997-02-28,162420,11,3,1,1,1,0,5,3,2,1
1997-03-31,162420,6,7,6,0,0,0,0,1,5,6
1997-04-30,162420,7,3,2,1,0,1,1,1,2,12
1997-05-31,162420,4,2,1,6,1,1,5,4,0,7
1997-06-30,162420,2,0,1,1,3,0,0,2,2,19
1997-07-31,162420,2,0,1,0,0,0,0,0,7,21
1997-08-31,162420,1,1,0,0,0,0,1,1,1,26
1997-09-30,162420,4,0,9,2,0,1,0,0,0,14
1997-10-31,162420,2,2,3,6,1,1,1,1,1,13
1997-11-30,162420,0,1,3,3,3,6,2,0,0,12
1997-12-31,162420,3,3,2,1,5,2,1,1,1,12
1998-01-31,162420,10,2,6,0,2,2,5,1,0,3
1998-02-28,162420,7,7,2,1,0,1,1,2,3,4
1998-03-31,162420,7,11,1,2,1,0,1,2,0,6
1998-04-30,162420,3,1,0,2,1,7,10,2,0,4
1998-05-31,162420,6,1,1,1,2,0,0,0,1,19
1998-06-30,162420,8,1,0,1,1,0,0,2,3,14
1998-07-31,162420,8,2,0,0,0,0,0,1,7,13
1998-08-31,162420,2,6,2,0,0,0,0,0,0,21
1998-09-30,162420,1,5,1,2,2,3,0,5,1,10
1998-10-31,162420,7,2,0,0,2,2,2,1,6,9
1998-11-30,162420,1,3,5,1,0,2,2,2,2,12
1998-12-31,162420,8,8,0,3,3,1,0,0,1,7
1999-01-31,162420,9,2,1,3,3,0,3,3,2,5
1999-02-28,162420,4,3,2,1,0,0,4,6,3,5
1999-03-31,162420,5,5,2,3,0,5,5,0,2,4
1999-04-30,162420,3,1,0,0,3,2,4,5,2,10
1999-05-31,162420,9,1,0,0,4,0,0,2,0,15
1999-06-30,162420,3,1,1,0,0,0,0,0,4,21
1999-07-31,162420,2,9,0,0,0,0,0,1,1,18
1999-08-31,162420,2,4,1,0,0,0,0,0,1,23
1999-09-30,162420,6,3,2,1,2,2,0,0,0,14
1999-10-31,162420,10,4,1,2,4,4,0,0,2,4
1999-11-30,162420,6,2,0,6,1,0,0,1,1,13
1999-12-31,162420,7,5,2,0,1,1,6,1,1,7
2000-01-31,162420,11,2,5,3,0,0,1,2,4,3
2000-02-29,162420,11,7,0,1,0,0,5,1,2,2
2000-03-31,162420,11,3,1,0,1,2,3,3,2,5
2000-04-30,162420,2,1,0,0,7,5,2,2,5,6
2000-05-31,162420,6,1,0,1,5,0,0,0,0,18
2000-06-30,162420,8,4,2,0,0,0,0,0,1,15
2000-07-31,162420,6,4,0,0,1,4,0,0,6,10
2000-08-31,162420,2,4,0,0,0,0,0,0,2,23
2000-09-30,162420,5,3,3,0,3,2,0,1,1,12
2000-10-31,162420,8,0,1,3,4,5,0,0,0,10
2000-11-30,162420,5,0,0,0,2,10,6,1,1,5
2000-12-31,162420,7,1,1,3,4,4,1,4,0,6
2001-01-31,162420,2,0,5,4,1,9,5,1,0,4
2001-02-28,162420,0,7,2,1,0,4,4,1,3,6
2001-03-31,162420,1,1,0,0,1,7,10,5,0,6
2001-04-30,162420,6,3,0,0,0,1,2,2,3,13
2001-05-31,162420,3,2,2,2,0,4,0,0,3,15
2001-06-30,162420,3,2,1,0,1,0,0,1,6,16
2001-07-31,162420,2,5,0,0,2,0,0,2,3,17
2001-08-31,162420,2,5,0,0,0,0,0,0,1,23
2001-09-30,162420,8,0,0,0,2,0,1,0,6,13
2001-10-31,162420,12,3,1,0,2,1,1,1,0,10
2001-11-30,162420,2,5,4,4,1,0,1,0,1,12
2001-12-31,162420,6,4,9,1,0,0,2,3,1,5
2002-01-31,162420,13,5,3,0,0,2,3,0,1,4
2002-02-28,162420,9,1,0,2,0,1,6,2,2,5
2002-03-31,162420,2,6,3,2,3,3,1,2,2,7
2002-04-30,162420,1,3,1,4,1,1,1,0,3,15
2002-05-31,162420,4,3,1,2,3,0,0,2,4,12
2002-06-30,162420,4,3,0,0,0,2,1,0,3,17
2002-07-31,162420,2,5,1,0,1,0,1,0,4,17
2002-08-31,162420,2,3,0,0,0,0,0,1,2,23
2002-09-30,162420,3,5,2,0,0,0,0,0,1,19
2002-10-31,162420,7,1,1,0,2,3,4,2,0,11
2002-11-30,162420,1,2,2,1,3,7,4,1,0,9
2002-12-31,162420,2,1,1,5,0,1,3,1,0,17
2003-01-31,162420,3,3,4,1,0,1,4,0,1,14
2003-02-28,162420,2,3,9,6,2,0,1,0,2,3
2003-03-31,162420,13,5,3,1,0,1,1,1,0,6
2003-04-30,162420,3,4,2,3,3,4,1,0,0,10
2003-05-31,162420,7,5,0,2,1,0,0,0,4,12
2003-06-30,162420,6,4,0,0,0,0,0,0,0,20
2003-07-31,162420,0,5,0,0,0,0,0,1,2,23
2003-08-31,162420,0,3,0,0,0,1,0,0,2,25
2003-09-30,162420,7,3,7,1,0,0,0,0,0,12
2003-10-31,162420,3,0,3,5,1,4,4,1,2,8
2003-11-30,162420,9,1,5,3,4,4,0,1,0,3
2003-12-31,162420,5,5,3,4,4,2,1,1,1,5
2004-01-31,162420,3,4,2,0,0,1,5,1,5,10
2004-02-29,162420,8,1,2,1,2,1,0,2,3,9
2004-03-31,162420,4,3,0,5,3,0,1,2,0,13
2004-04-30,162420,2,3,0,1,3,0,2,2,0,17
2004-05-31,162420,6,6,2,1,1,1,3,1,0,10
2004-06-30,162420,10,2,1,0,0,0,0,0,1,16
2004-07-31,162420,2,3,0,0,0,0,0,0,4,22
2004-08-31,162420,5,1,0,0,1,2,0,0,5,17
2004-09-30,162420,4,5,7,0,0,0,0,1,1,12
2004-10-31,162420,10,0,0,2,4,5,2,0,0,8
2004-11-30,162420,7,2,6,3,1,1,0,2,2,6
2004-12-31,162420,0,2,6,8,2,2,1,1,2,7
2005-01-31,162420,8,8,0,0,0,0,1,2,4,8
2005-02-28,162420,0,4,5,3,0,0,1,2,0,13
2005-03-31,162420,7,2,2,0,2,2,1,1,2,12
2005-04-30,162420,8,0,1,2,1,4,4,2,1,7
2005-05-31,162420,5,4,0,1,0,0,0,0,3,18
2005-06-30,162420,1,5,1,0,1,1,0,0,0,21
2005-07-31,162420,4,4,0,0,0,0,0,0,5,18
2005-08-31,162420,2,5,3,0,0,0,0,0,2,19
2005-09-30,162420,4,4,0,0,3,0,0,0,1,18
2005-10-31,162420,7,1,4,7,3,2,0,0,0,7
2005-11-30,162420,10,1,3,2,3,3,1,0,0,7
2005-12-31,162420,6,3,5,0,0,4,1,3,0,9
2006-01-31,162420,2,2,10,6,3,1,1,0,0,6
2006-02-28,162420,2,5,4,0,0,2,4,0,0,11
2006-03-31,162420,4,3,0,2,1,2,5,3,0,11
2006-04-30,162420,5,1,0,2,0,2,0,0,4,16
2006-05-31,162420,9,2,0,3,1,1,0,1,3,11
2006-06-30,162420,11,4,1,0,0,0,0,0,2,12
2006-07-31,162420,1,6,3,0,0,0,0,0,0,21
2006-08-31,162420,4,4,0,0,1,0,0,1,5,16
2006-09-30,162420,6,3,3,3,5,0,0,0,2,8
2006-10-31,162420,7,2,5,1,2,5,1,0,1,7
2006-11-30,162420,14,2,3,0,0,4,1,1,0,5
2006-12-31,162420,12,1,8,1,1,3,3,0,0,2
2007-01-31,162420,11,1,1,0,1,0,5,5,3,4
2007-02-28,162420,3,3,0,1,1,3,5,2,1,9
2007-03-31,162420,5,3,4,3,0,2,3,2,0,9
2007-04-30,162420,7,0,3,8,0,0,0,0,0,12
2007-05-31,162420,3,1,0,0,2,0,0,3,4,18
2007-06-30,162420,7,1,1,0,0,0,1,2,2,16
2007-07-31,162420,7,4,0,0,0,0,0,2,5,13
2007-08-31,162420,3,6,1,0,0,0,0,0,1,20
2007-09-30,162420,7,7,3,0,0,0,1,0,0,12
2007-10-31,162420,9,3,6,2,0,0,0,0,0,11
2007-11-30,162420,0,6,5,1,5,0,0,1,2,10
2007-12-31,162420,2,4,12,4,0,0,5,0,1,3
2008-01-31,162420,12,5,1,0,3,4,1,0,2,3
2008-02-29,162420,10,2,8,0,1,2,1,2,1,2
2008-03-31,162420,3,2,1,0,0,1,5,6,2,11
2008-04-30,162420,4,3,1,0,0,5,3,2,2,10
2008-05-31,162420,5,2,0,2,5,1,0,0,0,16
2008-06-30,162420,2,3,0,0,0,0,0,0,2,23
2008-07-31,162420,3,4,0,0,0,0,0,0,3,21
2008-08-31,162420,4,0,0,0,0,0,0,0,2,25
2008-09-30,162420,3,5,4,0,0,3,0,0,0,15
2008-10-31,162420,12,0,5,1,2,1,1,0,1,8
2008-11-30,162420,5,0,5,1,4,5,0,2,1,7
2008-12-31,162420,1,5,1,4,5,1,1,2,2,9
2009-01-31,162420,3,1,6,4,0,1,3,0,0,13
2009-02-28,162420,2,8,1,0,2,2,2,1,3,7
2009-03-31,162420,3,4,1,1,2,2,0,4,4,10
2009-04-30,162420,1,0,0,0,5,2,1,1,3,17
2009-05-31,162420,8,7,0,1,1,0,0,0,2,12
2009-06-30,162420,5,1,0,0,0,2,1,1,7,13
2009-07-31,162420,5,2,0,0,1,1,0,0,2,20
2009-08-31,162420,0,6,2,1,0,0,0,0,1,21
2009-09-30,162420,4,6,7,0,2,0,1,0,0,10
2009-10-31,162420,4,9,4,0,2,1,0,0,0,11
2009-11-30,162420,9,0,0,0,0,7,5,2,1,6
2009-12-31,162420,2,4,0,2,0,5,4,0,2,12
2010-01-31,162420,2,2,4,4,2,0,1,0,1,15
2010-02-28,162420,1,0,1,1,4,4,5,2,2,8
2010-03-31,162420,5,3,3,0,2,6,1,4,0,7
2010-04-30,162420,7,4,1,1,2,0,0,0,3,12
2010-05-31,162420,5,3,0,0,1,1,1,3,2,15
2010-06-30,162420,2,0,0,0,1,1,0,0,4,22
2010-07-31,162420,5,6,0,0,0,0,0,0,3,17
2010-08-31,162420,6,5,0,1,0,0,0,1,3,15
2010-09-30,162420,2,6,0,0,2,1,0,0,1,18
2010-10-31,162420,3,2,0,6,3,1,0,0,1,15
2010-11-30,162420,4,0,0,0,3,4,4,1,0,14
2010-12-31,162420,3,7,0,2,3,4,2,0,1,9
2011-01-31,162420,5,5,3,3,1,4,0,1,1,8
2011-02-28,162420,7,5,3,0,2,0,0,0,2,9
2011-03-31,162420,6,3,5,1,5,1,1,0,1,8
2011-04-30,162420,1,5,2,3,2,0,0,0,6,11
2011-05-31,162420,4,6,1,0,1,0,0,0,4,15
2011-06-30,162420,4,4,0,0,0,0,0,0,5,17
2011-07-31,162420,3,1,0,0,0,0,0,2,4,21
2011-08-31,162420,2,3,0,0,0,0,0,0,1,25
2011-09-30,162420,0,3,5,0,0,0,0,0,1,21
2011-10-31,162420,7,2,4,7,2,1,0,0,2,6
2011-11-30,162420,5,0,8,10,6,0,0,0,0,1
2011-12-31,162420,1,5,3,0,0,2,9,4,3,4
2012-01-31,162420,4,4,1,4,0,0,2,6,4,6
2012-02-29,162420,2,7,4,0,0,0,0,1,5,10
2012-03-31,162420,11,5,3,3,0,2,0,0,1,6
2012-04-30,162420,5,0,1,0,2,3,6,2,1,10
2012-05-31,162420,5,4,0,0,1,1,2,1,6,11
2012-06-30,162420,7,3,0,0,0,0,0,1,1,18
2012-07-31,162420,1,7,2,0,0,0,0,0,1,20
2012-08-31,162420,2,7,1,0,0,0,0,0,1,20
2012-09-30,162420,2,4,0,2,1,2,1,0,0,18
2012-10-31,162420,8,0,1,1,2,0,0,0,0,19
2012-11-30,162420,6,2,5,2,3,3,3,0,0,6
2012-12-31,162420,2,4,1,0,1,4,2,3,3,11
2013-01-31,162420,4,3,0,1,0,2,0,2,2,17
2013-02-28,162420,0,3,2,1,1,0,2,0,1,18
2013-03-31,162420,1,0,1,3,5,2,5,0,2,12
2013-04-30,162420,7,0,0,2,3,1,4,0,0,13
2013-05-31,162420,4,0,0,0,2,1,0,7,3,14
2013-06-30,162420,2,5,0,1,0,0,0,0,8,14
2013-07-31,162420,5,5,1,0,0,0,0,0,1,19
2013-08-31,162420,2,6,2,0,0,0,0,0,1,20
2013-09-30,162420,4,5,1,0,0,0,0,3,0,17
2013-10-31,162420,8,0,4,3,2,3,0,0,2,9
2013-11-30,162420,2,4,5,1,1,2,2,0,1,12
2013-12-31,162420,15,4,3,1,0,2,0,0,1,5
2014-01-31,162420,7,0,0,0,5,5,0,0,1,13
2014-02-28,162420,2,0,0,0,3,6,4,1,2,10
2014-03-31,162420,7,3,4,1,0,0,2,2,3,9
2014-04-30,162420,1,5,0,0,2,1,0,1,3,17
2014-05-31,162420,6,1,0,0,3,1,0,1,6,13
2014-06-30,162420,6,3,0,0,0,0,0,0,2,19
2014-07-31,162420,2,2,0,1,1,0,0,5,4,16
2014-08-31,162420,5,2,0,0,1,0,0,0,1,22
2014-09-30,162420,3,5,0,1,2,0,0,0,0,19
2014-10-31,162420,5,1,4,1,2,2,1,0,2,13
2014-11-30,162420,5,0,1,3,8,4,1,0,0,8
2014-12-31,162420,6,8,0,0,2,1,1,1,0,12
2015-01-31,162420,6,5,0,0,0,2,2,4,2,10
2015-02-28,162420,4,4,3,2,2,2,0,1,0,10
2015-03-31,162420,2,4,2,5,4,0,2,3,0,9
2015-04-30,162420,7,4,1,0,0,3,1,2,3,9
2015-05-31,162420,4,5,1,0,1,2,3,0,2,13
2015-06-30,162420,5,4,1,0,1,1,0,0,1,17
2015-07-31,162420,3,3,3,0,0,0,0,0,0,22
2015-08-31,162420,3,2,3,0,0,1,0,0,1,21
2015-09-30,162420,1,8,6,0,1,3,0,0,0,11
2015-10-31,162420,3,2,5,2,5,0,0,0,0,14
2015-11-30,162420,12,0,3,1,0,0,1,2,6,5
2015-12-31,162420,25,1,1,2,0,0,0,1,1,0
2016-01-31,162420,11,2,0,1,0,2,4,3,0,8
2016-02-29,162420,4,0,0,0,2,3,4,4,2,10
2016-03-31,162420,0,2,2,3,0,3,2,2,0,17
2016-04-30,162420,2,1,3,1,3,4,2,2,1,11
2016-05-31,162420,4,2,0,0,5,0,5,3,2,10
2016-06-30,162420,2,6,0,0,0,2,0,3,3,14
2016-07-31,162420,1,7,0,1,0,0,0,0,4,18
2016-08-31,162420,1,14,2,0,0,0,0,0,0,14
2016-09-30,162420,6,3,1,0,0,0,0,1,0,19
2016-10-31,162420,3,4,5,1,4,0,0,0,0,14
2016-11-30,162420,3,1,3,2,5,4,1,1,0,10
2016-12-31,162420,4,7,7,9,0,0,0,0,3,1
2017-01-31,162420,4,4,4,5,2,1,2,0,2,7
2017-02-28,162420,11,0,2,4,0,3,3,0,0,5
2017-03-31,162420,6,6,1,1,1,1,2,3,1,9
2017-04-30,162420,5,3,0,0,3,2,0,0,2,15
2017-05-31,162420,4,3,1,0,1,1,0,1,4,16
2017-06-30,162420,7,1,2,0,0,2,1,1,0,16
2017-07-31,162420,5,7,0,0,0,0,0,0,4,15
2017-08-31,162420,2,8,2,0,0,0,0,0,2,17
2017-09-30,162420,7,0,3,0,0,0,0,0,4,16
2017-10-31,162420,15,4,2,0,0,0,0,1,3,6
2017-11-30,162420,5,2,3,1,2,0,4,0,2,11
2017-12-31,162420,4,6,2,0,0,4,7,0,3,5
2018-01-31,162420,6,1,0,1,5,1,5,5,1,6
2018-02-28,162420,1,2,0,3,1,1,0,0,1,19
2018-03-31,162420,1,1,0,0,2,7,5,1,0,14
2018-04-30,162420,8,1,2,2,2,4,0,3,0,8
2018-05-31,162420,2,1,1,1,0,0,0,0,2,24
2018-06-30,162420,0,8,1,0,0,0,0,0,3,18
2018-07-31,162420,0,2,0,0,0,0,0,0,6,23
2018-08-31,162420,1,11,1,0,0,0,0,0,0,18
2018-09-30,162420,6,3,3,0,0,0,0,0,0,18
2018-10-31,162420,3,2,7,8,4,3,0,0,0,4
2018-11-30,162420,5,1,6,4,5,0,0,0,0,9
2018-12-31,162420,9,6,0,0,0,0,2,4,3,7
2019-01-31,162420,1,11,0,0,0,2,1,1,2,13
2019-02-28,162420,7,10,3,0,0,1,1,1,1,4
2019-03-31,162420,5,3,7,0,0,2,2,6,3,3
2019-04-30,162420,1,1,0,4,3,2,0,0,4,15
2019-05-31,162420,2,3,0,0,1,1,2,2,1,19
2019-06-30,162420,5,2,3,1,0,1,0,0,0,18
2019-07-31,162420,2,3,2,0,0,0,0,0,1,23
2019-08-31,162420,5,4,4,0,0,0,0,0,0,18
2019-09-30,162420,5,3,7,2,1,0,0,0,0,12
2019-10-31,162420,11,1,1,1,4,2,0,0,0,11
2019-11-30,162420,0,0,0,1,6,5,3,1,0,14
2019-12-31,162420,4,6,2,3,4,4,0,3,3,2
2020-01-31,162420,13,3,4,4,1,0,3,1,1,1
2020-02-29,162420,8,3,0,0,0,1,4,8,5,0
2020-03-31,162420,4,1,8,1,1,3,1,0,3,9
2020-04-30,162420,11,2,4,1,0,0,2,1,0,9
2020-05-31,162420,6,5,2,1,1,2,2,1,0,11
2020-06-30,162420,5,1,0,0,0,2,2,1,6,13
2020-07-31,162420,2,6,2,0,0,0,0,0,0,21
2020-08-31,162420,3,9,0,0,1,0,0,0,1,17
2020-09-30,162420,3,3,7,0,0,0,2,1,0,14
2020-10-31,162420,6,0,0,0,0,5,2,2,4,12
2020-11-30,162420,9,3,9,5,2,1,0,0,0,1
2020-12-31,162420,3,2,0,2,4,3,3,0,0,14
2021-01-31,162420,1,2,2,1,1,3,3,2,3,13
2021-02-28,162420,8,1,3,1,4,2,2,1,0,6
2021-03-31,162420,8,5,4,3,0,1,3,1,4,2
2021-04-30,162420,4,4,4,0,2,1,0,0,2,13
2021-05-31,162420,6,1,0,0,2,1,1,6,4,10
2021-06-30,162420,5,1,0,1,1,0,0,0,1,21
2021-07-31,162420,1,5,0,0,0,0,0,1,3,21
2021-08-31,162420,2,3,1,0,0,0,0,1,0,24
2021-09-30,162420,3,2,6,0,1,0,0,0,0,18
2021-10-31,162420,3,8,7,0,5,0,1,0,0,7
2021-11-30,162420,0,2,6,8,1,2,2,0,1,8
2021-12-31,162420,3,8,0,1,0,2,3,2,2,10
1981-01-31,162450,0,13,1,1,1,0,0,5,5,5
1981-02-28,162450,5,4,2,1,1,0,2,0,0,13
1981-03-31,162450,7,0,0,0,5,0,2,7,1,9
1981-04-30,162450,9,0,0,5,1,2,0,1,0,12
1981-05-31,162450,11,0,0,1,3,1,4,1,1,9
1981-06-30,162450,5,4,0,1,1,0,0,1,2,16
1981-07-31,162450,5,4,0,0,2,0,0,0,7,13
1981-08-31,162450,1,7,1,0,0,0,0,0,2,20
1981-09-30,162450,5,3,0,0,3,2,0,0,0,17
1981-10-31,162450,9,1,0,0,0,3,3,3,2,10
1981-11-30,162450,14,9,1,0,0,0,1,0,3,2
1981-12-31,162450,0,1,1,0,3,4,8,2,3,9
1982-01-31,162450,1,1,7,7,0,1,2,2,3,7
1982-02-28,162450,5,2,4,9,1,0,0,0,0,7
1982-03-31,162450,3,3,2,1,2,1,0,2,5,12
1982-04-30,162450,3,4,1,2,0,0,0,1,2,17
1982-05-31,162450,9,4,3,1,0,2,1,1,0,10
1982-06-30,162450,2,0,3,0,0,0,1,2,4,18
1982-07-31,162450,2,4,2,0,0,0,0,0,3,20
1982-08-31,162450,3,6,0,0,0,0,0,0,0,22
1982-09-30,162450,4,2,4,1,1,0,1,0,0,17
1982-10-31,162450,2,1,3,5,2,1,4,3,0,10
1982-11-30,162450,7,1,1,4,4,4,0,0,3,6
1982-12-31,162450,2,4,2,0,0,1,7,3,1,11
1983-01-31,162450,9,5,0,0,0,0,1,10,5,1
1983-02-28,162450,4,3,1,1,1,3,0,4,2,9
1983-03-31,162450,6,4,1,1,3,1,1,3,0,11
1983-04-30,162450,5,0,0,0,3,6,9,3,3,1
1983-05-31,162450,6,0,0,0,3,4,2,4,0,12
1983-06-30,162450,7,6,2,1,0,0,0,0,1,13
1983-07-31,162450,4,6,1,0,0,0,0,0,2,18
1983-08-31,162450,0,2,0,0,0,0,0,0,3,26
1983-09-30,162450,4,4,4,1,1,1,0,0,3,12
1983-10-31,162450,9,5,5,1,0,2,0,0,0,9
1983-11-30,162450,2,2,5,10,0,0,2,1,1,7
1983-12-31,162450,5,5,3,3,1,5,1,3,0,5
1984-01-31,162450,5,4,0,0,1,3,6,4,3,5
1984-02-29,162450,1,4,4,1,4,0,0,1,2,12
1984-03-31,162450,0,3,5,3,0,3,3,1,1,12
1984-04-30,162450,4,5,0,3,1,0,0,0,4,13
1984-05-31,162450,3,0,0,1,5,3,5,2,0,12
1984-06-30,162450,10,2,1,0,0,2,1,3,2,9
1984-07-31,162450,10,7,0,0,1,0,0,0,1,12
1984-08-31,162450,0,1,0,0,2,0,0,1,1,26
1984-09-30,162450,9,0,0,0,1,2,2,5,2,9
1984-10-31,162450,7,2,7,2,0,6,1,0,0,6
1984-11-30,162450,1,0,2,4,7,0,3,1,0,12
1984-12-31,162450,5,1,8,2,3,2,0,0,1,9
1985-01-31,162450,1,4,1,3,0,4,0,1,1,16
1985-02-28,162450,4,2,4,5,1,1,1,1,1,8
1985-03-31,162450,5,1,2,3,3,1,4,0,0,12
1985-04-30,162450,3,5,0,1,2,1,4,5,1,8
1985-05-31,162450,2,0,0,0,3,2,0,2,3,19
1985-06-30,162450,11,0,0,0,1,0,1,2,2,13
1985-07-31,162450,2,6,0,0,0,0,0,0,0,23
1985-08-31,162450,6,5,0,0,0,0,0,0,5,15
1985-09-30,162450,6,1,6,1,0,0,0,0,1,15
1985-10-31,162450,9,3,5,6,1,0,0,0,0,7
1985-11-30,162450,2,1,1,2,1,3,1,2,0,17
1985-12-31,162450,10,4,1,0,0,3,2,0,4,7
1986-01-31,162450,2,1,0,0,4,1,4,5,7,7
1986-02-28,162450,0,0,1,3,1,2,0,0,0,21
1986-03-31,162450,6,1,2,2,1,0,2,4,1,12
1986-04-30,162450,2,2,0,0,6,7,3,2,0,8
1986-05-31,162450,5,3,0,1,0,0,0,0,2,20
1986-06-30,162450,1,5,0,0,0,0,0,0,3,21
1986-07-31,162450,4,2,2,0,0,0,0,0,2,21
1986-08-31,162450,3,3,1,0,0,0,0,0,2,22
1986-09-30,162450,4,4,5,1,0,0,0,0,0,16
1986-10-31,162450,6,4,2,7,0,1,3,2,1,5
1986-11-30,162450,8,4,7,2,3,1,0,0,0,5
1986-12-31,162450,9,2,3,2,1,0,0,8,3,3
1987-01-31,162450,2,3,3,1,1,0,3,4,0,14
1987-02-28,162450,4,3,1,2,4,2,1,1,0,10
1987-03-31,162450,3,5,6,1,0,0,4,2,2,8
1987-04-30,162450,10,3,1,0,1,2,3,4,1,5
1987-05-31,162450,5,3,0,0,1,0,2,1,2,17
1987-06-30,162450,7,3,0,0,0,0,1,1,4,14
1987-07-31,162450,3,5,2,0,0,0,1,0,1,19
1987-08-31,162450,3,2,3,0,1,0,0,0,1,21
1987-09-30,162450,8,3,3,0,0,1,0,0,1,14
1987-10-31,162450,3,0,2,8,3,5,1,1,0,8
1987-11-30,162450,4,3,3,1,3,1,1,1,2,11
1987-12-31,162450,9,3,1,4,2,1,1,0,1,9
1988-01-31,162450,2,4,0,1,7,3,5,3,1,5
1988-02-29,162450,4,3,2,1,0,3,3,5,1,7
1988-03-31,162450,2,3,0,0,0,3,2,7,6,8
1988-04-30,162450,9,1,1,3,1,1,0,0,0,14
1988-05-31,162450,3,1,1,4,2,2,3,0,0,15
1988-06-30,162450,6,1,0,0,0,0,0,0,3,20
1988-07-31,162450,4,7,0,0,0,2,1,1,3,13
1988-08-31,162450,5,4,0,0,0,0,0,0,1,21
1988-09-30,162450,10,5,2,0,0,0,0,1,1,11
1988-10-31,162450,4,1,4,5,5,2,2,0,1,7
1988-11-30,162450,6,5,5,4,1,0,3,0,0,6
1988-12-31,162450,7,11,2,0,0,1,0,5,1,4
1989-01-31,162450,14,2,7,4,1,0,0,0,2,1
1989-02-28,162450,16,1,1,2,0,3,3,0,1,1
1989-03-31,162450,7,7,1,2,0,3,2,3,1,5
1989-04-30,162450,4,0,0,0,5,4,5,1,1,10
1989-05-31,162450,4,4,1,3,0,2,0,0,5,12
1989-06-30,162450,4,3,0,0,0,0,0,3,1,19
1989-07-31,162450,6,3,0,0,0,0,0,0,0,22
1989-08-31,162450,3,3,0,0,1,0,0,0,2,22
1989-09-30,162450,5,2,3,2,1,0,0,0,0,17
1989-10-31,162450,16,3,2,0,0,1,1,1,1,6
1989-11-30,162450,4,0,5,5,1,5,1,0,0,9
1989-12-31,162450,1,0,3,10,1,3,8,0,2,3
1990-01-31,162450,11,2,4,7,0,3,4,0,0,0
1990-02-28,162450,10,4,1,0,0,1,4,5,1,2
1990-03-31,162450,13,2,5,1,0,1,0,1,3,5
1990-04-30,162450,4,0,0,2,1,3,1,0,5,14
1990-05-31,162450,9,5,3,1,1,1,0,1,0,10
1990-06-30,162450,10,1,0,0,0,0,0,2,1,16
1990-07-31,162450,1,8,2,0,0,0,0,0,2,18
1990-08-31,162450,5,5,3,0,0,0,0,0,1,17
1990-09-30,162450,7,4,1,0,0,0,0,1,1,16
1990-10-31,162450,2,0,1,4,7,0,4,0,0,13
1990-11-30,162450,1,3,5,3,0,4,5,2,0,7
1990-12-31,162450,5,4,4,3,1,1,1,0,0,12
1991-01-31,162450,3,3,12,2,0,0,5,2,1,3
1991-02-28,162450,2,2,3,5,2,2,1,0,3,8
1991-03-31,162450,2,1,5,2,6,4,0,0,0,11
1991-04-30,162450,4,2,0,1,1,0,1,2,5,14
1991-05-31,162450,6,2,1,0,2,1,0,3,4,12
1991-06-30,162450,9,2,0,0,0,0,1,1,5,12
1991-07-31,162450,1,3,0,0,0,0,0,0,4,23
1991-08-31,162450,3,0,2,0,0,0,0,0,4,22
1991-09-30,162450,7,0,2,0,1,3,1,0,0,16
1991-10-31,162450,4,0,5,5,2,2,0,1,1,11
1991-11-30,162450,4,3,3,3,0,5,1,3,0,8
1991-12-31,162450,5,12,6,2,0,0,0,2,4,0
1992-01-31,162450,17,2,4,4,0,1,0,0,0,3
1992-02-29,162450,11,3,3,0,1,0,3,2,5,1
1992-03-31,162450,10,1,2,4,0,2,2,3,0,7
1992-04-30,162450,4,3,1,0,2,1,5,1,1,12
1992-05-31,162450,4,3,7,2,1,0,0,0,0,14
1992-06-30,162450,2,4,0,0,2,1,0,1,2,18
1992-07-31,162450,0,2,1,0,0,1,0,0,2,25
1992-08-31,162450,4,2,1,0,0,0,1,1,2,20
1992-09-30,162450,7,1,0,2,2,1,0,0,4,13
1992-10-31,162450,0,0,0,3,3,3,5,5,0,12
1992-11-30,162450,10,0,1,2,0,2,4,2,5,4
1992-12-31,162450,4,0,3,8,3,3,1,2,1,6
1993-01-31,162450,14,1,3,2,0,0,2,3,1,5
1993-02-28,162450,5,7,5,6,1,0,0,0,1,3
1993-03-31,162450,12,4,2,0,0,1,1,0,2,9
1993-04-30,162450,3,0,0,0,4,3,1,3,3,13
1993-05-31,162450,9,2,2,0,0,1,1,2,2,12
1993-06-30,162450,4,2,1,0,0,0,0,3,1,19
1993-07-31,162450,9,1,0,2,1,1,0,1,5,11
1993-08-31,162450,3,6,0,0,0,0,0,0,2,20
1993-09-30,162450,4,0,0,4,3,4,3,1,1,10
1993-10-31,162450,3,0,5,4,2,9,1,1,0,6
1993-11-30,162450,3,3,3,4,4,1,0,0,0,12
1993-12-31,162450,7,0,2,0,0,2,8,5,1,6
1994-01-31,162450,4,2,4,1,0,4,2,3,4,7
1994-02-28,162450,2,2,0,3,1,5,2,0,2,11
1994-03-31,162450,14,2,0,0,0,0,2,4,2,7
1994-04-30,162450,2,3,0,1,0,0,4,1,3,16
1994-05-31,162450,1,0,1,0,3,2,2,2,2,18
1994-06-30,162450,8,6,0,0,0,0,0,2,3,11
1994-07-31,162450,0,8,1,0,0,0,0,0,0,22
1994-08-31,162450,1,0,1,0,0,0,0,1,5,23
1994-09-30,162450,7,2,0,1,3,1,2,1,1,12
1994-10-31,162450,6,0,10,4,1,0,2,1,1,6
1994-11-30,162450,12,3,1,0,4,2,0,0,3,5
1994-12-31,162450,8,1,3,1,1,0,5,2,2,8
1995-01-31,162450,3,8,3,0,0,1,7,2,2,5
1995-02-28,162450,8,2,1,0,0,1,6,3,3,4
1995-03-31,162450,2,5,1,3,0,0,6,3,3,8
1995-04-30,162450,7,2,2,0,3,1,4,0,4,7
1995-05-31,162450,6,4,1,0,2,2,2,1,3,10
1995-06-30,162450,6,1,1,1,0,0,0,0,1,20
1995-07-31,162450,3,6,2,1,0,0,0,0,1,18
1995-08-31,162450,1,3,2,0,0,0,0,0,3,22
1995-09-30,162450,4,2,1,1,0,3,2,3,0,14
1995-10-31,162450,16,1,6,2,1,0,0,0,0,5
1995-11-30,162450,0,3,2,3,8,1,1,0,4,8
1995-12-31,162450,1,0,1,7,2,1,3,0,0,16
1996-01-31,162450,0,1,5,6,11,0,0,0,0,8
1996-02-29,162450,1,3,2,2,2,1,1,1,1,15
1996-03-31,162450,4,1,1,5,2,0,0,0,3,15
1996-04-30,162450,3,2,0,3,2,2,0,1,0,17
1996-05-31,162450,8,1,0,0,0,3,3,2,3,11
1996-06-30,162450,5,4,5,0,0,1,0,1,2,12
1996-07-31,162450,5,4,5,0,0,0,0,1,3,13
1996-08-31,162450,0,1,0,0,0,0,0,0,1,29
1996-09-30,162450,2,5,0,2,1,1,0,1,5,13
1996-10-31,162450,6,3,3,1,3,1,2,0,4,8
1996-11-30,162450,7,1,0,0,4,3,4,1,2,8
1996-12-31,162450,1,4,0,4,7,4,0,0,2,9
1997-01-31,162450,5,0,7,5,7,1,1,0,0,5
1997-02-28,162450,10,3,1,1,1,0,5,3,3,1
1997-03-31,162450,6,7,6,0,0,0,0,1,5,6
1997-04-30,162450,7,3,2,1,0,1,1,1,2,12
1997-05-31,162450,4,2,3,4,1,1,5,4,0,7
1997-06-30,162450,1,0,1,1,3,1,0,2,2,19
1997-07-31,162450,2,0,1,0,0,0,0,1,7,20
1997-08-31,162450,2,3,0,0,0,0,1,0,2,23
1997-09-30,162450,4,0,8,1,0,0,0,0,0,17
1997-10-31,162450,2,2,2,6,1,1,1,1,1,14
1997-11-30,162450,0,1,2,3,3,5,3,0,0,13
1997-12-31,162450,3,3,2,1,5,1,2,1,1,12
1998-01-31,162450,10,2,3,2,2,2,4,2,0,4
1998-02-28,162450,9,5,2,0,1,1,1,2,3,4
1998-03-31,162450,7,11,1,2,1,0,1,2,0,6
1998-04-30,162450,3,1,0,2,1,7,9,3,0,4
1998-05-31,162450,5,1,2,1,2,0,0,0,1,19
1998-06-30,162450,8,2,0,2,0,0,0,1,3,14
1998-07-31,162450,9,3,0,0,0,0,0,0,8,11
1998-08-31,162450,2,7,2,0,0,0,0,1,0,19
1998-09-30,162450,0,4,0,3,2,2,2,5,0,12
1998-10-31,162450,7,2,0,0,2,2,2,1,6,9
1998-11-30,162450,1,3,5,1,0,2,2,2,2,12
1998-12-31,162450,7,7,0,3,3,1,0,0,3,7
1999-01-31,162450,8,2,1,4,3,0,3,3,3,4
1999-02-28,162450,5,3,1,1,0,0,3,7,3,5
1999-03-31,162450,5,4,2,3,0,5,5,0,3,4
1999-04-30,162450,2,0,0,0,3,1,4,6,3,11
1999-05-31,162450,8,0,0,2,2,0,0,2,0,17
1999-06-30,162450,2,1,2,0,0,0,0,0,4,21
1999-07-31,162450,2,8,1,1,0,0,0,0,3,16
1999-08-31,162450,2,3,0,0,0,0,0,0,1,25
1999-09-30,162450,6,4,2,1,2,2,0,0,0,13
1999-10-31,162450,11,3,0,1,2,4,0,0,2,8
1999-11-30,162450,6,2,0,6,0,0,0,1,1,14
1999-12-31,162450,7,5,2,0,0,1,6,2,1,7
2000-01-31,162450,12,1,5,3,0,0,1,2,4,3
2000-02-29,162450,12,7,0,0,0,0,3,3,2,2
2000-03-31,162450,11,3,0,0,1,2,3,3,2,6
2000-04-30,162450,1,1,0,0,6,5,3,2,5,7
2000-05-31,162450,6,0,0,1,5,0,0,0,0,19
2000-06-30,162450,8,4,2,0,0,0,0,0,2,14
2000-07-31,162450,6,4,1,0,2,2,1,1,6,8
2000-08-31,162450,2,4,1,0,0,0,0,0,2,22
2000-09-30,162450,5,3,2,0,3,2,0,0,2,13
2000-10-31,162450,8,0,1,3,4,5,0,0,1,9
2000-11-30,162450,5,0,0,0,2,8,6,1,1,7
2000-12-31,162450,6,1,0,4,3,5,1,4,0,7
2001-01-31,162450,2,1,3,4,1,10,5,1,0,4
2001-02-28,162450,0,7,1,2,0,4,4,1,3,6
2001-03-31,162450,1,1,0,0,1,6,12,5,0,5
2001-04-30,162450,7,3,0,0,0,1,2,3,3,11
2001-05-31,162450,4,2,2,2,1,3,0,0,2,15
2001-06-30,162450,3,2,1,0,1,0,0,1,6,16
2001-07-31,162450,2,5,0,0,2,0,0,2,3,17
2001-08-31,162450,3,7,0,0,0,0,0,0,2,19
2001-09-30,162450,8,0,0,0,2,0,0,1,8,11
2001-10-31,162450,13,3,1,0,2,0,1,0,0,11
2001-11-30,162450,2,3,4,4,1,0,1,0,3,12
2001-12-31,162450,6,4,7,2,0,0,2,3,1,6
2002-01-31,162450,12,5,2,0,0,2,3,2,1,4
2002-02-28,162450,9,1,0,2,0,1,5,3,2,5
2002-03-31,162450,1,7,3,2,2,4,1,2,2,7
2002-04-30,162450,2,3,1,3,1,1,1,0,3,15
2002-05-31,162450,3,4,1,2,3,0,1,3,4,10
2002-06-30,162450,4,6,0,0,0,2,1,0,2,15
2002-07-31,162450,3,5,1,1,0,0,1,0,4,16
2002-08-31,162450,2,3,0,0,0,0,0,1,3,22
2002-09-30,162450,2,6,1,0,0,0,0,0,1,20
2002-10-31,162450,7,1,1,0,2,3,4,2,0,11
2002-11-30,162450,1,2,1,1,3,7,5,1,0,9
2002-12-31,162450,2,1,1,4,1,1,3,1,0,17
2003-01-31,162450,3,3,4,1,0,1,4,0,1,14
2003-02-28,162450,2,3,8,5,2,0,1,0,2,5
2003-03-31,162450,13,5,3,1,0,0,1,1,0,7
2003-04-30,162450,3,4,2,3,2,4,1,0,0,11
2003-05-31,162450,6,5,0,2,1,0,0,0,5,12
2003-06-30,162450,6,8,0,0,0,0,0,0,0,16
2003-07-31,162450,0,5,0,0,0,0,0,1,3,22
2003-08-31,162450,0,8,0,0,0,1,0,0,1,21
2003-09-30,162450,7,3,7,1,0,0,0,0,1,11
2003-10-31,162450,3,0,2,6,1,3,4,1,2,9
2003-11-30,162450,7,1,5,3,5,4,0,1,1,3
2003-12-31,162450,5,5,3,4,4,2,1,1,1,5
2004-01-31,162450,3,4,1,0,0,1,5,2,5,10
2004-02-29,162450,9,1,2,1,3,1,0,2,2,8
2004-03-31,162450,5,3,0,4,3,0,1,2,0,13
2004-04-30,162450,2,3,0,1,3,0,2,2,1,16
2004-05-31,162450,6,5,2,1,1,1,3,1,0,11
2004-06-30,162450,9,3,1,0,0,0,0,0,2,15
2004-07-31,162450,2,5,0,0,0,0,0,0,5,19
2004-08-31,162450,5,1,0,0,1,1,0,0,5,18
2004-09-30,162450,5,5,7,0,0,0,0,1,1,11
2004-10-31,162450,10,0,0,1,3,5,2,0,0,10
2004-11-30,162450,8,2,5,2,2,1,0,2,2,6
2004-12-31,162450,0,2,3,11,2,2,1,2,1,7
2005-01-31,162450,7,8,0,0,0,0,1,2,5,8
2005-02-28,162450,1,5,3,3,0,0,1,2,0,13
2005-03-31,162450,7,2,2,0,2,2,1,1,2,12
2005-04-30,162450,7,1,1,2,1,4,4,2,1,7
2005-05-31,162450,5,4,0,1,0,0,0,0,5,16
2005-06-30,162450,1,5,2,0,1,1,0,0,0,20
2005-07-31,162450,5,7,0,0,0,0,0,0,3,16
2005-08-31,162450,1,3,3,1,0,0,0,0,3,20
2005-09-30,162450,4,4,0,0,3,0,0,0,1,18
2005-10-31,162450,7,1,1,7,3,2,0,0,1,9
2005-11-30,162450,11,1,3,2,2,2,2,0,0,7
2005-12-31,162450,6,2,5,0,0,4,1,3,1,9
2006-01-31,162450,2,2,8,7,3,1,1,0,0,7
2006-02-28,162450,3,4,2,1,0,2,4,1,0,11
2006-03-31,162450,3,2,0,2,1,3,5,3,1,11
2006-04-30,162450,5,0,0,2,1,2,0,0,4,16
2006-05-31,162450,9,2,0,3,1,1,0,1,3,11
2006-06-30,162450,10,5,2,0,0,0,0,0,2,11
2006-07-31,162450,1,5,3,0,0,0,0,0,0,22
2006-08-31,162450,4,3,0,0,1,0,0,2,5,16
2006-09-30,162450,6,3,3,4,3,0,0,0,2,9
2006-10-31,162450,6,3,6,1,2,5,1,0,1,6
2006-11-30,162450,15,3,1,0,0,4,1,1,0,5
2006-12-31,162450,11,1,6,4,0,3,3,0,0,3
2007-01-31,162450,9,1,1,0,1,1,6,6,2,4
2007-02-28,162450,3,3,0,1,1,3,5,2,1,9
2007-03-31,162450,6,2,4,3,0,2,3,2,0,9
2007-04-30,162450,9,0,3,8,0,0,0,0,0,10
2007-05-31,162450,2,2,1,0,2,0,0,5,4,15
2007-06-30,162450,7,1,1,0,0,0,1,2,2,16
2007-07-31,162450,7,4,0,0,0,0,0,2,6,12
2007-08-31,162450,3,7,1,0,0,0,0,0,2,18
2007-09-30,162450,6,7,3,0,0,0,1,0,0,13
2007-10-31,162450,9,3,5,2,0,0,0,0,0,12
2007-11-30,162450,1,3,4,2,5,0,0,1,2,12
2007-12-31,162450,4,3,9,5,0,0,5,1,2,2
2008-01-31,162450,11,5,1,0,3,4,1,1,2,3
2008-02-29,162450,10,2,8,0,1,2,1,2,1,2
2008-03-31,162450,2,2,1,0,0,2,3,7,2,12
2008-04-30,162450,4,5,1,0,0,5,3,3,2,7
2008-05-31,162450,5,2,1,2,6,0,0,0,0,15
2008-06-30,162450,3,3,0,0,0,0,0,1,3,20
2008-07-31,162450,3,4,0,0,0,0,0,0,3,21
2008-08-31,162450,4,1,1,0,0,0,0,0,4,21
2008-09-30,162450,3,5,3,0,0,2,0,0,0,17
2008-10-31,162450,11,0,4,2,2,1,1,0,1,9
2008-11-30,162450,5,0,5,1,4,5,0,2,1,7
2008-12-31,162450,2,4,1,4,5,1,1,2,2,9
2009-01-31,162450,2,1,4,5,1,1,2,1,0,14
2009-02-28,162450,2,8,1,0,2,2,2,2,3,6
2009-03-31,162450,3,3,1,1,1,3,0,4,6,9
2009-04-30,162450,1,0,0,0,4,2,1,1,3,18
2009-05-31,162450,8,5,0,1,0,0,0,0,3,14
2009-06-30,162450,5,1,0,0,0,2,1,0,6,15
2009-07-31,162450,5,3,0,0,1,1,0,0,3,18
2009-08-31,162450,0,6,4,1,0,0,0,0,1,19
2009-09-30,162450,4,7,7,0,2,0,1,0,0,9
2009-10-31,162450,4,8,4,0,2,1,0,0,0,12
2009-11-30,162450,9,0,0,0,0,7,6,1,1,6
2009-12-31,162450,2,3,0,3,0,5,4,0,4,10
2010-01-31,162450,2,2,4,4,2,0,1,0,2,14
2010-02-28,162450,1,0,1,0,4,5,5,2,2,8
2010-03-31,162450,5,3,3,0,2,6,1,4,0,7
2010-04-30,162450,7,3,1,1,2,0,0,0,3,13
2010-05-31,162450,5,3,0,0,0,1,1,3,3,15
2010-06-30,162450,2,0,0,0,2,0,0,0,4,22
2010-07-31,162450,4,8,0,0,0,0,0,0,1,18
2010-08-31,162450,6,5,0,1,0,0,0,1,3,15
2010-09-30,162450,2,7,0,0,1,1,0,0,1,18
2010-10-31,162450,3,2,0,5,4,1,0,0,1,15
2010-11-30,162450,4,0,0,0,3,4,4,3,0,12
2010-12-31,162450,3,6,0,2,3,4,2,0,2,9
2011-01-31,162450,5,5,2,4,1,4,0,1,1,8
2011-02-28,162450,7,5,3,0,1,1,0,0,2,9
2011-03-31,162450,6,3,5,1,5,1,1,0,1,8
2011-04-30,162450,2,6,2,3,2,0,0,0,5,10
2011-05-31,162450,4,6,2,0,1,0,0,0,4,14
2011-06-30,162450,5,3,0,0,0,0,0,0,7,15
2011-07-31,162450,3,1,0,0,0,0,0,1,5,21
2011-08-31,162450,2,4,0,0,0,0,0,0,1,24
2011-09-30,162450,0,3,5,0,0,0,0,0,1,21
2011-10-31,162450,7,2,4,6,3,1,0,0,2,6
2011-11-30,162450,4,0,8,11,6,0,0,0,0,1
2011-12-31,162450,1,5,2,1,0,3,9,4,3,3
2012-01-31,162450,4,5,1,4,0,0,2,6,4,5
2012-02-29,162450,2,6,3,0,0,0,0,1,6,11
2012-03-31,162450,11,5,3,3,0,2,0,0,1,6
2012-04-30,162450,5,0,1,0,2,2,7,2,1,10
2012-05-31,162450,7,3,0,0,1,1,2,0,8,9
2012-06-30,162450,7,3,0,0,0,0,0,1,1,18
2012-07-31,162450,2,7,2,0,0,0,0,0,3,17
2012-08-31,162450,2,7,2,0,0,0,0,0,1,19
2012-09-30,162450,2,3,0,1,2,1,2,0,1,18
2012-10-31,162450,7,0,1,1,3,0,0,0,0,19
2012-11-30,162450,6,2,1,4,3,3,3,0,0,8
2012-12-31,162450,2,3,0,0,1,4,2,4,5,10
2013-01-31,162450,4,3,0,0,0,2,0,3,2,17
2013-02-28,162450,0,3,2,1,1,0,2,0,1,18
2013-03-31,162450,1,0,1,3,5,2,5,0,2,12
2013-04-30,162450,7,0,0,2,3,1,4,0,0,13
2013-05-31,162450,4,0,0,0,2,1,0,6,3,15
2013-06-30,162450,2,4,0,1,0,0,0,1,8,14
2013-07-31,162450,5,5,2,0,0,0,0,0,1,18
2013-08-31,162450,2,6,2,0,0,0,0,0,2,19
2013-09-30,162450,4,5,1,0,0,0,0,2,1,17
2013-10-31,162450,8,0,2,4,4,1,0,0,2,10
2013-11-30,162450,2,4,5,1,1,2,2,0,1,12
2013-12-31,162450,17,2,3,1,0,2,0,0,1,5
2014-01-31,162450,6,0,0,0,5,5,0,0,1,14
2014-02-28,162450,3,0,0,0,4,5,4,1,2,9
2014-03-31,162450,8,3,2,1,0,0,2,2,3,10
2014-04-30,162450,1,4,0,0,2,1,0,2,4,16
2014-05-31,162450,6,1,0,0,3,1,0,1,6,13
2014-06-30,162450,6,4,0,0,0,0,0,0,2,18
2014-07-31,162450,2,3,0,1,1,0,0,5,3,16
2014-08-31,162450,6,2,1,0,0,0,0,0,2,20
2014-09-30,162450,3,5,0,1,2,0,0,0,0,19
2014-10-31,162450,5,1,5,1,2,1,1,0,2,13
2014-11-30,162450,5,0,1,3,8,4,1,0,0,8
2014-12-31,162450,6,8,0,0,1,2,1,1,0,12
2015-01-31,162450,6,5,0,0,0,1,3,4,2,10
2015-02-28,162450,4,4,2,2,1,3,0,1,0,11
2015-03-31,162450,3,4,2,5,4,0,2,3,0,8
2015-04-30,162450,7,4,1,0,0,3,1,2,3,9
2015-05-31,162450,4,5,1,0,1,1,2,1,3,13
2015-06-30,162450,5,4,1,0,0,0,0,0,2,18
2015-07-31,162450,0,2,6,0,0,0,0,0,0,23
2015-08-31,162450,3,5,2,0,0,1,0,0,0,20
2015-09-30,162450,1,8,6,0,1,2,0,0,0,12
2015-10-31,162450,3,2,4,2,5,0,0,0,0,15
2015-11-30,162450,10,0,3,1,0,0,1,4,6,5
2015-12-31,162450,26,1,1,1,0,0,0,1,1,0
2016-01-31,162450,11,3,0,0,0,2,4,3,0,8
2016-02-29,162450,3,0,0,0,2,3,5,4,2,10
2016-03-31,162450,0,2,1,2,0,3,2,2,0,19
2016-04-30,162450,2,1,2,1,3,4,2,2,1,12
2016-05-31,162450,4,2,0,0,5,0,3,5,2,10
2016-06-30,162450,2,6,0,0,0,1,0,3,4,14
2016-07-31,162450,1,7,1,1,0,0,0,0,5,16
2016-08-31,162450,0,15,4,0,0,0,0,0,0,12
2016-09-30,162450,6,4,1,0,0,0,0,0,0,19
2016-10-31,162450,5,3,4,1,4,0,0,0,0,14
2016-11-30,162450,3,1,3,2,5,4,1,1,0,10
2016-12-31,162450,6,6,5,10,0,0,0,1,2,1
2017-01-31,162450,4,5,3,5,2,1,2,0,2,7
2017-02-28,162450,10,0,2,4,0,3,4,0,0,5
2017-03-31,162450,6,5,2,1,1,1,2,3,1,9
2017-04-30,162450,5,3,0,0,1,3,0,0,3,15
2017-05-31,162450,4,3,1,0,1,1,0,1,4,16
2017-06-30,162450,7,1,2,0,0,1,1,1,0,17
2017-07-31,162450,5,7,0,0,0,0,0,0,5,14
2017-08-31,162450,2,8,3,0,0,0,0,0,2,16
2017-09-30,162450,6,0,2,0,0,0,0,0,5,17
2017-10-31,162450,15,5,2,0,0,0,0,1,3,5
2017-11-30,162450,5,2,3,0,2,0,4,0,3,11
2017-12-31,162450,2,4,2,0,0,4,7,2,5,5
2018-01-31,162450,6,0,0,1,5,1,5,4,2,7
2018-02-28,162450,1,2,0,3,1,1,0,0,1,19
2018-03-31,162450,1,1,0,0,2,7,4,2,0,14
2018-04-30,162450,8,1,2,2,2,3,0,3,0,9
2018-05-31,162450,2,1,2,0,0,0,2,1,1,22
2018-06-30,162450,0,8,1,0,0,0,0,0,4,17
2018-07-31,162450,0,4,0,0,0,0,0,0,5,22
2018-08-31,162450,2,13,0,0,0,0,0,0,1,15
2018-09-30,162450,3,5,3,0,0,0,0,0,0,19
2018-10-31,162450,2,1,7,9,4,3,0,0,1,4
2018-11-30,162450,5,1,5,2,6,1,0,0,0,10
2018-12-31,162450,8,5,0,0,0,0,3,4,3,8
2019-01-31,162450,1,9,0,0,0,2,1,1,4,13
2019-02-28,162450,7,9,3,0,0,1,1,1,2,4
2019-03-31,162450,4,3,7,0,0,2,2,7,3,3
2019-04-30,162450,1,1,0,4,3,2,0,1,5,13
2019-05-31,162450,2,3,0,0,1,1,2,2,1,19
2019-06-30,162450,5,3,3,1,0,1,0,0,1,16
2019-07-31,162450,1,5,2,0,0,0,0,0,1,22
2019-08-31,162450,5,5,3,0,0,0,0,0,0,18
2019-09-30,162450,5,3,7,2,1,0,0,0,0,12
2019-10-31,162450,11,1,0,1,4,2,0,0,0,12
2019-11-30,162450,0,0,0,1,6,3,5,1,0,14
2019-12-31,162450,5,5,2,3,4,3,2,3,3,1
2020-01-31,162450,16,3,2,4,1,0,2,1,1,1
2020-02-29,162450,10,2,0,0,0,1,4,7,5,0
2020-03-31,162450,4,2,8,1,0,3,1,1,3,8
2020-04-30,162450,12,2,4,1,0,0,2,1,0,8
2020-05-31,162450,6,6,1,1,1,2,2,1,1,10
2020-06-30,162450,7,1,0,0,0,1,1,1,5,14
2020-07-31,162450,3,7,2,0,0,0,0,0,0,19
2020-08-31,162450,3,8,0,0,1,0,0,0,1,18
2020-09-30,162450,4,5,6,0,0,0,2,1,0,12
2020-10-31,162450,6,1,0,0,0,5,2,1,5,11
2020-11-30,162450,9,3,8,5,2,1,0,0,0,2
2020-12-31,162450,4,2,0,2,2,3,3,0,0,15
2021-01-31,162450,1,2,2,1,1,3,3,2,3,13
2021-02-28,162450,7,1,3,1,4,3,2,1,0,6
2021-03-31,162450,8,5,4,3,0,1,3,1,4,2
2021-04-30,162450,4,3,4,0,3,0,0,0,2,14
2021-05-31,162450,6,0,0,0,2,1,1,6,4,11
2021-06-30,162450,5,1,0,1,1,0,0,0,2,20
2021-07-31,162450,1,3,0,0,0,0,0,1,4,22
2021-08-31,162450,2,7,1,0,0,0,0,1,0,20
2021-09-30,162450,3,4,5,0,1,0,0,0,0,17
2021-10-31,162450,3,7,7,0,5,0,1,0,0,8
2021-11-30,162450,1,1,6,8,1,2,2,0,1,8
2021-12-31,162450,3,7,0,1,0,2,2,2,5,9
1981-01-31,162890,0,12,0,1,1,0,3,2,4,8
1981-02-28,162890,4,4,3,2,0,0,2,1,0,12
1981-03-31,162890,7,0,0,1,4,0,2,5,1,11
1981-04-30,162890,8,0,1,2,0,1,1,0,0,17
1981-05-31,162890,12,0,0,1,2,1,3,2,0,10
1981-06-30,162890,7,2,0,1,0,0,0,2,1,17
1981-07-31,162890,7,3,0,0,0,1,0,3,5,12
1981-08-31,162890,3,6,0,0,0,0,1,0,1,20
1981-09-30,162890,9,3,0,0,0,0,0,0,1,17
1981-10-31,162890,12,0,0,1,1,3,3,2,1,8
1981-11-30,162890,13,5,0,0,0,0,1,1,4,6
1981-12-31,162890,0,1,0,0,3,3,10,1,1,12
1982-01-31,162890,2,0,7,7,2,0,2,4,1,6
1982-02-28,162890,5,2,9,5,0,0,0,0,0,7
1982-03-31,162890,6,2,4,0,1,2,1,2,3,10
1982-04-30,162890,4,3,2,1,0,0,0,1,2,17
1982-05-31,162890,9,7,1,0,1,2,1,1,0,9
1982-06-30,162890,6,1,0,0,0,0,2,2,1,18
1982-07-31,162890,2,2,1,0,0,0,0,2,1,23
1982-08-31,162890,2,3,0,0,1,0,0,0,0,25
1982-09-30,162890,7,1,2,0,0,0,0,0,0,20
1982-10-31,162890,2,1,6,2,2,2,4,1,0,11
1982-11-30,162890,6,3,4,4,5,1,1,0,0,6
1982-12-31,162890,2,3,3,0,0,4,5,3,1,10
1983-01-31,162890,10,5,0,0,0,0,3,8,3,2
1983-02-28,162890,6,2,2,1,1,3,1,2,2,8
1983-03-31,162890,5,3,3,0,3,1,1,3,0,12
1983-04-30,162890,14,0,0,0,1,2,7,1,2,3
1983-05-31,162890,11,0,0,0,0,1,4,1,1,13
1983-06-30,162890,8,2,1,0,0,0,0,0,2,17
1983-07-31,162890,2,6,0,0,0,0,0,0,2,21
1983-08-31,162890,2,1,1,0,0,0,0,3,1,23
1983-09-30,162890,4,3,3,1,0,3,0,0,5,11
1983-10-31,162890,10,5,5,0,0,0,1,0,0,10
1983-11-30,162890,3,0,10,5,1,0,1,1,0,9
1983-12-31,162890,4,4,3,3,1,4,2,1,0,9
1984-01-31,162890,6,4,0,0,2,2,8,1,2,6
1984-02-29,162890,3,2,4,2,5,0,1,0,1,11
1984-03-31,162890,1,4,4,3,0,2,3,0,0,14
1984-04-30,162890,3,6,0,3,2,0,0,0,4,12
1984-05-31,162890,7,0,0,1,5,1,5,2,0,10
1984-06-30,162890,11,1,1,0,0,1,2,3,0,11
1984-07-31,162890,11,1,0,0,0,0,0,0,3,16
1984-08-31,162890,2,0,1,1,0,0,0,2,1,24
1984-09-30,162890,9,0,0,0,2,1,6,3,1,8
1984-10-31,162890,8,2,8,2,0,5,1,0,1,4
1984-11-30,162890,3,0,4,8,2,0,2,1,0,10
1984-12-31,162890,6,1,8,4,2,2,0,0,1,7
1985-01-31,162890,3,3,1,4,0,2,1,0,1,16
1985-02-28,162890,5,1,5,3,1,1,1,2,1,8
1985-03-31,162890,5,1,2,5,3,1,4,0,1,9
1985-04-30,162890,1,4,0,3,0,2,7,3,1,9
1985-05-31,162890,3,0,1,0,1,4,1,2,4,15
1985-06-30,162890,14,0,0,0,0,0,3,2,1,10
1985-07-31,162890,0,5,0,0,0,0,0,0,0,26
1985-08-31,162890,4,1,0,0,0,0,1,3,6,16
1985-09-30,162890,6,1,2,2,0,0,0,0,1,18
1985-10-31,162890,9,4,3,6,0,1,0,0,1,7
1985-11-30,162890,4,0,1,2,1,3,3,0,1,15
1985-12-31,162890,11,3,1,0,0,3,2,1,2,8
1986-01-31,162890,3,2,0,0,3,2,5,4,2,10
1986-02-28,162890,0,1,3,3,1,2,0,0,0,18
1986-03-31,162890,4,0,5,3,1,0,2,3,1,12
1986-04-30,162890,6,0,0,1,5,3,2,3,0,10
1986-05-31,162890,5,1,1,0,0,1,0,1,3,19
1986-06-30,162890,1,4,2,0,0,0,0,0,6,17
1986-07-31,162890,4,2,1,0,0,0,1,0,4,19
1986-08-31,162890,4,3,0,0,0,0,0,0,0,24
1986-09-30,162890,5,6,5,0,0,0,0,0,0,14
1986-10-31,162890,10,2,4,3,0,0,3,1,1,7
1986-11-30,162890,9,1,8,3,1,1,0,0,1,6
1986-12-31,162890,8,2,3,2,1,0,6,2,3,4
1987-01-31,162890,4,3,3,0,1,1,5,1,0,13
1987-02-28,162890,4,1,3,4,2,2,0,0,1,11
1987-03-31,162890,5,5,5,2,0,1,3,0,4,6
1987-04-30,162890,8,5,1,0,2,2,4,2,2,4
1987-05-31,162890,6,1,0,1,0,2,1,2,2,16
1987-06-30,162890,9,3,0,0,0,2,2,3,0,11
1987-07-31,162890,5,4,1,0,0,0,0,0,1,20
1987-08-31,162890,3,4,0,0,1,0,0,0,0,23
1987-09-30,162890,9,2,2,0,0,2,0,0,2,13
1987-10-31,162890,6,1,3,5,4,1,1,1,0,9
1987-11-30,162890,4,0,3,0,3,2,1,0,4,13
1987-12-31,162890,10,0,2,3,1,0,1,0,2,12
1988-01-31,162890,6,2,1,6,0,3,4,2,0,7
1988-02-29,162890,3,2,3,0,1,3,5,5,1,6
1988-03-31,162890,2,1,0,0,3,1,4,8,4,8
1988-04-30,162890,8,2,0,4,0,0,2,0,0,14
1988-05-31,162890,5,1,4,3,3,1,2,0,0,12
1988-06-30,162890,7,1,0,0,0,0,2,1,1,18
1988-07-31,162890,6,7,0,0,0,0,1,0,2,15
1988-08-31,162890,5,3,0,0,0,0,0,0,1,22
1988-09-30,162890,11,3,0,0,0,0,2,1,0,13
1988-10-31,162890,9,1,3,4,2,0,2,1,0,9
1988-11-30,162890,6,4,4,5,0,0,2,0,0,9
1988-12-31,162890,6,9,1,0,0,1,1,4,2,7
1989-01-31,162890,15,2,9,2,0,0,0,1,1,1
1989-02-28,162890,14,2,3,1,0,3,3,1,0,1
1989-03-31,162890,9,6,1,2,0,1,3,1,1,7
1989-04-30,162890,6,0,0,2,5,0,6,1,1,9
1989-05-31,162890,6,2,2,2,1,0,0,2,1,15
1989-06-30,162890,10,2,0,0,0,0,1,1,1,15
1989-07-31,162890,5,5,0,0,0,0,0,0,0,21
1989-08-31,162890,3,3,0,0,0,0,0,1,1,23
1989-09-30,162890,5,1,2,1,0,0,0,0,1,20
1989-10-31,162890,16,4,0,0,0,0,2,1,1,7
1989-11-30,162890,5,3,3,5,0,3,1,0,1,9
1989-12-31,162890,5,0,6,8,0,3,5,0,0,4
1990-01-31,162890,13,1,6,7,0,2,2,0,0,0
1990-02-28,162890,14,2,0,0,0,0,4,4,1,3
1990-03-31,162890,14,3,4,0,0,0,3,0,3,4
1990-04-30,162890,6,0,1,0,1,3,2,2,2,13
1990-05-31,162890,10,6,0,2,0,1,1,0,0,11
1990-06-30,162890,12,2,0,0,1,2,2,0,0,11
1990-07-31,162890,1,3,2,0,0,0,0,2,1,22
1990-08-31,162890,4,9,0,0,0,0,0,0,2,16
1990-09-30,162890,7,2,1,0,0,0,3,0,0,17
1990-10-31,162890,5,0,2,5,3,1,2,0,0,13
1990-11-30,162890,0,2,5,3,0,5,5,0,0,10
1990-12-31,162890,5,3,3,3,1,2,0,0,0,14
1991-01-31,162890,8,2,13,1,0,0,1,2,1,3
1991-02-28,162890,3,2,2,3,2,3,2,0,1,10
1991-03-31,162890,4,1,5,4,4,2,0,0,0,11
1991-04-30,162890,6,2,1,0,1,2,1,1,4,12
1991-05-31,162890,5,2,0,1,1,2,3,4,1,12
1991-06-30,162890,9,2,0,0,0,1,1,0,6,11
1991-07-31,162890,1,2,0,0,0,0,0,2,5,21
1991-08-31,162890,2,2,2,0,0,0,0,2,3,20
1991-09-30,162890,8,0,3,1,1,2,2,0,0,13
1991-10-31,162890,3,2,5,5,1,2,1,0,0,12
1991-11-30,162890,8,1,2,2,1,4,1,1,1,9
1991-12-31,162890,6,8,6,1,0,0,1,1,4,4
1992-01-31,162890,18,2,3,5,0,1,0,0,0,2
1992-02-29,162890,10,5,2,2,0,1,2,3,2,2
1992-03-31,162890,9,2,3,2,1,3,4,1,1,5
1992-04-30,162890,4,1,0,1,1,3,5,2,2,11
1992-05-31,162890,4,5,7,2,0,0,0,0,0,13
1992-06-30,162890,4,4,0,0,1,0,1,2,2,16
1992-07-31,162890,5,2,1,0,0,0,0,1,2,20
1992-08-31,162890,4,2,0,0,0,0,0,1,3,21
1992-09-30,162890,8,1,1,1,1,0,0,2,1,15
1992-10-31,162890,2,0,1,1,3,3,7,2,0,12
1992-11-30,162890,10,1,2,2,0,2,4,2,3,4
1992-12-31,162890,5,0,5,8,0,3,1,2,1,6
1993-01-31,162890,13,1,5,0,0,0,2,2,3,5
1993-02-28,162890,5,3,8,3,1,0,0,0,2,6
1993-03-31,162890,14,3,1,0,1,0,0,1,1,10
1993-04-30,162890,7,0,0,2,1,1,1,4,0,14
1993-05-31,162890,10,3,2,0,0,1,2,3,1,9
1993-06-30,162890,6,2,0,0,0,0,1,3,1,17
1993-07-31,162890,12,2,0,0,0,0,1,1,4,11
1993-08-31,162890,3,3,0,0,0,0,0,1,0,24
1993-09-30,162890,9,0,3,1,2,3,3,2,0,7
1993-10-31,162890,6,0,7,2,3,6,0,1,0,6
1993-11-30,162890,3,2,3,7,2,1,0,0,0,12
1993-12-31,162890,8,0,1,0,0,2,10,3,0,7
1994-01-31,162890,3,1,1,2,1,2,1,3,5,12
1994-02-28,162890,4,0,1,3,3,1,1,0,0,15
1994-03-31,162890,16,1,1,0,1,0,5,2,1,4
1994-04-30,162890,0,5,0,1,0,2,6,0,0,16
1994-05-31,162890,3,4,0,0,2,2,2,1,1,16
1994-06-30,162890,10,2,0,0,0,0,1,4,1,12
1994-07-31,162890,0,8,0,0,0,0,0,0,3,20
1994-08-31,162890,2,2,0,0,0,0,1,3,0,23
1994-09-30,162890,7,0,0,2,1,1,2,1,2,14
1994-10-31,162890,5,2,11,2,1,0,1,1,0,8
1994-11-30,162890,11,5,1,3,1,2,0,0,1,6
1994-12-31,162890,12,1,3,0,1,0,2,2,2,8
1995-01-31,162890,5,5,1,0,0,1,6,3,0,10
1995-02-28,162890,9,1,2,0,0,0,7,3,3,3
1995-03-31,162890,2,2,1,3,0,1,7,2,3,10
1995-04-30,162890,8,1,0,2,2,1,3,2,2,9
1995-05-31,162890,7,3,0,0,1,1,5,0,4,10
1995-06-30,162890,7,1,0,1,0,0,0,0,1,20
1995-07-31,162890,1,7,1,0,0,0,0,0,2,20
1995-08-31,162890,2,1,1,0,0,0,1,2,0,24
1995-09-30,162890,6,0,0,1,2,0,5,1,1,14
1995-10-31,162890,16,1,9,0,1,0,0,0,0,4
1995-11-30,162890,2,2,2,3,5,1,1,1,3,10
1995-12-31,162890,2,0,1,7,1,2,3,0,0,15
1996-01-31,162890,1,1,6,10,6,0,0,0,0,7
1996-02-29,162890,1,1,2,3,1,2,1,1,0,17
1996-03-31,162890,4,1,2,6,0,0,1,0,0,17
1996-04-30,162890,4,0,0,3,2,1,0,1,1,18
1996-05-31,162890,7,2,0,0,0,3,5,3,2,9
1996-06-30,162890,7,3,2,0,0,1,1,0,4,12
1996-07-31,162890,5,5,0,0,0,0,0,1,2,18
1996-08-31,162890,0,2,0,0,0,0,0,0,2,27
1996-09-30,162890,2,1,0,1,0,2,2,2,5,15
1996-10-31,162890,6,4,3,2,2,1,3,1,1,8
1996-11-30,162890,8,1,0,0,6,4,3,0,1,7
1996-12-31,162890,1,2,1,5,2,4,0,0,0,16
1997-01-31,162890,8,1,6,5,5,0,1,0,0,5
1997-02-28,162890,14,2,1,0,0,0,3,2,3,3
1997-03-31,162890,6,5,5,0,1,0,2,1,3,8
1997-04-30,162890,6,2,1,0,1,2,2,1,0,15
1997-05-31,162890,7,2,3,0,0,3,3,3,0,10
1997-06-30,162890,3,0,0,0,2,1,0,3,1,20
1997-07-31,162890,3,0,0,0,0,0,1,3,5,19
1997-08-31,162890,0,3,0,0,0,0,1,2,2,23
1997-09-30,162890,5,3,3,1,0,0,0,0,0,18
1997-10-31,162890,2,1,5,3,1,1,4,0,1,13
1997-11-30,162890,0,4,1,3,3,5,2,0,0,12
1997-12-31,162890,4,3,1,4,2,2,3,0,0,12
1998-01-31,162890,12,1,3,0,2,1,3,1,0,8
1998-02-28,162890,9,3,2,0,1,0,0,2,5,6
1998-03-31,162890,9,7,0,2,1,0,4,0,4,4
1998-04-30,162890,6,0,0,2,2,5,9,1,0,5
1998-05-31,162890,7,2,1,0,2,0,0,0,3,16
1998-06-30,162890,8,0,0,0,0,0,1,3,2,16
1998-07-31,162890,8,0,0,0,0,0,2,1,4,16
1998-08-31,162890,2,2,2,0,0,0,1,0,1,23
1998-09-30,162890,1,4,1,1,1,2,5,1,0,14
1998-10-31,162890,10,0,0,0,3,1,3,0,3,11
1998-11-30,162890,0,3,2,2,0,2,1,2,2,16
1998-12-31,162890,5,7,2,6,0,1,0,1,3,6
1999-01-31,162890,10,3,2,2,2,1,4,1,1,5
1999-02-28,162890,7,1,1,0,1,1,7,3,1,6
1999-03-31,162890,8,2,1,4,1,2,3,0,3,7
1999-04-30,162890,3,0,0,1,3,3,7,2,2,9
1999-05-31,162890,10,0,0,4,0,1,2,2,0,12
1999-06-30,162890,2,1,0,0,0,0,0,3,0,24
1999-07-31,162890,2,5,1,0,0,0,0,1,4,18
1999-08-31,162890,4,1,0,0,0,0,0,0,1,25
1999-09-30,162890,8,3,1,0,1,0,1,0,2,14
1999-10-31,162890,10,3,0,2,1,4,1,0,2,8
1999-11-30,162890,5,0,3,4,0,0,2,0,1,15
1999-12-31,162890,8,6,0,0,0,2,7,2,0,6
2000-01-31,162890,11,2,5,3,0,0,2,3,2,3
2000-02-29,162890,14,4,0,0,0,0,3,0,3,5
2000-03-31,162890,13,2,0,0,1,3,3,3,1,5
2000-04-30,162890,4,1,0,2,2,3,3,2,4,9
2000-05-31,162890,6,1,0,1,3,0,1,1,0,18
2000-06-30,162890,7,4,2,0,0,0,0,0,1,16
2000-07-31,162890,7,1,0,0,0,2,1,6,2,12
2000-08-31,162890,3,3,0,0,0,1,0,0,2,22
2000-09-30,162890,6,1,3,0,2,4,0,1,1,12
2000-10-31,162890,9,0,3,2,4,3,0,0,0,10
2000-11-30,162890,7,1,0,0,3,10,4,0,1,4
2000-12-31,162890,8,1,2,3,2,3,2,3,0,7
2001-01-31,162890,3,1,4,5,0,8,4,0,0,6
2001-02-28,162890,5,4,2,0,1,2,4,2,1,7
2001-03-31,162890,4,0,2,0,1,7,9,2,0,6
2001-04-30,162890,4,3,0,0,0,2,2,4,1,14
2001-05-31,162890,7,1,2,2,1,2,0,0,1,15
2001-06-30,162890,3,1,1,0,0,2,2,4,2,15
2001-07-31,162890,3,4,0,1,1,0,0,3,2,17
2001-08-31,162890,0,5,1,0,0,0,0,0,3,22
2001-09-30,162890,9,0,0,0,1,1,3,2,0,14
2001-10-31,162890,12,3,2,0,1,1,0,0,0,12
2001-11-30,162890,1,4,3,3,1,0,1,0,2,15
2001-12-31,162890,5,4,7,2,0,0,4,1,1,7
2002-01-31,162890,15,4,2,0,0,1,0,2,0,7
2002-02-28,162890,8,2,1,2,1,2,3,5,1,3
2002-03-31,162890,4,8,3,2,2,3,0,3,1,5
2002-04-30,162890,1,2,0,4,1,0,1,0,3,18
2002-05-31,162890,5,0,1,2,2,1,0,4,1,15
2002-06-30,162890,2,1,0,0,1,2,1,2,1,20
2002-07-31,162890,2,4,0,0,0,0,0,1,1,23
2002-08-31,162890,2,1,0,0,0,1,0,2,1,24
2002-09-30,162890,4,5,0,0,0,1,0,0,1,19
2002-10-31,162890,12,0,0,0,2,3,2,1,0,11
2002-11-30,162890,2,1,0,1,6,5,4,0,1,10
2002-12-31,162890,4,1,1,4,1,1,1,0,0,18
2003-01-31,162890,3,1,5,1,1,1,4,1,1,13
2003-02-28,162890,5,3,10,2,0,0,2,0,2,4
2003-03-31,162890,11,6,4,0,0,0,1,0,1,8
2003-04-30,162890,5,2,6,0,2,2,2,0,2,9
2003-05-31,162890,5,3,1,1,0,0,0,1,4,16
2003-06-30,162890,7,3,0,0,0,0,0,0,3,17
2003-07-31,162890,1,2,0,0,0,0,1,0,4,23
2003-08-31,162890,1,7,0,0,0,1,0,0,1,21
2003-09-30,162890,8,3,5,0,0,0,0,1,1,12
2003-10-31,162890,4,0,3,5,1,3,5,2,0,8
2003-11-30,162890,9,3,4,3,4,2,0,1,1,3
2003-12-31,162890,6,4,3,7,2,0,1,1,2,5
2004-01-31,162890,4,2,1,0,0,0,6,1,2,15
2004-02-29,162890,7,4,0,2,3,0,3,0,2,8
2004-03-31,162890,7,3,1,5,3,1,3,1,0,7
2004-04-30,162890,3,2,0,0,3,0,5,0,1,16
2004-05-31,162890,7,3,1,1,2,1,3,1,2,10
2004-06-30,162890,10,3,0,0,0,0,2,1,0,14
2004-07-31,162890,3,0,0,0,0,0,0,1,3,24
2004-08-31,162890,7,1,0,0,0,0,0,2,3,18
2004-09-30,162890,6,4,5,0,0,0,1,0,0,14
2004-10-31,162890,11,0,1,2,4,2,3,0,0,8
2004-11-30,162890,7,0,3,2,2,1,1,2,3,9
2004-12-31,162890,3,2,2,10,3,3,1,1,0,6
2005-01-31,162890,9,6,0,0,0,0,0,3,2,11
2005-02-28,162890,0,3,4,4,0,0,2,1,0,14
2005-03-31,162890,8,1,2,1,2,1,2,2,1,11
2005-04-30,162890,10,1,2,0,1,4,4,2,0,6
2005-05-31,162890,4,3,1,0,0,0,0,2,4,17
2005-06-30,162890,3,3,0,1,0,1,0,0,1,21
2005-07-31,162890,4,0,1,0,0,0,0,1,6,19
2005-08-31,162890,3,1,1,0,0,0,0,2,3,21
2005-09-30,162890,6,1,0,1,1,0,0,0,2,19
2005-10-31,162890,11,0,5,5,2,0,0,0,1,7
2005-11-30,162890,10,2,1,4,1,2,4,0,0,6
2005-12-31,162890,9,2,4,1,0,3,2,2,1,7
2006-01-31,162890,3,2,12,7,0,1,1,0,0,5
2006-02-28,162890,3,4,2,0,0,3,4,0,0,12
2006-03-31,162890,5,1,0,2,1,1,6,1,2,12
2006-04-30,162890,8,1,0,1,0,2,0,2,2,14
2006-05-31,162890,12,1,1,2,0,0,1,0,1,13
2006-06-30,162890,12,3,1,0,0,0,0,1,3,10
2006-07-31,162890,0,10,2,0,0,0,0,0,1,18
2006-08-31,162890,5,0,0,0,0,0,2,2,3,19
2006-09-30,162890,6,1,5,2,3,0,0,1,1,11
2006-10-31,162890,8,5,6,0,1,3,1,0,0,7
2006-11-30,162890,17,3,2,0,0,1,2,2,0,3
2006-12-31,162890,14,0,7,3,1,3,1,0,0,2
2007-01-31,162890,14,1,1,0,1,1,5,6,1,1
2007-02-28,162890,3,3,1,1,0,4,3,1,2,10
2007-03-31,162890,5,0,5,3,1,1,6,0,0,10
2007-04-30,162890,12,0,3,6,0,0,0,0,0,9
2007-05-31,162890,2,0,0,0,2,0,2,5,0,20
2007-06-30,162890,8,1,0,0,0,0,1,3,0,17
2007-07-31,162890,9,3,0,0,0,0,0,2,4,13
2007-08-31,162890,3,7,0,0,0,0,0,3,0,18
2007-09-30,162890,7,4,2,0,0,1,2,0,1,13
2007-10-31,162890,7,3,6,2,0,0,0,0,0,13
2007-11-30,162890,2,1,2,3,5,0,2,1,0,14
2007-12-31,162890,3,3,11,6,0,0,3,1,1,3
2008-01-31,162890,13,5,1,2,1,2,1,3,0,3
2008-02-29,162890,15,5,3,1,2,2,0,0,0,1
2008-03-31,162890,2,0,0,0,0,2,9,4,1,13
2008-04-30,162890,3,3,0,0,1,6,4,2,2,9
2008-05-31,162890,8,3,2,3,2,0,1,0,0,12
2008-06-30,162890,7,1,0,0,1,0,2,3,1,15
2008-07-31,162890,0,1,0,0,0,0,0,1,5,24
2008-08-31,162890,4,2,0,0,0,0,0,2,2,21
2008-09-30,162890,5,4,2,0,0,1,1,0,0,17
2008-10-31,162890,15,0,2,2,2,2,2,2,0,4
2008-11-30,162890,5,0,3,1,3,4,2,0,0,12
2008-12-31,162890,3,2,2,3,4,2,1,0,5,9
2009-01-31,162890,2,2,5,3,1,1,2,0,0,15
2009-02-28,162890,2,5,0,1,1,3,3,1,4,8
2009-03-31,162890,3,2,0,1,3,3,1,6,3,9
2009-04-30,162890,5,0,0,1,2,0,1,1,2,18
2009-05-31,162890,8,4,0,2,0,0,0,0,4,13
2009-06-30,162890,5,0,1,0,0,2,1,2,1,18
2009-07-31,162890,7,2,0,0,0,0,0,1,2,19
2009-08-31,162890,0,7,2,0,0,0,0,0,2,20
2009-09-30,162890,4,7,4,1,1,0,0,0,0,13
2009-10-31,162890,6,8,1,0,1,1,0,0,2,12
2009-11-30,162890,9,1,0,0,0,5,5,3,0,7
2009-12-31,162890,3,2,0,2,0,3,5,0,2,14
2010-01-31,162890,2,2,4,4,2,0,2,1,1,13
2010-02-28,162890,2,1,0,2,2,4,5,1,2,9
2010-03-31,162890,9,1,3,0,1,2,1,3,1,10
2010-04-30,162890,8,2,0,1,3,0,1,3,1,11
2010-05-31,162890,5,0,0,0,2,2,1,2,2,17
2010-06-30,162890,4,0,0,1,0,0,0,2,2,21
2010-07-31,162890,4,4,0,0,0,0,0,0,3,20
2010-08-31,162890,6,4,1,0,0,0,0,2,2,16
2010-09-30,162890,3,2,0,0,3,1,1,0,1,19
2010-10-31,162890,3,2,3,4,3,2,0,0,0,14
2010-11-30,162890,5,0,0,0,3,5,3,1,0,13
2010-12-31,162890,3,5,1,2,3,3,4,0,1,9
2011-01-31,162890,7,2,1,4,0,2,0,1,1,13
2011-02-28,162890,8,5,2,1,2,0,0,0,1,9
2011-03-31,162890,5,4,4,1,5,2,1,0,1,8
2011-04-30,162890,3,7,2,3,0,0,0,3,4,8
2011-05-31,162890,5,4,1,0,1,0,0,0,3,17
2011-06-30,162890,5,3,0,0,0,0,0,1,4,17
2011-07-31,162890,5,0,0,0,0,0,0,3,2,21
2011-08-31,162890,3,5,1,0,0,0,0,0,1,21
2011-09-30,162890,1,3,1,0,0,0,1,0,3,21
2011-10-31,162890,7,2,5,8,0,1,1,0,1,6
2011-11-30,162890,6,0,8,10,5,0,0,0,0,1
2011-12-31,162890,4,3,2,1,0,3,6,4,1,7
2012-01-31,162890,7,3,3,2,0,0,5,4,3,4
2012-02-29,162890,2,1,3,0,0,0,0,2,4,17
2012-03-31,162890,15,4,3,1,0,1,1,1,0,5
2012-04-30,162890,7,0,0,0,2,3,5,1,1,11
2012-05-31,162890,8,2,1,0,1,1,1,4,4,9
2012-06-30,162890,7,2,0,0,0,1,3,1,1,15
2012-07-31,162890,2,5,1,0,0,0,0,0,3,20
2012-08-31,162890,2,12,0,0,0,0,0,0,0,17
2012-09-30,162890,4,3,0,0,0,1,2,0,0,20
2012-10-31,162890,9,0,1,0,2,1,1,0,0,17
2012-11-30,162890,8,2,4,2,3,2,3,0,0,6
2012-12-31,162890,1,5,0,1,1,3,2,3,4,11
2013-01-31,162890,4,0,0,0,2,3,2,2,4,14
2013-02-28,162890,1,0,2,1,1,0,2,0,0,21
2013-03-31,162890,1,0,1,4,3,2,7,0,1,12
2013-04-30,162890,9,0,1,1,3,1,3,0,0,12
2013-05-31,162890,5,0,0,0,2,0,5,4,1,14
2013-06-30,162890,4,2,1,0,0,0,1,1,6,15
2013-07-31,162890,3,8,0,0,0,0,0,0,2,18
2013-08-31,162890,1,8,0,0,0,0,0,0,1,21
2013-09-30,162890,4,2,1,0,1,0,0,3,1,18
2013-10-31,162890,10,0,2,4,2,1,0,1,1,10
2013-11-30,162890,4,2,3,2,0,2,4,0,1,12
2013-12-31,162890,15,4,4,1,0,2,0,1,0,4
2014-01-31,162890,8,0,0,1,4,4,1,0,0,13
2014-02-28,162890,4,0,0,1,1,6,4,1,0,11
2014-03-31,162890,8,3,2,1,0,1,1,4,1,10
2014-04-30,162890,2,2,0,0,2,0,0,4,4,16
2014-05-31,162890,9,0,0,0,0,0,1,4,2,15
2014-06-30,162890,6,4,1,0,0,1,0,1,1,16
2014-07-31,162890,2,0,1,0,0,0,2,3,5,18
2014-08-31,162890,6,2,0,0,0,0,0,0,2,21
2014-09-30,162890,3,3,0,1,1,0,0,0,0,22
2014-10-31,162890,6,3,6,0,1,0,3,0,0,12
2014-11-30,162890,6,1,0,4,8,4,0,0,0,7
2014-12-31,162890,8,5,0,0,2,0,1,1,0,14
2015-01-31,162890,5,3,1,0,0,2,3,4,3,10
2015-02-28,162890,4,2,2,2,2,1,1,0,0,14
2015-03-31,162890,6,2,2,5,1,0,2,2,2,9
2015-04-30,162890,9,3,1,0,1,2,2,1,3,8
2015-05-31,162890,6,2,1,0,0,0,3,2,3,14
2015-06-30,162890,4,2,1,1,1,0,0,0,5,16
2015-07-31,162890,3,3,3,0,0,0,0,0,0,22
2015-08-31,162890,5,3,0,0,1,0,0,0,0,22
2015-09-30,162890,3,5,4,0,1,3,0,0,2,12
2015-10-31,162890,4,2,3,3,2,1,0,0,0,16
2015-11-30,162890,9,1,3,1,0,0,2,7,1,6
2015-12-31,162890,24,2,3,1,0,0,0,1,0,0
2016-01-31,162890,8,2,1,1,0,2,5,3,1,8
2016-02-29,162890,4,0,0,0,2,3,8,1,4,7
2016-03-31,162890,1,1,1,1,1,3,2,2,0,19
2016-04-30,162890,6,1,1,2,1,3,2,2,1,11
2016-05-31,162890,6,2,0,2,2,0,4,2,2,11
2016-06-30,162890,5,5,0,0,0,2,2,2,2,12
2016-07-31,162890,1,3,0,0,0,0,0,1,7,19
2016-08-31,162890,0,14,0,0,0,0,0,0,1,16
2016-09-30,162890,6,3,2,0,0,0,1,0,1,17
2016-10-31,162890,5,2,3,4,1,0,0,0,0,16
2016-11-30,162890,6,2,1,2,4,2,2,0,0,11
2016-12-31,162890,8,6,6,8,0,0,1,1,0,1
2017-01-31,162890,4,4,4,6,0,0,2,1,0,10
2017-02-28,162890,10,0,2,4,0,5,2,0,0,5
2017-03-31,162890,10,5,1,0,0,1,4,1,2,7
2017-04-30,162890,7,3,0,0,1,4,0,1,0,14
2017-05-31,162890,5,4,0,1,1,0,0,4,1,15
2017-06-30,162890,6,3,0,0,0,1,1,1,0,18
2017-07-31,162890,5,7,1,0,0,0,0,2,3,13
2017-08-31,162890,3,7,0,0,0,0,0,1,2,18
2017-09-30,162890,7,0,2,0,1,0,1,1,2,16
2017-10-31,162890,14,2,1,1,0,0,1,2,4,6
2017-11-30,162890,7,0,0,1,1,2,1,0,2,16
2017-12-31,162890,5,3,2,0,0,5,4,2,3,7
2018-01-31,162890,8,1,0,1,5,0,4,4,1,7
2018-02-28,162890,2,1,0,3,0,2,0,1,1,18
2018-03-31,162890,2,0,0,1,1,8,5,1,0,13
2018-04-30,162890,10,4,2,3,0,0,0,2,0,9
2018-05-31,162890,3,0,2,0,0,0,3,0,1,22
2018-06-30,162890,0,3,0,0,0,0,0,0,8,19
2018-07-31,162890,1,2,0,0,0,0,0,1,7,20
2018-08-31,162890,2,6,0,0,0,0,0,0,0,23
2018-09-30,162890,3,4,3,0,0,0,0,0,0,20
2018-10-31,162890,1,2,6,8,3,3,0,0,1,7
2018-11-30,162890,6,1,5,5,3,0,0,0,0,10
2018-12-31,162890,9,4,0,1,0,0,2,2,5,8
2019-01-31,162890,1,5,0,0,0,3,2,1,4,15
2019-02-28,162890,5,8,3,0,0,2,1,2,4,3
2019-03-31,162890,4,4,5,0,0,1,6,3,1,7
2019-04-30,162890,3,1,1,2,3,1,0,4,0,15
2019-05-31,162890,2,1,0,1,0,1,6,3,1,16
2019-06-30,162890,5,6,3,0,0,0,0,0,1,15
2019-07-31,162890,4,3,0,0,0,1,1,1,0,21
2019-08-31,162890,4,2,3,0,0,0,0,0,2,20
2019-09-30,162890,2,5,4,1,0,0,0,1,0,17
2019-10-31,162890,14,0,1,2,0,0,1,0,1,12
2019-11-30,162890,0,0,0,1,7,4,4,0,0,14
2019-12-31,162890,6,4,2,3,4,2,3,3,1,3
2020-01-31,162890,13,5,3,3,1,0,2,1,2,1
2020-02-29,162890,12,2,0,0,0,0,4,7,3,1
2020-03-31,162890,5,1,6,0,0,2,2,1,1,13
2020-04-30,162890,10,3,3,3,0,1,4,0,0,6
2020-05-31,162890,7,5,1,1,3,0,2,1,0,11
2020-06-30,162890,4,0,0,0,0,1,2,6,4,13
2020-07-31,162890,2,3,1,0,0,0,0,0,4,21
2020-08-31,162890,2,6,0,0,1,0,0,0,3,19
2020-09-30,162890,4,9,1,0,0,1,3,1,0,11
2020-10-31,162890,9,0,0,0,0,4,1,3,3,11
2020-11-30,162890,12,1,10,3,0,1,0,0,0,3
2020-12-31,162890,3,2,2,4,1,4,3,0,0,12
2021-01-31,162890,2,2,0,1,3,4,6,1,3,9
2021-02-28,162890,13,2,2,1,1,2,2,0,0,5
2021-03-31,162890,9,3,4,2,0,0,2,2,4,5
2021-04-30,162890,7,2,4,0,3,1,0,1,0,12
2021-05-31,162890,5,2,0,0,1,2,4,5,1,11
2021-06-30,162890,8,0,0,0,0,0,0,0,1,21
2021-07-31,162890,2,1,0,0,0,1,0,1,2,24
2021-08-31,162890,2,2,0,0,0,0,0,1,1,25
2021-09-30,162890,6,4,3,0,0,0,0,0,0,17
2021-10-31,162890,5,3,7,2,1,2,0,0,1,10
2021-11-30,162890,1,1,2,9,1,4,1,1,1,9
2021-12-31,162890,3,6,0,1,0,3,2,2,4,10
1981-01-31,163100,1,9,3,0,2,0,3,1,4,8
1981-02-28,163100,4,5,2,4,2,0,2,0,1,8
1981-03-31,163100,7,0,0,1,4,2,2,5,0,10
1981-04-30,163100,7,0,2,3,1,3,1,0,1,12
1981-05-31,163100,11,0,0,3,1,2,3,1,0,10
1981-06-30,163100,10,0,0,1,0,2,1,0,0,16
1981-07-31,163100,8,3,0,0,0,2,1,2,3,12
1981-08-31,163100,7,2,2,0,0,0,0,0,0,20
1981-09-30,163100,9,0,2,2,1,2,0,1,0,13
1981-10-31,163100,13,0,0,1,1,3,4,0,1,8
1981-11-30,163100,11,5,1,0,0,0,1,1,5,6
1981-12-31,163100,0,0,0,0,4,5,10,2,0,10
1982-01-31,163100,2,0,6,9,3,0,2,2,1,6
1982-02-28,163100,4,3,10,3,1,0,0,0,0,7
1982-03-31,163100,7,2,5,0,0,3,2,1,2,9
1982-04-30,163100,4,3,1,2,1,0,1,1,2,15
1982-05-31,163100,10,4,2,0,4,2,1,0,0,8
1982-06-30,163100,9,0,0,0,0,3,1,3,1,13
1982-07-31,163100,8,0,1,1,0,0,0,2,0,19
1982-08-31,163100,5,1,0,0,0,0,0,0,0,25
1982-09-30,163100,10,0,1,2,0,1,0,0,0,16
1982-10-31,163100,2,1,3,5,4,3,3,1,0,9
1982-11-30,163100,8,3,3,5,3,2,0,0,0,6
1982-12-31,163100,3,3,2,2,0,6,4,2,1,8
1983-01-31,163100,10,1,2,0,0,0,4,7,4,3
1983-02-28,163100,7,2,2,0,2,4,0,2,2,7
1983-03-31,163100,4,2,3,0,4,3,1,3,1,10
1983-04-30,163100,12,0,0,0,2,2,4,4,2,4
1983-05-31,163100,12,0,0,0,2,3,4,1,0,9
1983-06-30,163100,10,1,2,0,0,0,0,0,1,16
1983-07-31,163100,12,0,0,0,0,0,0,0,0,19
1983-08-31,163100,8,0,0,0,1,1,0,1,0,20
1983-09-30,163100,6,1,3,3,0,2,1,0,2,12
1983-10-31,163100,9,3,4,2,1,2,1,0,0,9
1983-11-30,163100,2,0,8,9,0,0,2,0,0,9
1983-12-31,163100,3,2,5,3,2,3,2,0,0,11
1984-01-31,163100,5,2,1,0,2,2,8,4,1,6
1984-02-29,163100,2,2,4,1,7,1,1,0,1,10
1984-03-31,163100,2,2,4,3,0,2,4,0,0,14
1984-04-30,163100,2,5,0,2,1,1,0,0,4,15
1984-05-31,163100,9,0,0,2,4,1,5,2,0,8
1984-06-30,163100,13,0,1,0,0,2,2,3,0,9
1984-07-31,163100,11,0,0,0,0,0,0,0,0,20
1984-08-31,163100,5,1,1,0,1,1,0,2,0,20
1984-09-30,163100,10,0,0,0,3,4,4,1,0,8
1984-10-31,163100,9,1,7,2,0,6,0,0,0,6
1984-11-30,163100,2,0,3,9,4,3,2,1,0,6
1984-12-31,163100,4,0,9,6,4,2,0,0,1,5
1985-01-31,163100,3,1,3,4,0,3,1,0,1,15
1985-02-28,163100,5,2,4,3,1,3,1,3,0,6
1985-03-31,163100,5,2,0,8,3,2,4,0,0,7
1985-04-30,163100,3,2,1,2,1,4,5,3,1,8
1985-05-31,163100,8,0,0,2,1,3,1,1,0,15
1985-06-30,163100,14,0,0,0,1,1,2,0,0,12
1985-07-31,163100,10,0,2,0,1,2,0,0,0,16
1985-08-31,163100,9,0,1,0,0,1,0,1,3,16
1985-09-30,163100,8,0,2,3,0,0,0,0,0,17
1985-10-31,163100,8,5,2,7,1,1,0,0,1,6
1985-11-30,163100,4,0,1,4,1,5,3,0,1,11
1985-12-31,163100,11,3,3,0,1,4,1,1,2,5
1986-01-31,163100,3,1,1,0,3,2,8,4,1,8
1986-02-28,163100,0,1,3,3,4,2,1,1,0,13
1986-03-31,163100,4,0,2,8,1,2,1,3,0,10
1986-04-30,163100,7,0,0,1,4,2,4,2,0,10
1986-05-31,163100,8,1,0,0,0,2,1,0,1,18
1986-06-30,163100,7,3,0,1,0,0,1,1,2,15
1986-07-31,163100,9,0,0,0,0,0,1,0,0,21
1986-08-31,163100,8,1,0,1,0,2,0,0,0,19
1986-09-30,163100,8,3,5,3,0,0,0,0,0,11
1986-10-31,163100,10,1,4,4,0,1,3,1,0,7
1986-11-30,163100,9,2,5,5,1,1,1,0,0,6
1986-12-31,163100,8,3,3,2,0,2,6,2,1,4
1987-01-31,163100,5,1,2,1,2,2,5,1,0,12
1987-02-28,163100,4,1,4,3,5,3,0,0,1,7
1987-03-31,163100,5,4,7,2,0,3,2,0,2,6
1987-04-30,163100,7,5,1,0,2,2,5,2,1,5
1987-05-31,163100,6,0,0,1,0,5,1,3,3,12
1987-06-30,163100,11,1,1,0,0,4,1,2,1,9
1987-07-31,163100,13,0,0,0,0,2,0,0,0,16
1987-08-31,163100,8,0,0,0,2,1,1,0,0,19
1987-09-30,163100,11,0,3,1,0,4,0,0,0,11
1987-10-31,163100,7,0,4,5,6,2,0,1,0,6
1987-11-30,163100,3,1,4,0,4,3,1,0,2,12
1987-12-31,163100,6,3,2,3,1,1,0,1,3,11
1988-01-31,163100,5,2,1,4,2,4,4,1,0,8
1988-02-29,163100,3,1,3,0,1,5,7,1,1,7
1988-03-31,163100,2,1,0,0,2,3,7,6,3,7
1988-04-30,163100,8,2,0,5,0,0,2,0,0,13
1988-05-31,163100,9,1,2,5,3,1,2,0,0,8
1988-06-30,163100,10,1,0,0,0,1,0,1,1,16
1988-07-31,163100,9,1,0,0,0,1,1,0,0,19
1988-08-31,163100,9,1,0,0,0,1,0,0,0,20
1988-09-30,163100,12,4,0,0,0,3,0,1,0,10
1988-10-31,163100,9,1,3,3,3,1,2,0,0,9
1988-11-30,163100,7,2,6,5,0,0,1,0,0,9
1988-12-31,163100,8,6,3,0,0,1,3,2,1,7
1989-01-31,163100,12,4,10,2,0,0,0,1,1,1
1989-02-28,163100,14,1,4,1,0,3,3,0,1,1
1989-03-31,163100,8,7,1,2,0,1,3,1,0,8
1989-04-30,163100,8,0,0,2,5,4,3,1,1,6
1989-05-31,163100,6,2,2,2,2,2,1,1,1,12
1989-06-30,163100,10,0,0,0,0,2,2,1,1,14
1989-07-31,163100,10,1,0,0,0,0,1,0,0,19
1989-08-31,163100,5,0,0,0,1,0,1,0,1,23
1989-09-30,163100,7,0,2,1,1,0,0,0,0,19
1989-10-31,163100,18,3,1,0,0,1,0,0,0,8
1989-11-30,163100,5,1,6,5,1,5,0,0,1,6
1989-12-31,163100,4,1,5,9,0,4,4,0,0,4
1990-01-31,163100,9,1,6,9,0,3,2,0,0,1
1990-02-28,163100,11,5,0,0,0,0,5,2,1,4
1990-03-31,163100,14,2,1,4,0,1,2,2,0,5
1990-04-30,163100,5,0,1,0,2,4,6,2,2,8
1990-05-31,163100,11,4,0,0,4,0,1,0,0,11
1990-06-30,163100,13,1,1,0,3,3,3,0,0,6
1990-07-31,163100,6,2,2,0,0,0,0,0,0,21
1990-08-31,163100,5,1,0,0,0,1,0,0,1,23
1990-09-30,163100,6,2,1,0,0,2,2,0,0,17
1990-10-31,163100,1,0,1,9,7,4,1,0,0,8
1990-11-30,163100,0,2,4,3,0,7,6,0,0,8
1990-12-31,163100,5,2,4,3,1,2,0,0,0,14
1991-01-31,163100,7,2,13,3,0,0,2,0,1,3
1991-02-28,163100,3,2,1,7,1,4,1,0,0,9
1991-03-31,163100,4,0,2,7,4,3,0,0,0,11
1991-04-30,163100,5,1,1,0,1,4,1,2,3,12
1991-05-31,163100,5,1,0,1,1,2,4,3,2,12
1991-06-30,163100,15,2,0,0,0,2,0,1,0,10
1991-07-31,163100,4,0,0,0,0,1,0,1,2,23
1991-08-31,163100,7,0,2,0,0,0,1,1,1,19
1991-09-30,163100,9,0,2,1,3,4,0,0,0,11
1991-10-31,163100,4,2,4,4,2,4,1,0,0,10
1991-11-30,163100,6,3,3,2,1,7,0,1,0,7
1991-12-31,163100,5,7,8,2,0,0,1,1,2,5
1992-01-31,163100,15,2,2,6,0,2,0,1,1,2
1992-02-29,163100,10,3,5,1,0,0,2,3,3,2
1992-03-31,163100,9,2,2,3,1,6,3,1,1,3
1992-04-30,163100,4,0,0,1,2,5,5,0,2,11
1992-05-31,163100,6,2,7,2,0,0,0,0,0,14
1992-06-30,163100,8,1,0,1,2,1,1,1,2,13
1992-07-31,163100,7,0,2,0,1,1,0,0,0,20
1992-08-31,163100,10,0,1,0,0,0,2,0,0,18
1992-09-30,163100,10,1,0,2,2,1,0,1,1,12
1992-10-31,163100,2,0,1,1,8,7,5,1,0,6
1992-11-30,163100,10,0,3,2,0,3,4,1,3,4
1992-12-31,163100,6,0,3,10,0,2,2,1,1,6
1993-01-31,163100,14,0,4,2,0,0,3,2,2,4
1993-02-28,163100,5,1,10,3,1,0,0,0,1,7
1993-03-31,163100,13,3,1,0,2,1,0,2,2,7
1993-04-30,163100,9,0,0,4,0,3,1,1,1,11
1993-05-31,163100,10,0,1,1,0,2,2,2,0,13
1993-06-30,163100,8,1,0,0,1,1,1,1,0,17
1993-07-31,163100,14,1,0,0,0,1,1,1,3,10
1993-08-31,163100,4,1,0,0,0,0,0,0,0,26
1993-09-30,163100,9,0,1,2,3,5,1,2,0,7
1993-10-31,163100,7,0,4,4,6,5,0,1,0,4
1993-11-30,163100,3,1,2,8,5,2,0,0,0,9
1993-12-31,163100,7,2,1,2,0,3,9,2,0,5
1994-01-31,163100,3,1,1,4,2,3,1,2,5,9
1994-02-28,163100,4,0,1,3,3,2,1,0,0,14
1994-03-31,163100,15,1,1,0,1,1,7,0,1,4
1994-04-30,163100,2,4,0,1,1,4,6,1,0,11
1994-05-31,163100,6,1,0,0,4,2,2,0,1,15
1994-06-30,163100,9,1,0,0,0,0,4,3,2,11
1994-07-31,163100,5,2,0,0,0,0,0,0,0,24
1994-08-31,163100,9,0,0,0,0,1,2,0,0,19
1994-09-30,163100,10,1,0,3,1,1,2,1,0,11
1994-10-31,163100,4,1,11,4,2,3,0,0,0,6
1994-11-30,163100,11,4,3,2,2,1,0,0,0,7
1994-12-31,163100,12,0,4,0,1,0,2,2,1,9
1995-01-31,163100,5,2,4,0,0,2,8,0,0,10
1995-02-28,163100,9,1,2,0,0,3,5,1,2,5
1995-03-31,163100,3,2,0,3,0,2,10,2,3,6
1995-04-30,163100,7,1,1,3,2,2,4,3,1,6
1995-05-31,163100,9,4,0,0,1,2,6,1,2,6
1995-06-30,163100,9,0,0,1,0,0,1,0,0,19
1995-07-31,163100,10,1,0,0,0,2,0,0,0,18
1995-08-31,163100,4,0,0,0,0,0,2,1,0,24
1995-09-30,163100,4,0,0,0,2,4,5,0,0,15
1995-10-31,163100,17,0,10,1,0,0,0,0,0,3
1995-11-30,163100,2,2,2,3,5,1,1,1,3,10
1995-12-31,163100,1,0,2,9,3,3,3,0,0,10
1996-01-31,163100,1,1,5,10,7,0,0,0,0,7
1996-02-29,163100,1,1,1,4,1,2,1,0,0,18
1996-03-31,163100,4,1,0,9,0,1,1,1,0,14
1996-04-30,163100,5,0,0,3,2,2,0,1,1,16
1996-05-31,163100,8,2,0,1,0,4,5,3,0,8
1996-06-30,163100,11,0,3,0,0,3,1,0,1,11
1996-07-31,163100,7,2,0,0,0,1,1,0,2,18
1996-08-31,163100,2,0,0,0,2,2,0,0,0,25
1996-09-30,163100,2,1,0,2,3,2,2,1,2,15
1996-10-31,163100,6,3,0,2,3,3,2,0,1,11
1996-11-30,163100,9,0,0,0,6,4,3,0,0,8
1996-12-31,163100,1,1,2,6,3,5,0,0,0,13
1997-01-31,163100,8,1,6,4,6,1,1,0,0,4
1997-02-28,163100,11,4,2,0,0,1,4,1,3,2
1997-03-31,163100,6,4,5,2,1,0,2,1,1,9
1997-04-30,163100,6,4,0,0,0,2,3,1,0,14
1997-05-31,163100,12,2,2,2,0,3,3,2,0,5
1997-06-30,163100,6,0,0,0,5,1,1,1,0,16
1997-07-31,163100,7,0,0,1,0,0,3,3,0,17
1997-08-31,163100,3,1,0,0,0,1,1,3,0,22
1997-09-30,163100,4,1,6,5,0,0,0,0,0,14
1997-10-31,163100,2,0,3,8,2,0,4,0,1,11
1997-11-30,163100,0,2,2,2,6,5,0,0,0,13
1997-12-31,163100,5,2,1,4,2,2,4,0,0,11
1998-01-31,163100,10,0,3,2,1,2,4,0,1,8
1998-02-28,163100,7,1,5,1,1,0,0,4,4,5
1998-03-31,163100,8,7,1,2,1,0,4,0,4,4
1998-04-30,163100,7,0,0,2,1,8,9,0,0,3
1998-05-31,163100,6,2,0,2,2,0,1,1,2,15
1998-06-30,163100,11,1,0,0,3,0,2,2,1,10
1998-07-31,163100,11,0,0,0,0,1,1,0,2,16
1998-08-31,163100,3,1,2,0,0,0,1,0,0,24
1998-09-30,163100,2,3,1,1,2,5,4,1,0,11
1998-10-31,163100,6,1,1,1,4,4,2,0,2,10
1998-11-30,163100,1,2,2,2,0,3,2,0,2,16
1998-12-31,163100,3,8,3,8,0,1,1,1,1,5
1999-01-31,163100,6,2,6,2,2,1,5,1,0,6
1999-02-28,163100,8,0,2,0,0,1,8,3,0,6
1999-03-31,163100,12,2,1,1,1,4,3,0,3,4
1999-04-30,163100,5,0,0,0,3,3,8,0,1,10
1999-05-31,163100,11,0,0,4,1,1,3,0,0,11
1999-06-30,163100,2,1,0,0,1,0,0,2,1,23
1999-07-31,163100,7,0,1,0,0,0,0,0,0,23
1999-08-31,163100,12,0,0,0,0,0,0,0,0,19
1999-09-30,163100,8,0,1,1,1,2,0,0,1,16
1999-10-31,163100,8,4,0,3,1,5,0,0,1,9
1999-11-30,163100,4,0,1,8,3,2,2,0,1,9
1999-12-31,163100,7,2,3,1,0,3,8,1,0,6
2000-01-31,163100,8,3,5,5,0,1,3,2,2,2
2000-02-29,163100,15,3,0,0,0,0,2,1,3,5
2000-03-31,163100,13,2,0,0,1,3,4,2,0,6
2000-04-30,163100,5,1,0,2,3,2,5,1,4,7
2000-05-31,163100,8,0,1,0,5,0,1,1,0,15
2000-06-30,163100,11,2,1,0,0,0,0,0,0,16
2000-07-31,163100,11,1,0,0,0,2,3,1,0,13
2000-08-31,163100,9,0,0,0,0,1,0,0,0,21
2000-09-30,163100,6,0,2,0,2,4,2,0,1,13
2000-10-31,163100,9,0,1,4,6,3,0,0,0,8
2000-11-30,163100,8,1,0,0,2,14,1,0,1,3
2000-12-31,163100,9,0,4,2,2,3,3,3,0,5
2001-01-31,163100,5,1,4,5,0,9,3,0,0,4
2001-02-28,163100,6,3,3,0,1,2,4,1,1,7
2001-03-31,163100,4,0,2,0,1,8,9,1,0,6
2001-04-30,163100,5,0,2,0,0,3,4,3,0,13
2001-05-31,163100,8,1,0,4,1,2,0,1,1,13
2001-06-30,163100,3,0,1,0,0,2,3,4,1,16
2001-07-31,163100,9,0,0,0,0,1,1,0,1,19
2001-08-31,163100,6,2,0,0,0,0,0,0,0,23
2001-09-30,163100,10,0,0,0,1,3,2,2,0,12
2001-10-31,163100,14,1,4,0,2,1,0,0,0,9
2001-11-30,163100,1,4,5,3,2,0,1,0,2,12
2001-12-31,163100,4,3,8,2,0,0,4,2,0,8
2002-01-31,163100,15,3,3,2,0,1,1,1,0,5
2002-02-28,163100,9,0,1,2,1,3,2,5,1,4
2002-03-31,163100,3,4,3,3,2,4,0,3,3,6
2002-04-30,163100,1,2,0,5,2,1,2,0,3,14
2002-05-31,163100,8,0,1,2,3,0,3,4,0,10
2002-06-30,163100,11,0,0,0,1,2,1,2,0,13
2002-07-31,163100,4,4,0,0,1,1,0,0,0,21
2002-08-31,163100,6,0,0,0,1,0,2,1,1,20
2002-09-30,163100,6,5,0,0,0,1,0,1,0,17
2002-10-31,163100,14,0,0,0,2,2,2,0,0,11
2002-11-30,163100,2,0,1,1,6,6,2,0,0,12
2002-12-31,163100,6,0,2,4,1,2,1,0,0,15
2003-01-31,163100,3,1,5,1,2,1,7,0,0,11
2003-02-28,163100,4,2,11,3,0,1,1,0,1,5
2003-03-31,163100,11,4,5,0,0,1,0,1,2,7
2003-04-30,163100,6,2,6,0,3,1,1,0,1,10
2003-05-31,163100,7,2,1,1,0,0,0,0,3,17
2003-06-30,163100,15,0,0,0,0,0,0,0,0,15
2003-07-31,163100,6,0,0,0,0,0,1,0,1,23
2003-08-31,163100,5,0,1,0,0,2,0,0,0,23
2003-09-30,163100,7,1,8,0,2,0,0,1,1,10
2003-10-31,163100,5,0,2,5,3,4,5,1,0,6
2003-11-30,163100,7,1,4,6,6,2,1,0,1,2
2003-12-31,163100,5,3,3,8,1,1,1,1,1,7
2004-01-31,163100,4,4,0,0,1,4,4,1,1,12
2004-02-29,163100,5,5,0,1,4,3,5,1,4,1
2004-03-31,163100,8,2,3,4,2,2,2,2,0,6
2004-04-30,163100,4,0,2,0,4,0,5,1,1,13
2004-05-31,163100,6,2,2,0,3,2,2,1,1,12
2004-06-30,163100,12,0,1,0,0,0,2,0,0,15
2004-07-31,163100,8,0,0,0,0,0,0,0,1,22
2004-08-31,163100,10,1,1,0,0,0,1,0,1,17
2004-09-30,163100,10,0,6,1,1,0,1,0,0,11
2004-10-31,163100,11,0,0,2,6,3,1,0,0,8
2004-11-30,163100,7,1,1,5,2,1,1,1,1,10
2004-12-31,163100,0,1,5,10,4,4,0,1,1,5
2005-01-31,163100,8,8,0,0,0,0,1,2,1,11
2005-02-28,163100,0,2,4,4,0,4,2,1,1,10
2005-03-31,163100,9,0,3,0,1,4,0,3,1,10
2005-04-30,163100,9,0,2,2,1,4,5,1,0,6
2005-05-31,163100,8,2,0,1,0,0,1,2,2,15
2005-06-30,163100,9,1,0,1,0,0,0,0,1,18
2005-07-31,163100,7,0,0,0,1,0,0,0,2,21
2005-08-31,163100,4,0,2,0,0,0,0,0,3,22
2005-09-30,163100,8,0,0,2,2,1,0,0,1,16
2005-10-31,163100,9,0,4,7,3,1,0,0,1,6
2005-11-30,163100,10,2,2,4,2,4,2,0,0,4
2005-12-31,163100,9,1,2,4,0,4,4,1,1,5
2006-01-31,163100,2,1,11,7,2,1,1,0,0,6
2006-02-28,163100,4,2,1,2,1,4,4,0,0,10
2006-03-31,163100,4,0,1,1,1,1,8,1,2,12
2006-04-30,163100,7,1,0,1,1,2,1,2,2,13
2006-05-31,163100,12,1,1,2,1,1,1,1,0,11
2006-06-30,163100,15,1,1,0,0,0,0,2,0,11
2006-07-31,163100,3,1,2,0,0,0,0,0,0,25
2006-08-31,163100,7,1,0,0,0,1,1,0,0,21
2006-09-30,163100,10,0,2,4,4,0,0,0,0,10
2006-10-31,163100,9,3,4,2,1,4,0,0,0,8
2006-11-30,163100,15,2,2,1,0,2,2,2,0,4
2006-12-31,163100,9,1,4,8,2,3,1,1,0,2
2007-01-31,163100,14,1,0,1,1,2,6,4,1,1
2007-02-28,163100,3,4,1,2,1,5,3,2,0,7
2007-03-31,163100,6,0,4,5,2,3,4,0,0,7
2007-04-30,163100,16,0,2,5,1,0,0,0,0,6
2007-05-31,163100,4,0,0,0,2,2,3,3,0,17
2007-06-30,163100,11,1,1,1,0,2,2,0,0,12
2007-07-31,163100,11,0,1,0,0,1,1,2,1,14
2007-08-31,163100,7,4,1,0,2,1,0,0,0,16
2007-09-30,163100,5,1,5,0,0,3,0,0,1,15
2007-10-31,163100,7,1,7,4,0,0,0,0,0,12
2007-11-30,163100,4,1,2,3,5,0,2,1,0,12
2007-12-31,163100,2,3,7,10,0,0,3,0,1,5
2008-01-31,163100,11,5,2,3,2,5,0,3,0,0
2008-02-29,163100,12,3,6,1,3,2,1,1,0,0
2008-03-31,163100,2,1,0,0,0,5,11,2,0,10
2008-04-30,163100,3,2,0,0,1,7,6,2,0,9
2008-05-31,163100,9,3,1,3,3,0,0,0,0,12
2008-06-30,163100,10,0,0,0,2,0,0,0,1,17
2008-07-31,163100,8,2,0,0,0,1,0,0,2,18
2008-08-31,163100,6,0,0,0,0,0,0,0,0,25
2008-09-30,163100,4,2,3,0,1,2,0,0,0,18
2008-10-31,163100,14,0,2,1,2,3,2,2,0,5
2008-11-30,163100,5,0,2,3,6,4,2,0,0,8
2008-12-31,163100,2,3,1,4,6,3,1,0,4,7
2009-01-31,163100,2,2,1,8,1,3,1,0,0,13
2009-02-28,163100,3,3,1,0,3,3,3,1,3,8
2009-03-31,163100,3,1,0,1,3,3,2,6,3,9
2009-04-30,163100,3,0,0,3,2,1,1,1,0,19
2009-05-31,163100,11,0,0,2,1,0,0,0,3,14
2009-06-30,163100,6,0,0,0,1,3,0,3,0,17
2009-07-31,163100,9,2,0,0,0,0,0,1,1,18
2009-08-31,163100,2,0,3,0,0,0,0,0,0,26
2009-09-30,163100,3,4,4,2,2,1,1,0,0,13
2009-10-31,163100,5,4,4,0,2,0,1,0,1,14
2009-11-30,163100,11,0,1,0,0,6,3,1,0,8
2009-12-31,163100,2,1,0,2,1,7,2,0,2,14
2010-01-31,163100,1,3,4,4,4,1,2,1,1,10
2010-02-28,163100,1,0,0,0,5,5,5,2,1,9
2010-03-31,163100,10,1,1,2,1,2,2,2,0,10
2010-04-30,163100,6,1,2,0,3,1,0,2,2,13
2010-05-31,163100,6,0,0,0,2,2,2,2,2,15
2010-06-30,163100,5,0,0,0,0,1,0,2,1,21
2010-07-31,163100,9,2,0,0,0,0,0,1,1,18
2010-08-31,163100,12,1,0,0,0,0,0,0,1,17
2010-09-30,163100,4,2,0,3,3,3,2,0,0,13
2010-10-31,163100,4,2,2,5,3,1,1,0,0,13
2010-11-30,163100,5,0,1,0,5,6,4,1,0,8
2010-12-31,163100,3,4,2,2,3,6,1,0,1,9
2011-01-31,163100,9,2,1,4,2,2,0,0,1,10
2011-02-28,163100,5,2,3,3,1,1,0,0,2,11
2011-03-31,163100,5,4,4,4,4,2,2,0,0,6
2011-04-30,163100,4,6,1,4,1,0,1,3,2,8
2011-05-31,163100,5,3,0,1,1,0,1,0,3,17
2011-06-30,163100,5,2,0,1,0,1,0,2,0,19
2011-07-31,163100,11,0,0,0,0,0,0,2,0,18
2011-08-31,163100,9,2,2,0,0,0,0,0,0,18
2011-09-30,163100,6,0,3,0,0,1,0,0,1,19
2011-10-31,163100,6,1,5,8,3,1,1,0,1,5
2011-11-30,163100,4,0,8,12,5,0,0,0,0,1
2011-12-31,163100,4,2,3,1,0,4,8,1,1,7
2012-01-31,163100,8,2,1,4,0,2,4,2,4,4
2012-02-29,163100,1,1,2,3,0,1,0,2,4,15
2012-03-31,163100,16,3,4,0,0,1,3,0,0,4
2012-04-30,163100,7,0,0,0,3,6,3,1,1,9
2012-05-31,163100,13,0,0,0,1,0,1,5,2,9
2012-06-30,163100,11,0,2,0,0,2,4,0,0,11
2012-07-31,163100,3,3,1,0,0,0,0,0,2,22
2012-08-31,163100,10,1,0,0,1,0,0,0,0,19
2012-09-30,163100,5,0,0,1,1,2,0,0,0,21
2012-10-31,163100,9,0,1,0,2,2,1,0,0,16
2012-11-30,163100,8,1,2,7,3,5,2,0,0,2
2012-12-31,163100,4,5,0,1,2,2,2,2,2,11
2013-01-31,163100,3,2,1,0,3,5,1,2,3,11
2013-02-28,163100,2,0,1,1,0,2,2,1,0,19
2013-03-31,163100,1,0,1,3,4,5,6,0,1,10
2013-04-30,163100,7,1,0,4,3,2,1,0,0,12
2013-05-31,163100,3,0,0,1,2,0,6,3,1,15
2013-06-30,163100,6,1,0,0,0,0,1,2,5,15
2013-07-31,163100,8,3,0,0,0,0,0,0,0,20
2013-08-31,163100,5,1,3,0,0,0,0,0,1,21
2013-09-30,163100,6,1,2,0,1,1,1,0,0,18
2013-10-31,163100,13,0,1,3,4,2,0,0,1,7
2013-11-30,163100,4,1,3,7,1,4,2,0,0,8
2013-12-31,163100,16,1,4,3,0,2,1,0,0,4
2014-01-31,163100,9,0,0,0,6,5,1,0,0,10
2014-02-28,163100,4,0,0,2,3,9,3,1,0,6
2014-03-31,163100,6,1,6,1,0,2,2,3,1,9
2014-04-30,163100,2,1,0,0,2,1,2,4,1,17
2014-05-31,163100,9,0,0,0,0,0,1,4,1,16
2014-06-30,163100,8,1,0,0,1,3,0,0,0,17
2014-07-31,163100,8,0,0,0,0,0,2,1,0,20
2014-08-31,163100,10,0,0,0,0,0,0,0,0,21
2014-09-30,163100,4,2,0,2,1,0,0,0,0,21
2014-10-31,163100,8,1,5,2,3,1,3,0,0,8
2014-11-30,163100,4,1,2,4,11,3,0,0,0,5
2014-12-31,163100,8,2,2,0,5,0,0,1,0,13
2015-01-31,163100,5,1,1,0,3,2,4,2,3,10
2015-02-28,163100,4,2,0,5,3,1,1,0,0,12
2015-03-31,163100,7,0,3,4,2,0,3,2,1,9
2015-04-30,163100,10,3,1,0,1,4,2,1,2,6
2015-05-31,163100,6,2,0,1,1,2,3,1,2,13
2015-06-30,163100,8,1,0,0,1,2,0,0,2,16
2015-07-31,163100,11,0,0,0,0,0,0,0,0,20
2015-08-31,163100,6,0,0,0,1,0,0,0,0,24
2015-09-30,163100,4,1,5,1,0,3,0,0,0,16
2015-10-31,163100,3,1,1,6,3,1,0,0,0,16
2015-11-30,163100,12,1,0,4,0,0,2,4,1,6
2015-12-31,163100,22,4,3,1,0,0,0,1,0,0
2016-01-31,163100,9,2,1,1,1,3,5,2,1,6
2016-02-29,163100,4,0,0,1,3,8,5,2,3,3
2016-03-31,163100,1,1,0,3,2,4,3,2,0,15
2016-04-30,163100,6,1,1,3,1,4,4,3,0,7
2016-05-31,163100,7,0,0,1,2,1,6,1,2,11
2016-06-30,163100,8,1,0,0,1,3,2,0,0,15
2016-07-31,163100,3,1,0,0,0,0,0,0,3,24
2016-08-31,163100,3,4,3,0,0,0,0,0,0,21
2016-09-30,163100,7,0,3,0,0,0,1,1,0,18
2016-10-31,163100,5,0,5,2,4,0,0,0,0,15
2016-11-30,163100,4,1,1,4,7,4,2,0,0,7
2016-12-31,163100,9,2,8,9,0,0,1,0,1,1
2017-01-31,163100,5,4,5,5,0,1,1,0,0,10
2017-02-28,163100,9,0,0,7,0,5,2,1,0,4
2017-03-31,163100,10,5,1,0,0,2,4,0,1,8
2017-04-30,163100,9,1,0,0,2,4,0,0,1,13
2017-05-31,163100,7,0,1,0,2,1,0,3,1,16
2017-06-30,163100,8,1,0,0,0,2,1,0,0,18
2017-07-31,163100,11,3,0,0,0,1,1,0,2,13
2017-08-31,163100,7,1,0,0,0,0,0,0,2,21
2017-09-30,163100,8,0,2,0,1,1,4,2,0,12
2017-10-31,163100,11,3,1,2,0,0,2,3,3,6
2017-11-30,163100,6,0,1,0,2,3,0,1,1,16
2017-12-31,163100,5,2,3,0,0,5,6,0,3,7
2018-01-31,163100,9,1,0,1,4,0,4,5,1,6
2018-02-28,163100,2,1,0,2,1,3,0,0,1,18
2018-03-31,163100,2,0,0,1,1,9,5,0,0,13
2018-04-30,163100,11,2,2,5,0,0,1,1,0,8
2018-05-31,163100,8,0,1,1,0,0,1,0,1,19
2018-06-30,163100,4,2,0,0,0,0,1,1,2,20
2018-07-31,163100,5,0,0,0,0,0,0,0,2,24
2018-08-31,163100,6,1,0,0,0,0,0,0,0,24
2018-09-30,163100,8,0,4,0,0,0,0,0,0,18
2018-10-31,163100,1,1,5,12,4,3,0,0,1,4
2018-11-30,163100,7,0,5,3,8,1,0,0,0,6
2018-12-31,163100,10,6,0,1,1,0,2,3,1,7
2019-01-31,163100,2,5,0,1,0,3,2,1,3,14
2019-02-28,163100,6,6,6,0,0,3,1,1,1,4
2019-03-31,163100,3,2,7,0,0,3,7,3,1,5
2019-04-30,163100,3,0,1,2,4,1,0,5,0,14
2019-05-31,163100,3,1,0,1,2,2,3,2,1,16
2019-06-30,163100,10,0,3,0,0,1,0,0,0,16
2019-07-31,163100,6,2,0,0,0,2,0,0,0,21
2019-08-31,163100,6,0,0,0,0,0,0,0,0,25
2019-09-30,163100,5,2,3,2,1,0,1,0,0,16
2019-10-31,163100,15,0,1,2,1,1,1,0,1,9
2019-11-30,163100,0,0,0,2,7,9,3,0,0,9
2019-12-31,163100,5,4,1,4,4,2,3,4,0,4
2020-01-31,163100,11,6,5,3,2,0,2,0,1,1
2020-02-29,163100,9,3,0,1,0,0,5,7,3,1
2020-03-31,163100,5,0,7,2,0,3,1,1,0,12
2020-04-30,163100,10,3,4,4,0,1,4,0,0,4
2020-05-31,163100,7,5,1,1,3,1,2,0,2,9
2020-06-30,163100,8,0,0,0,0,2,3,4,2,11
2020-07-31,163100,6,1,2,0,0,0,0,0,1,21
2020-08-31,163100,8,0,0,0,1,2,1,0,0,19
2020-09-30,163100,6,1,3,0,0,4,2,0,0,14
2020-10-31,163100,9,1,1,0,0,6,0,3,3,8
2020-11-30,163100,11,0,12,4,1,0,0,0,0,2
2020-12-31,163100,4,2,1,5,5,5,2,0,0,7
2021-01-31,163100,2,2,0,1,1,6,6,1,3,9
2021-02-28,163100,12,3,2,1,1,2,2,0,0,5
2021-03-31,163100,12,3,3,2,0,0,3,3,1,4
2021-04-30,163100,7,0,5,0,4,1,0,0,1,12
2021-05-31,163100,6,2,0,0,0,4,5,4,1,9
2021-06-30,163100,8,0,0,0,0,0,0,0,0,22
2021-07-31,163100,6,0,0,0,1,0,0,0,0,24
2021-08-31,163100,6,0,0,1,0,0,1,0,0,23
2021-09-30,163100,7,0,5,0,0,0,0,0,0,18
2021-10-31,163100,5,1,5,6,2,3,0,0,1,8
2021-11-30,163100,1,2,1,12,2,5,2,1,0,4
2021-12-31,163100,4,4,2,1,0,5,1,1,3,10
1981-01-31,164290,0,5,0,0,1,1,0,14,7,3
1981-02-28,164290,5,1,1,1,1,1,1,3,5,9
1981-03-31,164290,9,0,0,0,5,0,1,4,1,11
1981-04-30,164290,8,0,2,5,0,1,1,0,0,13
1981-05-31,164290,12,1,1,4,2,0,3,2,0,6
1981-06-30,164290,6,1,1,5,0,0,1,1,0,15
1981-07-31,164290,6,0,0,0,2,0,0,2,3,18
1981-08-31,164290,3,2,1,0,0,0,0,0,0,25
1981-09-30,164290,5,0,0,0,3,0,1,1,0,20
1981-10-31,164290,10,0,0,0,1,5,2,4,1,8
1981-11-30,164290,13,2,0,0,0,0,0,7,3,5
1981-12-31,164290,0,0,0,0,0,7,14,7,0,3
1982-01-31,164290,1,1,1,6,0,3,3,6,1,9
1982-02-28,164290,10,1,0,1,2,0,0,1,1,12
1982-03-31,164290,4,1,1,2,3,3,0,6,3,8
1982-04-30,164290,2,2,2,2,0,0,1,3,2,16
1982-05-31,164290,10,2,2,5,3,0,0,0,0,9
1982-06-30,164290,2,0,0,3,0,0,1,2,1,21
1982-07-31,164290,1,0,0,0,1,0,0,1,0,28
1982-08-31,164290,1,0,0,0,1,0,0,0,0,29
1982-09-30,164290,4,0,0,0,1,0,0,0,0,25
1982-10-31,164290,1,1,1,6,2,2,2,2,2,12
1982-11-30,164290,9,0,1,3,3,2,1,1,2,8
1982-12-31,164290,2,1,2,0,0,3,6,6,2,9
1983-01-31,164290,8,2,0,0,0,0,1,13,6,1
1983-02-28,164290,4,1,1,2,3,3,2,4,3,5
1983-03-31,164290,7,2,2,0,3,1,3,3,4,6
1983-04-30,164290,13,0,0,2,4,1,2,3,0,5
1983-05-31,164290,11,0,0,0,4,0,2,1,1,12
1983-06-30,164290,3,0,1,4,1,0,0,1,2,18
1983-07-31,164290,4,0,0,0,0,0,0,0,0,27
1983-08-31,164290,1,0,0,3,3,0,0,1,0,23
1983-09-30,164290,6,1,1,1,3,1,1,0,2,14
1983-10-31,164290,7,4,2,1,1,3,0,0,0,13
1983-11-30,164290,2,1,3,3,1,1,1,4,1,13
1983-12-31,164290,2,1,1,0,0,5,4,6,1,11
1984-01-31,164290,5,0,0,1,1,0,11,6,2,5
1984-02-29,164290,3,2,0,0,3,3,0,3,1,14
1984-03-31,164290,2,0,0,4,0,1,3,3,3,15
1984-04-30,164290,5,0,0,2,3,0,1,2,5,12
1984-05-31,164290,8,0,0,3,4,1,2,2,0,11
1984-06-30,164290,11,0,0,3,1,1,1,2,0,11
1984-07-31,164290,10,0,0,0,1,0,0,0,0,20
1984-08-31,164290,2,1,0,1,1,0,0,0,0,26
1984-09-30,164290,3,0,0,0,3,1,4,1,0,18
1984-10-31,164290,7,1,4,1,1,3,0,0,0,14
1984-11-30,164290,2,1,1,1,8,0,6,3,0,8
1984-12-31,164290,6,3,0,0,2,2,1,0,1,16
1985-01-31,164290,1,0,0,0,1,4,5,6,3,11
1985-02-28,164290,6,1,1,2,1,1,5,4,1,6
1985-03-31,164290,3,1,1,1,3,1,6,2,1,12
1985-04-30,164290,5,1,0,1,2,4,2,3,2,10
1985-05-31,164290,6,1,2,2,1,2,2,1,1,13
1985-06-30,164290,13,0,0,2,2,0,0,0,0,13
1985-07-31,164290,0,2,0,0,0,0,0,0,0,29
1985-08-31,164290,3,0,0,0,0,0,0,1,2,25
1985-09-30,164290,6,0,1,0,0,0,0,0,0,23
1985-10-31,164290,10,3,2,1,4,0,0,0,0,11
1985-11-30,164290,5,0,0,2,0,3,7,0,0,13
1985-12-31,164290,6,4,0,0,1,2,3,1,4,10
1986-01-31,164290,3,0,0,0,1,4,7,11,1,4
1986-02-28,164290,0,0,0,1,2,4,5,3,0,13
1986-03-31,164290,7,0,0,2,1,0,4,3,1,13
1986-04-30,164290,4,1,0,2,10,0,2,5,0,6
1986-05-31,164290,6,1,0,0,2,0,0,0,1,21
1986-06-30,164290,5,1,1,0,0,0,0,2,3,18
1986-07-31,164290,3,0,0,0,1,0,0,0,1,26
1986-08-31,164290,2,0,0,0,0,0,0,0,0,29
1986-09-30,164290,6,3,1,2,0,0,0,0,0,18
1986-10-31,164290,8,1,0,5,0,0,1,5,2,9
1986-11-30,164290,5,3,2,5,3,0,2,0,2,8
1986-12-31,164290,10,0,0,0,0,1,4,8,2,6
1987-01-31,164290,5,0,0,0,0,3,7,6,2,8
1987-02-28,164290,4,1,0,0,4,2,3,3,4,7
1987-03-31,164290,4,5,0,2,0,2,2,2,3,11
1987-04-30,164290,10,2,2,1,4,0,1,4,0,6
1987-05-31,164290,5,0,1,3,0,0,0,4,1,17
1987-06-30,164290,8,2,0,3,2,0,0,1,2,12
1987-07-31,164290,2,0,0,2,0,0,0,0,1,26
1987-08-31,164290,1,0,0,0,2,0,0,0,0,28
1987-09-30,164290,8,1,0,0,0,2,0,0,0,19
1987-10-31,164290,3,0,2,2,7,2,1,1,1,12
1987-11-30,164290,2,1,3,0,1,4,2,4,3,10
1987-12-31,164290,12,0,0,0,3,2,0,4,2,8
1988-01-31,164290,2,2,0,0,6,1,7,7,1,5
1988-02-29,164290,6,2,0,0,0,1,5,8,2,5
1988-03-31,164290,2,0,0,0,2,3,5,10,4,5
1988-04-30,164290,6,0,1,6,1,0,1,1,1,13
1988-05-31,164290,9,0,1,4,7,0,0,0,0,10
1988-06-30,164290,6,2,2,1,1,0,0,0,1,17
1988-07-31,164290,4,0,1,1,2,0,0,0,1,22
1988-08-31,164290,4,0,0,0,0,0,0,0,0,27
1988-09-30,164290,10,0,0,1,0,0,1,0,0,18
1988-10-31,164290,5,0,0,4,7,0,0,1,1,13
1988-11-30,164290,6,1,3,4,1,0,4,0,2,9
1988-12-31,164290,5,4,0,0,0,1,2,6,4,9
1989-01-31,164290,22,2,2,0,0,0,0,1,1,3
1989-02-28,164290,17,0,1,0,1,2,3,1,0,3
1989-03-31,164290,4,2,0,4,3,0,2,2,6,8
1989-04-30,164290,6,0,1,2,7,2,6,3,0,3
1989-05-31,164290,2,0,2,6,4,0,0,2,2,13
1989-06-30,164290,7,0,3,0,0,0,0,2,0,18
1989-07-31,164290,6,0,0,0,0,0,0,0,2,23
1989-08-31,164290,0,0,0,1,2,0,0,3,0,25
1989-09-30,164290,5,0,0,4,1,0,0,0,1,19
1989-10-31,164290,15,1,2,2,1,0,1,1,0,8
1989-11-30,164290,8,0,1,1,3,3,2,3,0,9
1989-12-31,164290,3,0,1,5,3,3,5,2,0,9
1990-01-31,164290,11,2,5,4,0,2,2,2,1,2
1990-02-28,164290,14,1,0,0,0,0,3,6,2,2
1990-03-31,164290,16,1,4,1,0,0,0,2,3,4
1990-04-30,164290,3,0,1,3,4,3,3,4,1,8
1990-05-31,164290,5,2,2,4,2,0,0,0,0,16
1990-06-30,164290,10,0,0,2,2,0,1,0,0,15
1990-07-31,164290,2,1,0,0,0,0,0,0,3,25
1990-08-31,164290,4,2,0,0,0,0,0,0,0,25
1990-09-30,164290,6,2,0,0,0,0,2,0,0,20
1990-10-31,164290,0,0,0,4,6,0,4,0,0,17
1990-11-30,164290,2,3,1,2,0,4,4,2,0,12
1990-12-31,164290,5,1,1,1,0,2,2,2,1,16
1991-01-31,164290,8,3,1,3,0,0,3,3,2,8
1991-02-28,164290,4,1,2,3,1,5,1,1,3,7
1991-03-31,164290,2,2,2,4,7,2,1,3,1,7
1991-04-30,164290,3,2,0,2,3,0,3,4,2,11
1991-05-31,164290,7,0,0,3,2,2,0,4,1,12
1991-06-30,164290,9,3,0,1,1,0,1,1,2,12
1991-07-31,164290,2,0,0,0,0,0,0,0,2,27
1991-08-31,164290,1,0,0,0,0,0,0,2,1,27
1991-09-30,164290,7,0,0,0,3,0,1,0,0,19
1991-10-31,164290,2,1,2,3,2,1,0,1,0,19
1991-11-30,164290,8,0,1,0,1,5,3,4,2,6
1991-12-31,164290,5,5,3,1,0,0,0,6,7,4
1992-01-31,164290,16,3,1,3,0,1,1,0,1,5
1992-02-29,164290,10,3,2,2,0,0,3,6,2,1
1992-03-31,164290,5,2,4,4,1,4,4,6,0,1
1992-04-30,164290,2,0,0,1,3,3,5,2,2,12
1992-05-31,164290,7,2,2,3,1,1,0,0,2,13
1992-06-30,164290,8,0,0,1,3,0,1,1,1,15
1992-07-31,164290,0,0,1,1,0,0,0,1,0,28
1992-08-31,164290,1,0,0,0,0,0,0,0,0,30
1992-09-30,164290,6,0,0,0,3,0,0,1,2,18
1992-10-31,164290,0,0,1,1,4,7,4,2,0,12
1992-11-30,164290,10,0,3,1,0,2,1,9,1,3
1992-12-31,164290,7,1,2,3,0,2,2,3,0,11
1993-01-31,164290,13,2,0,1,0,0,2,5,2,6
1993-02-28,164290,7,1,2,6,1,0,1,3,3,4
1993-03-31,164290,10,0,1,3,1,1,0,3,5,7
1993-04-30,164290,6,0,0,3,2,3,3,4,0,9
1993-05-31,164290,9,0,0,2,2,0,0,1,3,14
1993-06-30,164290,8,1,0,6,2,0,0,1,1,11
1993-07-31,164290,9,1,0,2,2,0,0,1,5,11
1993-08-31,164290,0,1,0,0,1,0,0,1,1,27
1993-09-30,164290,1,0,0,4,7,1,1,0,0,16
1993-10-31,164290,4,0,2,5,10,3,0,2,0,5
1993-11-30,164290,4,1,1,1,4,0,1,2,2,14
1993-12-31,164290,3,0,0,0,0,2,8,7,4,7
1994-01-31,164290,3,0,1,1,1,2,4,8,5,6
1994-02-28,164290,3,0,0,1,5,2,2,2,2,11
1994-03-31,164290,18,2,0,1,1,1,1,1,1,5
1994-04-30,164290,2,3,0,1,2,2,4,6,3,7
1994-05-31,164290,4,0,0,1,5,0,3,0,1,17
1994-06-30,164290,7,1,0,3,3,0,0,2,1,13
1994-07-31,164290,0,0,0,0,0,0,0,0,1,30
1994-08-31,164290,0,0,0,0,0,0,1,1,0,29
1994-09-30,164290,6,0,0,1,3,1,0,1,1,17
1994-10-31,164290,9,1,0,0,1,0,0,1,1,18
1994-11-30,164290,12,1,0,0,2,0,2,3,3,7
1994-12-31,164290,15,0,0,0,0,1,2,5,1,7
1995-01-31,164290,3,1,0,0,0,0,9,5,2,11
1995-02-28,164290,6,2,2,1,0,0,6,4,4,3
1995-03-31,164290,3,1,0,3,1,0,8,5,5,5
1995-04-30,164290,7,0,1,5,2,0,2,4,3,6
1995-05-31,164290,10,1,0,1,4,2,2,0,1,10
1995-06-30,164290,7,0,0,3,0,0,0,0,1,19
1995-07-31,164290,7,0,1,1,0,1,0,0,0,21
1995-08-31,164290,0,0,0,0,0,0,1,2,0,28
1995-09-30,164290,3,0,0,0,1,1,1,2,0,22
1995-10-31,164290,16,0,4,1,2,0,0,0,0,8
1995-11-30,164290,2,0,0,1,7,2,2,2,4,10
1995-12-31,164290,3,0,0,3,3,2,6,2,0,12
1996-01-31,164290,1,1,2,4,8,3,2,3,0,7
1996-02-29,164290,0,2,0,3,2,2,2,4,1,13
1996-03-31,164290,2,1,1,4,2,1,2,3,0,15
1996-04-30,164290,2,1,1,5,3,2,0,1,0,15
1996-05-31,164290,13,1,1,0,2,0,2,4,1,7
1996-06-30,164290,5,2,2,0,0,1,0,0,1,19
1996-07-31,164290,7,0,0,0,0,0,0,1,2,21
1996-08-31,164290,0,0,0,0,0,0,0,0,0,31
1996-09-30,164290,1,1,0,1,2,2,2,4,2,15
1996-10-31,164290,6,1,0,0,2,2,2,2,2,14
1996-11-30,164290,8,1,0,0,5,2,9,3,2,0
1996-12-31,164290,1,1,0,0,5,6,4,1,1,12
1997-01-31,164290,10,1,1,3,5,4,2,1,0,4
1997-02-28,164290,12,0,1,0,1,0,4,2,7,1
1997-03-31,164290,5,7,1,1,0,0,2,4,4,7
1997-04-30,164290,4,1,1,5,1,1,1,4,1,11
1997-05-31,164290,10,1,0,8,2,3,1,1,1,4
1997-06-30,164290,3,0,0,1,5,0,0,0,2,19
1997-07-31,164290,1,0,0,2,0,0,1,2,2,23
1997-08-31,164290,1,0,0,0,0,1,0,2,0,27
1997-09-30,164290,2,2,0,0,0,0,0,0,0,26
1997-10-31,164290,2,1,0,0,2,1,2,0,1,22
1997-11-30,164290,0,0,0,0,6,3,4,1,1,15
1997-12-31,164290,2,0,0,0,6,3,7,3,2,8
1998-01-31,164290,7,0,0,1,4,0,3,4,1,11
1998-02-28,164290,11,3,0,0,1,0,0,2,3,8
1998-03-31,164290,7,3,1,1,2,0,3,2,5,7
1998-04-30,164290,8,1,0,1,3,3,3,1,1,9
1998-05-31,164290,8,0,1,2,3,0,2,0,0,15
1998-06-30,164290,8,1,0,1,3,0,0,2,0,15
1998-07-31,164290,7,0,0,0,0,0,0,1,3,20
1998-08-31,164290,2,0,0,0,0,0,0,0,0,29
1998-09-30,164290,2,1,0,1,3,1,3,1,0,18
1998-10-31,164290,5,0,2,0,3,1,2,6,3,9
1998-11-30,164290,0,2,0,1,0,3,3,4,1,16
1998-12-31,164290,9,0,0,2,2,0,4,2,8,4
1999-01-31,164290,9,1,1,3,1,2,3,5,1,5
1999-02-28,164290,5,1,0,2,0,1,6,7,0,6
1999-03-31,164290,4,0,0,5,5,2,5,2,5,3
1999-04-30,164290,5,0,0,0,4,1,5,2,2,11
1999-05-31,164290,7,0,0,4,2,0,1,1,0,16
1999-06-30,164290,2,0,1,1,0,0,0,2,0,24
1999-07-31,164290,1,1,0,0,0,0,0,0,1,28
1999-08-31,164290,4,0,0,0,0,0,0,0,0,27
1999-09-30,164290,4,0,0,1,3,0,0,0,0,22
1999-10-31,164290,12,1,0,0,4,3,0,0,0,11
1999-11-30,164290,3,0,1,5,1,0,2,3,0,15
1999-12-31,164290,5,4,0,1,0,1,10,3,3,4
2000-01-31,164290,14,1,0,1,0,0,1,6,2,6
2000-02-29,164290,11,2,0,0,0,0,2,8,5,1
2000-03-31,164290,11,1,0,0,2,1,2,3,2,9
2000-04-30,164290,2,0,0,1,6,2,2,6,1,10
2000-05-31,164290,0,0,0,3,5,0,0,0,0,23
2000-06-30,164290,5,1,1,1,0,0,0,0,1,21
2000-07-31,164290,4,0,0,1,3,1,1,3,3,15
2000-08-31,164290,4,0,0,0,1,1,0,0,0,25
2000-09-30,164290,3,2,0,0,5,2,0,0,0,18
2000-10-31,164290,7,0,0,4,4,3,0,3,0,10
2000-11-30,164290,4,0,0,0,4,8,4,3,1,6
2000-12-31,164290,10,0,0,1,1,4,6,3,1,5
2001-01-31,164290,3,0,0,0,2,7,9,0,2,8
2001-02-28,164290,4,3,0,2,0,4,6,3,2,4
2001-03-31,164290,3,0,0,0,2,6,7,2,0,11
2001-04-30,164290,5,2,0,0,1,1,1,9,0,11
2001-05-31,164290,3,0,0,5,4,0,1,1,2,15
2001-06-30,164290,3,0,0,0,2,1,1,0,4,19
2001-07-31,164290,3,0,0,0,3,0,0,1,1,23
2001-08-31,164290,1,0,0,0,0,0,0,0,3,27
2001-09-30,164290,3,0,1,3,1,0,1,2,0,19
2001-10-31,164290,17,0,0,0,1,1,0,0,1,11
2001-11-30,164290,3,3,0,2,2,0,1,4,3,12
2001-12-31,164290,5,5,2,0,0,0,4,4,3,8
2002-01-31,164290,15,3,0,0,0,1,2,4,1,5
2002-02-28,164290,9,1,0,1,1,2,4,4,2,4
2002-03-31,164290,3,0,0,4,4,3,0,4,6,7
2002-04-30,164290,5,1,0,1,4,2,1,2,3,11
2002-05-31,164290,6,1,0,3,5,0,0,3,0,13
2002-06-30,164290,4,0,0,0,2,0,0,1,0,23
2002-07-31,164290,4,0,0,1,1,0,0,1,3,21
2002-08-31,164290,0,0,0,0,1,0,0,4,0,26
2002-09-30,164290,1,1,0,1,0,1,0,1,2,23
2002-10-31,164290,11,0,0,0,2,4,1,4,0,9
2002-11-30,164290,2,0,0,0,6,5,2,3,0,12
2002-12-31,164290,3,1,0,0,2,1,7,2,1,14
2003-01-31,164290,3,2,0,0,0,3,8,3,0,12
2003-02-28,164290,2,1,6,3,0,0,1,4,1,10
2003-03-31,164290,11,2,3,2,2,0,2,0,3,6
2003-04-30,164290,4,2,0,4,7,0,0,1,3,9
2003-05-31,164290,2,1,0,8,2,0,0,0,7,11
2003-06-30,164290,2,1,1,3,1,0,0,0,0,22
2003-07-31,164290,0,0,0,0,0,0,0,0,0,31
2003-08-31,164290,0,1,0,0,0,1,0,0,0,29
2003-09-30,164290,7,0,4,0,0,0,0,2,1,16
2003-10-31,164290,3,0,0,2,2,5,3,2,0,14
2003-11-30,164290,4,2,1,4,7,2,3,1,2,4
2003-12-31,164290,5,1,0,2,6,2,1,2,3,9
2004-01-31,164290,4,1,0,0,0,1,6,7,4,8
2004-02-29,164290,8,1,0,0,4,1,6,2,4,3
2004-03-31,164290,7,2,0,6,2,2,3,3,1,5
2004-04-30,164290,3,1,0,0,5,0,5,2,1,13
2004-05-31,164290,5,1,4,1,2,1,3,1,2,11
2004-06-30,164290,9,0,0,0,0,0,0,1,1,19
2004-07-31,164290,0,0,0,0,0,0,0,1,4,26
2004-08-31,164290,4,0,0,0,1,0,0,1,2,23
2004-09-30,164290,8,1,0,0,0,0,1,2,2,16
2004-10-31,164290,8,0,0,0,4,0,2,0,0,17
2004-11-30,164290,7,0,2,1,0,3,0,3,2,12
2004-12-31,164290,5,0,0,5,5,3,1,3,1,8
2005-01-31,164290,7,1,0,0,0,0,1,5,8,9
2005-02-28,164290,3,1,1,2,1,1,7,1,3,8
2005-03-31,164290,5,0,2,1,3,4,1,4,2,9
2005-04-30,164290,5,2,1,3,5,1,4,2,0,7
2005-05-31,164290,4,1,0,1,1,0,1,2,4,17
2005-06-30,164290,2,1,0,2,2,0,0,0,0,23
2005-07-31,164290,1,0,0,0,0,0,0,0,2,28
2005-08-31,164290,1,0,0,0,0,0,1,2,2,25
2005-09-30,164290,4,1,0,0,3,1,0,1,2,18
2005-10-31,164290,8,0,0,3,3,0,0,0,1,16
2005-11-30,164290,11,1,0,1,3,2,4,0,0,8
2005-12-31,164290,7,0,0,0,0,2,8,4,3,7
2006-01-31,164290,7,4,2,4,4,0,3,0,0,7
2006-02-28,164290,3,1,0,1,0,4,6,2,2,9
2006-03-31,164290,5,0,0,2,2,1,6,5,2,8
2006-04-30,164290,6,0,0,4,2,2,1,2,3,10
2006-05-31,164290,8,1,3,3,0,0,0,1,0,15
2006-06-30,164290,7,1,3,0,4,0,0,1,1,13
2006-07-31,164290,1,0,0,0,0,0,0,0,0,30
2006-08-31,164290,2,0,0,3,0,0,1,1,0,24
2006-09-30,164290,7,1,0,3,1,1,0,1,0,16
2006-10-31,164290,5,2,1,1,3,3,0,0,4,12
2006-11-30,164290,16,0,2,0,2,2,4,1,1,2
2006-12-31,164290,13,0,0,5,0,3,0,1,0,9
2007-01-31,164290,13,1,0,0,0,3,3,7,2,2
2007-02-28,164290,3,2,0,0,1,3,5,4,2,8
2007-03-31,164290,7,1,2,1,3,0,6,2,0,9
2007-04-30,164290,8,0,4,11,1,0,0,0,0,6
2007-05-31,164290,1,0,0,0,3,0,1,7,1,18
2007-06-30,164290,8,3,1,2,1,0,0,0,1,14
2007-07-31,164290,5,0,0,1,0,0,0,2,4,19
2007-08-31,164290,3,0,3,1,0,1,0,1,0,22
2007-09-30,164290,8,0,1,1,0,1,0,0,3,16
2007-10-31,164290,4,1,4,1,2,0,0,0,1,18
2007-11-30,164290,2,0,1,1,6,0,2,5,1,12
2007-12-31,164290,4,0,3,0,3,0,2,6,3,10
2008-01-31,164290,10,4,0,0,3,4,2,3,3,2
2008-02-29,164290,15,5,0,1,2,2,1,1,2,0
2008-03-31,164290,1,0,0,0,0,2,7,7,2,12
2008-04-30,164290,4,0,0,0,1,4,3,4,5,9
2008-05-31,164290,3,1,2,8,4,0,1,0,0,12
2008-06-30,164290,3,1,2,1,2,0,0,0,0,21
2008-07-31,164290,3,1,0,0,0,0,0,1,1,25
2008-08-31,164290,0,0,0,0,0,0,0,0,0,31
2008-09-30,164290,1,1,0,1,1,0,0,2,1,23
2008-10-31,164290,11,0,2,3,1,2,3,1,0,8
2008-11-30,164290,6,0,0,1,3,4,2,2,0,12
2008-12-31,164290,3,0,2,1,3,2,2,3,4,11
2009-01-31,164290,2,0,1,1,1,3,4,2,0,17
2009-02-28,164290,4,1,0,0,1,3,4,4,7,4
2009-03-31,164290,3,1,1,1,4,2,2,8,3,6
2009-04-30,164290,3,0,0,1,3,0,2,2,1,18
2009-05-31,164290,6,0,0,3,3,0,0,1,0,18
2009-06-30,164290,5,0,0,1,2,0,0,3,2,17
2009-07-31,164290,4,1,0,0,1,0,0,1,3,21
2009-08-31,164290,0,0,0,0,0,0,0,0,0,31
2009-09-30,164290,0,2,1,1,2,0,0,0,1,23
2009-10-31,164290,4,3,0,0,2,1,0,2,1,18
2009-11-30,164290,12,0,0,1,0,3,6,4,0,4
2009-12-31,164290,1,0,0,0,1,4,9,6,3,7
2010-01-31,164290,2,1,0,3,2,0,8,3,1,11
2010-02-28,164290,1,0,0,0,3,6,7,3,0,8
2010-03-31,164290,6,2,2,0,4,4,1,4,0,8
2010-04-30,164290,10,0,2,3,3,0,0,1,3,8
2010-05-31,164290,4,1,0,1,2,0,1,4,2,16
2010-06-30,164290,1,0,0,1,2,0,1,3,1,21
2010-07-31,164290,1,0,0,0,0,0,0,0,3,27
2010-08-31,164290,7,1,0,0,0,0,0,1,0,22
2010-09-30,164290,1,0,0,1,2,1,1,1,3,20
2010-10-31,164290,3,0,0,2,6,0,0,2,2,16
2010-11-30,164290,4,0,1,0,2,7,9,3,0,4
2010-12-31,164290,4,0,0,0,3,4,9,2,2,7
2011-01-31,164290,7,0,0,0,0,3,0,2,1,18
2011-02-28,164290,5,2,0,0,0,2,1,1,5,12
2011-03-31,164290,7,1,4,1,4,1,1,2,2,8
2011-04-30,164290,1,3,0,3,4,0,0,3,4,12
2011-05-31,164290,2,3,1,2,1,0,0,1,3,18
2011-06-30,164290,5,1,0,1,0,0,0,3,1,19
2011-07-31,164290,2,0,0,0,0,0,0,2,1,26
2011-08-31,164290,0,1,0,0,0,0,0,0,2,28
2011-09-30,164290,1,3,0,0,0,0,0,0,4,22
2011-10-31,164290,6,3,0,5,3,1,1,1,3,8
2011-11-30,164290,6,2,2,4,8,1,0,0,0,7
2011-12-31,164290,4,1,1,0,0,3,7,9,2,4
2012-01-31,164290,3,0,2,2,0,0,4,6,6,8
2012-02-29,164290,4,1,1,0,0,0,0,2,4,17
2012-03-31,164290,10,1,2,4,0,2,0,2,3,7
2012-04-30,164290,3,0,0,4,3,1,5,5,0,9
2012-05-31,164290,13,1,0,1,1,0,1,3,3,8
2012-06-30,164290,5,0,1,1,3,0,0,0,0,20
2012-07-31,164290,3,0,0,0,0,0,0,0,3,25
2012-08-31,164290,0,1,0,0,0,0,0,0,0,30
2012-09-30,164290,2,0,0,0,4,0,0,0,1,23
2012-10-31,164290,3,0,0,3,1,3,0,1,0,20
2012-11-30,164290,7,1,0,3,4,2,4,0,1,8
2012-12-31,164290,2,0,0,0,2,3,3,10,5,6
2013-01-31,164290,3,0,1,0,0,6,5,7,3,6
2013-02-28,164290,1,0,0,2,0,2,3,5,2,13
2013-03-31,164290,1,0,0,2,5,2,8,1,1,11
2013-04-30,164290,7,0,3,5,2,2,3,0,1,7
2013-05-31,164290,3,0,0,3,3,0,2,3,1,16
2013-06-30,164290,2,3,2,2,0,0,0,2,3,16
2013-07-31,164290,3,1,0,0,0,0,0,0,2,25
2013-08-31,164290,3,1,0,0,0,0,0,0,2,25
2013-09-30,164290,3,0,0,0,0,0,1,1,0,25
2013-10-31,164290,6,0,0,1,8,1,0,2,0,13
2013-11-30,164290,3,0,0,1,1,0,5,2,0,18
2013-12-31,164290,16,0,1,3,1,1,1,2,1,5
2014-01-31,164290,6,1,0,1,2,5,7,3,0,6
2014-02-28,164290,3,0,0,0,3,5,4,5,0,8
2014-03-31,164290,6,3,0,6,0,1,3,1,2,9
2014-04-30,164290,3,0,1,0,2,2,2,5,4,11
2014-05-31,164290,4,0,1,5,2,0,0,4,1,14
2014-06-30,164290,3,0,1,2,1,1,0,3,1,18
2014-07-31,164290,2,0,0,2,0,0,0,1,0,26
2014-08-31,164290,4,0,0,0,0,0,0,0,0,27
2014-09-30,164290,1,1,1,1,2,0,0,1,1,22
2014-10-31,164290,5,1,0,0,1,0,1,2,0,21
2014-11-30,164290,7,0,0,0,7,4,1,1,0,10
2014-12-31,164290,6,1,0,0,2,1,1,3,3,14
2015-01-31,164290,5,1,0,0,0,3,2,7,3,10
2015-02-28,164290,4,0,2,0,1,2,2,1,2,14
2015-03-31,164290,4,1,0,5,3,0,1,6,4,7
2015-04-30,164290,8,2,1,0,4,0,0,2,2,11
2015-05-31,164290,5,1,0,1,1,0,1,0,4,18
2015-06-30,164290,7,1,1,0,3,1,0,0,2,15
2015-07-31,164290,5,0,0,1,0,0,0,1,0,24
2015-08-31,164290,1,0,0,0,1,0,0,0,0,29
2015-09-30,164290,0,0,0,1,4,1,0,0,4,20
2015-10-31,164290,5,2,1,1,2,0,0,2,1,17
2015-11-30,164290,15,0,1,1,0,0,2,4,1,6
2015-12-31,164290,24,2,0,0,0,0,0,2,2,1
2016-01-31,164290,11,0,0,0,0,1,10,5,1,3
2016-02-29,164290,5,0,0,0,1,2,9,4,2,6
2016-03-31,164290,1,0,1,0,4,1,1,6,1,16
2016-04-30,164290,5,1,2,5,4,1,0,6,0,6
2016-05-31,164290,4,0,0,3,2,0,5,3,2,12
2016-06-30,164290,6,1,1,0,2,0,1,1,2,16
2016-07-31,164290,3,0,0,0,0,0,0,0,3,25
2016-08-31,164290,1,4,0,0,0,0,0,0,1,25
2016-09-30,164290,4,0,1,1,1,0,0,2,1,20
2016-10-31,164290,4,2,0,0,4,1,0,0,0,20
2016-11-30,164290,4,2,0,4,5,2,3,2,0,8
2016-12-31,164290,9,2,1,7,3,0,1,3,4,1
2017-01-31,164290,5,0,0,3,2,0,2,2,2,15
2017-02-28,164290,10,1,0,2,3,3,3,0,0,6
2017-03-31,164290,5,1,2,0,2,2,3,2,6,8
2017-04-30,164290,3,4,2,0,4,1,0,2,0,14
2017-05-31,164290,5,2,0,1,2,0,0,0,2,19
2017-06-30,164290,3,0,1,1,0,1,0,0,1,23
2017-07-31,164290,4,2,0,0,0,0,0,1,5,19
2017-08-31,164290,2,0,0,0,0,0,0,0,2,27
2017-09-30,164290,8,0,0,0,0,1,1,2,0,18
2017-10-31,164290,11,2,0,0,1,0,0,5,4,8
2017-11-30,164290,7,0,0,0,1,2,3,3,1,13
2017-12-31,164290,3,2,1,0,0,3,9,7,3,3
2018-01-31,164290,8,0,0,1,5,0,3,8,1,5
2018-02-28,164290,2,0,0,0,3,2,2,3,1,15
2018-03-31,164290,2,0,0,0,2,6,10,3,0,8
2018-04-30,164290,9,2,2,4,5,0,0,2,0,6
2018-05-31,164290,4,0,4,3,0,0,0,0,0,20
2018-06-30,164290,4,0,1,0,0,0,0,2,3,20
2018-07-31,164290,0,0,0,0,0,0,0,0,1,30
2018-08-31,164290,0,0,0,0,0,0,0,2,0,29
2018-09-30,164290,5,1,2,0,0,0,0,0,1,21
2018-10-31,164290,1,1,0,4,4,4,1,0,1,15
2018-11-30,164290,6,1,1,1,7,0,3,1,1,9
2018-12-31,164290,8,2,0,0,0,0,0,11,3,7
2019-01-31,164290,1,0,0,0,0,2,5,5,7,11
2019-02-28,164290,7,7,0,0,0,2,1,2,5,4
2019-03-31,164290,4,3,3,1,0,2,4,7,2,5
2019-04-30,164290,1,0,0,6,3,1,3,3,2,11
2019-05-31,164290,7,1,0,2,2,1,1,2,0,15
2019-06-30,164290,2,0,0,0,2,0,0,0,2,24
2019-07-31,164290,2,0,0,0,0,0,1,0,1,27
2019-08-31,164290,1,0,0,0,0,0,0,0,2,28
2019-09-30,164290,3,0,2,1,1,0,0,0,1,22
2019-10-31,164290,4,1,1,2,3,0,1,2,0,17
2019-11-30,164290,0,0,0,0,2,8,9,2,0,9
2019-12-31,164290,4,4,0,2,6,1,4,6,1,3
2020-01-31,164290,12,2,0,2,3,0,1,4,3,4
2020-02-29,164290,12,1,0,0,0,0,2,11,3,0
2020-03-31,164290,1,0,4,5,0,2,3,3,2,11
2020-04-30,164290,12,0,2,1,3,1,0,1,2,8
2020-05-31,164290,8,1,1,2,4,0,1,3,1,10
2020-06-30,164290,6,0,0,0,1,0,2,2,4,15
2020-07-31,164290,1,0,0,0,0,0,0,0,3,27
2020-08-31,164290,0,0,0,0,1,0,0,0,0,30
2020-09-30,164290,1,3,0,0,0,0,2,1,2,21
2020-10-31,164290,8,0,0,0,2,5,0,4,1,11
2020-11-30,164290,20,0,2,0,2,0,1,0,1,4
2020-12-31,164290,4,0,0,3,2,4,6,1,2,9
2021-01-31,164290,1,0,0,0,0,8,7,6,3,6
2021-02-28,164290,11,2,0,1,4,2,4,2,0,2
2021-03-31,164290,10,0,1,6,0,0,1,3,4,6
2021-04-30,164290,5,1,2,2,5,1,1,1,0,12
2021-05-31,164290,7,0,1,0,4,0,1,2,3,13
2021-06-30,164290,2,0,0,3,1,0,0,0,0,24
2021-07-31,164290,1,0,0,0,2,0,0,0,4,24
2021-08-31,164290,0,0,0,0,0,0,0,0,0,31
2021-09-30,164290,2,0,0,1,1,0,0,0,0,26
2021-10-31,164290,3,2,3,1,3,1,0,2,2,14
2021-11-30,164290,1,0,0,2,1,3,4,2,1,16
2021-12-31,164290,5,1,0,0,0,3,7,5,6,4
1981-01-31,164050,0,10,0,0,2,0,2,10,2,5
1981-02-28,164050,6,2,1,1,1,0,2,0,4,11
1981-03-31,164050,9,0,0,0,6,0,2,3,0,11
1981-04-30,164050,9,0,1,4,0,1,1,0,0,14
1981-05-31,164050,11,1,0,4,3,0,2,3,0,7
1981-06-30,164050,5,1,1,5,0,0,0,0,0,18
1981-07-31,164050,5,1,0,0,3,0,0,2,2,18
1981-08-31,164050,3,3,1,0,0,0,0,0,0,24
1981-09-30,164050,5,0,0,0,4,0,1,1,0,19
1981-10-31,164050,11,0,0,0,1,5,2,4,1,7
1981-11-30,164050,14,2,0,0,0,0,0,3,4,7
1981-12-31,164050,0,0,0,0,0,7,13,4,0,7
1982-01-31,164050,2,1,1,7,0,3,3,5,0,9
1982-02-28,164050,8,3,1,2,2,0,0,1,0,11
1982-03-31,164050,4,1,1,2,3,3,0,5,4,8
1982-04-30,164050,3,2,0,2,0,0,1,3,2,17
1982-05-31,164050,10,2,2,4,4,0,0,0,0,9
1982-06-30,164050,3,0,0,4,0,0,1,1,1,20
1982-07-31,164050,2,0,0,0,1,0,0,1,0,27
1982-08-31,164050,1,0,0,0,1,0,0,0,0,29
1982-09-30,164050,7,0,0,2,1,0,0,0,0,20
1982-10-31,164050,1,0,2,6,2,2,2,2,1,13
1982-11-30,164050,8,0,1,3,4,3,1,0,2,8
1982-12-31,164050,2,2,2,0,0,4,6,3,3,9
1983-01-31,164050,8,2,0,0,0,0,3,10,7,1
1983-02-28,164050,4,2,2,0,3,3,2,4,2,6
1983-03-31,164050,7,2,2,0,4,1,2,2,4,7
1983-04-30,164050,14,0,0,3,3,1,1,3,0,5
1983-05-31,164050,11,1,0,0,4,0,2,1,1,11
1983-06-30,164050,4,0,1,4,1,0,0,0,1,19
1983-07-31,164050,5,0,0,0,0,0,0,0,0,26
1983-08-31,164050,1,0,0,4,2,0,0,0,0,24
1983-09-30,164050,7,1,1,1,4,0,1,0,2,13
1983-10-31,164050,9,4,2,1,1,2,0,0,0,12
1983-11-30,164050,3,1,4,4,1,1,1,2,1,12
1983-12-31,164050,3,0,1,0,1,4,5,3,2,12
1984-01-31,164050,6,0,0,1,1,1,8,6,2,6
1984-02-29,164050,3,2,0,0,3,3,0,2,1,15
1984-03-31,164050,1,0,0,4,0,1,5,2,3,15
1984-04-30,164050,4,1,0,3,3,1,1,2,5,10
1984-05-31,164050,8,0,0,3,6,1,2,2,0,9
1984-06-30,164050,11,0,1,3,0,1,1,1,0,12
1984-07-31,164050,10,0,0,0,1,0,0,0,0,20
1984-08-31,164050,2,1,0,1,1,0,0,0,0,26
1984-09-30,164050,4,0,0,0,3,3,2,1,0,17
1984-10-31,164050,8,1,4,1,2,3,0,0,0,12
1984-11-30,164050,2,1,1,1,8,0,6,3,0,8
1984-12-31,164050,6,2,2,0,2,2,1,0,1,15
1985-01-31,164050,0,0,0,1,1,4,6,4,3,12
1985-02-28,164050,5,1,2,2,1,2,4,3,1,7
1985-03-31,164050,3,1,1,1,3,1,4,1,1,15
1985-04-30,164050,4,2,0,0,3,5,1,4,1,10
1985-05-31,164050,7,1,3,2,2,3,0,1,1,11
1985-06-30,164050,13,0,0,2,2,0,0,0,0,13
1985-07-31,164050,1,1,1,0,0,0,0,0,0,28
1985-08-31,164050,2,1,0,1,0,0,0,1,2,24
1985-09-30,164050,8,0,1,1,0,0,0,0,0,20
1985-10-31,164050,9,4,2,2,3,0,0,0,1,10
1985-11-30,164050,5,0,1,1,0,5,4,1,0,13
1985-12-31,164050,7,4,0,0,1,3,2,1,4,9
1986-01-31,164050,3,0,0,0,1,4,7,10,0,6
1986-02-28,164050,0,0,0,2,1,4,4,1,1,15
1986-03-31,164050,7,0,0,2,1,1,3,3,1,13
1986-04-30,164050,4,1,0,1,10,1,2,5,0,6
1986-05-31,164050,7,2,0,0,1,0,0,0,1,20
1986-06-30,164050,5,1,1,0,0,0,0,1,4,18
1986-07-31,164050,3,0,0,1,1,0,0,0,1,25
1986-08-31,164050,2,0,0,0,0,0,0,0,0,29
1986-09-30,164050,6,4,2,2,0,0,0,0,0,16
1986-10-31,164050,8,1,0,5,0,0,2,3,1,11
1986-11-30,164050,6,3,3,6,2,1,1,0,1,7
1986-12-31,164050,10,0,0,0,0,1,4,6,1,9
1987-01-31,164050,5,1,0,0,0,3,8,3,0,11
1987-02-28,164050,4,1,0,0,4,2,2,3,2,10
1987-03-31,164050,4,6,1,3,0,2,2,1,1,11
1987-04-30,164050,10,1,3,0,5,0,1,4,0,6
1987-05-31,164050,5,0,1,3,0,1,1,3,2,15
1987-06-30,164050,9,2,0,4,1,1,0,2,1,10
1987-07-31,164050,2,0,0,2,1,0,0,0,1,25
1987-08-31,164050,1,0,0,0,3,0,0,0,0,27
1987-09-30,164050,9,2,1,0,0,2,0,0,0,16
1987-10-31,164050,3,1,2,3,7,1,1,1,0,12
1987-11-30,164050,3,1,2,0,1,4,2,3,3,11
1987-12-31,164050,12,0,0,0,4,0,0,2,2,11
1988-01-31,164050,3,2,0,1,5,3,5,5,1,6
1988-02-29,164050,5,2,1,0,0,1,5,5,2,8
1988-03-31,164050,2,0,0,0,2,3,5,10,4,5
1988-04-30,164050,6,1,1,4,1,0,1,1,1,14
1988-05-31,164050,8,1,1,5,6,0,0,0,0,10
1988-06-30,164050,6,1,2,1,1,0,0,0,1,18
1988-07-31,164050,4,0,0,2,1,0,0,0,0,24
1988-08-31,164050,4,0,0,0,0,0,0,0,0,27
1988-09-30,164050,11,0,0,2,0,1,1,0,0,15
1988-10-31,164050,6,0,0,5,6,0,1,1,1,11
1988-11-30,164050,6,1,3,4,1,0,4,0,2,9
1988-12-31,164050,4,5,0,0,0,1,2,5,5,9
1989-01-31,164050,20,3,2,0,0,0,0,1,2,3
1989-02-28,164050,18,0,1,0,1,2,3,1,0,2
1989-03-31,164050,4,3,0,4,3,0,2,2,5,8
1989-04-30,164050,5,1,1,2,7,3,5,2,0,4
1989-05-31,164050,3,0,2,5,4,0,0,1,2,14
1989-06-30,164050,7,0,2,0,0,0,0,2,0,19
1989-07-31,164050,6,1,0,0,0,0,0,0,1,23
1989-08-31,164050,0,0,0,1,2,0,1,1,1,25
1989-09-30,164050,5,0,0,3,1,0,0,0,1,20
1989-10-31,164050,13,1,3,3,1,0,1,0,0,9
1989-11-30,164050,8,0,2,3,1,3,2,2,0,9
1989-12-31,164050,3,0,2,5,3,4,4,2,0,8
1990-01-31,164050,12,1,6,4,0,2,2,1,1,2
1990-02-28,164050,14,1,0,0,0,0,2,6,2,3
1990-03-31,164050,16,1,3,0,0,0,1,1,5,4
1990-04-30,164050,3,0,1,3,4,3,3,3,1,9
1990-05-31,164050,6,3,2,3,3,0,0,0,0,14
1990-06-30,164050,8,0,0,4,2,0,1,0,1,14
1990-07-31,164050,2,2,0,0,0,0,0,0,0,27
1990-08-31,164050,3,2,0,0,0,0,0,0,0,26
1990-09-30,164050,6,2,0,0,0,0,2,0,0,20
1990-10-31,164050,1,0,0,4,7,1,3,0,0,15
1990-11-30,164050,2,2,1,3,0,4,4,1,0,13
1990-12-31,164050,5,1,0,2,1,1,2,2,1,16
1991-01-31,164050,9,2,3,4,0,0,2,3,1,7
1991-02-28,164050,4,1,2,3,1,5,1,1,3,7
1991-03-31,164050,3,2,2,5,7,2,1,3,1,5
1991-04-30,164050,4,2,0,1,3,2,1,3,2,12
1991-05-31,164050,7,0,0,3,2,2,0,4,1,12
1991-06-30,164050,7,5,0,1,1,1,0,1,2,12
1991-07-31,164050,0,1,0,0,0,0,0,0,2,28
1991-08-31,164050,1,0,1,0,0,0,0,0,1,28
1991-09-30,164050,6,0,0,2,3,0,1,0,0,18
1991-10-31,164050,3,1,2,3,2,2,1,0,0,17
1991-11-30,164050,8,0,1,1,1,5,3,4,2,5
1991-12-31,164050,5,5,4,1,0,0,0,5,6,5
1992-01-31,164050,16,3,2,4,1,2,0,0,0,3
1992-02-29,164050,11,3,2,2,0,1,1,4,3,2
1992-03-31,164050,5,2,4,4,1,5,4,4,0,2
1992-04-30,164050,3,0,0,1,3,4,4,2,2,11
1992-05-31,164050,7,3,2,3,2,0,0,0,1,13
1992-06-30,164050,8,0,0,0,3,0,1,1,1,16
1992-07-31,164050,1,0,1,1,1,0,0,1,0,26
1992-08-31,164050,2,0,0,0,0,0,0,0,0,29
1992-09-30,164050,7,1,0,1,2,0,0,1,1,17
1992-10-31,164050,0,0,1,1,4,8,5,1,0,11
1992-11-30,164050,12,0,2,1,0,2,2,5,2,4
1992-12-31,164050,7,2,2,5,0,2,2,3,0,8
1993-01-31,164050,15,1,1,1,0,0,1,3,2,7
1993-02-28,164050,6,2,3,6,1,0,0,1,1,8
1993-03-31,164050,12,1,1,1,1,1,0,3,4,7
1993-04-30,164050,6,0,0,3,2,3,1,3,0,12
1993-05-31,164050,6,0,0,4,3,0,0,1,4,13
1993-06-30,164050,6,1,0,6,3,0,0,1,1,12
1993-07-31,164050,9,1,0,2,2,0,0,0,4,13
1993-08-31,164050,0,1,0,0,1,0,0,0,0,29
1993-09-30,164050,5,0,0,4,8,0,0,0,0,13
1993-10-31,164050,5,0,2,6,10,2,0,1,0,5
1993-11-30,164050,3,1,1,2,5,0,1,1,2,14
1993-12-31,164050,5,0,1,0,0,2,10,4,4,5
1994-01-31,164050,4,0,1,1,2,2,4,7,5,5
1994-02-28,164050,4,0,0,2,5,2,1,2,1,11
1994-03-31,164050,19,1,1,0,2,0,1,1,1,5
1994-04-30,164050,2,5,0,1,2,2,5,4,1,8
1994-05-31,164050,4,0,0,1,5,1,2,0,1,17
1994-06-30,164050,7,1,0,4,2,0,0,2,0,14
1994-07-31,164050,0,0,0,0,0,0,0,0,1,30
1994-08-31,164050,0,0,0,0,0,0,0,1,0,30
1994-09-30,164050,5,0,0,2,3,1,0,1,1,17
1994-10-31,164050,7,3,1,2,1,0,0,1,1,15
1994-11-30,164050,11,1,1,0,2,0,2,2,3,8
1994-12-31,164050,14,0,0,2,1,0,2,3,1,8
1995-01-31,164050,4,2,0,0,0,0,8,5,1,11
1995-02-28,164050,6,2,2,1,0,0,7,3,4,3
1995-03-31,164050,3,2,0,3,1,0,8,5,4,5
1995-04-30,164050,7,0,1,5,2,0,2,3,4,6
1995-05-31,164050,9,2,1,1,4,3,2,0,0,9
1995-06-30,164050,6,0,1,3,0,0,0,0,1,19
1995-07-31,164050,6,1,1,1,1,0,0,0,0,21
1995-08-31,164050,0,0,0,1,0,0,1,1,0,28
1995-09-30,164050,3,0,1,0,3,1,1,1,1,19
1995-10-31,164050,17,0,4,2,1,0,0,0,0,7
1995-11-30,164050,1,1,0,1,8,1,2,2,4,10
1995-12-31,164050,3,0,1,3,3,3,5,1,0,12
1996-01-31,164050,1,1,3,4,9,2,2,2,0,7
1996-02-29,164050,0,2,0,3,2,3,1,4,1,13
1996-03-31,164050,3,1,1,5,1,1,2,3,0,14
1996-04-30,164050,2,1,1,5,3,2,0,1,0,15
1996-05-31,164050,12,2,1,0,2,0,3,1,1,9
1996-06-30,164050,7,2,2,1,0,1,0,0,1,16
1996-07-31,164050,6,0,1,0,0,0,0,1,1,22
1996-08-31,164050,0,0,0,0,0,0,0,0,0,31
1996-09-30,164050,1,1,0,1,2,2,2,3,1,17
1996-10-31,164050,5,1,0,0,4,2,1,1,3,14
1996-11-30,164050,8,2,0,0,6,2,8,3,0,1
1996-12-31,164050,1,1,0,1,4,7,3,0,2,12
1997-01-31,164050,9,2,1,3,6,3,2,1,0,4
1997-02-28,164050,12,0,1,0,1,0,4,2,6,2
1997-03-31,164050,5,7,1,2,0,0,2,2,3,9
1997-04-30,164050,4,1,1,5,1,1,0,4,1,12
1997-05-31,164050,10,2,2,8,1,3,2,0,0,3
1997-06-30,164050,4,0,0,1,5,0,0,0,1,19
1997-07-31,164050,2,0,0,3,0,0,1,1,2,22
1997-08-31,164050,2,0,0,0,0,0,0,1,1,27
1997-09-30,164050,4,1,1,1,0,0,0,0,0,23
1997-10-31,164050,2,1,0,0,3,1,2,0,1,21
1997-11-30,164050,0,0,0,0,7,3,3,1,2,14
1997-12-31,164050,2,0,0,0,6,2,6,2,2,11
1998-01-31,164050,6,1,0,1,4,1,3,2,1,12
1998-02-28,164050,10,3,0,0,1,0,0,2,4,8
1998-03-31,164050,7,4,1,2,2,0,3,1,5,6
1998-04-30,164050,8,1,0,2,4,4,4,0,1,6
1998-05-31,164050,7,1,0,3,2,0,2,0,0,16
1998-06-30,164050,7,1,0,1,4,0,0,2,0,15
1998-07-31,164050,7,0,0,0,0,0,0,1,2,21
1998-08-31,164050,2,0,0,0,0,0,0,0,0,29
1998-09-30,164050,2,2,0,1,3,1,3,0,0,18
1998-10-31,164050,5,0,2,0,3,1,2,6,3,9
1998-11-30,164050,0,2,0,1,0,3,3,2,2,17
1998-12-31,164050,9,3,0,2,2,0,4,2,4,5
1999-01-31,164050,10,1,1,2,1,2,3,5,2,4
1999-02-28,164050,5,1,0,2,0,2,6,6,0,6
1999-03-31,164050,5,0,0,4,4,2,3,1,5,7
1999-04-30,164050,5,0,0,0,5,2,5,1,2,10
1999-05-31,164050,10,0,0,4,2,1,0,1,0,13
1999-06-30,164050,2,0,1,2,0,0,0,2,0,23
1999-07-31,164050,1,1,0,0,0,0,0,0,1,28
1999-08-31,164050,3,0,1,0,0,0,0,0,0,27
1999-09-30,164050,5,0,0,1,3,0,0,0,0,21
1999-10-31,164050,12,1,1,0,4,3,0,0,0,10
1999-11-30,164050,2,0,2,5,0,0,2,3,0,16
1999-12-31,164050,5,4,0,1,1,2,9,3,2,4
2000-01-31,164050,13,1,2,2,0,0,2,3,2,6
2000-02-29,164050,11,2,0,0,0,0,2,6,7,1
2000-03-31,164050,13,1,0,0,2,1,2,3,2,7
2000-04-30,164050,5,0,0,0,5,2,4,3,2,9
2000-05-31,164050,1,0,0,3,5,0,0,0,0,22
2000-06-30,164050,5,1,1,1,0,0,0,0,0,22
2000-07-31,164050,4,0,0,1,4,0,1,1,4,16
2000-08-31,164050,3,1,0,1,1,0,0,0,0,25
2000-09-30,164050,5,0,1,0,5,1,0,0,0,18
2000-10-31,164050,6,0,0,5,5,3,0,2,0,10
2000-11-30,164050,4,0,0,0,4,10,3,1,1,7
2000-12-31,164050,11,0,1,3,1,4,6,2,1,2
2001-01-31,164050,3,0,2,0,2,7,9,0,2,6
2001-02-28,164050,4,3,0,2,0,5,5,3,2,4
2001-03-31,164050,4,0,0,0,2,7,6,2,0,10
2001-04-30,164050,6,2,1,0,0,1,1,7,0,12
2001-05-31,164050,4,0,0,4,4,0,0,2,2,15
2001-06-30,164050,3,0,1,0,2,1,1,0,4,18
2001-07-31,164050,3,0,0,0,3,0,0,1,1,23
2001-08-31,164050,1,1,0,0,0,0,0,0,1,28
2001-09-30,164050,4,0,1,3,1,1,1,2,0,17
2001-10-31,164050,17,1,0,0,1,1,0,0,1,10
2001-11-30,164050,2,3,1,3,2,0,1,3,3,12
2001-12-31,164050,5,4,3,0,0,0,5,2,3,9
2002-01-31,164050,17,3,0,0,0,2,1,2,1,5
2002-02-28,164050,9,1,0,1,1,2,4,4,2,4
2002-03-31,164050,5,0,3,2,5,2,0,4,6,4
2002-04-30,164050,5,1,0,1,5,1,1,2,3,11
2002-05-31,164050,6,1,0,4,4,0,0,2,0,14
2002-06-30,164050,4,0,0,0,2,1,0,1,0,22
2002-07-31,164050,4,0,0,1,1,0,0,1,3,21
2002-08-31,164050,0,0,0,0,0,0,0,3,0,28
2002-09-30,164050,0,3,0,1,0,1,0,0,0,25
2002-10-31,164050,11,0,0,0,3,3,1,4,0,9
2002-11-30,164050,2,0,0,0,6,5,2,2,0,13
2002-12-31,164050,7,1,0,0,1,2,3,1,0,16
2003-01-31,164050,3,1,1,0,1,3,8,3,0,11
2003-02-28,164050,2,1,6,4,0,0,1,3,2,9
2003-03-31,164050,12,3,3,2,1,0,2,0,2,6
2003-04-30,164050,5,0,2,4,6,0,0,0,3,10
2003-05-31,164050,2,2,0,8,2,0,0,0,5,12
2003-06-30,164050,2,2,2,3,1,0,0,0,0,20
2003-07-31,164050,0,0,0,0,0,0,0,0,0,31
2003-08-31,164050,2,1,0,0,0,1,0,0,0,27
2003-09-30,164050,9,0,5,0,0,0,0,1,1,14
2003-10-31,164050,3,0,1,4,1,5,3,1,0,13
2003-11-30,164050,4,3,1,4,8,2,2,1,1,4
2003-12-31,164050,3,2,1,3,6,2,0,1,4,9
2004-01-31,164050,4,1,0,0,0,2,5,6,3,10
2004-02-29,164050,9,0,0,0,4,1,6,1,3,5
2004-03-31,164050,6,2,1,7,2,2,3,1,0,7
2004-04-30,164050,3,1,0,0,4,0,5,2,1,14
2004-05-31,164050,5,1,4,1,2,0,3,1,2,12
2004-06-30,164050,8,0,0,0,0,0,0,2,0,20
2004-07-31,164050,1,0,0,0,0,0,0,0,2,28
2004-08-31,164050,4,1,0,0,1,0,0,1,0,24
2004-09-30,164050,10,1,2,0,0,0,1,1,1,14
2004-10-31,164050,9,0,0,0,4,0,1,0,0,17
2004-11-30,164050,7,0,1,3,0,3,0,2,3,11
2004-12-31,164050,4,0,0,6,5,3,1,3,1,8
2005-01-31,164050,7,3,0,0,0,0,1,5,6,9
2005-02-28,164050,2,1,1,3,1,1,7,1,2,9
2005-03-31,164050,4,0,2,1,3,4,1,4,2,10
2005-04-30,164050,6,2,0,4,4,1,5,1,0,7
2005-05-31,164050,5,1,0,3,1,0,1,2,4,14
2005-06-30,164050,3,1,1,2,2,0,0,0,0,21
2005-07-31,164050,2,0,0,0,0,0,0,0,2,27
2005-08-31,164050,1,0,1,0,1,0,1,0,2,25
2005-09-30,164050,5,0,0,1,3,1,0,0,2,18
2005-10-31,164050,9,0,1,3,3,0,0,0,1,14
2005-11-30,164050,11,1,0,1,3,2,4,0,0,8
2005-12-31,164050,8,0,0,0,0,2,7,3,2,9
2006-01-31,164050,7,5,2,4,3,0,2,0,0,8
2006-02-28,164050,4,2,0,1,0,4,4,3,1,9
2006-03-31,164050,6,0,0,2,1,1,5,2,3,11
2006-04-30,164050,5,0,0,4,3,2,1,3,3,9
2006-05-31,164050,9,2,3,3,0,0,0,1,0,13
2006-06-30,164050,7,1,4,0,4,0,0,1,1,12
2006-07-31,164050,2,0,0,0,0,0,0,0,0,29
2006-08-31,164050,1,0,0,4,0,0,1,0,0,25
2006-09-30,164050,8,1,0,3,2,0,0,0,0,16
2006-10-31,164050,5,3,1,2,4,3,0,0,1,12
2006-11-30,164050,15,1,2,0,2,2,4,1,0,3
2006-12-31,164050,12,1,0,5,2,3,0,1,0,7
2007-01-31,164050,13,1,0,0,0,3,4,6,2,2
2007-02-28,164050,3,2,0,1,1,3,5,4,3,6
2007-03-31,164050,7,0,3,1,3,0,5,2,0,10
2007-04-30,164050,8,0,4,11,1,0,0,0,0,6
2007-05-31,164050,3,0,0,0,2,0,2,2,2,20
2007-06-30,164050,7,3,1,2,1,0,0,0,1,15
2007-07-31,164050,5,0,1,1,0,0,0,1,5,18
2007-08-31,164050,3,0,3,1,1,1,0,0,0,22
2007-09-30,164050,7,0,0,3,0,2,0,0,1,17
2007-10-31,164050,5,1,4,4,1,0,0,0,0,16
2007-11-30,164050,2,1,1,2,6,0,3,4,0,11
2007-12-31,164050,3,0,3,2,3,0,4,2,4,10
2008-01-31,164050,10,4,0,0,3,5,1,3,3,2
2008-02-29,164050,15,5,1,1,2,2,1,0,2,0
2008-03-31,164050,1,0,0,0,0,3,10,4,1,12
2008-04-30,164050,4,0,0,0,2,5,2,3,4,10
2008-05-31,164050,3,1,2,8,4,0,1,0,0,12
2008-06-30,164050,3,1,2,1,2,0,0,0,0,21
2008-07-31,164050,3,1,0,0,0,0,0,1,1,25
2008-08-31,164050,0,0,0,0,1,0,0,0,0,30
2008-09-30,164050,1,2,0,1,2,0,0,2,0,22
2008-10-31,164050,11,0,3,2,2,2,2,1,0,8
2008-11-30,164050,6,0,0,1,4,3,2,2,0,12
2008-12-31,164050,3,1,2,1,3,3,2,1,2,13
2009-01-31,164050,2,0,2,1,1,4,3,2,0,16
2009-02-28,164050,4,1,0,0,2,3,3,4,7,4
2009-03-31,164050,2,1,1,1,5,2,2,7,3,7
2009-04-30,164050,3,0,0,1,3,0,2,2,1,18
2009-05-31,164050,8,1,0,3,2,0,0,0,1,16
2009-06-30,164050,6,0,0,0,2,0,0,2,1,19
2009-07-31,164050,6,1,0,0,0,0,0,0,2,22
2009-08-31,164050,0,0,0,0,0,0,0,0,0,31
2009-09-30,164050,0,5,0,2,2,0,0,0,0,21
2009-10-31,164050,4,4,0,0,3,0,0,1,1,18
2009-11-30,164050,12,0,0,0,1,6,3,3,0,5
2009-12-31,164050,1,0,0,0,1,4,9,5,4,7
2010-01-31,164050,3,1,0,3,2,1,8,3,1,9
2010-02-28,164050,2,0,0,0,3,6,5,2,1,9
2010-03-31,164050,7,2,2,0,4,3,0,2,0,11
2010-04-30,164050,10,2,2,3,4,0,0,2,1,6
2010-05-31,164050,4,1,0,1,2,0,1,4,2,16
2010-06-30,164050,0,0,0,1,3,0,1,2,2,21
2010-07-31,164050,1,0,0,0,0,0,0,0,3,27
2010-08-31,164050,6,1,0,0,0,0,0,1,1,22
2010-09-30,164050,1,0,0,1,3,0,1,0,2,22
2010-10-31,164050,3,0,0,3,6,0,0,1,2,16
2010-11-30,164050,3,0,2,0,2,8,8,3,0,4
2010-12-31,164050,4,1,0,0,4,5,5,2,2,8
2011-01-31,164050,5,1,1,1,1,3,1,2,1,15
2011-02-28,164050,6,3,0,0,1,1,1,0,4,12
2011-03-31,164050,7,2,3,1,5,0,1,2,2,8
2011-04-30,164050,1,2,1,4,4,0,0,2,4,12
2011-05-31,164050,2,4,1,2,1,0,0,1,2,18
2011-06-30,164050,2,3,1,1,0,0,0,1,2,20
2011-07-31,164050,4,0,0,0,0,0,0,1,0,26
2011-08-31,164050,0,2,0,0,0,0,0,0,0,29
2011-09-30,164050,2,2,1,0,0,0,0,0,3,22
2011-10-31,164050,7,3,0,5,3,1,1,0,3,8
2011-11-30,164050,5,2,2,5,9,0,0,0,0,7
2011-12-31,164050,4,1,1,0,0,3,7,7,2,6
2012-01-31,164050,4,0,2,2,0,0,3,5,7,8
2012-02-29,164050,3,1,1,0,0,0,0,3,4,17
2012-03-31,164050,10,1,2,4,0,2,0,3,3,6
2012-04-30,164050,4,0,0,4,3,2,6,3,1,7
2012-05-31,164050,12,2,0,1,1,0,1,2,2,10
2012-06-30,164050,5,0,2,0,3,0,0,0,0,20
2012-07-31,164050,3,2,0,0,0,0,0,0,1,25
2012-08-31,164050,0,3,0,0,0,0,0,0,0,28
2012-09-30,164050,2,0,0,0,4,0,0,0,0,24
2012-10-31,164050,4,0,0,3,2,2,0,1,0,19
2012-11-30,164050,8,0,2,3,5,3,3,0,0,6
2012-12-31,164050,2,0,0,0,2,3,3,10,5,6
2013-01-31,164050,3,0,1,0,1,5,5,4,5,7
2013-02-28,164050,1,0,0,2,0,2,3,3,1,16
2013-03-31,164050,2,0,0,2,5,1,7,1,1,12
2013-04-30,164050,6,0,3,6,3,2,3,0,1,6
2013-05-31,164050,4,0,0,4,2,0,2,2,1,16
2013-06-30,164050,2,2,2,2,0,0,0,1,4,17
2013-07-31,164050,4,2,0,0,0,0,0,0,1,24
2013-08-31,164050,1,1,1,0,0,0,0,0,1,27
2013-09-30,164050,4,0,2,0,0,0,1,0,0,23
2013-10-31,164050,6,0,0,2,7,2,0,2,0,12
2013-11-30,164050,4,0,0,1,1,1,4,1,0,18
2013-12-31,164050,13,3,1,3,1,2,0,1,1,6
2014-01-31,164050,8,1,0,1,2,6,6,0,1,6
2014-02-28,164050,3,0,0,0,3,5,4,4,0,9
2014-03-31,164050,6,4,1,5,0,1,2,1,1,10
2014-04-30,164050,3,0,1,0,2,2,2,5,4,11
2014-05-31,164050,4,0,1,5,1,0,0,2,1,17
2014-06-30,164050,3,1,1,2,2,0,0,0,0,21
2014-07-31,164050,2,0,0,2,0,0,0,1,0,26
2014-08-31,164050,5,0,0,0,1,0,0,0,0,25
2014-09-30,164050,1,1,1,1,2,0,0,0,0,24
2014-10-31,164050,6,1,3,0,1,0,1,2,0,17
2014-11-30,164050,7,0,0,0,9,2,1,1,0,10
2014-12-31,164050,7,1,0,0,2,1,2,0,2,16
2015-01-31,164050,5,1,0,0,0,4,1,6,4,10
2015-02-28,164050,4,0,2,1,1,3,2,0,2,13
2015-03-31,164050,4,3,0,6,3,0,1,5,2,7
2015-04-30,164050,8,3,2,0,3,1,0,2,2,9
2015-05-31,164050,4,2,0,1,2,1,1,0,4,16
2015-06-30,164050,6,1,2,1,2,1,0,0,1,16
2015-07-31,164050,4,0,1,1,0,0,0,0,0,25
2015-08-31,164050,1,0,0,0,1,0,0,0,0,29
2015-09-30,164050,0,0,0,2,5,0,0,0,3,20
2015-10-31,164050,4,2,1,2,3,0,0,2,1,16
2015-11-30,164050,15,0,1,1,0,0,3,3,1,6
2015-12-31,164050,25,2,0,0,0,0,0,1,2,1
2016-01-31,164050,10,0,0,0,0,2,10,4,2,3
2016-02-29,164050,6,0,0,0,2,3,7,3,3,5
2016-03-31,164050,1,0,1,0,5,2,1,6,1,14
2016-04-30,164050,6,0,3,5,4,0,1,4,0,7
2016-05-31,164050,4,0,0,3,3,0,4,2,3,12
2016-06-30,164050,6,1,1,0,2,0,1,0,1,18
2016-07-31,164050,2,2,0,0,0,0,0,0,3,24
2016-08-31,164050,1,5,1,0,0,0,0,0,1,23
2016-09-30,164050,4,0,2,2,0,0,0,0,0,22
2016-10-31,164050,5,2,0,0,4,1,0,0,0,19
2016-11-30,164050,4,2,0,5,6,3,2,2,0,6
2016-12-31,164050,11,3,1,7,3,0,0,2,3,1
2017-01-31,164050,6,0,0,3,2,0,2,2,2,14
2017-02-28,164050,10,1,1,1,5,1,3,0,0,6
2017-03-31,164050,4,2,2,0,3,1,3,2,7,7
2017-04-30,164050,3,3,2,0,4,1,0,1,0,16
2017-05-31,164050,5,2,0,1,2,0,0,0,2,19
2017-06-30,164050,5,0,1,0,0,1,0,0,0,23
2017-07-31,164050,5,3,0,0,0,0,0,0,4,19
2017-08-31,164050,1,0,0,0,0,0,0,0,1,29
2017-09-30,164050,9,0,0,1,1,0,2,1,0,16
2017-10-31,164050,11,3,0,0,1,0,0,4,3,9
2017-11-30,164050,7,0,0,1,1,3,2,3,1,12
2017-12-31,164050,3,3,1,0,0,4,8,4,4,4
2018-01-31,164050,7,0,1,1,5,1,3,7,1,5
2018-02-28,164050,2,0,0,0,3,2,2,3,1,15
2018-03-31,164050,2,0,0,0,3,4,11,3,0,8
2018-04-30,164050,8,2,3,5,4,0,0,2,1,5
2018-05-31,164050,4,0,4,3,0,0,0,0,0,20
2018-06-30,164050,4,0,1,0,0,0,0,1,3,21
2018-07-31,164050,0,0,0,0,0,0,0,0,1,30
2018-08-31,164050,0,0,0,0,0,0,1,1,0,29
2018-09-30,164050,6,2,2,0,0,0,0,0,0,20
2018-10-31,164050,1,1,1,9,3,4,1,0,1,10
2018-11-30,164050,6,1,2,0,7,0,3,0,1,10
2018-12-31,164050,9,2,0,0,0,0,0,9,3,8
2019-01-31,164050,1,0,0,0,0,2,5,2,7,14
2019-02-28,164050,7,9,0,0,0,2,1,2,3,4
2019-03-31,164050,3,4,3,0,1,2,3,7,2,6
2019-04-30,164050,2,0,0,6,3,1,3,3,2,10
2019-05-31,164050,8,1,0,2,2,1,1,2,0,14
2019-06-30,164050,2,0,0,0,2,0,0,0,1,25
2019-07-31,164050,3,1,0,0,0,0,0,0,0,27
2019-08-31,164050,2,0,0,1,0,0,0,0,2,26
2019-09-30,164050,2,1,3,2,1,0,0,0,1,20
2019-10-31,164050,5,1,1,3,3,0,0,0,1,17
2019-11-30,164050,0,0,0,0,3,8,7,2,0,10
2019-12-31,164050,4,4,0,3,6,2,3,6,1,2
2020-01-31,164050,10,3,0,2,4,1,2,2,3,4
2020-02-29,164050,12,1,0,0,0,0,3,10,3,0
2020-03-31,164050,2,0,5,4,0,2,2,1,2,13
2020-04-30,164050,12,1,2,1,2,1,1,1,1,8
2020-05-31,164050,7,2,2,2,4,0,1,3,1,9
2020-06-30,164050,6,0,0,0,1,0,1,0,4,18
2020-07-31,164050,1,0,0,0,0,0,0,0,5,25
2020-08-31,164050,0,0,0,0,2,0,0,0,0,29
2020-09-30,164050,1,2,2,0,0,1,1,1,0,22
2020-10-31,164050,10,0,0,0,4,3,0,4,2,8
2020-11-30,164050,17,2,4,0,2,1,0,0,0,4
2020-12-31,164050,4,0,0,3,2,4,6,1,2,9
2021-01-31,164050,1,0,0,0,0,8,7,5,4,6
2021-02-28,164050,11,2,0,1,4,2,4,1,0,3
2021-03-31,164050,11,0,2,5,0,0,1,3,2,7
2021-04-30,164050,6,1,2,2,4,0,1,1,0,13
2021-05-31,164050,8,1,0,0,3,1,1,2,3,12
2021-06-30,164050,2,0,0,3,1,0,0,0,0,24
2021-07-31,164050,1,0,0,0,2,0,0,0,3,25
2021-08-31,164050,0,0,0,0,0,0,0,0,1,30
2021-09-30,164050,3,0,1,1,2,0,0,0,0,23
2021-10-31,164050,3,2,3,1,3,1,0,0,2,16
2021-11-30,164050,1,0,0,4,2,3,5,1,1,13
2021-12-31,164050,5,2,0,0,0,4,6,5,6,3
1981-01-31,77650,0,11,3,1,1,0,0,5,8,2
1981-02-28,77650,2,3,4,3,2,0,1,1,4,8
1981-03-31,77650,8,0,0,0,4,2,5,4,3,5
1981-04-30,77650,7,0,1,5,1,1,0,1,0,14
1981-05-31,77650,10,0,0,1,4,0,2,3,1,10
1981-06-30,77650,8,6,2,0,3,0,0,0,1,10
1981-07-31,77650,7,4,1,1,3,0,0,0,4,11
1981-08-31,77650,2,2,4,2,0,0,0,0,0,21
1981-09-30,77650,7,0,2,0,2,4,0,0,1,14
1981-10-31,77650,6,1,0,0,3,3,4,4,1,9
1981-11-30,77650,14,5,4,0,0,0,0,2,4,1
1981-12-31,77650,0,2,0,0,3,3,7,3,3,10
1982-01-31,77650,5,4,0,7,0,1,1,3,4,6
1982-02-28,77650,6,2,5,6,2,0,0,0,0,7
1982-03-31,77650,6,5,1,2,2,2,0,5,2,6
1982-04-30,77650,2,7,5,1,1,0,0,1,1,12
1982-05-31,77650,10,1,3,3,2,1,0,0,1,10
1982-06-30,77650,5,2,0,5,0,0,1,1,2,14
1982-07-31,77650,3,1,0,4,3,0,0,0,2,18
1982-08-31,77650,9,4,1,1,2,0,0,0,0,14
1982-09-30,77650,4,1,3,6,5,2,0,0,1,8
1982-10-31,77650,3,1,3,5,2,2,3,2,1,9
1982-11-30,77650,6,1,1,2,5,3,1,1,3,7
1982-12-31,77650,3,5,3,0,0,2,7,2,2,7
1983-01-31,77650,13,5,0,0,0,0,0,8,5,0
1983-02-28,77650,3,2,2,3,3,1,0,3,1,10
1983-03-31,77650,8,5,1,0,4,1,0,4,3,5
1983-04-30,77650,4,1,0,0,2,9,5,4,2,3
1983-05-31,77650,4,0,0,0,5,2,2,4,2,12
1983-06-30,77650,6,5,0,3,3,0,0,0,1,12
1983-07-31,77650,1,1,0,1,6,0,0,0,0,22
1983-08-31,77650,1,2,1,3,1,0,0,0,2,21
1983-09-30,77650,9,3,3,2,2,1,0,0,3,7
1983-10-31,77650,10,4,5,1,1,1,0,0,2,7
1983-11-30,77650,3,3,5,8,0,0,2,1,1,7
1983-12-31,77650,5,6,4,2,2,4,2,3,0,3
1984-01-31,77650,6,4,0,0,2,1,6,2,5,5
1984-02-29,77650,1,2,7,1,1,0,0,3,2,12
1984-03-31,77650,0,7,3,4,2,4,2,3,1,5
1984-04-30,77650,7,10,1,4,0,1,0,0,0,7
1984-05-31,77650,2,0,2,0,2,5,4,2,0,14
1984-06-30,77650,9,1,0,2,2,2,1,2,2,9
1984-07-31,77650,4,7,1,0,6,0,0,0,0,13
1984-08-31,77650,6,0,0,2,3,0,0,0,2,18
1984-09-30,77650,12,1,0,0,2,0,1,2,4,8
1984-10-31,77650,9,5,3,1,0,5,2,0,1,5
1984-11-30,77650,2,1,0,5,7,2,3,1,1,8
1984-12-31,77650,7,6,5,0,2,2,0,0,1,8
1985-01-31,77650,1,5,4,1,0,4,1,1,7,7
1985-02-28,77650,5,1,5,4,0,3,0,0,2,8
1985-03-31,77650,5,0,7,0,3,0,4,1,2,9
1985-04-30,77650,5,5,0,1,1,3,2,5,3,5
1985-05-31,77650,8,0,0,0,0,0,2,1,2,18
1985-06-30,77650,14,2,0,1,0,1,0,0,3,9
1985-07-31,77650,8,3,1,2,1,1,0,0,0,15
1985-08-31,77650,9,5,1,2,0,0,0,0,4,10
1985-09-30,77650,11,4,2,5,0,0,0,0,0,8
1985-10-31,77650,4,2,8,6,4,0,0,0,1,6
1985-11-30,77650,3,3,1,2,0,2,1,1,3,14
1985-12-31,77650,7,7,0,0,1,6,1,0,3,6
1986-01-31,77650,2,1,0,0,3,2,4,5,8,6
1986-02-28,77650,0,4,0,4,1,1,1,0,0,17
1986-03-31,77650,7,2,2,3,1,0,1,6,1,8
1986-04-30,77650,2,3,1,1,4,6,1,4,3,5
1986-05-31,77650,5,5,1,2,0,0,0,0,2,16
1986-06-30,77650,5,5,1,3,0,0,0,0,3,13
1986-07-31,77650,7,6,1,0,0,2,0,0,1,14
1986-08-31,77650,4,1,1,2,2,2,0,0,1,18
1986-09-30,77650,5,5,7,1,2,0,0,0,0,10
1986-10-31,77650,6,5,0,7,1,1,0,4,2,5
1986-11-30,77650,7,8,4,2,5,0,1,0,0,3
1986-12-31,77650,7,3,2,1,1,1,1,9,4,2
1987-01-31,77650,1,6,5,1,0,0,2,4,2,10
1987-02-28,77650,2,3,1,3,4,3,0,0,3,9
1987-03-31,77650,4,5,5,6,0,1,3,2,3,2
1987-04-30,77650,11,3,2,1,2,5,1,0,5,0
1987-05-31,77650,7,2,0,0,1,1,0,2,6,12
1987-06-30,77650,9,2,3,0,2,2,0,2,3,7
1987-07-31,77650,6,0,1,3,1,1,0,0,2,17
1987-08-31,77650,4,1,2,3,2,0,1,0,2,16
1987-09-30,77650,11,1,4,1,0,1,0,0,0,12
1987-10-31,77650,1,0,1,4,9,4,1,1,0,10
1987-11-30,77650,4,2,4,0,2,0,2,0,5,11
1987-12-31,77650,9,2,1,5,2,1,1,1,1,8
1988-01-31,77650,2,2,1,3,5,5,5,5,1,2
1988-02-29,77650,3,4,2,2,0,3,3,6,3,3
1988-03-31,77650,3,4,0,0,0,4,2,6,10,2
1988-04-30,77650,5,1,1,3,2,1,0,1,1,15
1988-05-31,77650,2,2,1,5,2,4,0,0,1,14
1988-06-30,77650,6,0,0,0,1,0,0,0,3,20
1988-07-31,77650,11,5,2,0,1,3,1,0,0,8
1988-08-31,77650,8,2,3,2,1,0,0,0,2,13
1988-09-30,77650,13,5,3,2,0,1,0,1,0,5
1988-10-31,77650,4,1,2,5,7,2,1,0,1,8
1988-11-30,77650,9,5,5,5,1,0,1,1,1,2
1988-12-31,77650,6,12,2,0,0,0,0,6,3,2
1989-01-31,77650,13,2,8,4,1,0,0,0,2,1
1989-02-28,77650,14,1,1,1,0,3,4,0,3,1
1989-03-31,77650,8,3,3,0,3,2,4,0,6,2
1989-04-30,77650,2,2,0,0,6,1,6,1,3,9
1989-05-31,77650,7,3,1,6,0,0,0,0,2,12
1989-06-30,77650,5,1,1,0,0,0,0,2,2,19
1989-07-31,77650,4,4,0,3,1,0,0,0,0,19
1989-08-31,77650,6,2,1,1,1,0,0,0,2,18
1989-09-30,77650,4,6,3,6,2,0,0,0,0,9
1989-10-31,77650,16,5,0,1,1,1,1,0,3,3
1989-11-30,77650,4,0,4,5,4,2,2,0,1,8
1989-12-31,77650,2,0,5,9,0,8,3,0,1,3
1990-01-31,77650,11,2,4,5,0,4,4,0,0,1
1990-02-28,77650,11,1,1,0,0,3,4,6,1,1
1990-03-31,77650,16,4,3,1,0,1,0,2,2,2
1990-04-30,77650,4,1,0,4,1,1,1,2,6,10
1990-05-31,77650,10,1,1,2,1,0,0,0,1,15
1990-06-30,77650,9,0,2,0,2,0,0,1,2,14
1990-07-31,77650,6,3,4,0,0,0,0,0,2,16
1990-08-31,77650,10,4,5,1,0,0,0,0,0,11
1990-09-30,77650,6,3,2,1,0,1,1,3,0,13
1990-10-31,77650,1,1,3,4,8,3,3,0,0,8
1990-11-30,77650,1,5,4,3,0,3,2,3,3,6
1990-12-31,77650,4,6,6,2,0,2,1,0,2,8
1991-01-31,77650,6,0,9,4,0,3,4,0,2,3
1991-02-28,77650,4,1,2,6,1,2,1,1,3,7
1991-03-31,77650,1,1,4,3,7,2,0,1,2,10
1991-04-30,77650,4,4,0,3,0,0,1,2,3,13
1991-05-31,77650,7,2,2,1,0,0,0,2,7,10
1991-06-30,77650,14,2,0,0,0,0,1,1,3,9
1991-07-31,77650,5,3,0,2,0,0,0,0,2,19
1991-08-31,77650,4,1,4,4,1,0,0,0,2,15
1991-09-30,77650,4,0,0,2,3,3,0,1,0,17
1991-10-31,77650,3,4,6,2,4,3,0,1,0,8
1991-11-30,77650,5,2,1,3,0,5,3,1,4,6
1991-12-31,77650,5,9,6,4,0,0,0,1,6,0
1992-01-31,77650,10,3,9,4,0,2,0,0,0,3
1992-02-29,77650,13,0,5,1,1,2,1,2,4,0
1992-03-31,77650,10,1,3,1,1,2,0,4,5,4
1992-04-30,77650,6,7,1,0,1,1,5,0,3,6
1992-05-31,77650,6,3,3,5,1,2,0,2,1,8
1992-06-30,77650,3,0,0,2,1,0,0,1,1,22
1992-07-31,77650,8,0,2,4,1,0,0,1,0,15
1992-08-31,77650,14,0,1,2,2,0,2,0,0,10
1992-09-30,77650,8,0,2,1,4,1,0,0,3,11
1992-10-31,77650,0,0,0,2,2,1,4,5,1,16
1992-11-30,77650,7,2,2,1,1,1,5,4,4,3
1992-12-31,77650,5,3,5,6,3,2,2,1,1,3
1993-01-31,77650,14,1,5,2,0,1,2,0,4,2
1993-02-28,77650,3,8,4,10,0,0,0,0,2,1
1993-03-31,77650,15,6,2,1,1,0,0,0,1,5
1993-04-30,77650,3,1,0,1,4,4,1,2,3,11
1993-05-31,77650,8,1,3,2,2,2,0,2,0,11
1993-06-30,77650,3,2,2,3,1,0,0,1,4,14
1993-07-31,77650,11,5,0,3,2,1,0,0,3,6
1993-08-31,77650,2,3,1,3,0,0,0,0,2,20
1993-09-30,77650,4,1,2,4,4,4,2,1,1,7
1993-10-31,77650,1,1,3,6,2,9,1,1,0,7
1993-11-30,77650,5,2,6,4,2,0,1,0,1,9
1993-12-31,77650,7,2,1,0,0,2,5,9,1,4
1994-01-31,77650,4,4,3,0,1,2,3,3,6,5
1994-02-28,77650,2,5,1,2,4,4,1,1,1,7
1994-03-31,77650,14,4,0,0,0,2,1,2,4,4
1994-04-30,77650,2,2,2,0,0,1,3,4,5,11
1994-05-31,77650,2,1,1,1,3,2,1,2,2,16
1994-06-30,77650,6,7,0,0,2,2,0,1,1,11
1994-07-31,77650,0,4,4,2,0,0,0,0,0,21
1994-08-31,77650,6,0,2,2,2,1,0,0,3,15
1994-09-30,77650,5,3,1,1,8,2,1,0,1,8
1994-10-31,77650,6,0,4,6,3,0,2,1,0,9
1994-11-30,77650,11,3,1,0,4,2,0,1,3,5
1994-12-31,77650,9,1,1,1,2,1,5,1,4,6
1995-01-31,77650,1,9,2,0,0,3,8,4,3,1
1995-02-28,77650,11,2,0,0,0,1,4,6,2,2
1995-03-31,77650,3,4,1,3,1,1,2,7,4,5
1995-04-30,77650,5,2,3,1,1,1,3,1,6,7
1995-05-31,77650,9,2,1,0,1,1,2,1,3,11
1995-06-30,77650,10,2,1,1,0,0,0,0,1,15
1995-07-31,77650,6,3,1,2,0,0,0,0,0,19
1995-08-31,77650,1,3,1,3,0,0,0,0,4,19
1995-09-30,77650,6,1,1,0,1,1,2,1,2,15
1995-10-31,77650,10,0,3,7,5,1,0,0,0,5
1995-11-30,77650,0,5,1,4,7,1,1,1,5,5
1995-12-31,77650,1,0,2,6,2,1,3,0,1,15
1996-01-31,77650,0,1,2,7,11,1,0,0,0,9
1996-02-29,77650,1,6,1,2,3,0,1,2,3,10
1996-03-31,77650,2,2,2,5,2,0,0,0,2,16
1996-04-30,77650,5,2,2,0,2,1,0,0,1,17
1996-05-31,77650,8,0,1,0,0,4,2,2,3,11
1996-06-30,77650,15,4,3,0,0,1,0,0,1,6
1996-07-31,77650,8,3,3,1,0,1,0,0,2,13
1996-08-31,77650,5,3,1,1,0,0,0,0,0,21
1996-09-30,77650,3,3,3,2,1,1,0,2,2,13
1996-10-31,77650,6,6,0,2,2,1,1,1,3,9
1996-11-30,77650,4,0,0,1,3,3,3,3,4,9
1996-12-31,77650,2,1,3,4,5,5,0,0,1,10
1997-01-31,77650,8,1,5,2,7,0,0,0,0,8
1997-02-28,77650,13,3,0,0,0,1,3,5,2,1
1997-03-31,77650,8,9,4,0,0,0,0,2,4,4
1997-04-30,77650,7,3,3,4,0,0,2,1,4,6
1997-05-31,77650,7,1,3,5,1,1,4,2,1,6
1997-06-30,77650,1,1,0,3,2,2,0,2,2,17
1997-07-31,77650,5,1,0,1,1,0,0,0,6,17
1997-08-31,77650,7,1,3,3,1,1,1,0,1,13
1997-09-30,77650,3,1,8,2,0,0,0,0,0,16
1997-10-31,77650,2,3,4,4,3,2,0,3,1,9
1997-11-30,77650,0,2,2,0,5,4,3,0,0,14
1997-12-31,77650,4,3,3,1,5,0,2,2,4,7
1998-01-31,77650,5,2,5,4,2,2,4,3,3,1
1998-02-28,77650,11,6,3,1,0,1,1,2,1,2
1998-03-31,77650,5,12,3,1,1,1,1,2,1,4
1998-04-30,77650,4,1,1,1,1,7,10,3,0,2
1998-05-31,77650,7,1,5,2,1,1,0,0,2,12
1998-06-30,77650,11,1,1,2,3,1,0,1,3,7
1998-07-31,77650,7,2,0,1,1,0,0,0,5,15
1998-08-31,77650,2,5,2,0,1,0,0,0,2,19
1998-09-30,77650,1,0,4,2,6,2,1,6,1,7
1998-10-31,77650,8,2,0,0,1,2,2,4,5,7
1998-11-30,77650,1,9,5,0,0,1,3,2,2,7
1998-12-31,77650,8,5,2,2,3,1,1,1,3,5
1999-01-31,77650,13,2,1,0,2,0,0,7,3,3
1999-02-28,77650,4,5,1,1,0,0,2,6,7,2
1999-03-31,77650,3,4,2,2,4,6,2,1,1,6
1999-04-30,77650,3,2,0,0,2,2,2,5,4,10
1999-05-31,77650,6,0,0,3,5,0,0,2,1,14
1999-06-30,77650,6,2,2,0,1,0,0,0,3,16
1999-07-31,77650,4,8,2,2,2,0,0,0,1,12
1999-08-31,77650,4,1,2,3,2,1,0,0,0,18
1999-09-30,77650,5,0,4,1,6,1,2,0,0,11
1999-10-31,77650,13,2,0,1,3,4,0,0,2,6
1999-11-30,77650,6,5,2,3,1,0,0,2,1,10
1999-12-31,77650,6,6,1,1,0,2,6,3,3,3
2000-01-31,77650,10,4,6,3,0,0,0,3,2,3
2000-02-29,77650,11,4,0,0,0,1,1,8,4,0
2000-03-31,77650,9,4,1,1,0,2,3,1,4,6
2000-04-30,77650,0,0,1,1,5,4,3,3,3,10
2000-05-31,77650,9,1,0,0,6,0,0,1,1,13
2000-06-30,77650,8,5,1,3,1,0,0,0,1,11
2000-07-31,77650,7,4,3,0,3,2,0,2,3,7
2000-08-31,77650,5,0,2,1,2,0,0,0,1,20
2000-09-30,77650,5,2,3,2,2,2,0,0,2,12
2000-10-31,77650,7,6,0,3,2,5,1,0,1,6
2000-11-30,77650,3,0,0,0,3,10,5,3,2,4
2000-12-31,77650,8,1,0,3,3,6,1,3,0,6
2001-01-31,77650,1,1,3,3,3,9,5,1,0,5
2001-02-28,77650,2,8,0,2,0,4,3,1,5,3
2001-03-31,77650,2,1,0,0,1,7,11,4,0,5
2001-04-30,77650,6,6,0,0,1,2,3,1,7,4
2001-05-31,77650,5,1,1,2,0,3,0,0,1,18
2001-06-30,77650,4,5,1,0,2,0,0,0,3,15
2001-07-31,77650,7,1,3,0,3,1,0,1,1,14
2001-08-31,77650,4,3,1,4,0,0,0,0,1,18
2001-09-30,77650,12,3,0,1,2,0,1,0,7,4
2001-10-31,77650,14,0,1,2,5,1,1,0,1,6
2001-11-30,77650,3,2,4,4,0,0,0,2,4,11
2001-12-31,77650,6,5,8,1,0,0,1,4,3,3
2002-01-31,77650,15,2,1,2,0,1,4,1,1,4
2002-02-28,77650,7,2,1,1,0,1,3,4,4,5
2002-03-31,77650,4,5,2,3,3,1,1,1,3,8
2002-04-30,77650,5,4,0,3,2,0,0,1,2,13
2002-05-31,77650,6,1,0,2,2,2,0,2,3,13
2002-06-30,77650,9,0,3,1,1,1,0,2,1,12
2002-07-31,77650,9,4,1,0,0,0,0,0,2,15
2002-08-31,77650,4,0,0,0,1,0,0,2,1,23
2002-09-30,77650,0,4,4,1,2,0,0,0,1,18
2002-10-31,77650,7,2,0,1,2,4,4,2,2,7
2002-11-30,77650,0,3,0,0,3,8,2,4,3,7
2002-12-31,77650,2,1,1,2,3,3,3,1,0,15
2003-01-31,77650,3,6,3,1,0,2,3,3,3,7
2003-02-28,77650,3,2,8,4,4,0,1,0,3,3
2003-03-31,77650,13,2,4,2,0,0,2,0,1,7
2003-04-30,77650,4,3,3,3,3,6,0,0,0,8
2003-05-31,77650,7,3,0,2,2,0,0,0,4,13
2003-06-30,77650,9,3,0,1,2,0,0,0,0,15
2003-07-31,77650,2,4,2,0,3,0,1,1,1,17
2003-08-31,77650,4,2,3,0,0,2,0,0,0,20
2003-09-30,77650,6,1,7,3,2,0,0,0,2,9
2003-10-31,77650,5,1,1,7,3,4,1,4,2,3
2003-11-30,77650,6,0,5,5,7,1,0,0,0,6
2003-12-31,77650,4,5,3,5,4,2,1,0,3,4
2004-01-31,77650,5,5,0,1,0,1,4,3,5,7
2004-02-29,77650,11,2,1,2,1,0,0,2,1,9
2004-03-31,77650,7,5,1,3,4,0,0,2,1,8
2004-04-30,77650,1,5,1,1,3,0,1,6,0,12
2004-05-31,77650,6,1,4,1,2,0,2,3,1,11
2004-06-30,77650,11,6,2,0,0,0,0,0,1,10
2004-07-31,77650,4,8,1,1,3,0,0,0,3,11
2004-08-31,77650,6,0,1,0,5,2,0,0,4,13
2004-09-30,77650,5,4,4,7,2,0,0,0,4,4
2004-10-31,77650,9,0,0,2,3,8,2,1,0,6
2004-11-30,77650,7,7,6,0,0,1,0,2,2,5
2004-12-31,77650,3,4,6,4,1,2,0,5,1,5
2005-01-31,77650,11,5,2,0,0,0,1,1,6,5
2005-02-28,77650,2,6,3,4,0,0,0,4,2,7
2005-03-31,77650,9,2,1,0,1,2,0,3,4,9
2005-04-30,77650,9,2,1,2,2,2,1,4,2,5
2005-05-31,77650,8,2,1,1,1,0,0,0,5,13
2005-06-30,77650,4,3,4,2,1,0,0,0,1,15
2005-07-31,77650,4,5,0,0,3,0,0,0,3,16
2005-08-31,77650,4,6,2,1,1,0,0,0,3,14
2005-09-30,77650,8,5,1,0,4,0,0,0,0,12
2005-10-31,77650,7,0,0,5,7,3,0,0,0,9
2005-11-30,77650,9,3,4,2,3,1,2,0,1,5
2005-12-31,77650,5,3,6,0,0,3,2,2,3,7
2006-01-31,77650,2,4,8,10,2,1,0,1,0,3
2006-02-28,77650,2,4,6,0,0,3,3,1,3,6
2006-03-31,77650,3,3,0,3,1,3,3,6,3,6
2006-04-30,77650,6,3,0,3,1,1,0,0,5,11
2006-05-31,77650,11,2,0,3,1,1,1,0,5,7
2006-06-30,77650,8,3,0,2,5,0,0,0,0,12
2006-07-31,77650,5,1,2,3,0,0,0,0,0,20
2006-08-31,77650,6,3,0,0,1,1,0,2,5,13
2006-09-30,77650,6,2,2,6,4,1,0,0,0,9
2006-10-31,77650,3,2,5,3,3,8,1,0,1,5
2006-11-30,77650,12,2,3,0,1,6,1,1,3,1
2006-12-31,77650,11,1,9,2,1,3,1,1,0,2
2007-01-31,77650,9,1,2,1,0,1,4,4,5,4
2007-02-28,77650,3,0,3,1,2,1,6,4,3,5
2007-03-31,77650,5,2,5,2,0,2,1,3,3,8
2007-04-30,77650,7,0,2,10,0,0,0,0,0,11
2007-05-31,77650,3,1,2,1,2,2,1,3,7,9
2007-06-30,77650,9,0,0,0,1,1,1,0,2,16
2007-07-31,77650,12,3,1,0,2,1,0,1,3,8
2007-08-31,77650,5,2,4,1,0,0,0,0,2,17
2007-09-30,77650,5,7,4,3,1,1,0,0,0,9
2007-10-31,77650,5,6,9,6,0,0,0,0,0,5
2007-11-30,77650,0,6,7,1,4,0,0,1,3,8
2007-12-31,77650,5,5,8,4,0,0,2,3,4,0
2008-01-31,77650,11,2,0,0,3,6,2,4,2,1
2008-02-29,77650,13,1,6,3,2,1,1,0,1,1
2008-03-31,77650,1,5,0,0,1,1,2,10,2,9
2008-04-30,77650,3,4,1,0,0,7,4,3,3,5
2008-05-31,77650,5,0,0,5,5,0,0,0,0,16
2008-06-30,77650,4,1,0,3,1,0,0,0,4,17
2008-07-31,77650,7,4,0,1,1,0,0,0,0,18
2008-08-31,77650,9,3,3,0,0,1,0,0,1,14
2008-09-30,77650,3,3,8,2,1,2,0,0,1,10
2008-10-31,77650,10,0,6,1,1,1,1,0,2,9
2008-11-30,77650,3,3,2,1,3,4,0,2,1,11
2008-12-31,77650,3,2,0,5,3,1,3,1,2,11
2009-01-31,77650,1,2,7,3,0,2,2,0,1,13
2009-02-28,77650,3,8,0,0,2,3,1,1,6,4
2009-03-31,77650,6,2,4,0,1,3,0,2,6,7
2009-04-30,77650,2,1,0,1,4,2,0,1,0,19
2009-05-31,77650,5,7,1,2,5,0,0,0,0,11
2009-06-30,77650,5,5,0,1,0,3,0,0,1,15
2009-07-31,77650,8,3,0,2,3,1,0,0,1,13
2009-08-31,77650,4,1,4,5,0,0,0,0,0,17
2009-09-30,77650,4,2,15,1,0,0,0,0,0,8
2009-10-31,77650,4,8,3,0,3,2,0,0,1,10
2009-11-30,77650,6,0,0,0,0,8,8,2,1,5
2009-12-31,77650,1,3,2,1,0,10,1,2,2,9
2010-01-31,77650,3,1,4,5,1,0,0,3,3,11
2010-02-28,77650,2,2,0,2,2,6,4,1,1,8
2010-03-31,77650,6,3,3,2,1,6,2,3,1,4
2010-04-30,77650,9,2,2,0,1,0,0,1,1,14
2010-05-31,77650,3,4,0,0,0,3,1,3,6,11
2010-06-30,77650,5,3,1,0,3,0,0,0,5,13
2010-07-31,77650,10,5,0,1,2,0,0,0,1,12
2010-08-31,77650,13,5,1,0,0,0,0,0,2,10
2010-09-30,77650,2,4,0,1,2,0,0,0,2,19
2010-10-31,77650,0,6,1,6,5,3,0,0,2,8
2010-11-30,77650,3,2,0,1,2,2,5,2,3,10
2010-12-31,77650,4,6,1,1,3,4,2,0,3,7
2011-01-31,77650,4,7,3,2,1,4,0,2,3,5
2011-02-28,77650,7,7,1,0,0,1,1,0,1,10
2011-03-31,77650,6,3,4,2,4,1,3,0,2,6
2011-04-30,77650,7,7,5,3,2,0,0,0,2,4
2011-05-31,77650,5,5,2,3,4,0,0,0,1,11
2011-06-30,77650,9,5,2,1,0,0,0,0,3,10
2011-07-31,77650,5,1,0,1,0,0,0,1,4,19
2011-08-31,77650,4,2,1,3,0,0,0,0,2,19
2011-09-30,77650,5,2,4,2,2,0,0,0,4,11
2011-10-31,77650,6,5,6,6,3,0,0,0,2,3
2011-11-30,77650,4,0,4,12,6,0,0,0,0,4
2011-12-31,77650,2,2,3,0,0,1,6,8,7,2
2012-01-31,77650,2,3,3,3,0,0,2,5,8,5
2012-02-29,77650,4,10,6,0,0,0,0,1,3,5
2012-03-31,77650,11,4,4,2,1,3,0,0,2,4
2012-04-30,77650,1,0,0,0,3,3,8,1,2,12
2012-05-31,77650,10,3,0,0,3,1,1,2,3,8
2012-06-30,77650,7,3,1,0,1,0,0,1,2,15
2012-07-31,77650,8,6,2,1,0,0,0,0,1,13
2012-08-31,77650,3,1,4,3,0,0,0,0,2,18
2012-09-30,77650,2,5,2,2,1,3,1,0,0,14
2012-10-31,77650,4,0,0,0,8,1,0,0,1,17
2012-11-30,77650,5,0,5,3,5,3,2,1,0,6
2012-12-31,77650,2,2,2,0,1,3,4,5,7,5
2013-01-31,77650,3,5,1,0,1,1,1,3,3,13
2013-02-28,77650,2,1,1,1,0,0,2,2,5,14
2013-03-31,77650,0,0,1,1,8,1,7,0,3,10
2013-04-30,77650,8,2,0,3,1,1,3,0,0,12
2013-05-31,77650,5,2,0,0,1,1,2,5,5,10
2013-06-30,77650,8,5,0,0,3,0,0,1,6,7
2013-07-31,77650,7,3,3,1,2,0,0,0,0,15
2013-08-31,77650,5,3,6,1,1,0,0,0,1,14
2013-09-30,77650,6,0,3,1,1,0,0,2,3,14
2013-10-31,77650,4,1,3,3,8,2,0,0,1,9
2013-11-30,77650,2,7,4,2,0,2,2,1,2,8
2013-12-31,77650,15,3,3,1,1,4,0,0,1,3
2014-01-31,77650,7,1,0,0,2,7,0,3,1,10
2014-02-28,77650,1,0,0,1,1,6,6,2,2,9
2014-03-31,77650,8,4,5,1,0,1,0,2,2,8
2014-04-30,77650,3,5,1,0,2,0,0,3,2,14
2014-05-31,77650,8,4,1,0,4,1,1,2,2,8
2014-06-30,77650,6,2,2,2,1,0,0,0,1,16
2014-07-31,77650,3,1,1,2,3,0,0,1,6,14
2014-08-31,77650,5,4,1,0,2,0,0,0,2,17
2014-09-30,77650,1,3,3,2,4,0,0,0,0,17
2014-10-31,77650,6,1,3,3,3,3,2,1,2,7
2014-11-30,77650,2,1,0,4,11,4,2,0,0,6
2014-12-31,77650,4,8,0,0,2,1,1,1,5,9
2015-01-31,77650,5,5,0,1,0,3,3,4,5,5
2015-02-28,77650,3,6,2,1,1,2,0,3,1,9
2015-03-31,77650,3,4,3,8,1,0,1,4,2,5
2015-04-30,77650,12,2,2,0,0,3,1,0,3,7
2015-05-31,77650,6,7,0,0,1,1,2,0,5,9
2015-06-30,77650,7,4,2,4,1,0,0,0,1,11
2015-07-31,77650,2,2,3,3,2,0,0,0,1,18
2015-08-31,77650,4,0,0,1,2,1,0,0,0,23
2015-09-30,77650,0,5,6,2,3,4,0,0,2,8
2015-10-31,77650,2,2,6,2,4,3,0,0,1,11
2015-11-30,77650,13,4,2,1,1,0,0,3,4,2
2015-12-31,77650,27,1,1,0,1,0,0,0,1,0
2016-01-31,77650,10,1,0,0,0,1,8,4,2,5
2016-02-29,77650,3,0,1,0,1,2,5,4,3,10
2016-03-31,77650,0,5,3,0,1,2,3,2,3,12
2016-04-30,77650,2,3,2,2,1,5,2,3,3,7
2016-05-31,77650,5,2,0,1,5,0,2,5,4,7
2016-06-30,77650,8,3,1,0,0,1,1,2,1,13
2016-07-31,77650,8,3,1,1,0,0,0,0,2,16
2016-08-31,77650,5,10,3,3,1,0,0,0,0,9
2016-09-30,77650,6,1,2,2,1,0,0,0,2,16
2016-10-31,77650,3,5,6,5,4,0,0,0,0,8
2016-11-30,77650,5,0,4,0,4,3,0,3,2,9
2016-12-31,77650,8,3,8,8,0,0,0,0,3,1
2017-01-31,77650,5,6,7,4,2,1,1,1,2,2
2017-02-28,77650,10,1,1,3,2,3,3,0,0,5
2017-03-31,77650,7,2,4,1,3,1,1,5,3,4
2017-04-30,77650,6,6,2,0,0,1,0,0,3,12
2017-05-31,77650,8,2,1,2,1,1,0,0,3,13
2017-06-30,77650,11,1,2,1,0,2,1,1,0,11
2017-07-31,77650,6,4,1,4,3,0,0,0,5,8
2017-08-31,77650,4,3,3,2,1,0,0,0,2,16
2017-09-30,77650,10,0,1,0,0,1,0,1,4,13
2017-10-31,77650,14,5,1,0,3,0,0,0,4,4
2017-11-30,77650,7,6,0,0,1,1,1,1,5,8
2017-12-31,77650,3,5,2,0,0,3,9,2,5,2
2018-01-31,77650,8,2,0,0,4,2,3,7,2,3
2018-02-28,77650,2,3,3,1,1,0,1,1,0,16
2018-03-31,77650,0,2,0,0,2,6,7,2,2,10
2018-04-30,77650,8,1,3,0,3,7,1,1,1,5
2018-05-31,77650,4,1,2,2,1,0,0,1,0,20
2018-06-30,77650,3,7,4,0,0,0,0,1,1,14
2018-07-31,77650,3,0,2,0,0,0,0,0,2,24
2018-08-31,77650,1,3,0,2,1,0,0,0,1,23
2018-09-30,77650,7,4,5,1,1,0,0,0,0,12
2018-10-31,77650,1,3,5,8,4,1,0,0,2,7
2018-11-30,77650,2,1,4,4,6,5,0,0,1,7
2018-12-31,77650,8,4,1,0,1,0,1,6,5,5
2019-01-31,77650,1,11,1,0,0,2,1,3,7,5
2019-02-28,77650,11,7,3,0,0,1,1,1,1,3
2019-03-31,77650,7,2,6,0,0,1,3,5,5,2
2019-04-30,77650,2,1,0,4,2,4,0,2,3,12
2019-05-31,77650,5,4,1,0,1,1,1,3,4,11
2019-06-30,77650,5,1,0,7,1,1,0,0,0,15
2019-07-31,77650,5,2,2,3,0,0,0,0,1,18
2019-08-31,77650,6,2,4,2,1,0,0,0,0,16
2019-09-30,77650,5,4,6,4,2,0,0,0,0,9
2019-10-31,77650,8,2,0,1,6,3,0,0,1,10
2019-11-30,77650,0,0,1,0,3,2,5,2,0,17
2019-12-31,77650,5,1,5,2,4,3,2,5,3,1
2020-01-31,77650,15,3,1,4,1,0,4,1,2,0
2020-02-29,77650,7,2,1,0,0,1,5,8,5,0
2020-03-31,77650,6,1,5,4,1,1,2,2,4,5
2020-04-30,77650,8,2,1,6,0,1,2,1,0,9
2020-05-31,77650,5,4,4,1,2,2,1,1,0,11
2020-06-30,77650,8,1,0,1,1,2,0,1,6,10
2020-07-31,77650,7,7,3,1,0,0,0,0,0,13
2020-08-31,77650,3,2,2,0,3,0,0,0,2,19
2020-09-30,77650,5,0,5,2,1,1,0,3,0,13
2020-10-31,77650,7,2,0,0,3,4,3,4,3,5
2020-11-30,77650,10,3,6,5,3,1,0,0,1,1
2020-12-31,77650,5,1,0,0,4,4,5,0,1,11
2021-01-31,77650,1,4,3,1,0,3,2,4,5,8
2021-02-28,77650,5,1,3,2,5,4,5,0,0,3
2021-03-31,77650,11,6,2,3,0,0,1,2,4,2
2021-04-30,77650,2,3,7,0,4,1,0,1,3,9
2021-05-31,77650,9,1,1,1,1,1,2,5,4,6
2021-06-30,77650,4,1,0,1,5,1,0,0,1,17
2021-07-31,77650,5,4,1,0,2,0,0,0,1,18
2021-08-31,77650,5,4,2,2,0,0,0,0,0,18
2021-09-30,77650,2,1,4,3,5,0,0,0,0,15
2021-10-31,77650,3,8,5,2,2,2,1,0,1,7
2021-11-30,77650,2,2,8,4,0,0,1,1,2,10
2021-12-31,77650,5,3,4,0,0,3,3,3,5,5
1981-01-31,77800,0,12,2,1,1,0,0,5,8,2
1981-02-28,77800,3,2,4,2,2,0,1,1,3,10
1981-03-31,77800,9,0,0,0,4,2,3,4,3,6
1981-04-30,77800,6,0,2,4,1,1,0,1,0,15
1981-05-31,77800,11,0,0,1,5,1,2,3,2,6
1981-06-30,77800,9,6,3,0,3,0,0,0,1,8
1981-07-31,77800,6,5,1,1,4,0,1,0,5,8
1981-08-31,77800,1,4,2,2,1,0,0,0,0,21
1981-09-30,77800,6,0,2,0,3,3,0,1,1,14
1981-10-31,77800,9,0,0,0,3,3,3,5,2,6
1981-11-30,77800,15,8,1,0,0,0,0,1,4,1
1981-12-31,77800,0,2,0,0,3,3,8,3,3,9
1982-01-31,77800,3,5,0,7,2,0,1,3,4,6
1982-02-28,77800,5,1,4,8,1,0,0,0,1,8
1982-03-31,77800,7,5,1,2,2,1,0,5,2,6
1982-04-30,77800,2,5,5,1,1,0,0,1,1,14
1982-05-31,77800,12,1,2,3,2,2,0,0,2,7
1982-06-30,77800,6,1,0,5,2,0,1,1,2,12
1982-07-31,77800,2,0,0,7,4,0,0,0,2,16
1982-08-31,77800,11,5,0,1,2,0,0,0,0,12
1982-09-30,77800,4,1,3,6,5,2,0,0,0,9
1982-10-31,77800,3,1,5,3,2,2,3,3,1,8
1982-11-30,77800,5,1,3,1,5,4,0,1,3,7
1982-12-31,77800,4,5,3,0,0,2,7,1,2,7
1983-01-31,77800,11,6,0,0,0,0,1,8,5,0
1983-02-28,77800,4,1,2,3,4,1,1,2,2,8
1983-03-31,77800,9,6,1,0,4,1,0,2,3,5
1983-04-30,77800,4,1,0,0,5,7,7,2,2,2
1983-05-31,77800,5,0,0,0,5,4,2,3,2,10
1983-06-30,77800,7,5,0,2,3,0,0,0,1,12
1983-07-31,77800,1,0,0,1,6,0,0,0,0,23
1983-08-31,77800,2,3,1,2,3,0,0,0,1,19
1983-09-30,77800,10,4,2,2,2,2,0,0,3,5
1983-10-31,77800,11,5,6,0,1,1,0,0,2,5
1983-11-30,77800,3,3,5,8,0,0,2,1,1,7
1983-12-31,77800,4,7,4,1,2,4,2,3,1,3
1984-01-31,77800,6,5,0,0,2,3,5,3,4,3
1984-02-29,77800,0,4,5,1,1,0,0,3,3,12
1984-03-31,77800,0,8,2,4,3,3,3,2,1,5
1984-04-30,77800,7,8,1,4,1,0,0,0,1,8
1984-05-31,77800,3,0,1,0,3,5,5,1,0,13
1984-06-30,77800,10,1,0,2,2,3,1,1,2,8
1984-07-31,77800,4,9,0,0,8,0,0,0,1,9
1984-08-31,77800,7,0,0,2,3,0,0,0,1,18
1984-09-30,77800,11,2,0,0,2,2,1,2,3,7
1984-10-31,77800,10,5,3,1,0,6,1,0,1,4
1984-11-30,77800,0,1,2,5,7,2,3,1,1,8
1984-12-31,77800,7,9,3,0,2,2,0,0,1,7
1985-01-31,77800,1,5,3,1,0,4,1,2,7,7
1985-02-28,77800,5,0,5,3,0,3,1,0,3,8
1985-03-31,77800,7,1,5,0,2,1,4,1,3,7
1985-04-30,77800,6,5,0,1,1,5,1,5,3,3
1985-05-31,77800,9,0,0,0,0,0,2,1,2,17
1985-06-30,77800,15,3,0,0,2,1,1,1,2,5
1985-07-31,77800,9,2,3,0,3,1,0,0,0,13
1985-08-31,77800,9,4,1,2,2,1,0,1,2,9
1985-09-30,77800,11,4,1,5,0,0,0,0,0,9
1985-10-31,77800,4,2,10,4,4,1,0,0,1,5
1985-11-30,77800,2,3,2,1,0,4,0,2,3,13
1985-12-31,77800,7,6,0,0,1,6,1,0,4,6
1986-01-31,77800,2,1,0,0,3,2,4,6,7,6
1986-02-28,77800,0,3,0,3,2,1,1,0,1,17
1986-03-31,77800,7,2,2,3,1,0,3,4,1,8
1986-04-30,77800,2,3,1,1,5,5,2,2,3,6
1986-05-31,77800,6,5,1,2,1,0,0,0,2,14
1986-06-30,77800,5,6,1,3,0,0,0,1,1,13
1986-07-31,77800,10,6,1,1,1,2,0,0,1,9
1986-08-31,77800,4,2,1,2,2,2,0,0,0,18
1986-09-30,77800,5,4,6,1,2,1,0,0,0,11
1986-10-31,77800,6,5,0,7,1,1,1,3,2,5
1986-11-30,77800,7,6,5,2,5,0,1,0,1,3
1986-12-31,77800,7,3,2,1,1,1,1,9,5,1
1987-01-31,77800,1,7,4,1,1,1,2,4,2,8
1987-02-28,77800,2,3,1,2,4,3,0,0,3,10
1987-03-31,77800,5,6,4,5,0,1,3,2,3,2
1987-04-30,77800,10,4,1,1,2,5,1,2,2,2
1987-05-31,77800,8,3,0,0,1,1,0,1,5,12
1987-06-30,77800,10,2,3,0,2,2,1,0,3,7
1987-07-31,77800,7,0,1,3,1,2,0,0,3,14
1987-08-31,77800,7,1,3,3,2,0,0,0,1,14
1987-09-30,77800,10,1,4,1,2,1,0,0,0,11
1987-10-31,77800,1,0,1,4,9,4,2,1,0,9
1987-11-30,77800,4,3,4,0,3,1,2,0,5,8
1987-12-31,77800,9,3,0,5,3,1,0,1,1,8
1988-01-31,77800,3,2,1,3,5,5,4,5,1,2
1988-02-29,77800,3,3,2,2,0,3,4,5,4,3
1988-03-31,77800,3,3,0,0,0,4,2,7,9,3
1988-04-30,77800,6,2,2,1,2,1,1,2,1,12
1988-05-31,77800,2,1,1,6,2,4,1,0,0,14
1988-06-30,77800,6,0,1,0,1,0,0,0,2,20
1988-07-31,77800,13,4,2,0,2,2,1,0,0,7
1988-08-31,77800,11,2,2,2,3,0,0,0,2,9
1988-09-30,77800,13,5,4,1,0,1,0,1,0,5
1988-10-31,77800,5,1,2,5,7,1,1,0,1,8
1988-11-30,77800,9,6,4,6,1,1,0,0,1,2
1988-12-31,77800,6,13,1,0,0,1,0,5,4,1
1989-01-31,77800,15,3,5,4,0,0,0,0,3,1
1989-02-28,77800,16,1,1,1,0,3,3,0,3,0
1989-03-31,77800,7,3,3,0,4,1,4,0,5,4
1989-04-30,77800,2,1,0,0,6,1,5,2,3,10
1989-05-31,77800,9,2,1,5,1,0,0,0,2,11
1989-06-30,77800,8,1,1,0,0,0,0,1,3,16
1989-07-31,77800,4,4,0,3,4,0,0,0,0,16
1989-08-31,77800,9,2,2,1,2,0,0,0,3,12
1989-09-30,77800,4,7,1,6,2,0,0,0,0,10
1989-10-31,77800,16,4,2,1,1,1,0,1,2,3
1989-11-30,77800,4,1,4,6,3,4,1,0,1,6
1989-12-31,77800,2,0,5,9,0,10,1,0,1,3
1990-01-31,77800,10,4,6,2,0,3,4,0,0,2
1990-02-28,77800,11,1,1,0,1,2,5,5,1,1
1990-03-31,77800,16,4,4,1,0,1,0,1,2,2
1990-04-30,77800,4,1,0,3,2,1,0,3,6,10
1990-05-31,77800,9,3,1,1,1,0,0,0,0,16
1990-06-30,77800,10,0,2,0,3,0,0,0,1,14
1990-07-31,77800,7,3,5,0,0,0,0,0,1,15
1990-08-31,77800,11,3,4,0,0,0,0,0,0,13
1990-09-30,77800,7,4,2,1,0,1,1,2,0,12
1990-10-31,77800,1,1,2,4,10,3,2,0,0,8
1990-11-30,77800,2,6,3,3,0,4,2,3,3,4
1990-12-31,77800,4,8,5,1,0,2,1,0,1,9
1991-01-31,77800,5,1,10,3,0,4,4,0,2,2
1991-02-28,77800,4,3,0,6,1,3,2,0,3,6
1991-03-31,77800,1,2,3,3,7,2,0,2,2,9
1991-04-30,77800,3,3,1,3,0,0,1,2,4,13
1991-05-31,77800,6,3,3,0,0,1,0,2,7,9
1991-06-30,77800,17,2,0,0,0,2,0,0,3,6
1991-07-31,77800,6,3,0,2,1,0,0,0,2,17
1991-08-31,77800,5,1,2,5,1,0,0,0,2,15
1991-09-30,77800,4,0,0,2,4,3,1,0,0,16
1991-10-31,77800,4,4,6,3,4,3,0,0,0,7
1991-11-30,77800,6,2,1,3,0,4,3,1,4,6
1991-12-31,77800,4,9,7,4,0,0,0,2,5,0
1992-01-31,77800,10,5,7,4,0,2,0,0,0,3
1992-02-29,77800,14,2,4,0,0,2,1,2,4,0
1992-03-31,77800,11,1,2,2,0,2,1,3,5,4
1992-04-30,77800,7,7,1,0,1,3,2,0,4,5
1992-05-31,77800,8,4,4,4,2,1,0,0,1,7
1992-06-30,77800,3,1,0,3,2,1,0,0,1,19
1992-07-31,77800,9,1,3,4,0,0,0,1,1,12
1992-08-31,77800,14,0,1,1,3,1,1,0,1,9
1992-09-30,77800,9,0,1,1,4,1,0,0,3,11
1992-10-31,77800,0,0,0,2,4,2,3,5,0,15
1992-11-30,77800,6,2,1,1,1,4,3,4,5,3
1992-12-31,77800,4,3,4,7,3,3,1,1,2,3
1993-01-31,77800,15,2,4,2,0,1,1,0,4,2
1993-02-28,77800,4,8,4,8,0,0,0,0,3,1
1993-03-31,77800,14,6,2,0,2,1,0,0,1,5
1993-04-30,77800,3,0,0,2,4,5,1,1,4,10
1993-05-31,77800,10,1,2,0,5,1,0,2,0,10
1993-06-30,77800,6,2,2,3,3,0,0,0,3,11
1993-07-31,77800,13,6,0,3,3,0,0,1,2,3
1993-08-31,77800,2,4,1,4,2,0,0,0,2,16
1993-09-30,77800,4,1,2,4,5,4,1,2,1,6
1993-10-31,77800,1,0,4,5,3,11,0,2,0,5
1993-11-30,77800,6,2,6,4,2,1,0,0,1,8
1993-12-31,77800,7,2,1,0,0,3,7,7,1,3
1994-01-31,77800,5,5,2,0,1,2,3,5,5,3
1994-02-28,77800,2,2,1,2,4,5,2,1,4,5
1994-03-31,77800,15,4,0,0,0,2,1,1,4,4
1994-04-30,77800,3,2,1,0,0,2,3,5,5,9
1994-05-31,77800,5,1,0,1,4,5,1,0,1,13
1994-06-30,77800,9,7,0,1,3,1,0,0,1,8
1994-07-31,77800,1,3,2,3,0,0,0,0,0,22
1994-08-31,77800,7,0,2,2,3,1,1,0,3,12
1994-09-30,77800,5,3,1,1,9,2,2,0,1,6
1994-10-31,77800,8,0,4,5,3,1,3,1,0,6
1994-11-30,77800,11,2,1,0,4,2,1,2,4,3
1994-12-31,77800,8,3,1,2,1,2,3,1,4,6
1995-01-31,77800,2,9,1,0,0,3,8,3,4,1
1995-02-28,77800,9,2,1,0,0,1,6,4,3,2
1995-03-31,77800,4,5,1,3,1,1,4,5,4,3
1995-04-30,77800,7,3,2,1,1,1,3,0,6,6
1995-05-31,77800,12,2,0,0,1,3,0,1,2,10
1995-06-30,77800,10,0,3,1,0,0,0,0,1,15
1995-07-31,77800,7,4,2,2,0,1,0,0,0,15
1995-08-31,77800,1,2,1,3,0,0,0,0,4,20
1995-09-30,77800,6,1,1,0,1,3,3,1,2,12
1995-10-31,77800,11,2,2,7,4,1,0,0,0,4
1995-11-30,77800,0,4,1,5,6,1,2,0,6,5
1995-12-31,77800,1,0,2,5,2,1,3,0,2,15
1996-01-31,77800,0,1,3,6,12,1,0,1,0,7
1996-02-29,77800,1,5,1,2,3,0,1,2,4,10
1996-03-31,77800,1,3,1,4,4,0,0,0,4,14
1996-04-30,77800,7,2,2,0,3,1,0,0,1,14
1996-05-31,77800,9,1,0,0,0,5,2,2,2,10
1996-06-30,77800,14,4,3,0,0,1,0,0,1,7
1996-07-31,77800,9,3,3,1,0,1,0,0,2,12
1996-08-31,77800,8,2,0,0,0,0,0,0,1,20
1996-09-30,77800,3,3,3,2,1,2,0,2,3,11
1996-10-31,77800,6,6,0,2,2,1,2,0,3,9
1996-11-30,77800,3,1,1,0,5,3,2,3,4,8
1996-12-31,77800,2,1,2,4,6,5,0,0,2,9
1997-01-31,77800,8,1,6,1,7,0,1,0,0,7
1997-02-28,77800,14,2,0,0,0,2,4,3,2,1
1997-03-31,77800,8,9,4,0,0,0,0,2,4,4
1997-04-30,77800,5,3,2,5,0,0,2,1,5,7
1997-05-31,77800,9,1,2,6,2,2,3,1,0,5
1997-06-30,77800,3,0,0,2,3,2,3,0,3,14
1997-07-31,77800,5,2,1,2,1,0,0,1,5,14
1997-08-31,77800,6,0,1,2,2,1,1,1,0,17
1997-09-30,77800,3,1,8,2,1,0,0,0,0,15
1997-10-31,77800,2,1,4,4,3,1,1,2,3,10
1997-11-30,77800,0,2,2,0,5,6,1,0,0,14
1997-12-31,77800,4,4,1,1,5,0,3,2,4,7
1998-01-31,77800,5,2,5,4,2,2,4,3,3,1
1998-02-28,77800,12,6,0,1,0,1,0,1,3,4
1998-03-31,77800,7,10,3,1,1,0,1,1,3,4
1998-04-30,77800,4,1,1,1,3,6,8,3,0,3
1998-05-31,77800,7,2,2,2,1,1,0,0,3,13
1998-06-30,77800,13,1,0,2,3,1,0,1,3,6
1998-07-31,77800,8,3,0,0,3,0,0,0,4,13
1998-08-31,77800,1,6,1,2,1,0,0,1,1,18
1998-09-30,77800,1,0,4,3,4,3,1,5,1,8
1998-10-31,77800,9,2,0,0,2,2,1,4,4,7
1998-11-30,77800,1,9,4,0,0,1,3,2,4,6
1998-12-31,77800,7,7,2,2,4,0,0,1,3,5
1999-01-31,77800,13,3,1,0,2,0,2,3,3,4
1999-02-28,77800,4,5,1,1,0,0,2,6,7,2
1999-03-31,77800,3,3,2,2,5,6,3,0,2,5
1999-04-30,77800,3,2,0,0,4,2,3,4,5,7
1999-05-31,77800,6,0,0,2,6,0,0,2,1,14
1999-06-30,77800,9,2,2,0,1,1,0,0,2,13
1999-07-31,77800,3,8,0,2,4,0,0,0,1,13
1999-08-31,77800,6,1,0,3,4,1,0,0,0,16
1999-09-30,77800,6,0,3,1,5,4,1,0,0,10
1999-10-31,77800,11,3,1,1,4,4,0,0,2,5
1999-11-30,77800,5,5,3,3,1,0,0,2,3,8
1999-12-31,77800,6,5,1,1,0,2,6,3,3,4
2000-01-31,77800,9,4,6,3,0,0,0,3,4,2
2000-02-29,77800,9,5,0,1,0,2,1,6,5,0
2000-03-31,77800,11,4,1,2,0,2,2,1,3,5
2000-04-30,77800,0,0,1,1,5,6,3,4,2,8
2000-05-31,77800,12,1,0,1,6,0,0,0,1,10
2000-06-30,77800,9,2,1,3,2,0,0,0,1,12
2000-07-31,77800,8,5,1,0,4,4,0,2,4,3
2000-08-31,77800,5,1,0,1,4,0,0,0,0,20
2000-09-30,77800,6,3,2,2,3,2,0,0,2,10
2000-10-31,77800,7,5,0,3,3,6,0,0,2,5
2000-11-30,77800,3,0,0,0,3,12,4,3,2,3
2000-12-31,77800,9,1,0,3,3,6,1,3,0,5
2001-01-31,77800,1,2,3,2,2,9,6,1,0,5
2001-02-28,77800,2,7,1,1,0,5,2,2,5,3
2001-03-31,77800,2,1,0,0,2,8,11,3,1,3
2001-04-30,77800,6,5,0,0,1,2,3,1,7,5
2001-05-31,77800,5,1,1,2,0,3,0,0,1,18
2001-06-30,77800,7,5,1,0,2,0,0,0,3,12
2001-07-31,77800,10,1,3,0,3,0,0,0,1,13
2001-08-31,77800,5,3,1,3,1,0,0,0,0,18
2001-09-30,77800,11,3,0,1,2,0,0,0,8,5
2001-10-31,77800,14,1,1,1,7,1,1,0,1,4
2001-11-30,77800,4,3,3,4,0,0,0,2,4,10
2001-12-31,77800,6,6,7,1,0,0,1,4,3,3
2002-01-31,77800,18,2,1,2,0,2,2,0,1,3
2002-02-28,77800,9,2,1,1,0,1,3,3,5,3
2002-03-31,77800,3,5,3,3,3,1,1,1,3,8
2002-04-30,77800,5,4,0,3,2,0,0,1,2,13
2002-05-31,77800,5,0,2,1,4,1,0,1,4,13
2002-06-30,77800,9,0,3,1,1,1,0,2,1,12
2002-07-31,77800,10,4,1,0,0,0,0,0,2,14
2002-08-31,77800,5,0,0,0,2,0,0,2,2,20
2002-09-30,77800,0,4,3,1,3,0,0,0,2,17
2002-10-31,77800,7,2,0,2,2,5,3,2,2,6
2002-11-30,77800,0,3,0,0,5,6,3,2,3,8
2002-12-31,77800,2,1,1,3,3,4,2,1,0,14
2003-01-31,77800,3,6,3,1,0,2,3,5,2,6
2003-02-28,77800,3,2,8,4,4,0,1,0,3,3
2003-03-31,77800,13,4,3,2,0,1,2,0,1,5
2003-04-30,77800,3,4,3,3,4,5,0,1,0,7
2003-05-31,77800,7,3,0,2,2,0,0,0,4,13
2003-06-30,77800,9,3,0,1,4,1,0,0,0,12
2003-07-31,77800,5,3,2,0,3,0,1,0,0,17
2003-08-31,77800,5,1,2,1,1,2,0,0,0,19
2003-09-30,77800,6,2,7,2,2,0,0,0,2,9
2003-10-31,77800,4,1,2,7,3,4,1,2,2,5
2003-11-30,77800,5,0,6,4,8,1,0,3,0,3
2003-12-31,77800,4,5,3,5,4,2,1,0,3,4
2004-01-31,77800,5,5,0,0,0,1,4,3,6,7
2004-02-29,77800,13,2,0,1,1,0,0,1,0,11
2004-03-31,77800,6,3,1,5,4,0,0,1,2,9
2004-04-30,77800,1,6,0,1,3,1,1,6,1,10
2004-05-31,77800,6,1,4,1,2,1,2,3,1,10
2004-06-30,77800,12,3,2,0,0,0,0,0,2,11
2004-07-31,77800,9,6,0,2,3,0,0,0,2,9
2004-08-31,77800,8,0,1,0,5,2,0,0,3,12
2004-09-30,77800,5,4,5,8,2,0,0,0,4,2
2004-10-31,77800,7,0,0,2,5,9,2,0,0,6
2004-11-30,77800,8,8,4,0,0,1,0,2,2,5
2004-12-31,77800,4,5,6,3,2,1,1,3,1,5
2005-01-31,77800,10,3,2,0,0,0,1,1,8,6
2005-02-28,77800,2,5,3,4,0,0,0,4,3,7
2005-03-31,77800,9,2,1,0,2,2,2,1,4,8
2005-04-30,77800,9,2,1,2,2,3,1,3,2,5
2005-05-31,77800,7,2,1,1,1,1,0,0,6,12
2005-06-30,77800,5,3,4,2,3,0,0,0,1,12
2005-07-31,77800,4,3,0,0,4,0,0,0,3,17
2005-08-31,77800,6,4,2,1,2,0,0,0,4,12
2005-09-30,77800,8,4,2,0,4,0,0,0,1,11
2005-10-31,77800,7,0,2,5,8,2,0,0,0,7
2005-11-30,77800,9,3,5,2,3,1,3,0,1,3
2005-12-31,77800,5,3,6,0,0,3,2,2,2,8
2006-01-31,77800,2,4,7,10,2,1,0,1,0,4
2006-02-28,77800,2,6,3,0,0,4,2,1,4,6
2006-03-31,77800,3,3,1,2,1,3,4,5,3,6
2006-04-30,77800,7,3,0,3,1,2,0,0,5,9
2006-05-31,77800,14,3,1,2,1,1,0,0,1,8
2006-06-30,77800,7,2,0,3,6,0,0,0,1,11
2006-07-31,77800,3,1,2,3,0,0,0,0,0,22
2006-08-31,77800,6,3,0,0,2,0,0,2,3,15
2006-09-30,77800,7,1,1,6,4,1,0,0,1,9
2006-10-31,77800,3,2,6,2,3,9,0,0,1,5
2006-11-30,77800,12,3,2,0,2,5,1,1,3,1
2006-12-31,77800,10,0,9,2,2,4,2,0,0,2
2007-01-31,77800,14,1,2,0,1,1,2,4,4,2
2007-02-28,77800,3,2,1,1,2,3,5,3,4,4
2007-03-31,77800,5,3,4,2,0,2,2,3,3,7
2007-04-30,77800,7,0,2,10,0,0,0,0,0,11
2007-05-31,77800,5,1,2,1,2,2,0,2,7,9
2007-06-30,77800,11,0,1,0,2,1,1,0,1,13
2007-07-31,77800,12,4,1,0,3,1,0,0,3,7
2007-08-31,77800,6,2,4,0,1,0,0,0,1,17
2007-09-30,77800,6,7,2,3,1,1,0,0,1,9
2007-10-31,77800,4,9,6,5,1,0,0,0,0,6
2007-11-30,77800,0,8,7,0,5,0,0,1,4,5
2007-12-31,77800,6,5,8,4,0,0,1,3,4,0
2008-01-31,77800,10,5,0,0,4,5,2,1,3,1
2008-02-29,77800,11,1,6,3,3,2,0,1,1,1
2008-03-31,77800,2,4,0,0,1,2,4,8,3,7
2008-04-30,77800,2,3,1,0,0,9,3,3,5,4
2008-05-31,77800,5,0,0,4,5,0,0,0,0,17
2008-06-30,77800,5,1,1,3,1,0,0,0,4,15
2008-07-31,77800,9,4,0,1,2,0,0,0,0,15
2008-08-31,77800,11,3,3,0,0,1,0,0,1,12
2008-09-30,77800,6,5,5,1,1,2,0,0,1,9
2008-10-31,77800,10,0,6,1,2,1,1,0,1,9
2008-11-30,77800,4,3,2,1,5,4,0,2,1,8
2008-12-31,77800,3,1,0,5,3,2,2,1,4,10
2009-01-31,77800,1,2,7,2,1,3,1,1,1,12
2009-02-28,77800,2,8,0,0,3,3,1,1,7,3
2009-03-31,77800,7,2,4,0,1,3,0,2,6,6
2009-04-30,77800,2,2,0,1,4,2,2,1,0,16
2009-05-31,77800,5,7,1,3,7,0,0,0,0,8
2009-06-30,77800,5,4,1,1,1,3,1,0,2,12
2009-07-31,77800,8,3,1,1,3,1,0,0,1,13
2009-08-31,77800,5,1,3,5,0,0,0,0,0,17
2009-09-30,77800,5,3,13,1,0,0,0,0,0,8
2009-10-31,77800,5,7,2,0,4,1,0,0,3,9
2009-11-30,77800,5,0,0,0,2,9,6,1,1,6
2009-12-31,77800,1,3,1,1,0,11,1,1,3,9
2010-01-31,77800,2,3,3,5,0,0,1,2,3,12
2010-02-28,77800,2,2,0,2,1,8,3,1,1,8
2010-03-31,77800,5,3,2,2,1,6,3,2,1,6
2010-04-30,77800,11,4,1,0,2,0,0,0,1,11
2010-05-31,77800,3,4,0,0,0,4,0,1,6,13
2010-06-30,77800,4,2,1,0,3,1,0,0,5,14
2010-07-31,77800,8,5,2,2,2,0,0,0,1,11
2010-08-31,77800,15,4,1,0,0,0,0,0,1,10
2010-09-30,77800,3,5,0,1,2,0,0,0,2,17
2010-10-31,77800,2,6,0,6,6,1,0,0,2,8
2010-11-30,77800,4,2,0,0,2,2,5,3,2,10
2010-12-31,77800,4,7,0,1,3,4,2,0,3,7
2011-01-31,77800,5,8,2,2,1,4,1,1,2,5
2011-02-28,77800,7,7,1,0,0,3,1,0,1,8
2011-03-31,77800,6,4,4,2,4,1,2,0,2,6
2011-04-30,77800,6,8,3,4,2,0,0,0,1,6
2011-05-31,77800,5,3,2,1,4,0,0,0,3,13
2011-06-30,77800,14,5,2,0,1,0,0,1,1,6
2011-07-31,77800,7,2,0,0,2,0,0,0,4,16
2011-08-31,77800,7,2,1,3,0,0,0,0,1,17
2011-09-30,77800,5,2,4,2,2,0,0,0,4,11
2011-10-31,77800,7,4,6,6,3,0,0,0,3,2
2011-11-30,77800,4,0,4,12,6,0,0,0,0,4
2011-12-31,77800,3,2,3,0,0,3,6,5,8,1
2012-01-31,77800,3,3,3,2,0,0,2,4,8,6
2012-02-29,77800,6,11,4,0,0,0,0,1,3,4
2012-03-31,77800,11,6,3,2,1,3,0,1,1,3
2012-04-30,77800,1,0,0,0,3,5,7,1,2,11
2012-05-31,77800,11,3,0,0,3,1,1,2,3,7
2012-06-30,77800,9,3,1,0,5,0,0,1,2,9
2012-07-31,77800,11,7,2,0,0,0,0,0,0,11
2012-08-31,77800,3,2,4,3,3,0,0,0,1,15
2012-09-30,77800,2,4,2,1,3,3,0,0,0,15
2012-10-31,77800,5,0,0,0,8,1,0,0,1,16
2012-11-30,77800,5,1,5,3,5,3,2,1,0,5
2012-12-31,77800,2,1,2,0,1,4,3,5,8,5
2013-01-31,77800,2,4,0,0,1,1,1,3,4,15
2013-02-28,77800,2,1,0,1,0,0,2,2,6,14
2013-03-31,77800,0,1,0,1,6,2,6,0,3,12
2013-04-30,77800,7,3,0,5,1,2,3,0,0,9
2013-05-31,77800,5,2,0,0,2,1,1,5,5,10
2013-06-30,77800,7,6,0,0,3,0,0,1,5,8
2013-07-31,77800,9,3,3,1,3,0,0,0,0,12
2013-08-31,77800,5,3,6,1,1,0,0,0,1,14
2013-09-30,77800,10,2,2,1,1,1,0,2,3,8
2013-10-31,77800,4,1,3,3,8,2,0,0,1,9
2013-11-30,77800,2,8,3,2,0,2,2,3,1,7
2013-12-31,77800,14,3,3,1,1,4,0,0,2,3
2014-01-31,77800,7,0,0,0,2,7,1,3,2,9
2014-02-28,77800,2,0,0,1,2,8,4,4,0,7
2014-03-31,77800,7,3,5,2,1,1,1,2,2,7
2014-04-30,77800,3,4,0,0,2,0,0,3,5,13
2014-05-31,77800,10,5,0,0,4,1,0,1,3,7
2014-06-30,77800,6,2,3,2,1,0,0,0,1,15
2014-07-31,77800,4,1,1,2,3,0,0,1,5,14
2014-08-31,77800,11,3,0,0,3,0,0,0,1,13
2014-09-30,77800,1,3,2,2,4,0,0,0,0,18
2014-10-31,77800,6,1,4,1,6,3,0,1,2,7
2014-11-30,77800,2,1,0,4,11,4,2,0,1,5
2014-12-31,77800,4,7,0,0,2,1,1,1,7,8
2015-01-31,77800,5,6,0,0,0,2,2,5,5,6
2015-02-28,77800,3,6,2,1,1,2,0,3,2,8
2015-03-31,77800,3,5,2,9,0,0,2,3,3,4
2015-04-30,77800,11,3,0,0,0,4,0,0,3,9
2015-05-31,77800,9,6,0,0,1,3,1,0,3,8
2015-06-30,77800,8,3,3,2,3,0,0,0,1,10
2015-07-31,77800,8,2,2,3,3,0,0,0,0,13
2015-08-31,77800,5,0,0,1,2,1,0,0,0,22
2015-09-30,77800,1,5,6,2,3,4,0,0,0,9
2015-10-31,77800,1,3,6,2,4,4,0,0,1,10
2015-11-30,77800,13,4,2,1,1,0,0,3,4,2
2015-12-31,77800,26,2,0,0,2,0,0,0,1,0
2016-01-31,77800,10,0,0,0,0,5,5,4,3,4
2016-02-29,77800,5,1,0,0,1,2,4,3,3,10
2016-03-31,77800,0,4,2,0,1,2,3,3,3,13
2016-04-30,77800,3,4,2,2,1,5,1,3,3,6
2016-05-31,77800,5,2,0,2,5,1,4,2,4,6
2016-06-30,77800,9,2,1,0,0,1,0,2,2,13
2016-07-31,77800,10,3,1,1,0,0,0,0,2,14
2016-08-31,77800,4,8,2,2,1,0,0,0,0,14
2016-09-30,77800,7,1,1,2,2,0,0,0,1,16
2016-10-31,77800,2,5,7,3,6,0,0,0,0,8
2016-11-30,77800,5,0,4,0,4,3,1,3,2,8
2016-12-31,77800,8,4,8,7,0,0,0,0,3,1
2017-01-31,77800,5,9,4,4,2,1,1,1,2,2
2017-02-28,77800,9,1,2,3,2,4,3,0,1,3
2017-03-31,77800,7,3,3,1,3,1,1,5,3,4
2017-04-30,77800,6,6,2,0,2,1,0,0,3,10
2017-05-31,77800,10,2,0,2,2,0,0,1,3,11
2017-06-30,77800,16,1,2,0,1,1,1,0,0,8
2017-07-31,77800,7,4,2,0,8,0,0,0,5,5
2017-08-31,77800,5,3,1,3,4,0,0,0,1,14
2017-09-30,77800,12,0,1,0,0,1,0,2,3,11
2017-10-31,77800,14,6,1,0,3,0,0,0,4,3
2017-11-30,77800,7,6,0,0,1,2,0,1,5,8
2017-12-31,77800,3,5,2,0,0,4,7,3,5,2
2018-01-31,77800,7,2,1,0,5,1,3,7,2,3
2018-02-28,77800,2,3,2,1,1,1,0,1,1,16
2018-03-31,77800,0,2,0,0,2,11,5,2,2,7
2018-04-30,77800,9,0,4,0,3,6,1,2,0,5
2018-05-31,77800,5,1,1,1,2,0,0,1,0,20
2018-06-30,77800,3,7,2,0,0,0,0,0,1,17
2018-07-31,77800,3,0,1,0,1,0,0,0,2,24
2018-08-31,77800,1,2,0,1,2,0,0,0,0,25
2018-09-30,77800,7,2,5,2,2,0,0,0,0,12
2018-10-31,77800,1,4,5,7,4,2,0,0,2,6
2018-11-30,77800,2,1,4,4,6,4,0,0,1,8
2018-12-31,77800,8,5,0,0,1,0,3,4,5,5
2019-01-31,77800,2,9,1,0,0,2,1,4,7,5
2019-02-28,77800,12,7,3,0,0,2,0,1,1,2
2019-03-31,77800,8,4,5,0,0,2,1,3,6,2
2019-04-30,77800,2,1,0,4,2,4,0,3,3,11
2019-05-31,77800,6,5,1,0,1,1,1,3,4,9
2019-06-30,77800,6,1,0,7,2,1,0,0,0,13
2019-07-31,77800,5,2,0,4,1,1,0,0,1,17
2019-08-31,77800,6,2,4,1,2,0,0,0,0,16
2019-09-30,77800,6,4,4,5,2,0,0,0,0,9
2019-10-31,77800,8,2,0,1,6,4,0,0,0,10
2019-11-30,77800,0,0,1,0,4,4,4,1,0,16
2019-12-31,77800,5,2,4,2,4,3,2,5,3,1
2020-01-31,77800,16,3,2,4,1,0,3,1,1,0
2020-02-29,77800,10,3,0,0,0,1,3,7,5,0
2020-03-31,77800,5,1,7,2,1,2,1,2,5,5
2020-04-30,77800,9,2,2,3,2,1,3,0,0,8
2020-05-31,77800,5,4,4,1,2,2,2,1,0,10
2020-06-30,77800,8,1,0,0,1,3,0,2,4,11
2020-07-31,77800,6,7,3,1,0,0,0,0,0,14
2020-08-31,77800,3,3,0,1,4,0,0,0,2,18
2020-09-30,77800,6,0,4,1,1,1,0,3,0,14
2020-10-31,77800,7,1,0,0,3,6,2,4,3,5
2020-11-30,77800,12,2,6,4,3,1,0,0,1,1
2020-12-31,77800,4,1,0,1,5,5,3,1,1,10
2021-01-31,77800,1,4,3,1,1,3,2,4,5,7
2021-02-28,77800,6,0,3,2,6,4,2,1,1,3
2021-03-31,77800,12,5,2,3,0,0,1,1,5,2
2021-04-30,77800,3,4,6,0,5,0,0,0,3,9
2021-05-31,77800,13,0,1,0,2,1,2,4,2,6
2021-06-30,77800,4,0,0,0,8,1,0,0,1,16
2021-07-31,77800,4,4,0,0,4,0,0,0,2,17
2021-08-31,77800,4,4,4,1,1,0,0,0,0,17
2021-09-30,77800,3,2,3,3,5,0,0,0,0,14
2021-10-31,77800,3,9,5,2,2,3,0,0,1,6
2021-11-30,77800,1,3,7,3,0,0,2,2,1,11
2021-12-31,77800,5,2,4,0,0,3,3,3,6,5
1981-01-31,77610,0,11,3,1,1,0,0,5,8,2
1981-02-28,77610,2,4,4,3,2,0,1,1,3,8
1981-03-31,77610,9,0,0,0,4,2,5,3,3,5
1981-04-30,77610,6,0,3,4,1,1,0,1,0,14
1981-05-31,77610,9,0,0,1,5,0,2,3,1,10
1981-06-30,77610,8,5,4,1,2,0,0,0,1,9
1981-07-31,77610,7,6,1,1,4,0,0,0,3,9
1981-08-31,77610,2,1,5,2,1,0,0,0,0,20
1981-09-30,77610,8,0,2,0,3,3,0,0,1,13
1981-10-31,77610,8,1,0,0,3,3,3,4,2,7
1981-11-30,77610,14,4,6,0,0,0,0,2,3,1
1981-12-31,77610,0,2,0,0,3,3,7,3,4,9
1982-01-31,77610,4,4,0,7,1,1,1,3,5,5
1982-02-28,77610,7,1,5,6,2,0,0,0,0,7
1982-03-31,77610,6,5,1,2,2,2,1,5,2,5
1982-04-30,77610,2,7,6,1,1,0,0,1,1,11
1982-05-31,77610,11,0,4,3,2,2,0,0,1,8
1982-06-30,77610,6,1,0,5,2,0,1,1,2,12
1982-07-31,77610,2,1,4,6,3,0,0,0,1,14
1982-08-31,77610,11,7,1,1,2,0,0,0,0,9
1982-09-30,77610,4,1,3,6,6,1,0,0,0,9
1982-10-31,77610,3,0,3,5,2,2,3,2,2,9
1982-11-30,77610,5,2,1,2,5,4,0,1,3,7
1982-12-31,77610,3,5,3,0,0,2,8,1,2,7
1983-01-31,77610,13,5,0,0,0,0,0,8,5,0
1983-02-28,77610,4,1,2,3,4,1,1,3,1,8
1983-03-31,77610,9,5,1,0,4,1,1,2,4,4
1983-04-30,77610,3,1,0,0,4,9,6,3,2,2
1983-05-31,77610,5,0,0,0,5,3,1,3,3,11
1983-06-30,77610,6,5,2,3,3,0,0,0,1,10
1983-07-31,77610,2,1,0,2,6,0,0,0,0,20
1983-08-31,77610,3,3,1,4,1,0,0,0,1,18
1983-09-30,77610,8,3,3,2,2,2,1,0,3,6
1983-10-31,77610,11,4,6,0,1,1,0,0,2,6
1983-11-30,77610,3,3,5,8,0,0,2,0,2,7
1983-12-31,77610,6,6,4,2,2,4,2,3,0,2
1984-01-31,77610,6,5,0,0,2,2,5,2,5,4
1984-02-29,77610,2,2,7,1,1,0,0,3,2,11
1984-03-31,77610,0,7,3,4,2,4,2,3,1,5
1984-04-30,77610,7,10,1,4,1,0,0,0,0,7
1984-05-31,77610,2,0,2,0,3,5,4,2,0,13
1984-06-30,77610,9,1,0,2,2,2,1,2,2,9
1984-07-31,77610,3,9,1,1,6,0,0,0,0,11
1984-08-31,77610,6,0,0,3,3,0,0,0,1,18
1984-09-30,77610,11,2,0,0,3,1,1,2,3,7
1984-10-31,77610,11,5,3,1,0,5,2,0,1,3
1984-11-30,77610,2,1,0,5,7,2,3,1,1,8
1984-12-31,77610,7,8,4,0,2,3,0,0,1,6
1985-01-31,77610,1,6,3,1,0,4,1,1,6,8
1985-02-28,77610,5,1,5,3,0,3,1,0,2,8
1985-03-31,77610,6,1,7,0,2,1,5,1,3,5
1985-04-30,77610,5,4,1,1,2,5,1,4,3,4
1985-05-31,77610,9,0,0,0,0,0,2,0,2,18
1985-06-30,77610,13,2,0,2,0,1,0,0,2,10
1985-07-31,77610,11,2,1,2,3,0,0,0,0,12
1985-08-31,77610,10,4,1,2,2,0,0,0,3,9
1985-09-30,77610,11,3,3,5,0,0,0,0,0,8
1985-10-31,77610,4,2,10,5,4,0,0,0,1,5
1985-11-30,77610,2,3,1,2,0,4,0,1,4,13
1985-12-31,77610,7,8,0,0,1,6,1,0,2,6
1986-01-31,77610,2,1,0,0,3,2,4,6,7,6
1986-02-28,77610,0,4,0,3,2,1,1,0,0,17
1986-03-31,77610,7,2,4,2,1,0,3,4,1,7
1986-04-30,77610,2,3,1,1,5,5,1,3,3,6
1986-05-31,77610,5,4,2,2,2,0,0,0,2,14
1986-06-30,77610,5,6,2,3,0,0,0,0,2,12
1986-07-31,77610,8,5,2,1,3,1,0,0,1,10
1986-08-31,77610,3,2,2,3,3,1,0,0,0,17
1986-09-30,77610,5,4,7,1,2,0,0,0,0,11
1986-10-31,77610,7,5,0,7,1,1,1,3,2,4
1986-11-30,77610,7,8,4,2,5,0,1,0,0,3
1986-12-31,77610,7,3,2,1,1,1,1,9,5,1
1987-01-31,77610,1,6,5,1,0,1,2,4,2,9
1987-02-28,77610,2,2,1,3,4,3,0,0,3,10
1987-03-31,77610,4,5,5,6,0,1,3,2,3,2
1987-04-30,77610,11,3,2,0,2,5,1,1,5,0
1987-05-31,77610,8,3,0,0,1,1,0,1,4,13
1987-06-30,77610,9,2,3,0,2,2,1,1,3,7
1987-07-31,77610,7,1,2,5,1,2,0,0,1,12
1987-08-31,77610,6,1,3,3,2,0,0,0,1,15
1987-09-30,77610,10,1,4,1,2,1,0,0,0,11
1987-10-31,77610,1,0,1,4,9,4,2,1,0,9
1987-11-30,77610,4,3,4,0,3,0,2,0,5,9
1987-12-31,77610,9,2,1,5,2,1,1,1,1,8
1988-01-31,77610,1,2,1,3,6,5,5,5,1,2
1988-02-29,77610,3,4,2,2,0,3,3,6,3,3
1988-03-31,77610,3,4,0,0,0,4,2,5,10,3
1988-04-30,77610,5,0,3,2,2,1,0,1,2,14
1988-05-31,77610,2,2,1,6,2,4,1,0,0,13
1988-06-30,77610,6,0,1,2,1,0,0,0,3,17
1988-07-31,77610,12,5,3,0,2,2,1,0,0,6
1988-08-31,77610,6,2,3,4,1,0,0,0,2,13
1988-09-30,77610,13,5,3,2,0,1,0,1,0,5
1988-10-31,77610,5,1,2,5,7,1,1,0,1,8
1988-11-30,77610,9,5,5,4,2,1,0,1,1,2
1988-12-31,77610,7,11,2,0,0,1,0,6,3,1
1989-01-31,77610,13,2,8,4,1,0,0,0,2,1
1989-02-28,77610,15,1,1,1,0,3,4,0,3,0
1989-03-31,77610,7,4,3,0,3,2,4,0,5,3
1989-04-30,77610,2,2,0,0,6,1,5,1,2,11
1989-05-31,77610,8,4,2,6,0,0,0,0,2,9
1989-06-30,77610,8,1,1,0,0,0,0,1,1,18
1989-07-31,77610,4,5,0,3,3,0,0,0,0,16
1989-08-31,77610,8,3,3,2,1,0,0,0,2,12
1989-09-30,77610,4,6,2,6,2,0,0,0,0,10
1989-10-31,77610,17,5,0,1,1,1,0,0,4,2
1989-11-30,77610,5,1,4,4,5,2,2,0,1,6
1989-12-31,77610,2,0,5,9,0,9,2,0,1,3
1990-01-31,77610,10,2,4,5,0,3,4,1,0,2
1990-02-28,77610,11,1,1,0,0,3,4,6,1,1
1990-03-31,77610,15,4,3,2,0,1,0,2,2,2
1990-04-30,77610,4,2,0,3,2,1,0,2,6,10
1990-05-31,77610,9,1,2,2,2,0,0,0,1,14
1990-06-30,77610,9,0,2,1,2,0,0,0,1,15
1990-07-31,77610,7,3,5,0,0,0,0,0,1,15
1990-08-31,77610,10,3,6,3,0,0,0,0,0,9
1990-09-30,77610,6,4,1,2,0,1,0,2,0,14
1990-10-31,77610,1,1,2,4,8,4,2,0,0,9
1990-11-30,77610,2,5,4,3,0,3,2,3,3,5
1990-12-31,77610,5,6,6,2,0,2,1,0,1,8
1991-01-31,77610,8,0,10,3,0,3,4,0,1,2
1991-02-28,77610,4,1,2,6,1,3,1,0,3,7
1991-03-31,77610,1,1,4,3,7,2,0,1,2,10
1991-04-30,77610,4,4,0,3,0,0,1,2,3,13
1991-05-31,77610,7,4,2,1,0,0,0,2,6,9
1991-06-30,77610,17,2,0,0,0,1,0,0,3,7
1991-07-31,77610,6,2,0,2,0,0,0,0,2,19
1991-08-31,77610,3,1,4,6,1,0,0,0,2,14
1991-09-30,77610,4,1,0,4,5,4,0,1,0,11
1991-10-31,77610,3,4,6,2,4,3,0,1,0,8
1991-11-30,77610,6,2,1,2,0,5,3,1,4,6
1991-12-31,77610,6,7,7,4,0,0,0,1,6,0
1992-01-31,77610,10,3,9,4,0,2,0,0,0,3
1992-02-29,77610,13,0,5,2,0,2,1,2,4,0
1992-03-31,77610,10,1,3,2,0,2,1,3,5,4
1992-04-30,77610,7,8,1,0,1,3,2,0,3,5
1992-05-31,77610,8,3,3,5,2,1,0,0,1,8
1992-06-30,77610,3,2,0,3,2,1,0,0,1,18
1992-07-31,77610,8,0,3,6,0,0,0,0,2,12
1992-08-31,77610,14,0,1,2,3,1,1,0,0,9
1992-09-30,77610,9,1,2,1,4,1,0,0,2,10
1992-10-31,77610,0,0,0,2,3,2,3,5,0,16
1992-11-30,77610,7,2,2,1,1,1,5,4,4,3
1992-12-31,77610,4,4,4,6,4,2,2,1,1,3
1993-01-31,77610,14,1,5,2,0,1,2,0,4,2
1993-02-28,77610,5,8,3,9,0,0,0,0,2,1
1993-03-31,77610,13,6,1,2,1,2,0,0,0,6
1993-04-30,77610,2,1,0,2,3,5,3,1,3,10
1993-05-31,77610,10,1,3,2,2,1,0,0,0,12
1993-06-30,77610,5,3,2,3,2,0,0,0,4,11
1993-07-31,77610,14,6,0,3,3,0,0,0,2,3
1993-08-31,77610,5,3,2,6,1,0,0,0,1,13
1993-09-30,77610,4,1,2,4,5,4,1,1,1,7
1993-10-31,77610,1,1,3,6,4,8,1,1,0,6
1993-11-30,77610,6,2,6,4,2,1,0,0,1,8
1993-12-31,77610,8,2,0,0,0,3,6,8,1,3
1994-01-31,77610,6,4,3,0,1,2,3,4,5,3
1994-02-28,77610,2,5,1,2,4,4,2,1,1,6
1994-03-31,77610,14,4,0,0,0,2,1,2,4,4
1994-04-30,77610,2,2,2,0,0,2,3,3,6,10
1994-05-31,77610,4,1,1,1,3,3,2,1,1,14
1994-06-30,77610,8,6,1,1,3,1,0,1,1,8
1994-07-31,77610,1,4,4,6,1,0,0,0,0,15
1994-08-31,77610,6,0,3,3,3,1,0,0,3,12
1994-09-30,77610,5,3,1,1,9,2,2,0,1,6
1994-10-31,77610,7,0,5,6,3,0,3,1,0,6
1994-11-30,77610,11,3,1,0,4,3,1,1,3,3
1994-12-31,77610,10,1,1,1,2,1,4,1,4,6
1995-01-31,77610,1,9,2,0,0,3,9,3,3,1
1995-02-28,77610,11,2,0,0,0,1,5,5,2,2
1995-03-31,77610,3,5,1,3,1,1,3,5,5,4
1995-04-30,77610,7,3,4,1,1,1,3,0,4,6
1995-05-31,77610,10,4,0,1,1,3,1,1,2,8
1995-06-30,77610,9,2,1,2,0,0,0,0,1,15
1995-07-31,77610,7,2,6,3,1,0,0,0,0,12
1995-08-31,77610,1,3,2,4,0,0,0,0,4,17
1995-09-30,77610,6,1,2,0,1,1,2,1,2,14
1995-10-31,77610,11,1,3,7,5,1,0,0,0,3
1995-11-30,77610,1,6,1,3,7,2,0,1,4,5
1995-12-31,77610,1,0,2,6,2,1,3,0,1,15
1996-01-31,77610,0,1,2,7,11,1,0,1,0,8
1996-02-29,77610,1,6,1,2,3,0,1,2,3,10
1996-03-31,77610,2,2,2,4,2,0,0,0,4,15
1996-04-30,77610,7,2,2,0,2,2,0,0,1,14
1996-05-31,77610,9,1,1,0,1,4,2,1,2,10
1996-06-30,77610,15,3,4,0,0,1,0,0,1,6
1996-07-31,77610,9,3,3,3,0,1,0,0,2,10
1996-08-31,77610,7,3,2,1,0,0,0,0,0,18
1996-09-30,77610,3,3,4,2,1,2,0,2,2,11
1996-10-31,77610,6,7,0,2,2,1,1,1,2,9
1996-11-30,77610,5,0,0,1,3,3,2,3,4,9
1996-12-31,77610,2,1,3,4,5,5,0,0,1,10
1997-01-31,77610,8,1,4,3,7,0,0,0,0,8
1997-02-28,77610,14,2,0,0,0,1,3,5,2,1
1997-03-31,77610,8,8,5,0,0,0,0,2,4,4
1997-04-30,77610,6,3,3,5,0,0,2,1,4,6
1997-05-31,77610,6,1,3,6,2,2,3,2,1,5
1997-06-30,77610,2,1,0,3,2,2,1,0,3,16
1997-07-31,77610,5,2,1,1,1,0,0,0,5,16
1997-08-31,77610,6,1,3,5,1,1,1,0,1,12
1997-09-30,77610,4,1,9,2,1,0,0,0,0,13
1997-10-31,77610,2,3,4,4,3,2,0,3,1,9
1997-11-30,77610,0,2,1,1,5,5,2,0,0,14
1997-12-31,77610,4,3,3,1,5,0,2,2,4,7
1998-01-31,77610,5,2,5,4,2,2,4,3,3,1
1998-02-28,77610,12,7,3,1,0,1,1,1,0,2
1998-03-31,77610,5,11,4,1,1,1,1,2,1,4
1998-04-30,77610,4,1,1,1,1,8,9,3,0,2
1998-05-31,77610,7,1,5,2,2,1,0,0,1,12
1998-06-30,77610,13,2,0,2,3,1,0,1,2,6
1998-07-31,77610,7,3,1,2,1,0,0,0,4,13
1998-08-31,77610,1,6,2,2,1,0,0,0,2,17
1998-09-30,77610,1,0,4,2,5,2,1,6,1,8
1998-10-31,77610,8,2,0,0,2,1,3,3,5,7
1998-11-30,77610,1,9,5,0,0,1,3,2,2,7
1998-12-31,77610,9,5,1,2,3,1,1,1,3,5
1999-01-31,77610,14,2,1,0,2,0,2,4,3,3
1999-02-28,77610,4,5,2,0,0,0,2,6,7,2
1999-03-31,77610,3,4,2,2,4,6,3,0,1,6
1999-04-30,77610,3,3,0,0,2,2,3,4,4,9
1999-05-31,77610,6,0,0,2,7,0,0,2,1,13
1999-06-30,77610,8,3,2,1,1,0,0,0,1,14
1999-07-31,77610,3,7,2,3,3,0,0,0,1,12
1999-08-31,77610,5,1,3,4,4,1,0,0,0,13
1999-09-30,77610,5,0,5,1,6,3,2,0,0,8
1999-10-31,77610,13,3,0,1,4,4,0,0,1,5
1999-11-30,77610,6,5,4,3,1,0,0,2,1,8
1999-12-31,77610,5,7,1,1,0,2,6,3,3,3
2000-01-31,77610,10,3,6,4,0,0,0,3,3,2
2000-02-29,77610,9,5,0,0,0,1,1,8,5,0
2000-03-31,77610,10,4,2,1,0,2,2,1,4,5
2000-04-30,77610,0,0,1,1,5,5,3,3,3,9
2000-05-31,77610,10,1,0,1,6,0,0,0,2,11
2000-06-30,77610,10,5,1,3,2,0,0,0,1,8
2000-07-31,77610,6,4,3,1,4,3,0,2,3,5
2000-08-31,77610,6,1,2,3,4,0,0,0,0,15
2000-09-30,77610,7,2,3,2,3,2,0,0,2,9
2000-10-31,77610,7,7,0,3,2,6,0,0,1,5
2000-11-30,77610,4,0,0,0,2,12,4,3,1,4
2000-12-31,77610,9,1,0,3,3,6,1,3,0,5
2001-01-31,77610,1,2,3,3,3,9,6,1,0,3
2001-02-28,77610,2,10,0,2,0,4,3,1,3,3
2001-03-31,77610,2,1,0,0,1,9,10,4,1,3
2001-04-30,77610,7,6,0,0,1,2,3,0,7,4
2001-05-31,77610,5,1,1,3,0,3,0,0,1,17
2001-06-30,77610,5,6,1,0,2,0,0,0,3,13
2001-07-31,77610,10,1,3,0,3,0,0,0,1,13
2001-08-31,77610,5,3,1,4,1,0,0,0,0,17
2001-09-30,77610,12,3,0,1,2,0,0,0,7,5
2001-10-31,77610,15,0,1,2,7,1,1,0,1,3
2001-11-30,77610,4,2,4,4,0,0,0,2,4,10
2001-12-31,77610,6,4,9,1,0,0,1,4,3,3
2002-01-31,77610,15,2,1,2,0,1,5,0,1,4
2002-02-28,77610,10,2,1,1,0,1,3,2,5,3
2002-03-31,77610,4,3,4,3,2,1,1,1,3,9
2002-04-30,77610,5,4,0,3,2,0,0,1,2,13
2002-05-31,77610,5,1,1,2,4,1,0,2,3,12
2002-06-30,77610,9,0,4,1,1,1,0,2,1,11
2002-07-31,77610,10,3,2,0,0,0,0,0,2,14
2002-08-31,77610,3,1,2,1,1,0,0,2,1,20
2002-09-30,77610,0,4,5,1,3,0,0,0,1,16
2002-10-31,77610,8,2,0,1,2,5,3,1,2,7
2002-11-30,77610,0,3,0,0,4,7,3,3,3,7
2002-12-31,77610,2,1,1,3,3,4,3,1,0,13
2003-01-31,77610,3,6,3,1,0,2,3,3,3,7
2003-02-28,77610,3,2,8,4,4,0,1,0,3,3
2003-03-31,77610,13,2,4,2,0,1,2,0,1,6
2003-04-30,77610,3,4,3,4,4,4,0,1,0,7
2003-05-31,77610,8,3,0,2,1,0,0,0,4,13
2003-06-30,77610,9,3,0,1,4,1,0,0,0,12
2003-07-31,77610,3,5,4,1,4,0,0,0,0,14
2003-08-31,77610,3,1,4,5,2,1,0,0,0,15
2003-09-30,77610,6,1,7,3,2,0,0,0,2,9
2003-10-31,77610,4,1,1,8,4,3,1,2,2,5
2003-11-30,77610,6,0,5,4,7,1,0,2,0,5
2003-12-31,77610,4,5,3,5,4,2,1,0,3,4
2004-01-31,77610,5,6,0,1,0,1,4,3,5,6
2004-02-29,77610,12,1,1,1,1,0,0,2,0,11
2004-03-31,77610,7,6,1,4,3,0,1,1,0,8
2004-04-30,77610,1,5,1,1,3,0,1,6,0,12
2004-05-31,77610,6,1,4,1,2,0,2,3,1,11
2004-06-30,77610,11,5,2,0,0,0,0,0,1,11
2004-07-31,77610,5,7,0,4,4,0,0,0,2,9
2004-08-31,77610,7,0,1,0,6,1,0,0,3,13
2004-09-30,77610,5,4,4,8,3,0,0,0,4,2
2004-10-31,77610,8,0,0,2,5,8,2,0,0,6
2004-11-30,77610,7,9,6,0,0,1,0,2,1,4
2004-12-31,77610,3,4,6,4,1,2,0,5,1,5
2005-01-31,77610,11,6,1,0,0,0,1,1,6,5
2005-02-28,77610,2,6,3,4,0,0,0,4,2,7
2005-03-31,77610,9,2,1,0,1,2,0,3,4,9
2005-04-30,77610,9,2,1,2,2,3,1,4,2,4
2005-05-31,77610,8,2,1,2,1,1,0,0,5,11
2005-06-30,77610,6,3,4,2,3,0,0,0,0,12
2005-07-31,77610,4,5,0,0,3,0,0,0,3,16
2005-08-31,77610,6,5,3,2,1,0,0,0,3,11
2005-09-30,77610,7,4,3,1,4,0,0,0,0,11
2005-10-31,77610,7,1,1,5,7,3,0,0,0,7
2005-11-30,77610,9,2,5,2,3,1,2,1,1,4
2005-12-31,77610,5,3,6,0,0,3,2,2,2,8
2006-01-31,77610,3,4,7,10,2,1,0,1,0,3
2006-02-28,77610,2,4,5,0,0,3,3,1,4,6
2006-03-31,77610,3,3,0,3,1,3,3,6,3,6
2006-04-30,77610,6,5,0,3,1,1,0,0,5,9
2006-05-31,77610,15,3,0,3,1,1,0,0,1,7
2006-06-30,77610,7,3,0,3,6,0,0,0,0,11
2006-07-31,77610,6,1,3,4,0,0,0,0,0,17
2006-08-31,77610,6,4,0,0,2,0,0,2,3,14
2006-09-30,77610,6,2,2,6,4,2,0,0,0,8
2006-10-31,77610,3,3,6,2,3,8,1,0,0,5
2006-11-30,77610,12,2,3,0,1,6,1,1,3,1
2006-12-31,77610,11,1,9,2,1,4,1,1,0,1
2007-01-31,77610,10,1,2,1,1,1,4,4,4,3
2007-02-28,77610,3,0,3,1,2,2,5,4,3,5
2007-03-31,77610,5,3,4,2,0,2,1,3,3,8
2007-04-30,77610,7,0,2,10,0,0,0,0,0,11
2007-05-31,77610,5,1,2,2,2,2,0,2,7,8
2007-06-30,77610,11,0,1,0,2,1,1,0,1,13
2007-07-31,77610,12,4,1,0,3,1,0,0,3,7
2007-08-31,77610,5,2,6,0,0,0,0,0,2,16
2007-09-30,77610,6,8,4,3,1,1,0,0,0,7
2007-10-31,77610,6,6,8,7,1,0,0,0,0,3
2007-11-30,77610,0,6,8,0,5,0,0,1,3,7
2007-12-31,77610,5,5,8,4,0,0,2,3,4,0
2008-01-31,77610,13,2,0,0,3,6,2,2,2,1
2008-02-29,77610,11,1,6,3,3,1,1,1,1,1
2008-03-31,77610,1,5,0,0,1,2,3,9,2,8
2008-04-30,77610,2,4,1,0,1,6,4,2,4,6
2008-05-31,77610,5,0,0,5,5,0,0,0,0,16
2008-06-30,77610,5,1,2,4,1,0,0,0,3,14
2008-07-31,77610,8,4,0,1,2,0,0,0,1,15
2008-08-31,77610,9,3,4,0,0,1,0,0,1,13
2008-09-30,77610,6,3,8,2,1,2,0,0,1,7
2008-10-31,77610,10,0,6,2,2,1,1,0,1,8
2008-11-30,77610,3,3,2,1,4,3,0,2,1,11
2008-12-31,77610,3,3,0,5,3,1,3,1,3,9
2009-01-31,77610,1,3,7,3,0,2,2,0,1,12
2009-02-28,77610,3,7,1,0,3,3,1,1,6,3
2009-03-31,77610,7,2,4,0,1,3,0,1,7,6
2009-04-30,77610,2,2,0,1,4,2,2,1,0,16
2009-05-31,77610,7,8,1,2,7,0,0,0,0,6
2009-06-30,77610,5,6,0,2,0,3,1,0,0,13
2009-07-31,77610,8,4,0,2,4,0,0,0,1,12
2009-08-31,77610,3,1,3,7,0,0,0,0,0,17
2009-09-30,77610,5,1,15,1,0,0,0,0,0,8
2009-10-31,77610,4,8,3,0,4,1,0,0,2,9
2009-11-30,77610,7,0,0,0,0,9,6,1,1,6
2009-12-31,77610,1,4,3,1,0,11,1,1,3,6
2010-01-31,77610,4,1,4,5,1,0,0,3,3,10
2010-02-28,77610,2,2,0,2,2,6,4,1,1,8
2010-03-31,77610,5,3,3,2,1,6,3,2,1,5
2010-04-30,77610,10,3,2,0,2,0,0,0,1,12
2010-05-31,77610,3,4,0,0,0,5,0,1,7,11
2010-06-30,77610,4,3,1,1,3,1,0,0,5,12
2010-07-31,77610,7,5,5,3,2,0,0,0,1,8
2010-08-31,77610,12,4,1,0,0,1,0,0,2,11
2010-09-30,77610,2,5,0,1,2,0,0,0,2,18
2010-10-31,77610,0,6,2,7,7,1,0,0,2,6
2010-11-30,77610,3,2,0,1,2,3,4,2,3,10
2010-12-31,77610,4,6,1,1,3,4,1,0,3,8
2011-01-31,77610,5,7,3,2,1,4,1,1,2,5
2011-02-28,77610,7,7,1,0,0,3,1,0,1,8
2011-03-31,77610,7,3,5,2,4,1,2,0,1,6
2011-04-30,77610,6,6,3,4,2,0,0,0,1,8
2011-05-31,77610,5,5,2,3,4,0,0,0,1,11
2011-06-30,77610,13,5,2,1,1,0,0,0,3,5
2011-07-31,77610,6,3,0,2,0,0,0,0,4,16
2011-08-31,77610,5,3,1,4,1,0,0,0,1,16
2011-09-30,77610,6,1,4,2,2,0,0,0,3,12
2011-10-31,77610,7,5,6,6,3,0,0,0,2,2
2011-11-30,77610,5,0,4,12,6,0,0,0,0,3
2011-12-31,77610,3,2,2,0,0,1,7,7,7,2
2012-01-31,77610,4,3,4,2,0,0,2,4,9,3
2012-02-29,77610,6,10,6,0,0,0,0,1,2,4
2012-03-31,77610,10,4,5,2,1,3,0,0,1,5
2012-04-30,77610,1,0,0,0,3,3,8,1,2,12
2012-05-31,77610,10,3,0,0,3,1,1,2,3,8
2012-06-30,77610,8,3,1,1,5,0,0,1,2,9
2012-07-31,77610,10,8,2,1,0,0,0,0,0,10
2012-08-31,77610,3,2,5,3,2,0,0,0,0,16
2012-09-30,77610,3,6,3,3,2,2,1,0,0,10
2012-10-31,77610,5,0,0,0,8,1,0,0,1,16
2012-11-30,77610,5,0,4,4,5,3,2,1,0,6
2012-12-31,77610,2,3,1,1,2,3,4,5,7,3
2013-01-31,77610,4,4,0,0,1,1,1,3,3,14
2013-02-28,77610,2,2,2,1,0,1,1,1,6,12
2013-03-31,77610,0,0,1,1,8,1,7,0,3,10
2013-04-30,77610,8,2,0,3,1,1,3,0,0,12
2013-05-31,77610,5,2,0,0,2,0,1,5,5,11
2013-06-30,77610,9,5,0,0,4,0,0,1,4,7
2013-07-31,77610,10,2,4,2,3,0,0,0,0,10
2013-08-31,77610,5,4,6,1,1,0,0,0,0,14
2013-09-30,77610,7,0,4,1,1,0,0,2,2,13
2013-10-31,77610,4,1,3,3,8,2,0,0,1,9
2013-11-30,77610,2,8,3,2,0,2,2,2,2,7
2013-12-31,77610,14,3,3,1,1,4,0,0,2,3
2014-01-31,77610,7,1,0,0,2,7,0,3,1,10
2014-02-28,77610,2,0,0,1,1,8,4,2,2,8
2014-03-31,77610,9,3,5,1,0,1,0,2,2,8
2014-04-30,77610,3,6,1,0,2,0,0,3,4,11
2014-05-31,77610,9,4,1,0,4,2,0,1,2,8
2014-06-30,77610,7,1,3,3,2,0,0,0,1,13
2014-07-31,77610,4,1,1,2,3,0,0,0,6,14
2014-08-31,77610,8,4,1,0,3,0,0,0,1,14
2014-09-30,77610,1,3,3,2,4,0,0,0,0,17
2014-10-31,77610,5,1,3,2,7,3,0,1,2,7
2014-11-30,77610,1,1,0,3,12,5,2,0,0,6
2014-12-31,77610,4,8,0,0,2,1,1,1,5,9
2015-01-31,77610,5,5,0,1,0,3,2,5,5,5
2015-02-28,77610,3,6,2,1,1,2,0,3,2,8
2015-03-31,77610,3,5,3,9,0,0,1,4,2,4
2015-04-30,77610,11,3,2,0,0,3,0,0,3,8
2015-05-31,77610,9,7,0,0,1,3,2,0,2,7
2015-06-30,77610,8,4,3,4,3,0,0,0,1,7
2015-07-31,77610,7,2,2,5,2,0,0,0,0,13
2015-08-31,77610,5,0,2,2,2,1,0,0,0,19
2015-09-30,77610,1,5,6,2,3,4,0,0,0,9
2015-10-31,77610,2,2,6,2,4,4,0,0,1,10
2015-11-30,77610,13,5,2,1,1,0,0,3,3,2
2015-12-31,77610,26,1,1,0,1,1,0,0,1,0
2016-01-31,77610,10,1,0,0,0,2,7,4,2,5
2016-02-29,77610,3,1,0,0,1,2,5,4,3,10
2016-03-31,77610,0,5,3,0,1,2,3,2,3,12
2016-04-30,77610,3,3,2,2,1,5,1,3,3,7
2016-05-31,77610,4,2,0,2,5,1,3,4,4,6
2016-06-30,77610,8,5,0,1,0,2,0,3,1,10
2016-07-31,77610,9,3,1,1,0,0,0,0,2,15
2016-08-31,77610,6,8,5,3,1,0,0,0,0,8
2016-09-30,77610,8,0,3,2,2,0,0,0,1,14
2016-10-31,77610,3,4,8,5,5,0,0,0,0,6
2016-11-30,77610,5,0,4,0,4,3,0,3,2,9
2016-12-31,77610,9,4,7,7,0,0,0,0,3,1
2017-01-31,77610,5,7,6,4,2,1,1,1,2,2
2017-02-28,77610,10,1,1,3,2,4,3,0,1,3
2017-03-31,77610,8,2,4,1,3,1,1,5,3,3
2017-04-30,77610,6,7,2,0,0,1,0,0,3,11
2017-05-31,77610,8,2,1,2,1,1,0,1,3,12
2017-06-30,77610,14,1,2,1,1,1,1,0,0,9
2017-07-31,77610,5,3,2,6,3,0,0,0,5,7
2017-08-31,77610,4,2,4,8,1,0,0,0,1,11
2017-09-30,77610,11,1,1,0,0,1,0,1,2,13
2017-10-31,77610,15,4,1,0,3,0,0,0,5,3
2017-11-30,77610,7,6,0,0,1,2,1,1,5,7
2017-12-31,77610,3,5,2,0,0,3,9,2,5,2
2018-01-31,77610,7,2,1,0,4,2,3,7,2,3
2018-02-28,77610,2,3,3,1,1,1,0,1,1,15
2018-03-31,77610,0,2,0,0,2,8,7,2,2,8
2018-04-30,77610,9,0,4,0,3,7,1,1,1,4
2018-05-31,77610,3,1,3,3,1,0,0,1,0,19
2018-06-30,77610,4,5,6,0,0,0,0,0,1,14
2018-07-31,77610,3,1,3,0,0,0,0,0,1,23
2018-08-31,77610,2,2,4,3,1,0,0,0,0,19
2018-09-30,77610,7,3,5,2,2,0,0,0,0,11
2018-10-31,77610,1,3,5,8,4,1,0,0,2,7
2018-11-30,77610,2,1,4,4,6,4,0,0,1,8
2018-12-31,77610,9,5,1,0,1,0,2,4,4,5
2019-01-31,77610,1,11,1,0,0,2,2,3,7,4
2019-02-28,77610,11,7,3,0,0,1,1,1,1,3
2019-03-31,77610,8,3,6,0,0,1,2,5,4,2
2019-04-30,77610,2,1,0,4,2,5,0,3,3,10
2019-05-31,77610,5,5,1,0,1,1,1,3,4,10
2019-06-30,77610,7,1,2,7,1,1,0,0,0,11
2019-07-31,77610,3,1,2,6,2,0,0,0,1,16
2019-08-31,77610,5,2,3,6,3,0,0,0,0,12
2019-09-30,77610,6,3,6,4,2,0,0,0,0,9
2019-10-31,77610,8,2,0,1,6,3,0,0,2,9
2019-11-30,77610,0,0,1,0,3,3,4,1,0,18
2019-12-31,77610,6,1,4,2,4,3,2,5,3,1
2020-01-31,77610,15,3,1,4,1,0,4,1,2,0
2020-02-29,77610,7,2,1,0,0,1,5,8,5,0
2020-03-31,77610,6,1,5,4,1,2,1,2,4,5
2020-04-30,77610,7,2,1,6,1,1,2,1,0,9
2020-05-31,77610,5,4,5,1,2,2,1,1,0,10
2020-06-30,77610,8,2,1,1,1,2,0,2,3,10
2020-07-31,77610,7,7,4,2,0,0,0,0,0,11
2020-08-31,77610,3,2,2,1,4,0,0,0,2,17
2020-09-30,77610,5,0,4,4,1,1,0,3,0,12
2020-10-31,77610,7,2,0,0,3,4,4,3,3,5
2020-11-30,77610,10,3,6,5,3,1,0,0,1,1
2020-12-31,77610,4,1,0,0,4,6,4,1,1,10
2021-01-31,77610,1,4,3,1,1,3,2,4,5,7
2021-02-28,77610,6,1,3,2,5,4,4,0,0,3
2021-03-31,77610,12,6,2,3,0,0,0,2,4,2
2021-04-30,77610,2,4,7,0,4,1,0,1,2,9
2021-05-31,77610,10,1,1,1,2,1,2,4,3,6
2021-06-30,77610,2,1,1,0,8,1,0,0,1,16
2021-07-31,77610,4,4,1,0,3,0,0,0,1,18
2021-08-31,77610,5,4,3,4,0,0,0,0,0,15
2021-09-30,77610,2,1,4,3,5,0,0,0,0,15
2021-10-31,77610,3,7,6,2,2,2,1,0,1,7
2021-11-30,77610,2,2,8,3,0,0,2,1,2,10
2021-12-31,77610,4,4,4,0,0,4,3,3,4,5
1981-01-31,165600,0,10,0,0,1,0,0,6,11,3
1981-02-28,165600,5,2,2,1,1,0,1,2,4,10
1981-03-31,165600,11,0,0,1,1,0,3,3,2,10
1981-04-30,165600,7,0,1,4,0,1,2,0,0,15
1981-05-31,165600,14,0,1,2,2,0,3,4,0,5
1981-06-30,165600,12,5,0,2,1,0,0,0,3,7
1981-07-31,165600,10,2,0,0,1,0,0,0,11,7
1981-08-31,165600,2,7,0,0,0,0,0,0,0,22
1981-09-30,165600,4,2,0,0,2,1,1,1,2,17
1981-10-31,165600,10,0,0,0,0,3,3,6,1,8
1981-11-30,165600,16,6,0,0,0,0,0,1,6,1
1981-12-31,165600,0,1,0,0,0,6,9,9,3,3
1982-01-31,165600,2,6,1,5,0,1,0,4,4,8
1982-02-28,165600,6,1,1,6,0,0,0,0,2,12
1982-03-31,165600,5,2,1,4,0,1,1,5,4,8
1982-04-30,165600,3,5,2,1,0,0,0,1,3,15
1982-05-31,165600,14,2,3,0,2,0,0,1,2,7
1982-06-30,165600,10,0,0,2,0,0,0,2,2,14
1982-07-31,165600,5,0,0,0,1,0,0,0,5,20
1982-08-31,165600,7,2,0,0,0,0,0,0,6,16
1982-09-30,165600,9,3,2,0,1,0,1,0,1,13
1982-10-31,165600,0,2,3,3,2,1,2,5,4,9
1982-11-30,165600,7,0,3,0,3,3,1,1,3,9
1982-12-31,165600,3,5,0,0,0,1,8,3,3,8
1983-01-31,165600,11,3,0,0,0,0,1,7,9,0
1983-02-28,165600,4,2,1,2,2,1,1,3,2,10
1983-03-31,165600,10,4,0,0,1,2,0,4,4,6
1983-04-30,165600,9,1,0,1,4,2,4,2,2,5
1983-05-31,165600,12,0,0,0,4,4,1,3,1,6
1983-06-30,165600,10,1,1,0,1,0,0,1,6,10
1983-07-31,165600,3,0,0,0,0,0,0,0,0,28
1983-08-31,165600,2,2,0,1,0,0,0,1,2,23
1983-09-30,165600,10,3,1,0,0,1,0,0,5,10
1983-10-31,165600,13,5,2,0,0,0,1,0,5,5
1983-11-30,165600,2,2,3,2,0,0,2,1,2,16
1983-12-31,165600,2,8,1,0,0,5,2,4,3,6
1984-01-31,165600,6,1,0,0,1,3,6,8,5,1
1984-02-29,165600,3,5,1,0,0,0,0,3,6,11
1984-03-31,165600,1,7,1,2,1,2,2,4,2,9
1984-04-30,165600,7,2,1,3,1,0,0,2,5,9
1984-05-31,165600,4,0,0,1,3,2,3,1,1,16
1984-06-30,165600,12,3,0,2,0,2,2,0,2,7
1984-07-31,165600,10,5,0,0,2,0,0,1,5,8
1984-08-31,165600,5,2,0,0,1,0,0,1,4,18
1984-09-30,165600,10,1,0,0,2,1,1,5,2,8
1984-10-31,165600,8,4,5,0,0,2,3,0,3,6
1984-11-30,165600,2,1,0,4,4,2,4,4,1,8
1984-12-31,165600,9,8,0,0,1,2,0,1,4,6
1985-01-31,165600,3,0,0,0,0,4,1,6,8,9
1985-02-28,165600,7,1,3,1,0,1,2,0,3,10
1985-03-31,165600,8,0,2,0,0,0,4,2,3,12
1985-04-30,165600,8,5,0,2,1,4,1,2,2,5
1985-05-31,165600,10,1,1,1,0,0,2,1,1,14
1985-06-30,165600,14,0,0,0,0,1,1,0,4,10
1985-07-31,165600,7,3,0,0,0,0,0,0,2,19
1985-08-31,165600,10,2,0,0,0,0,0,1,7,11
1985-09-30,165600,10,4,1,0,0,0,0,0,2,13
1985-10-31,165600,8,3,3,4,0,0,0,0,2,11
1985-11-30,165600,2,1,1,1,0,2,2,3,4,14
1985-12-31,165600,8,5,0,1,0,4,2,0,5,6
1986-01-31,165600,3,1,0,0,0,2,5,8,8,4
1986-02-28,165600,0,0,1,2,1,2,1,1,2,18
1986-03-31,165600,7,1,1,2,1,0,2,3,4,10
1986-04-30,165600,3,1,0,0,6,4,2,4,3,7
1986-05-31,165600,6,1,1,0,0,0,0,0,7,16
1986-06-30,165600,9,2,0,0,0,0,1,0,6,12
1986-07-31,165600,10,2,0,0,0,2,0,0,5,12
1986-08-31,165600,4,2,1,0,0,1,0,0,3,20
1986-09-30,165600,8,6,1,1,1,0,0,0,0,13
1986-10-31,165600,8,4,1,3,1,0,0,4,3,7
1986-11-30,165600,7,5,3,3,4,0,2,1,3,2
1986-12-31,165600,10,3,0,0,0,0,0,10,5,3
1987-01-31,165600,4,2,0,1,0,1,4,5,3,11
1987-02-28,165600,2,1,1,1,2,3,0,3,5,10
1987-03-31,165600,5,5,3,3,0,1,3,2,6,3
1987-04-30,165600,12,3,0,1,3,2,0,3,2,4
1987-05-31,165600,11,0,0,1,0,1,0,1,7,10
1987-06-30,165600,15,2,0,0,0,1,0,1,2,9
1987-07-31,165600,11,0,0,0,0,1,0,0,4,15
1987-08-31,165600,8,2,0,0,1,0,0,0,3,17
1987-09-30,165600,12,2,2,0,0,1,0,0,2,11
1987-10-31,165600,3,0,1,1,8,3,1,2,0,12
1987-11-30,165600,3,1,3,0,1,3,1,2,8,8
1987-12-31,165600,14,1,0,0,4,1,1,2,0,8
1988-01-31,165600,2,3,0,3,4,3,5,7,2,2
1988-02-29,165600,5,1,2,0,0,1,3,6,6,5
1988-03-31,165600,3,0,0,0,0,3,2,8,12,3
1988-04-30,165600,8,0,1,3,1,0,0,3,0,14
1988-05-31,165600,8,1,1,3,2,2,1,0,1,12
1988-06-30,165600,8,3,1,0,1,0,0,0,2,15
1988-07-31,165600,9,5,0,0,2,0,0,1,4,10
1988-08-31,165600,8,0,0,0,0,0,0,0,4,19
1988-09-30,165600,15,2,1,0,0,0,0,1,5,6
1988-10-31,165600,7,1,2,3,4,1,1,2,1,9
1988-11-30,165600,7,5,4,5,0,0,1,1,2,5
1988-12-31,165600,6,12,0,0,0,1,0,4,5,3
1989-01-31,165600,22,5,1,1,0,0,0,0,0,2
1989-02-28,165600,15,1,3,0,0,2,3,1,3,0
1989-03-31,165600,7,4,2,2,2,1,2,1,5,5
1989-04-30,165600,4,0,0,1,5,1,5,2,3,9
1989-05-31,165600,10,0,2,2,1,0,0,0,4,12
1989-06-30,165600,14,1,1,0,0,0,0,1,2,11
1989-07-31,165600,7,3,0,0,0,0,0,1,3,17
1989-08-31,165600,3,0,0,0,1,0,0,0,6,21
1989-09-30,165600,6,1,1,3,0,0,0,0,6,13
1989-10-31,165600,14,1,3,1,1,0,0,1,5,5
1989-11-30,165600,5,0,5,4,1,3,1,1,1,9
1989-12-31,165600,3,0,5,4,0,4,5,0,1,9
1990-01-31,165600,12,5,3,2,0,3,2,1,1,2
1990-02-28,165600,14,1,0,0,1,1,2,7,1,1
1990-03-31,165600,15,2,5,0,0,1,0,1,4,3
1990-04-30,165600,5,1,0,3,3,0,1,3,4,10
1990-05-31,165600,11,3,2,0,1,0,0,0,0,14
1990-06-30,165600,13,2,0,0,0,0,1,2,2,10
1990-07-31,165600,7,5,0,0,0,0,0,0,3,16
1990-08-31,165600,8,2,0,0,0,0,0,0,3,18
1990-09-30,165600,7,2,0,1,0,0,1,3,2,14
1990-10-31,165600,3,1,1,3,1,0,5,1,0,16
1990-11-30,165600,1,6,2,2,0,3,3,2,6,5
1990-12-31,165600,3,5,3,0,0,2,1,2,4,11
1991-01-31,165600,8,3,8,2,0,0,3,1,2,4
1991-02-28,165600,3,3,0,4,0,4,3,0,5,6
1991-03-31,165600,2,3,3,1,6,3,1,2,4,6
1991-04-30,165600,3,2,1,3,0,1,1,2,6,11
1991-05-31,165600,9,2,1,1,0,1,0,2,6,9
1991-06-30,165600,17,2,0,0,0,0,1,0,2,8
1991-07-31,165600,5,0,0,0,0,0,0,0,5,21
1991-08-31,165600,4,0,1,0,0,0,0,0,5,21
1991-09-30,165600,5,0,1,0,1,1,0,0,2,20
1991-10-31,165600,3,1,3,2,2,2,0,1,4,13
1991-11-30,165600,6,0,1,2,0,4,4,2,5,6
1991-12-31,165600,8,6,8,0,0,0,0,2,7,0
1992-01-31,165600,18,1,4,1,0,1,1,0,0,5
1992-02-29,165600,13,4,2,1,0,1,1,2,5,0
1992-03-31,165600,10,0,4,3,0,2,1,2,5,4
1992-04-30,165600,8,0,0,0,2,1,4,0,10,5
1992-05-31,165600,8,3,3,0,0,1,0,0,3,13
1992-06-30,165600,5,1,0,3,1,0,0,1,3,16
1992-07-31,165600,11,5,0,0,1,0,0,1,3,10
1992-08-31,165600,10,0,0,0,0,0,1,1,5,14
1992-09-30,165600,8,0,0,0,2,0,0,0,3,17
1992-10-31,165600,0,0,0,1,2,1,4,7,0,16
1992-11-30,165600,10,3,1,0,0,2,1,7,4,2
1992-12-31,165600,5,2,5,4,1,2,3,1,2,6
1993-01-31,165600,15,3,0,2,0,0,1,1,4,5
1993-02-28,165600,7,6,2,5,0,0,0,0,5,3
1993-03-31,165600,12,2,1,2,0,1,0,2,4,7
1993-04-30,165600,3,0,0,2,4,2,1,4,3,11
1993-05-31,165600,10,2,0,1,4,1,0,2,2,9
1993-06-30,165600,9,2,0,1,0,0,0,0,4,14
1993-07-31,165600,13,2,2,1,0,1,0,0,4,8
1993-08-31,165600,2,2,0,0,0,0,0,0,4,23
1993-09-30,165600,6,0,0,0,3,4,1,3,1,12
1993-10-31,165600,2,1,6,3,2,9,1,2,0,5
1993-11-30,165600,6,1,3,3,1,1,1,0,2,12
1993-12-31,165600,5,2,0,0,0,2,4,9,5,4
1994-01-31,165600,4,2,2,0,0,3,4,4,9,3
1994-02-28,165600,4,0,1,2,3,3,2,1,4,8
1994-03-31,165600,19,3,0,0,0,1,1,0,3,4
1994-04-30,165600,2,4,1,0,0,0,4,6,3,10
1994-05-31,165600,7,1,0,1,1,2,1,1,3,14
1994-06-30,165600,11,5,0,0,2,0,0,1,4,7
1994-07-31,165600,1,2,0,0,0,0,0,0,5,23
1994-08-31,165600,5,0,0,0,0,1,0,2,4,19
1994-09-30,165600,6,2,0,1,3,0,2,2,3,11
1994-10-31,165600,7,2,0,3,1,0,3,1,1,13
1994-11-30,165600,11,1,1,0,3,1,1,2,4,6
1994-12-31,165600,10,2,0,1,1,0,4,3,4,6
1995-01-31,165600,3,6,0,0,0,2,8,4,6,2
1995-02-28,165600,9,3,1,0,0,1,4,5,3,2
1995-03-31,165600,6,3,1,3,0,0,2,7,5,4
1995-04-30,165600,9,3,5,1,0,1,3,0,4,4
1995-05-31,165600,11,2,1,0,2,1,1,2,1,10
1995-06-30,165600,13,0,2,0,0,0,0,0,1,14
1995-07-31,165600,8,5,0,0,0,0,0,0,2,16
1995-08-31,165600,1,0,0,0,0,0,0,0,8,22
1995-09-30,165600,4,3,0,1,0,3,2,2,2,13
1995-10-31,165600,15,4,3,0,1,0,0,0,0,8
1995-11-30,165600,1,2,1,2,5,1,2,1,7,8
1995-12-31,165600,2,0,2,2,2,2,4,3,0,14
1996-01-31,165600,1,0,3,2,7,1,1,2,1,13
1996-02-29,165600,0,3,1,3,1,1,1,3,6,10
1996-03-31,165600,4,3,2,2,2,0,0,1,3,14
1996-04-30,165600,6,2,4,0,3,1,0,0,2,12
1996-05-31,165600,12,1,0,0,1,2,1,2,2,10
1996-06-30,165600,11,6,0,0,0,1,1,1,5,5
1996-07-31,165600,10,1,0,0,0,2,0,0,5,13
1996-08-31,165600,3,2,0,0,0,0,0,0,1,25
1996-09-30,165600,2,0,1,1,0,1,0,5,5,15
1996-10-31,165600,6,2,0,0,2,1,1,3,6,10
1996-11-30,165600,5,1,0,0,0,4,5,5,4,6
1996-12-31,165600,0,1,0,3,2,5,1,0,4,15
1997-01-31,165600,10,3,2,1,5,3,2,0,0,5
1997-02-28,165600,16,1,1,0,0,0,1,4,5,0
1997-03-31,165600,8,9,3,0,0,0,0,3,4,4
1997-04-30,165600,6,3,0,4,1,0,2,1,5,8
1997-05-31,165600,11,1,1,5,1,2,1,1,0,8
1997-06-30,165600,5,0,1,0,2,2,0,0,1,19
1997-07-31,165600,5,1,0,0,1,0,0,1,6,17
1997-08-31,165600,5,3,0,0,0,0,0,1,1,21
1997-09-30,165600,4,6,0,0,0,0,0,0,0,20
1997-10-31,165600,1,1,1,1,1,0,0,3,4,19
1997-11-30,165600,0,1,0,0,2,4,4,2,1,16
1997-12-31,165600,2,2,1,0,4,1,3,7,4,7
1998-01-31,165600,6,0,1,0,1,1,4,2,6,10
1998-02-28,165600,11,4,1,0,0,1,0,1,4,6
1998-03-31,165600,6,12,0,2,1,0,0,3,3,4
1998-04-30,165600,6,2,0,1,2,7,7,2,0,3
1998-05-31,165600,8,0,1,2,1,0,0,2,3,14
1998-06-30,165600,13,0,0,2,2,0,0,2,2,9
1998-07-31,165600,11,1,0,0,0,0,1,0,6,12
1998-08-31,165600,3,3,0,0,0,0,0,1,5,19
1998-09-30,165600,1,1,3,0,0,2,1,6,2,14
1998-10-31,165600,9,1,0,0,0,2,1,5,6,7
1998-11-30,165600,3,7,0,1,0,0,4,3,5,7
1998-12-31,165600,9,2,1,1,2,1,1,2,5,7
1999-01-31,165600,11,2,2,1,2,0,2,5,4,2
1999-02-28,165600,2,6,0,2,0,0,2,7,7,2
1999-03-31,165600,3,2,3,4,4,2,4,2,4,3
1999-04-30,165600,6,0,0,1,3,2,2,4,6,6
1999-05-31,165600,9,0,0,2,4,0,0,2,1,13
1999-06-30,165600,6,4,2,0,0,0,0,0,5,13
1999-07-31,165600,3,3,0,0,0,0,0,0,6,19
1999-08-31,165600,7,0,0,0,0,0,0,0,3,21
1999-09-30,165600,5,3,0,1,0,1,2,1,1,16
1999-10-31,165600,12,1,1,0,1,5,0,0,3,8
1999-11-30,165600,4,3,4,1,0,0,0,3,3,12
1999-12-31,165600,4,6,1,0,0,1,5,4,5,5
2000-01-31,165600,10,3,4,2,0,0,0,3,5,4
2000-02-29,165600,14,3,0,0,0,0,0,6,6,0
2000-03-31,165600,10,4,1,2,2,0,2,0,3,7
2000-04-30,165600,3,0,1,1,5,4,4,5,1,6
2000-05-31,165600,8,1,0,4,2,0,0,1,1,14
2000-06-30,165600,9,4,1,0,0,0,0,0,6,10
2000-07-31,165600,8,2,1,0,0,5,1,2,6,6
2000-08-31,165600,5,1,0,0,0,0,0,0,5,20
2000-09-30,165600,7,3,0,0,1,2,0,0,4,13
2000-10-31,165600,6,1,0,4,2,4,1,2,5,6
2000-11-30,165600,6,0,0,0,0,9,2,7,1,5
2000-12-31,165600,9,0,0,2,4,5,2,4,1,4
2001-01-31,165600,2,0,1,0,0,7,6,1,1,13
2001-02-28,165600,1,3,0,2,0,4,3,3,7,5
2001-03-31,165600,3,1,0,0,2,6,8,4,1,6
2001-04-30,165600,9,3,0,0,1,1,2,5,5,4
2001-05-31,165600,5,1,2,1,2,1,0,1,1,17
2001-06-30,165600,10,2,1,0,0,1,0,1,5,10
2001-07-31,165600,7,3,0,0,2,0,0,1,3,15
2001-08-31,165600,6,3,0,0,0,0,0,0,3,19
2001-09-30,165600,10,1,0,0,0,1,0,2,9,7
2001-10-31,165600,16,0,2,0,1,2,0,0,2,8
2001-11-30,165600,4,3,2,3,0,0,0,1,5,12
2001-12-31,165600,6,6,3,0,0,0,2,3,4,7
2002-01-31,165600,19,1,2,1,0,2,1,0,2,3
2002-02-28,165600,9,3,2,0,0,1,4,4,3,2
2002-03-31,165600,3,6,1,3,1,1,0,3,4,9
2002-04-30,165600,7,3,0,2,1,1,0,1,3,12
2002-05-31,165600,8,0,0,3,3,0,1,1,4,11
2002-06-30,165600,10,0,0,0,1,1,1,2,0,15
2002-07-31,165600,7,5,0,1,0,0,0,0,6,12
2002-08-31,165600,4,1,0,0,0,0,0,2,6,18
2002-09-30,165600,1,2,2,0,0,0,0,0,6,19
2002-10-31,165600,9,1,0,0,1,3,3,2,5,7
2002-11-30,165600,0,2,0,0,3,7,1,4,4,9
2002-12-31,165600,7,0,1,0,2,1,3,2,1,14
2003-01-31,165600,3,7,1,0,0,1,4,5,2,8
2003-02-28,165600,4,1,4,3,3,0,1,1,4,7
2003-03-31,165600,13,3,3,1,1,0,2,0,2,6
2003-04-30,165600,4,3,2,3,4,3,1,2,2,6
2003-05-31,165600,6,0,1,2,2,0,0,0,6,14
2003-06-30,165600,12,2,0,0,0,0,0,0,1,15
2003-07-31,165600,5,1,0,0,0,0,0,1,5,19
2003-08-31,165600,2,3,0,0,0,0,1,0,1,24
2003-09-30,165600,9,3,4,0,0,0,0,1,2,11
2003-10-31,165600,4,0,0,1,1,2,3,2,3,15
2003-11-30,165600,6,1,5,3,5,1,1,3,0,5
2003-12-31,165600,5,6,0,2,3,2,1,0,5,7
2004-01-31,165600,6,2,0,0,0,1,3,6,7,6
2004-02-29,165600,12,1,1,0,2,0,2,2,1,8
2004-03-31,165600,7,3,0,5,2,0,0,2,2,10
2004-04-30,165600,4,5,0,1,3,0,1,6,1,9
2004-05-31,165600,9,1,3,1,2,0,4,0,1,10
2004-06-30,165600,14,3,0,0,0,0,1,1,5,6
2004-07-31,165600,10,1,0,0,0,0,0,0,9,11
2004-08-31,165600,9,0,0,0,0,1,0,0,4,17
2004-09-30,165600,10,2,0,0,0,0,0,0,9,9
2004-10-31,165600,7,0,0,0,0,7,5,0,0,12
2004-11-30,165600,7,4,1,0,0,1,0,2,6,9
2004-12-31,165600,5,4,2,1,2,2,0,3,3,9
2005-01-31,165600,12,2,0,0,0,0,1,1,9,6
2005-02-28,165600,2,2,3,3,0,0,1,4,6,7
2005-03-31,165600,8,0,1,0,1,1,2,2,6,10
2005-04-30,165600,7,0,1,3,2,3,1,4,2,7
2005-05-31,165600,8,4,0,0,0,0,0,1,6,12
2005-06-30,165600,6,5,0,0,0,0,0,0,2,17
2005-07-31,165600,4,0,0,0,0,0,0,0,7,20
2005-08-31,165600,5,3,0,0,0,0,0,2,5,16
2005-09-30,165600,8,2,0,0,2,0,0,0,4,14
2005-10-31,165600,11,1,1,3,3,0,0,0,0,12
2005-11-30,165600,12,1,1,2,1,2,3,0,2,6
2005-12-31,165600,7,3,1,0,0,1,5,4,3,7
2006-01-31,165600,7,7,3,4,2,0,1,1,1,5
2006-02-28,165600,2,5,0,0,0,2,4,2,3,10
2006-03-31,165600,4,1,0,1,1,2,3,4,4,11
2006-04-30,165600,5,0,1,3,1,2,0,1,8,9
2006-05-31,165600,15,2,1,3,0,0,0,1,2,7
2006-06-30,165600,10,0,0,0,4,0,0,0,3,13
2006-07-31,165600,3,0,0,0,0,0,0,0,1,27
2006-08-31,165600,6,1,0,0,1,0,0,2,11,10
2006-09-30,165600,11,0,0,0,2,0,0,2,2,13
2006-10-31,165600,4,0,3,1,3,4,3,1,4,8
2006-11-30,165600,15,2,1,1,1,4,2,2,2,0
2006-12-31,165600,13,1,3,1,0,1,3,1,0,8
2007-01-31,165600,15,1,1,0,0,1,3,5,3,2
2007-02-28,165600,2,1,1,0,1,0,6,5,4,8
2007-03-31,165600,6,5,0,1,0,2,3,3,2,9
2007-04-30,165600,9,1,3,4,2,0,0,0,0,11
2007-05-31,165600,3,0,0,1,0,1,1,5,7,13
2007-06-30,165600,14,1,0,0,0,0,0,0,1,14
2007-07-31,165600,11,1,0,0,1,0,1,1,8,8
2007-08-31,165600,3,3,2,0,0,1,0,0,4,18
2007-09-30,165600,8,4,0,0,0,0,0,2,3,13
2007-10-31,165600,4,5,6,1,0,0,0,0,3,12
2007-11-30,165600,1,6,3,0,4,0,0,3,8,5
2007-12-31,165600,4,7,3,3,1,0,1,5,4,3
2008-01-31,165600,12,3,0,0,3,4,3,2,3,1
2008-02-29,165600,17,3,3,1,2,1,0,1,0,1
2008-03-31,165600,2,2,0,0,1,1,2,10,3,10
2008-04-30,165600,5,2,0,0,1,7,2,4,5,4
2008-05-31,165600,5,0,2,3,4,1,0,0,0,16
2008-06-30,165600,6,1,2,1,1,0,0,2,4,13
2008-07-31,165600,9,0,0,0,0,0,0,0,6,16
2008-08-31,165600,6,3,0,0,0,0,0,1,5,16
2008-09-30,165600,5,4,1,0,0,2,0,0,4,14
2008-10-31,165600,13,1,3,0,0,1,1,1,1,10
2008-11-30,165600,5,3,0,1,2,3,1,3,1,11
2008-12-31,165600,6,1,2,1,1,1,3,2,6,8
2009-01-31,165600,3,0,4,0,0,2,2,1,3,16
2009-02-28,165600,3,5,0,0,1,3,2,3,7,4
2009-03-31,165600,4,2,2,0,1,1,0,5,5,11
2009-04-30,165600,2,0,0,0,2,2,1,2,3,18
2009-05-31,165600,6,5,0,0,4,0,0,0,4,12
2009-06-30,165600,6,0,0,0,0,2,0,0,7,15
2009-07-31,165600,6,2,0,0,1,1,0,0,5,16
2009-08-31,165600,3,0,1,0,0,0,0,0,2,25
2009-09-30,165600,4,8,2,0,1,0,0,0,1,14
2009-10-31,165600,5,7,0,0,2,0,0,1,8,8
2009-11-30,165600,10,0,0,0,1,4,6,3,1,5
2009-12-31,165600,2,1,0,0,0,5,5,5,5,8
2010-01-31,165600,4,3,1,2,0,0,2,5,2,12
2010-02-28,165600,3,1,0,0,1,5,4,3,3,8
2010-03-31,165600,6,2,2,0,1,3,2,2,3,10
2010-04-30,165600,11,4,1,1,2,0,0,0,1,10
2010-05-31,165600,5,2,0,0,0,1,0,2,6,15
2010-06-30,165600,7,1,0,0,3,0,0,2,7,10
2010-07-31,165600,7,3,0,0,0,0,0,0,7,14
2010-08-31,165600,14,1,0,0,0,0,0,0,8,8
2010-09-30,165600,3,1,0,0,0,1,0,2,3,20
2010-10-31,165600,5,0,0,1,2,3,0,1,6,13
2010-11-30,165600,3,1,0,0,1,3,5,6,1,10
2010-12-31,165600,4,5,0,1,2,4,4,2,4,5
2011-01-31,165600,6,4,0,0,0,4,0,1,4,12
2011-02-28,165600,7,6,0,0,0,3,0,1,2,9
2011-03-31,165600,8,1,4,0,4,0,1,0,4,9
2011-04-30,165600,6,4,2,3,2,0,0,0,4,9
2011-05-31,165600,7,4,2,0,1,0,0,0,3,14
2011-06-30,165600,8,4,0,0,0,0,0,1,6,11
2011-07-31,165600,6,0,0,0,0,0,0,0,9,16
2011-08-31,165600,8,2,0,0,0,0,0,0,3,18
2011-09-30,165600,3,4,0,0,0,0,0,0,7,16
2011-10-31,165600,8,1,5,2,3,0,0,0,7,5
2011-11-30,165600,6,2,4,5,5,0,0,0,0,8
2011-12-31,165600,3,2,1,0,0,2,7,7,9,0
2012-01-31,165600,6,2,2,1,0,0,1,5,9,5
2012-02-29,165600,6,7,0,0,0,0,0,1,5,10
2012-03-31,165600,10,5,2,2,2,2,1,0,3,4
2012-04-30,165600,5,0,0,0,3,1,7,2,1,11
2012-05-31,165600,15,0,0,0,2,1,1,1,6,5
2012-06-30,165600,7,0,0,0,1,1,0,0,7,14
2012-07-31,165600,6,4,0,0,0,0,0,1,3,17
2012-08-31,165600,4,2,0,0,0,0,0,0,3,22
2012-09-30,165600,3,1,0,1,0,2,1,0,5,17
2012-10-31,165600,5,0,0,1,2,1,0,3,1,18
2012-11-30,165600,5,1,3,1,1,4,2,1,2,10
2012-12-31,165600,3,0,0,0,1,3,3,6,9,6
2013-01-31,165600,1,1,0,0,0,1,2,4,7,15
2013-02-28,165600,2,1,0,1,0,1,2,2,7,12
2013-03-31,165600,1,1,0,0,5,1,7,2,2,12
2013-04-30,165600,7,1,2,4,0,1,3,0,1,11
2013-05-31,165600,4,2,0,0,2,0,1,6,5,11
2013-06-30,165600,10,2,1,0,1,0,0,0,9,7
2013-07-31,165600,7,7,0,0,0,0,0,0,2,15
2013-08-31,165600,5,5,1,0,0,0,0,0,2,18
2013-09-30,165600,9,4,0,0,0,0,0,4,3,10
2013-10-31,165600,5,3,0,1,5,1,0,1,1,14
2013-11-30,165600,0,9,0,1,0,0,4,4,2,10
2013-12-31,165600,14,2,0,2,0,3,0,2,3,5
2014-01-31,165600,6,0,0,0,0,7,2,5,2,9
2014-02-28,165600,2,0,0,0,1,5,6,5,2,7
2014-03-31,165600,7,4,3,2,0,1,1,2,2,9
2014-04-30,165600,5,2,0,0,2,0,0,5,3,13
2014-05-31,165600,12,1,0,0,5,0,0,1,6,6
2014-06-30,165600,6,2,1,0,0,0,0,0,4,17
2014-07-31,165600,5,1,0,1,0,0,0,1,9,14
2014-08-31,165600,8,2,0,0,1,0,0,0,4,16
2014-09-30,165600,3,2,0,1,1,0,0,0,4,19
2014-10-31,165600,7,5,0,0,2,3,2,1,3,8
2014-11-30,165600,5,0,0,0,7,6,1,1,0,10
2014-12-31,165600,4,6,0,0,2,1,0,1,9,8
2015-01-31,165600,5,4,0,0,0,2,2,4,7,7
2015-02-28,165600,5,1,2,0,1,0,0,4,3,12
2015-03-31,165600,4,3,1,6,0,0,1,4,5,7
2015-04-30,165600,12,3,1,0,1,2,0,1,2,8
2015-05-31,165600,9,4,0,0,1,2,2,0,6,7
2015-06-30,165600,7,2,0,1,1,0,0,0,6,13
2015-07-31,165600,9,0,0,0,0,0,0,1,3,18
2015-08-31,165600,5,0,0,0,0,0,0,0,2,24
2015-09-30,165600,1,4,2,0,1,3,1,0,8,10
2015-10-31,165600,4,3,2,0,0,0,1,0,3,18
2015-11-30,165600,12,2,1,1,1,0,0,4,8,1
2015-12-31,165600,28,1,0,0,0,0,0,0,1,1
2016-01-31,165600,10,0,0,0,0,0,9,5,3,4
2016-02-29,165600,4,0,0,0,1,3,6,7,3,5
2016-03-31,165600,0,3,1,0,1,3,2,5,4,12
2016-04-30,165600,4,4,2,3,1,3,0,1,3,9
2016-05-31,165600,6,1,0,3,3,0,2,4,5,7
2016-06-30,165600,13,1,0,0,0,0,0,2,6,8
2016-07-31,165600,7,3,0,0,0,0,0,0,7,14
2016-08-31,165600,5,9,0,0,0,0,0,0,5,12
2016-09-30,165600,7,2,1,0,0,0,0,0,6,14
2016-10-31,165600,6,5,1,0,4,0,0,0,2,13
2016-11-30,165600,2,1,3,2,4,2,1,4,1,10
2016-12-31,165600,9,3,6,5,0,0,0,1,4,3
2017-01-31,165600,4,4,0,3,2,1,1,1,4,11
2017-02-28,165600,9,2,0,1,3,2,4,0,1,6
2017-03-31,165600,8,0,3,1,2,1,1,4,5,6
2017-04-30,165600,6,3,2,0,2,0,0,0,4,13
2017-05-31,165600,15,2,2,0,2,0,0,0,4,6
2017-06-30,165600,14,1,2,0,0,0,1,0,2,10
2017-07-31,165600,7,3,0,0,1,0,0,1,8,11
2017-08-31,165600,8,3,0,0,0,0,0,0,4,16
2017-09-30,165600,11,0,0,0,0,1,0,2,4,12
2017-10-31,165600,10,6,1,0,1,0,0,1,6,6
2017-11-30,165600,5,4,0,0,0,0,1,0,8,12
2017-12-31,165600,3,3,2,0,0,5,5,5,6,2
2018-01-31,165600,8,0,0,1,4,1,3,7,2,5
2018-02-28,165600,3,2,0,0,2,1,0,5,1,14
2018-03-31,165600,2,0,0,0,2,5,8,3,2,9
2018-04-30,165600,12,0,3,0,5,2,0,2,0,6
2018-05-31,165600,4,0,2,0,0,0,0,0,1,24
2018-06-30,165600,3,3,0,0,0,0,1,1,6,16
2018-07-31,165600,2,0,0,0,0,0,0,0,3,26
2018-08-31,165600,3,2,0,0,0,0,0,0,5,21
2018-09-30,165600,8,3,2,0,0,0,0,0,2,15
2018-10-31,165600,3,5,4,2,3,3,0,0,2,9
2018-11-30,165600,4,0,3,2,4,2,1,0,2,12
2018-12-31,165600,11,3,0,0,0,0,0,5,8,4
2019-01-31,165600,1,5,0,0,0,1,1,4,11,8
2019-02-28,165600,12,8,0,0,0,1,1,1,3,2
2019-03-31,165600,7,6,2,0,0,2,2,2,7,3
2019-04-30,165600,5,1,0,4,3,1,2,2,3,9
2019-05-31,165600,10,3,0,0,1,1,1,1,6,8
2019-06-30,165600,6,1,0,0,2,0,0,0,1,20
2019-07-31,165600,6,2,0,0,0,0,0,1,2,20
2019-08-31,165600,2,0,0,0,0,0,0,0,4,25
2019-09-30,165600,6,1,3,0,1,0,0,0,5,14
2019-10-31,165600,7,1,0,1,3,3,0,1,6,9
2019-11-30,165600,1,0,0,0,0,5,8,5,0,11
2019-12-31,165600,4,4,1,3,3,2,1,6,5,2
2020-01-31,165600,15,3,0,3,1,0,4,2,1,2
2020-02-29,165600,10,1,0,0,0,1,3,7,7,0
2020-03-31,165600,4,1,5,4,0,0,3,2,5,7
2020-04-30,165600,10,2,0,2,3,1,2,1,0,9
2020-05-31,165600,6,3,4,0,1,0,2,1,4,10
2020-06-30,165600,7,1,0,0,1,3,0,3,5,10
2020-07-31,165600,6,3,0,0,0,0,0,0,5,17
2020-08-31,165600,4,0,0,0,0,0,0,0,6,21
2020-09-30,165600,6,4,1,0,0,0,1,4,2,12
2020-10-31,165600,9,0,0,0,2,3,3,4,4,6
2020-11-30,165600,17,6,0,3,0,0,0,1,1,2
2020-12-31,165600,7,1,0,1,0,1,5,3,2,11
2021-01-31,165600,1,2,0,0,0,4,2,5,7,10
2021-02-28,165600,9,1,1,0,5,2,5,2,0,3
2021-03-31,165600,12,4,4,3,0,0,1,1,5,1
2021-04-30,165600,3,3,6,1,3,0,0,0,3,11
2021-05-31,165600,15,0,1,0,2,0,2,3,2,6
2021-06-30,165600,7,2,0,0,2,0,0,0,1,18
2021-07-31,165600,3,0,0,0,0,0,0,0,8,20
2021-08-31,165600,3,1,0,0,0,0,0,1,4,22
2021-09-30,165600,3,1,2,1,1,0,0,0,1,21
2021-10-31,165600,4,8,2,0,1,3,0,0,4,9
2021-11-30,165600,1,4,1,0,0,1,2,4,0,17
2021-12-31,165600,11,0,1,0,0,2,4,7,5,1
1981-01-31,165460,0,10,0,0,1,0,0,6,11,3
1981-02-28,165460,5,2,2,1,1,0,1,2,4,10
1981-03-31,165460,11,0,0,1,1,0,3,3,2,10
1981-04-30,165460,7,0,1,4,0,1,2,0,0,15
1981-05-31,165460,14,0,1,2,2,0,3,4,0,5
1981-06-30,165460,12,5,0,2,1,0,0,0,3,7
1981-07-31,165460,10,2,0,0,1,0,0,0,11,7
1981-08-31,165460,2,7,0,0,0,0,0,0,0,22
1981-09-30,165460,4,2,0,0,2,1,1,1,2,17
1981-10-31,165460,10,0,0,0,0,3,3,6,1,8
1981-11-30,165460,16,6,0,0,0,0,0,1,6,1
1981-12-31,165460,0,1,0,0,0,6,9,9,3,3
1982-01-31,165460,2,6,1,5,0,1,0,4,4,8
1982-02-28,165460,6,1,1,6,0,0,0,0,2,12
1982-03-31,165460,5,2,1,4,0,1,1,5,4,8
1982-04-30,165460,3,5,2,1,0,0,0,1,3,15
1982-05-31,165460,14,2,3,0,2,0,0,1,2,7
1982-06-30,165460,10,0,0,2,0,0,0,2,2,14
1982-07-31,165460,5,0,0,0,1,0,0,0,5,20
1982-08-31,165460,7,2,0,0,0,0,0,0,6,16
1982-09-30,165460,9,3,2,0,1,0,1,0,1,13
1982-10-31,165460,0,2,3,3,2,1,2,5,4,9
1982-11-30,165460,7,0,3,0,3,3,1,1,3,9
1982-12-31,165460,3,5,0,0,0,1,8,3,3,8
1983-01-31,165460,11,3,0,0,0,0,1,7,9,0
1983-02-28,165460,4,2,1,2,2,1,1,3,2,10
1983-03-31,165460,10,4,0,0,1,2,0,4,4,6
1983-04-30,165460,9,1,0,1,4,2,4,2,2,5
1983-05-31,165460,12,0,0,0,4,4,1,3,1,6
1983-06-30,165460,10,1,1,0,1,0,0,1,6,10
1983-07-31,165460,3,0,0,0,0,0,0,0,0,28
1983-08-31,165460,2,2,0,1,0,0,0,1,2,23
1983-09-30,165460,10,3,1,0,0,1,0,0,5,10
1983-10-31,165460,13,5,2,0,0,0,1,0,5,5
1983-11-30,165460,2,2,3,2,0,0,2,1,2,16
1983-12-31,165460,2,8,1,0,0,5,2,4,3,6
1984-01-31,165460,6,1,0,0,1,3,6,8,5,1
1984-02-29,165460,3,5,1,0,0,0,0,3,6,11
1984-03-31,165460,1,7,1,2,1,2,2,4,2,9
1984-04-30,165460,7,2,1,3,1,0,0,2,5,9
1984-05-31,165460,4,0,0,1,3,2,3,1,1,16
1984-06-30,165460,12,3,0,2,0,2,2,0,2,7
1984-07-31,165460,10,5,0,0,2,0,0,1,5,8
1984-08-31,165460,5,2,0,0,1,0,0,1,4,18
1984-09-30,165460,10,1,0,0,2,1,1,5,2,8
1984-10-31,165460,8,4,5,0,0,2,3,0,3,6
1984-11-30,165460,2,1,0,4,4,2,4,4,1,8
1984-12-31,165460,9,8,0,0,1,2,0,1,4,6
1985-01-31,165460,3,0,0,0,0,4,1,6,8,9
1985-02-28,165460,7,1,3,1,0,1,2,0,3,10
1985-03-31,165460,8,0,2,0,0,0,4,2,3,12
1985-04-30,165460,8,5,0,2,1,4,1,2,2,5
1985-05-31,165460,10,1,1,1,0,0,2,1,1,14
1985-06-30,165460,14,0,0,0,0,1,1,0,4,10
1985-07-31,165460,7,3,0,0,0,0,0,0,2,19
1985-08-31,165460,10,2,0,0,0,0,0,1,7,11
1985-09-30,165460,10,4,1,0,0,0,0,0,2,13
1985-10-31,165460,8,3,3,4,0,0,0,0,2,11
1985-11-30,165460,2,1,1,1,0,2,2,3,4,14
1985-12-31,165460,8,5,0,1,0,4,2,0,5,6
1986-01-31,165460,3,1,0,0,0,2,5,8,8,4
1986-02-28,165460,0,0,1,2,1,2,1,1,2,18
1986-03-31,165460,7,1,1,2,1,0,2,3,4,10
1986-04-30,165460,3,1,0,0,6,4,2,4,3,7
1986-05-31,165460,6,1,1,0,0,0,0,0,7,16
1986-06-30,165460,9,2,0,0,0,0,1,0,6,12
1986-07-31,165460,10,2,0,0,0,2,0,0,5,12
1986-08-31,165460,4,2,1,0,0,1,0,0,3,20
1986-09-30,165460,8,6,1,1,1,0,0,0,0,13
1986-10-31,165460,8,4,1,3,1,0,0,4,3,7
1986-11-30,165460,7,5,3,3,4,0,2,1,3,2
1986-12-31,165460,10,3,0,0,0,0,0,10,5,3
1987-01-31,165460,4,2,0,1,0,1,4,5,3,11
1987-02-28,165460,2,1,1,1,2,3,0,3,5,10
1987-03-31,165460,5,5,3,3,0,1,3,2,6,3
1987-04-30,165460,12,3,0,1,3,2,0,3,2,4
1987-05-31,165460,11,0,0,1,0,1,0,1,7,10
1987-06-30,165460,15,2,0,0,0,1,0,1,2,9
1987-07-31,165460,11,0,0,0,0,1,0,0,4,15
1987-08-31,165460,8,2,0,0,1,0,0,0,3,17
1987-09-30,165460,12,2,2,0,0,1,0,0,2,11
1987-10-31,165460,3,0,1,1,8,3,1,2,0,12
1987-11-30,165460,3,1,3,0,1,3,1,2,8,8
1987-12-31,165460,14,1,0,0,4,1,1,2,0,8
1988-01-31,165460,2,3,0,3,4,3,5,7,2,2
1988-02-29,165460,5,1,2,0,0,1,3,6,6,5
1988-03-31,165460,3,0,0,0,0,3,2,8,12,3
1988-04-30,165460,8,0,1,3,1,0,0,3,0,14
1988-05-31,165460,8,1,1,3,2,2,1,0,1,12
1988-06-30,165460,8,3,1,0,1,0,0,0,2,15
1988-07-31,165460,9,5,0,0,2,0,0,1,4,10
1988-08-31,165460,8,0,0,0,0,0,0,0,4,19
1988-09-30,165460,15,2,1,0,0,0,0,1,5,6
1988-10-31,165460,7,1,2,3,4,1,1,2,1,9
1988-11-30,165460,7,5,4,5,0,0,1,1,2,5
1988-12-31,165460,6,12,0,0,0,1,0,4,5,3
1989-01-31,165460,22,5,1,1,0,0,0,0,0,2
1989-02-28,165460,15,1,3,0,0,2,3,1,3,0
1989-03-31,165460,7,4,2,2,2,1,2,1,5,5
1989-04-30,165460,4,0,0,1,5,1,5,2,3,9
1989-05-31,165460,10,0,2,2,1,0,0,0,4,12
1989-06-30,165460,14,1,1,0,0,0,0,1,2,11
1989-07-31,165460,7,3,0,0,0,0,0,1,3,17
1989-08-31,165460,3,0,0,0,1,0,0,0,6,21
1989-09-30,165460,6,1,1,3,0,0,0,0,6,13
1989-10-31,165460,14,1,3,1,1,0,0,1,5,5
1989-11-30,165460,5,0,5,4,1,3,1,1,1,9
1989-12-31,165460,3,0,5,4,0,4,5,0,1,9
1990-01-31,165460,12,5,3,2,0,3,2,1,1,2
1990-02-28,165460,14,1,0,0,1,1,2,7,1,1
1990-03-31,165460,15,2,5,0,0,1,0,1,4,3
1990-04-30,165460,5,1,0,3,3,0,1,3,4,10
1990-05-31,165460,11,3,2,0,1,0,0,0,0,14
1990-06-30,165460,13,2,0,0,0,0,1,2,2,10
1990-07-31,165460,7,5,0,0,0,0,0,0,3,16
1990-08-31,165460,8,2,0,0,0,0,0,0,3,18
1990-09-30,165460,7,2,0,1,0,0,1,3,2,14
1990-10-31,165460,3,1,1,3,1,0,5,1,0,16
1990-11-30,165460,1,6,2,2,0,3,3,2,6,5
1990-12-31,165460,3,5,3,0,0,2,1,2,4,11
1991-01-31,165460,8,3,8,2,0,0,3,1,2,4
1991-02-28,165460,3,3,0,4,0,4,3,0,5,6
1991-03-31,165460,2,3,3,1,6,3,1,2,4,6
1991-04-30,165460,3,2,1,3,0,1,1,2,6,11
1991-05-31,165460,9,2,1,1,0,1,0,2,6,9
1991-06-30,165460,17,2,0,0,0,0,1,0,2,8
1991-07-31,165460,5,0,0,0,0,0,0,0,5,21
1991-08-31,165460,4,0,1,0,0,0,0,0,5,21
1991-09-30,165460,5,0,1,0,1,1,0,0,2,20
1991-10-31,165460,3,1,3,2,2,2,0,1,4,13
1991-11-30,165460,6,0,1,2,0,4,4,2,5,6
1991-12-31,165460,8,6,8,0,0,0,0,2,7,0
1992-01-31,165460,18,1,4,1,0,1,1,0,0,5
1992-02-29,165460,13,4,2,1,0,1,1,2,5,0
1992-03-31,165460,10,0,4,3,0,2,1,2,5,4
1992-04-30,165460,8,0,0,0,2,1,4,0,10,5
1992-05-31,165460,8,3,3,0,0,1,0,0,3,13
1992-06-30,165460,5,1,0,3,1,0,0,1,3,16
1992-07-31,165460,11,5,0,0,1,0,0,1,3,10
1992-08-31,165460,10,0,0,0,0,0,1,1,5,14
1992-09-30,165460,8,0,0,0,2,0,0,0,3,17
1992-10-31,165460,0,0,0,1,2,1,4,7,0,16
1992-11-30,165460,10,3,1,0,0,2,1,7,4,2
1992-12-31,165460,5,2,5,4,1,2,3,1,2,6
1993-01-31,165460,15,3,0,2,0,0,1,1,4,5
1993-02-28,165460,7,6,2,5,0,0,0,0,5,3
1993-03-31,165460,12,2,1,2,0,1,0,2,4,7
1993-04-30,165460,3,0,0,2,4,2,1,4,3,11
1993-05-31,165460,10,2,0,1,4,1,0,2,2,9
1993-06-30,165460,9,2,0,1,0,0,0,0,4,14
1993-07-31,165460,13,2,2,1,0,1,0,0,4,8
1993-08-31,165460,2,2,0,0,0,0,0,0,4,23
1993-09-30,165460,6,0,0,0,3,4,1,3,1,12
1993-10-31,165460,2,1,6,3,2,9,1,2,0,5
1993-11-30,165460,6,1,3,3,1,1,1,0,2,12
1993-12-31,165460,5,2,0,0,0,2,4,9,5,4
1994-01-31,165460,4,2,2,0,0,3,4,4,9,3
1994-02-28,165460,4,0,1,2,3,3,2,1,4,8
1994-03-31,165460,19,3,0,0,0,1,1,0,3,4
1994-04-30,165460,2,4,1,0,0,0,4,6,3,10
1994-05-31,165460,7,1,0,1,1,2,1,1,3,14
1994-06-30,165460,11,5,0,0,2,0,0,1,4,7
1994-07-31,165460,1,2,0,0,0,0,0,0,5,23
1994-08-31,165460,5,0,0,0,0,1,0,2,4,19
1994-09-30,165460,6,2,0,1,3,0,2,2,3,11
1994-10-31,165460,7,2,0,3,1,0,3,1,1,13
1994-11-30,165460,11,1,1,0,3,1,1,2,4,6
1994-12-31,165460,10,2,0,1,1,0,4,3,4,6
1995-01-31,165460,3,6,0,0,0,2,8,4,6,2
1995-02-28,165460,9,3,1,0,0,1,4,5,3,2
1995-03-31,165460,6,3,1,3,0,0,2,7,5,4
1995-04-30,165460,9,3,5,1,0,1,3,0,4,4
1995-05-31,165460,11,2,1,0,2,1,1,2,1,10
1995-06-30,165460,13,0,2,0,0,0,0,0,1,14
1995-07-31,165460,8,5,0,0,0,0,0,0,2,16
1995-08-31,165460,1,0,0,0,0,0,0,0,8,22
1995-09-30,165460,4,3,0,1,0,3,2,2,2,13
1995-10-31,165460,15,4,3,0,1,0,0,0,0,8
1995-11-30,165460,1,2,1,2,5,1,2,1,7,8
1995-12-31,165460,2,0,2,2,2,2,4,3,0,14
1996-01-31,165460,1,0,3,2,7,1,1,2,1,13
1996-02-29,165460,0,3,1,3,1,1,1,3,6,10
1996-03-31,165460,4,3,2,2,2,0,0,1,3,14
1996-04-30,165460,6,2,4,0,3,1,0,0,2,12
1996-05-31,165460,12,1,0,0,1,2,1,2,2,10
1996-06-30,165460,11,6,0,0,0,1,1,1,5,5
1996-07-31,165460,10,1,0,0,0,2,0,0,5,13
1996-08-31,165460,3,2,0,0,0,0,0,0,1,25
1996-09-30,165460,2,0,1,1,0,1,0,5,5,15
1996-10-31,165460,6,2,0,0,2,1,1,3,6,10
1996-11-30,165460,5,1,0,0,0,4,5,5,4,6
1996-12-31,165460,0,1,0,3,2,5,1,0,4,15
1997-01-31,165460,10,3,2,1,5,3,2,0,0,5
1997-02-28,165460,16,1,1,0,0,0,1,4,5,0
1997-03-31,165460,8,9,3,0,0,0,0,3,4,4
1997-04-30,165460,6,3,0,4,1,0,2,1,5,8
1997-05-31,165460,11,1,1,5,1,2,1,1,0,8
1997-06-30,165460,5,0,1,0,2,2,0,0,1,19
1997-07-31,165460,5,1,0,0,1,0,0,1,6,17
1997-08-31,165460,5,3,0,0,0,0,0,1,1,21
1997-09-30,165460,4,6,0,0,0,0,0,0,0,20
1997-10-31,165460,1,1,1,1,1,0,0,3,4,19
1997-11-30,165460,0,1,0,0,2,4,4,2,1,16
1997-12-31,165460,2,2,1,0,4,1,3,7,4,7
1998-01-31,165460,6,0,1,0,1,1,4,2,6,10
1998-02-28,165460,11,4,1,0,0,1,0,1,4,6
1998-03-31,165460,6,12,0,2,1,0,0,3,3,4
1998-04-30,165460,6,2,0,1,2,7,7,2,0,3
1998-05-31,165460,8,0,1,2,1,0,0,2,3,14
1998-06-30,165460,13,0,0,2,2,0,0,2,2,9
1998-07-31,165460,11,1,0,0,0,0,1,0,6,12
1998-08-31,165460,3,3,0,0,0,0,0,1,5,19
1998-09-30,165460,1,1,3,0,0,2,1,6,2,14
1998-10-31,165460,9,1,0,0,0,2,1,5,6,7
1998-11-30,165460,3,7,0,1,0,0,4,3,5,7
1998-12-31,165460,9,2,1,1,2,1,1,2,5,7
1999-01-31,165460,11,2,2,1,2,0,2,5,4,2
1999-02-28,165460,2,6,0,2,0,0,2,7,7,2
1999-03-31,165460,3,2,3,4,4,2,4,2,4,3
1999-04-30,165460,6,0,0,1,3,2,2,4,6,6
1999-05-31,165460,9,0,0,2,4,0,0,2,1,13
1999-06-30,165460,6,4,2,0,0,0,0,0,5,13
1999-07-31,165460,3,3,0,0,0,0,0,0,6,19
1999-08-31,165460,7,0,0,0,0,0,0,0,3,21
1999-09-30,165460,5,3,0,1,0,1,2,1,1,16
1999-10-31,165460,12,1,1,0,1,5,0,0,3,8
1999-11-30,165460,4,3,4,1,0,0,0,3,3,12
1999-12-31,165460,4,6,1,0,0,1,5,4,5,5
2000-01-31,165460,10,3,4,2,0,0,0,3,5,4
2000-02-29,165460,14,3,0,0,0,0,0,6,6,0
2000-03-31,165460,10,4,1,2,2,0,2,0,3,7
2000-04-30,165460,3,0,1,1,5,4,4,5,1,6
2000-05-31,165460,8,1,0,4,2,0,0,1,1,14
2000-06-30,165460,9,4,1,0,0,0,0,0,6,10
2000-07-31,165460,8,2,1,0,0,5,1,2,6,6
2000-08-31,165460,5,1,0,0,0,0,0,0,5,20
2000-09-30,165460,7,3,0,0,1,2,0,0,4,13
2000-10-31,165460,6,1,0,4,2,4,1,2,5,6
2000-11-30,165460,6,0,0,0,0,9,2,7,1,5
2000-12-31,165460,9,0,0,2,4,5,2,4,1,4
2001-01-31,165460,2,0,1,0,0,7,6,1,1,13
2001-02-28,165460,1,3,0,2,0,4,3,3,7,5
2001-03-31,165460,3,1,0,0,2,6,8,4,1,6
2001-04-30,165460,9,3,0,0,1,1,2,5,5,4
2001-05-31,165460,5,1,2,1,2,1,0,1,1,17
2001-06-30,165460,10,2,1,0,0,1,0,1,5,10
2001-07-31,165460,7,3,0,0,2,0,0,1,3,15
2001-08-31,165460,6,3,0,0,0,0,0,0,3,19
2001-09-30,165460,10,1,0,0,0,1,0,2,9,7
2001-10-31,165460,16,0,2,0,1,2,0,0,2,8
2001-11-30,165460,4,3,2,3,0,0,0,1,5,12
2001-12-31,165460,6,6,3,0,0,0,2,3,4,7
2002-01-31,165460,19,1,2,1,0,2,1,0,2,3
2002-02-28,165460,9,3,2,0,0,1,4,4,3,2
2002-03-31,165460,3,6,1,3,1,1,0,3,4,9
2002-04-30,165460,7,3,0,2,1,1,0,1,3,12
2002-05-31,165460,8,0,0,3,3,0,1,1,4,11
2002-06-30,165460,10,0,0,0,1,1,1,2,0,15
2002-07-31,165460,7,5,0,1,0,0,0,0,6,12
2002-08-31,165460,4,1,0,0,0,0,0,2,6,18
2002-09-30,165460,1,2,2,0,0,0,0,0,6,19
2002-10-31,165460,9,1,0,0,1,3,3,2,5,7
2002-11-30,165460,0,2,0,0,3,7,1,4,4,9
2002-12-31,165460,7,0,1,0,2,1,3,2,1,14
2003-01-31,165460,3,7,1,0,0,1,4,5,2,8
2003-02-28,165460,4,1,4,3,3,0,1,1,4,7
2003-03-31,165460,13,3,3,1,1,0,2,0,2,6
2003-04-30,165460,4,3,2,3,4,3,1,2,2,6
2003-05-31,165460,6,0,1,2,2,0,0,0,6,14
2003-06-30,165460,12,2,0,0,0,0,0,0,1,15
2003-07-31,165460,5,1,0,0,0,0,0,1,5,19
2003-08-31,165460,2,3,0,0,0,0,1,0,1,24
2003-09-30,165460,9,3,4,0,0,0,0,1,2,11
2003-10-31,165460,4,0,0,1,1,2,3,2,3,15
2003-11-30,165460,6,1,5,3,5,1,1,3,0,5
2003-12-31,165460,5,6,0,2,3,2,1,0,5,7
2004-01-31,165460,6,2,0,0,0,1,3,6,7,6
2004-02-29,165460,12,1,1,0,2,0,2,2,1,8
2004-03-31,165460,7,3,0,5,2,0,0,2,2,10
2004-04-30,165460,4,5,0,1,3,0,1,6,1,9
2004-05-31,165460,9,1,3,1,2,0,4,0,1,10
2004-06-30,165460,14,3,0,0,0,0,1,1,5,6
2004-07-31,165460,10,1,0,0,0,0,0,0,9,11
2004-08-31,165460,9,0,0,0,0,1,0,0,4,17
2004-09-30,165460,10,2,0,0,0,0,0,0,9,9
2004-10-31,165460,7,0,0,0,0,7,5,0,0,12
2004-11-30,165460,7,4,1,0,0,1,0,2,6,9
2004-12-31,165460,5,4,2,1,2,2,0,3,3,9
2005-01-31,165460,12,2,0,0,0,0,1,1,9,6
2005-02-28,165460,2,2,3,3,0,0,1,4,6,7
2005-03-31,165460,8,0,1,0,1,1,2,2,6,10
2005-04-30,165460,7,0,1,3,2,3,1,4,2,7
2005-05-31,165460,8,4,0,0,0,0,0,1,6,12
2005-06-30,165460,6,5,0,0,0,0,0,0,2,17
2005-07-31,165460,4,0,0,0,0,0,0,0,7,20
2005-08-31,165460,5,3,0,0,0,0,0,2,5,16
2005-09-30,165460,8,2,0,0,2,0,0,0,4,14
2005-10-31,165460,11,1,1,3,3,0,0,0,0,12
2005-11-30,165460,12,1,1,2,1,2,3,0,2,6
2005-12-31,165460,7,3,1,0,0,1,5,4,3,7
2006-01-31,165460,7,7,3,4,2,0,1,1,1,5
2006-02-28,165460,2,5,0,0,0,2,4,2,3,10
2006-03-31,165460,4,1,0,1,1,2,3,4,4,11
2006-04-30,165460,5,0,1,3,1,2,0,1,8,9
2006-05-31,165460,15,2,1,3,0,0,0,1,2,7
2006-06-30,165460,10,0,0,0,4,0,0,0,3,13
2006-07-31,165460,3,0,0,0,0,0,0,0,1,27
2006-08-31,165460,6,1,0,0,1,0,0,2,11,10
2006-09-30,165460,11,0,0,0,2,0,0,2,2,13
2006-10-31,165460,4,0,3,1,3,4,3,1,4,8
2006-11-30,165460,15,2,1,1,1,4,2,2,2,0
2006-12-31,165460,13,1,3,1,0,1,3,1,0,8
2007-01-31,165460,15,1,1,0,0,1,3,5,3,2
2007-02-28,165460,2,1,1,0,1,0,6,5,4,8
2007-03-31,165460,6,5,0,1,0,2,3,3,2,9
2007-04-30,165460,9,1,3,4,2,0,0,0,0,11
2007-05-31,165460,3,0,0,1,0,1,1,5,7,13
2007-06-30,165460,14,1,0,0,0,0,0,0,1,14
2007-07-31,165460,11,1,0,0,1,0,1,1,8,8
2007-08-31,165460,3,3,2,0,0,1,0,0,4,18
2007-09-30,165460,8,4,0,0,0,0,0,2,3,13
2007-10-31,165460,4,5,6,1,0,0,0,0,3,12
2007-11-30,165460,1,6,3,0,4,0,0,3,8,5
2007-12-31,165460,4,7,3,3,1,0,1,5,4,3
2008-01-31,165460,12,3,0,0,3,4,3,2,3,1
2008-02-29,165460,17,3,3,1,2,1,0,1,0,1
2008-03-31,165460,2,2,0,0,1,1,2,10,3,10
2008-04-30,165460,5,2,0,0,1,7,2,4,5,4
2008-05-31,165460,5,0,2,3,4,1,0,0,0,16
2008-06-30,165460,6,1,2,1,1,0,0,2,4,13
2008-07-31,165460,9,0,0,0,0,0,0,0,6,16
2008-08-31,165460,6,3,0,0,0,0,0,1,5,16
2008-09-30,165460,5,4,1,0,0,2,0,0,4,14
2008-10-31,165460,13,1,3,0,0,1,1,1,1,10
2008-11-30,165460,5,3,0,1,2,3,1,3,1,11
2008-12-31,165460,6,1,2,1,1,1,3,2,6,8
2009-01-31,165460,3,0,4,0,0,2,2,1,3,16
2009-02-28,165460,3,5,0,0,1,3,2,3,7,4
2009-03-31,165460,4,2,2,0,1,1,0,5,5,11
2009-04-30,165460,2,0,0,0,2,2,1,2,3,18
2009-05-31,165460,6,5,0,0,4,0,0,0,4,12
2009-06-30,165460,6,0,0,0,0,2,0,0,7,15
2009-07-31,165460,6,2,0,0,1,1,0,0,5,16
2009-08-31,165460,3,0,1,0,0,0,0,0,2,25
2009-09-30,165460,4,8,2,0,1,0,0,0,1,14
2009-10-31,165460,5,7,0,0,2,0,0,1,8,8
2009-11-30,165460,10,0,0,0,1,4,6,3,1,5
2009-12-31,165460,2,1,0,0,0,5,5,5,5,8
2010-01-31,165460,4,3,1,2,0,0,2,5,2,12
2010-02-28,165460,3,1,0,0,1,5,4,3,3,8
2010-03-31,165460,6,2,2,0,1,3,2,2,3,10
2010-04-30,165460,11,4,1,1,2,0,0,0,1,10
2010-05-31,165460,5,2,0,0,0,1,0,2,6,15
2010-06-30,165460,7,1,0,0,3,0,0,2,7,10
2010-07-31,165460,7,3,0,0,0,0,0,0,7,14
2010-08-31,165460,14,1,0,0,0,0,0,0,8,8
2010-09-30,165460,3,1,0,0,0,1,0,2,3,20
2010-10-31,165460,5,0,0,1,2,3,0,1,6,13
2010-11-30,165460,3,1,0,0,1,3,5,6,1,10
2010-12-31,165460,4,5,0,1,2,4,4,2,4,5
2011-01-31,165460,6,4,0,0,0,4,0,1,4,12
2011-02-28,165460,7,6,0,0,0,3,0,1,2,9
2011-03-31,165460,8,1,4,0,4,0,1,0,4,9
2011-04-30,165460,6,4,2,3,2,0,0,0,4,9
2011-05-31,165460,7,4,2,0,1,0,0,0,3,14
2011-06-30,165460,8,4,0,0,0,0,0,1,6,11
2011-07-31,165460,6,0,0,0,0,0,0,0,9,16
2011-08-31,165460,8,2,0,0,0,0,0,0,3,18
2011-09-30,165460,3,4,0,0,0,0,0,0,7,16
2011-10-31,165460,8,1,5,2,3,0,0,0,7,5
2011-11-30,165460,6,2,4,5,5,0,0,0,0,8
2011-12-31,165460,3,2,1,0,0,2,7,7,9,0
2012-01-31,165460,6,2,2,1,0,0,1,5,9,5
2012-02-29,165460,6,7,0,0,0,0,0,1,5,10
2012-03-31,165460,10,5,2,2,2,2,1,0,3,4
2012-04-30,165460,5,0,0,0,3,1,7,2,1,11
2012-05-31,165460,15,0,0,0,2,1,1,1,6,5
2012-06-30,165460,7,0,0,0,1,1,0,0,7,14
2012-07-31,165460,6,4,0,0,0,0,0,1,3,17
2012-08-31,165460,4,2,0,0,0,0,0,0,3,22
2012-09-30,165460,3,1,0,1,0,2,1,0,5,17
2012-10-31,165460,5,0,0,1,2,1,0,3,1,18
2012-11-30,165460,5,1,3,1,1,4,2,1,2,10
2012-12-31,165460,3,0,0,0,1,3,3,6,9,6
2013-01-31,165460,1,1,0,0,0,1,2,4,7,15
2013-02-28,165460,2,1,0,1,0,1,2,2,7,12
2013-03-31,165460,1,1,0,0,5,1,7,2,2,12
2013-04-30,165460,7,1,2,4,0,1,3,0,1,11
2013-05-31,165460,4,2,0,0,2,0,1,6,5,11
2013-06-30,165460,10,2,1,0,1,0,0,0,9,7
2013-07-31,165460,7,7,0,0,0,0,0,0,2,15
2013-08-31,165460,5,5,1,0,0,0,0,0,2,18
2013-09-30,165460,9,4,0,0,0,0,0,4,3,10
2013-10-31,165460,5,3,0,1,5,1,0,1,1,14
2013-11-30,165460,0,9,0,1,0,0,4,4,2,10
2013-12-31,165460,14,2,0,2,0,3,0,2,3,5
2014-01-31,165460,6,0,0,0,0,7,2,5,2,9
2014-02-28,165460,2,0,0,0,1,5,6,5,2,7
2014-03-31,165460,7,4,3,2,0,1,1,2,2,9
2014-04-30,165460,5,2,0,0,2,0,0,5,3,13
2014-05-31,165460,12,1,0,0,5,0,0,1,6,6
2014-06-30,165460,6,2,1,0,0,0,0,0,4,17
2014-07-31,165460,5,1,0,1,0,0,0,1,9,14
2014-08-31,165460,8,2,0,0,1,0,0,0,4,16
2014-09-30,165460,3,2,0,1,1,0,0,0,4,19
2014-10-31,165460,7,5,0,0,2,3,2,1,3,8
2014-11-30,165460,5,0,0,0,7,6,1,1,0,10
2014-12-31,165460,4,6,0,0,2,1,0,1,9,8
2015-01-31,165460,5,4,0,0,0,2,2,4,7,7
2015-02-28,165460,5,1,2,0,1,0,0,4,3,12
2015-03-31,165460,4,3,1,6,0,0,1,4,5,7
2015-04-30,165460,12,3,1,0,1,2,0,1,2,8
2015-05-31,165460,9,4,0,0,1,2,2,0,6,7
2015-06-30,165460,7,2,0,1,1,0,0,0,6,13
2015-07-31,165460,9,0,0,0,0,0,0,1,3,18
2015-08-31,165460,5,0,0,0,0,0,0,0,2,24
2015-09-30,165460,1,4,2,0,1,3,1,0,8,10
2015-10-31,165460,4,3,2,0,0,0,1,0,3,18
2015-11-30,165460,12,2,1,1,1,0,0,4,8,1
2015-12-31,165460,28,1,0,0,0,0,0,0,1,1
2016-01-31,165460,10,0,0,0,0,0,9,5,3,4
2016-02-29,165460,4,0,0,0,1,3,6,7,3,5
2016-03-31,165460,0,3,1,0,1,3,2,5,4,12
2016-04-30,165460,4,4,2,3,1,3,0,1,3,9
2016-05-31,165460,6,1,0,3,3,0,2,4,5,7
2016-06-30,165460,13,1,0,0,0,0,0,2,6,8
2016-07-31,165460,7,3,0,0,0,0,0,0,7,14
2016-08-31,165460,5,9,0,0,0,0,0,0,5,12
2016-09-30,165460,7,2,1,0,0,0,0,0,6,14
2016-10-31,165460,6,5,1,0,4,0,0,0,2,13
2016-11-30,165460,2,1,3,2,4,2,1,4,1,10
2016-12-31,165460,9,3,6,5,0,0,0,1,4,3
2017-01-31,165460,4,4,0,3,2,1,1,1,4,11
2017-02-28,165460,9,2,0,1,3,2,4,0,1,6
2017-03-31,165460,8,0,3,1,2,1,1,4,5,6
2017-04-30,165460,6,3,2,0,2,0,0,0,4,13
2017-05-31,165460,15,2,2,0,2,0,0,0,4,6
2017-06-30,165460,14,1,2,0,0,0,1,0,2,10
2017-07-31,165460,7,3,0,0,1,0,0,1,8,11
2017-08-31,165460,8,3,0,0,0,0,0,0,4,16
2017-09-30,165460,11,0,0,0,0,1,0,2,4,12
2017-10-31,165460,10,6,1,0,1,0,0,1,6,6
2017-11-30,165460,5,4,0,0,0,0,1,0,8,12
2017-12-31,165460,3,3,2,0,0,5,5,5,6,2
2018-01-31,165460,8,0,0,1,4,1,3,7,2,5
2018-02-28,165460,3,2,0,0,2,1,0,5,1,14
2018-03-31,165460,2,0,0,0,2,5,8,3,2,9
2018-04-30,165460,12,0,3,0,5,2,0,2,0,6
2018-05-31,165460,4,0,2,0,0,0,0,0,1,24
2018-06-30,165460,3,3,0,0,0,0,1,1,6,16
2018-07-31,165460,2,0,0,0,0,0,0,0,3,26
2018-08-31,165460,3,2,0,0,0,0,0,0,5,21
2018-09-30,165460,8,3,2,0,0,0,0,0,2,15
2018-10-31,165460,3,5,4,2,3,3,0,0,2,9
2018-11-30,165460,4,0,3,2,4,2,1,0,2,12
2018-12-31,165460,11,3,0,0,0,0,0,5,8,4
2019-01-31,165460,1,5,0,0,0,1,1,4,11,8
2019-02-28,165460,12,8,0,0,0,1,1,1,3,2
2019-03-31,165460,7,6,2,0,0,2,2,2,7,3
2019-04-30,165460,5,1,0,4,3,1,2,2,3,9
2019-05-31,165460,10,3,0,0,1,1,1,1,6,8
2019-06-30,165460,6,1,0,0,2,0,0,0,1,20
2019-07-31,165460,6,2,0,0,0,0,0,1,2,20
2019-08-31,165460,2,0,0,0,0,0,0,0,4,25
2019-09-30,165460,6,1,3,0,1,0,0,0,5,14
2019-10-31,165460,7,1,0,1,3,3,0,1,6,9
2019-11-30,165460,1,0,0,0,0,5,8,5,0,11
2019-12-31,165460,4,4,1,3,3,2,1,6,5,2
2020-01-31,165460,15,3,0,3,1,0,4,2,1,2
2020-02-29,165460,10,1,0,0,0,1,3,7,7,0
2020-03-31,165460,4,1,5,4,0,0,3,2,5,7
2020-04-30,165460,10,2,0,2,3,1,2,1,0,9
2020-05-31,165460,6,3,4,0,1,0,2,1,4,10
2020-06-30,165460,7,1,0,0,1,3,0,3,5,10
2020-07-31,165460,6,3,0,0,0,0,0,0,5,17
2020-08-31,165460,4,0,0,0,0,0,0,0,6,21
2020-09-30,165460,6,4,1,0,0,0,1,4,2,12
2020-10-31,165460,9,0,0,0,2,3,3,4,4,6
2020-11-30,165460,17,6,0,3,0,0,0,1,1,2
2020-12-31,165460,7,1,0,1,0,1,5,3,2,11
2021-01-31,165460,1,2,0,0,0,4,2,5,7,10
2021-02-28,165460,9,1,1,0,5,2,5,2,0,3
2021-03-31,165460,12,4,4,3,0,0,1,1,5,1
2021-04-30,165460,3,3,6,1,3,0,0,0,3,11
2021-05-31,165460,15,0,1,0,2,0,2,3,2,6
2021-06-30,165460,7,2,0,0,2,0,0,0,1,18
2021-07-31,165460,3,0,0,0,0,0,0,0,8,20
2021-08-31,165460,3,1,0,0,0,0,0,1,4,22
2021-09-30,165460,3,1,2,1,1,0,0,0,1,21
2021-10-31,165460,4,8,2,0,1,3,0,0,4,9
2021-11-30,165460,1,4,1,0,0,1,2,4,0,17
2021-12-31,165460,11,0,1,0,0,2,4,7,5,1
1981-01-31,165200,0,11,0,0,1,0,0,5,11,3
1981-02-28,165200,4,4,2,1,2,1,1,2,3,8
1981-03-31,165200,11,0,0,0,2,1,3,2,3,9
1981-04-30,165200,6,0,2,5,1,1,1,0,0,14
1981-05-31,165200,12,0,1,1,4,0,2,4,1,6
1981-06-30,165200,7,8,0,0,2,0,0,0,3,10
1981-07-31,165200,5,5,1,0,3,0,0,0,10,7
1981-08-31,165200,2,6,0,0,1,0,0,0,0,22
1981-09-30,165200,4,2,0,0,2,3,0,1,1,17
1981-10-31,165200,10,0,0,0,0,4,2,5,3,7
1981-11-30,165200,16,8,0,0,0,0,0,2,4,0
1981-12-31,165200,0,2,0,0,0,6,8,6,5,4
1982-01-31,165200,2,7,1,6,0,1,0,3,4,7
1982-02-28,165200,7,1,0,4,2,0,0,0,2,12
1982-03-31,165200,5,3,1,3,1,1,0,5,5,7
1982-04-30,165200,3,6,2,0,1,1,0,0,4,13
1982-05-31,165200,14,1,2,1,2,0,1,0,3,7
1982-06-30,165200,3,1,0,2,0,0,0,1,3,20
1982-07-31,165200,2,3,0,1,2,0,0,0,5,18
1982-08-31,165200,4,6,1,0,0,0,0,0,1,19
1982-09-30,165200,8,3,1,0,1,2,0,0,2,13
1982-10-31,165200,1,2,3,3,2,1,4,3,4,8
1982-11-30,165200,8,0,2,0,4,3,1,1,4,7
1982-12-31,165200,2,6,0,0,0,2,6,3,4,8
1983-01-31,165200,10,3,0,0,0,0,1,8,9,0
1983-02-28,165200,3,2,2,2,2,1,1,2,3,10
1983-03-31,165200,10,4,0,0,2,1,0,3,5,6
1983-04-30,165200,6,1,0,0,5,6,5,2,2,3
1983-05-31,165200,10,0,0,0,5,3,1,4,1,7
1983-06-30,165200,6,3,1,0,3,0,0,0,4,13
1983-07-31,165200,1,1,0,0,0,0,0,0,0,29
1983-08-31,165200,1,1,0,1,0,0,0,0,3,25
1983-09-30,165200,8,4,2,0,0,2,0,0,5,9
1983-10-31,165200,11,7,2,0,0,1,0,0,4,6
1983-11-30,165200,2,2,4,3,0,0,2,1,2,14
1983-12-31,165200,4,9,1,0,1,5,2,3,2,4
1984-01-31,165200,5,2,0,0,1,3,7,6,6,1
1984-02-29,165200,1,6,2,1,0,1,0,3,5,10
1984-03-31,165200,0,8,1,3,2,3,3,4,1,6
1984-04-30,165200,6,3,0,4,1,0,0,1,5,10
1984-05-31,165200,2,0,1,1,3,4,4,1,2,13
1984-06-30,165200,8,2,0,1,1,3,2,1,2,10
1984-07-31,165200,4,6,0,0,5,0,0,0,4,12
1984-08-31,165200,2,4,0,0,1,0,0,0,3,21
1984-09-30,165200,10,2,0,0,2,0,2,4,2,8
1984-10-31,165200,8,5,4,0,0,4,2,0,2,6
1984-11-30,165200,2,2,0,4,5,2,5,2,0,8
1984-12-31,165200,9,8,0,0,1,1,1,1,4,6
1985-01-31,165200,1,4,2,0,0,4,1,5,8,6
1985-02-28,165200,6,1,3,1,0,2,2,0,3,10
1985-03-31,165200,8,1,3,0,1,0,3,3,3,9
1985-04-30,165200,7,5,0,1,2,4,1,2,3,5
1985-05-31,165200,7,0,0,0,0,0,1,1,2,20
1985-06-30,165200,14,2,0,0,1,1,0,0,2,10
1985-07-31,165200,3,6,0,1,0,0,0,0,0,21
1985-08-31,165200,5,3,0,1,0,0,0,0,7,15
1985-09-30,165200,9,4,2,0,0,0,0,0,2,13
1985-10-31,165200,7,4,4,4,0,1,1,0,1,9
1985-11-30,165200,2,2,1,1,0,3,2,2,4,13
1985-12-31,165200,8,6,0,1,0,4,2,0,5,5
1986-01-31,165200,2,1,0,0,1,1,5,8,8,5
1986-02-28,165200,0,0,0,2,2,1,1,1,3,18
1986-03-31,165200,9,3,0,1,1,0,2,4,3,8
1986-04-30,165200,3,2,0,0,8,3,1,2,4,7
1986-05-31,165200,5,3,1,0,0,0,0,0,4,18
1986-06-30,165200,6,4,0,0,0,0,0,0,4,16
1986-07-31,165200,5,6,0,0,0,1,0,0,3,16
1986-08-31,165200,2,4,1,0,0,1,0,0,1,22
1986-09-30,165200,7,7,3,1,1,0,0,0,1,10
1986-10-31,165200,4,4,1,5,2,0,0,4,3,8
1986-11-30,165200,6,8,4,3,4,0,1,0,2,2
1986-12-31,165200,8,5,1,0,0,0,1,10,4,2
1987-01-31,165200,2,7,2,0,0,1,4,4,2,9
1987-02-28,165200,2,2,1,1,4,2,0,0,6,10
1987-03-31,165200,4,6,2,3,1,1,3,3,6,2
1987-04-30,165200,10,3,0,1,3,5,0,2,3,3
1987-05-31,165200,8,1,0,0,1,1,0,1,8,11
1987-06-30,165200,12,3,0,1,1,1,0,1,2,9
1987-07-31,165200,7,0,1,1,0,1,0,0,4,17
1987-08-31,165200,5,1,1,0,1,0,0,0,3,20
1987-09-30,165200,11,2,2,0,0,1,0,0,1,13
1987-10-31,165200,3,0,1,2,8,3,1,2,0,11
1987-11-30,165200,3,1,3,0,1,2,1,1,8,10
1987-12-31,165200,11,1,1,1,4,0,1,2,0,10
1988-01-31,165200,3,3,0,2,5,3,6,6,2,1
1988-02-29,165200,4,3,2,0,0,2,3,5,7,3
1988-03-31,165200,2,0,0,0,0,4,1,9,12,3
1988-04-30,165200,7,1,1,2,2,1,0,2,0,14
1988-05-31,165200,4,1,1,4,2,3,1,0,1,14
1988-06-30,165200,7,1,0,0,1,0,0,0,3,18
1988-07-31,165200,6,6,0,0,2,1,1,0,2,13
1988-08-31,165200,5,1,0,0,1,0,0,0,4,20
1988-09-30,165200,15,3,3,0,0,0,0,1,3,5
1988-10-31,165200,6,1,1,3,6,1,1,1,2,9
1988-11-30,165200,7,6,4,6,1,0,1,1,1,3
1988-12-31,165200,6,14,0,0,0,1,0,4,5,1
1989-01-31,165200,20,5,1,1,0,1,0,0,2,1
1989-02-28,165200,15,1,2,1,0,3,3,0,3,0
1989-03-31,165200,6,4,2,2,4,1,3,0,5,4
1989-04-30,165200,4,0,0,1,5,1,5,2,3,9
1989-05-31,165200,7,1,2,4,1,0,0,0,5,11
1989-06-30,165200,11,1,0,0,0,0,0,1,2,15
1989-07-31,165200,3,2,0,0,1,0,0,0,3,22
1989-08-31,165200,1,2,0,0,1,0,0,0,3,24
1989-09-30,165200,4,3,2,2,1,0,0,0,4,14
1989-10-31,165200,14,6,3,0,2,0,0,1,4,1
1989-11-30,165200,5,0,4,2,3,4,2,0,1,9
1989-12-31,165200,2,0,5,6,0,6,4,0,1,7
1990-01-31,165200,11,5,5,0,0,3,2,1,1,3
1990-02-28,165200,12,1,0,0,1,2,2,7,1,2
1990-03-31,165200,16,4,2,1,0,1,0,1,5,1
1990-04-30,165200,3,1,0,2,3,1,1,3,6,10
1990-05-31,165200,9,3,2,1,0,0,0,0,0,16
1990-06-30,165200,7,1,0,0,1,0,0,2,2,17
1990-07-31,165200,4,7,0,0,0,0,0,0,1,19
1990-08-31,165200,5,7,0,0,0,0,0,0,1,18
1990-09-30,165200,7,3,0,0,0,1,1,3,0,15
1990-10-31,165200,2,1,1,2,4,0,5,2,0,14
1990-11-30,165200,1,5,4,1,0,3,3,2,6,5
1990-12-31,165200,3,7,3,0,0,2,0,1,4,11
1991-01-31,165200,7,3,9,1,0,1,3,1,2,4
1991-02-28,165200,3,3,0,4,0,3,2,0,6,7
1991-03-31,165200,0,4,3,2,6,3,1,2,4,6
1991-04-30,165200,3,3,1,3,0,0,1,2,5,12
1991-05-31,165200,8,2,2,0,0,1,0,2,7,9
1991-06-30,165200,16,2,0,0,0,0,1,0,3,8
1991-07-31,165200,3,0,0,0,0,0,0,0,5,23
1991-08-31,165200,3,1,1,0,0,0,0,0,3,23
1991-09-30,165200,4,1,1,0,1,2,0,1,2,18
1991-10-31,165200,2,4,4,2,3,2,0,1,3,10
1991-11-30,165200,7,1,1,1,0,4,4,2,5,5
1991-12-31,165200,5,8,7,2,0,0,0,2,7,0
1992-01-31,165200,11,5,5,2,1,2,1,0,1,3
1992-02-29,165200,13,4,3,0,0,1,1,2,5,0
1992-03-31,165200,8,0,4,2,0,2,1,4,6,4
1992-04-30,165200,6,2,0,0,2,2,4,0,10,4
1992-05-31,165200,8,4,3,2,1,2,0,0,2,9
1992-06-30,165200,2,0,0,3,1,0,0,2,5,17
1992-07-31,165200,2,4,0,0,1,0,0,1,2,21
1992-08-31,165200,5,2,0,0,0,0,1,0,2,21
1992-09-30,165200,7,0,0,0,3,0,0,0,3,17
1992-10-31,165200,0,0,0,1,2,2,4,7,0,15
1992-11-30,165200,9,3,1,0,0,2,3,6,5,1
1992-12-31,165200,5,2,5,4,2,2,2,1,2,6
1993-01-31,165200,14,4,0,2,0,0,2,0,5,4
1993-02-28,165200,6,6,3,5,0,0,0,0,5,3
1993-03-31,165200,14,3,1,0,2,1,0,1,3,6
1993-04-30,165200,3,0,0,2,3,3,1,3,4,11
1993-05-31,165200,10,3,1,0,4,1,0,3,0,9
1993-06-30,165200,6,3,1,1,1,0,0,0,2,16
1993-07-31,165200,10,4,2,1,2,0,0,0,5,7
1993-08-31,165200,2,2,0,0,0,0,0,0,4,23
1993-09-30,165200,4,0,0,1,5,2,2,1,2,13
1993-10-31,165200,2,1,5,4,3,8,1,2,0,5
1993-11-30,165200,6,1,3,3,1,1,0,0,2,13
1993-12-31,165200,4,3,0,0,0,2,6,9,3,4
1994-01-31,165200,4,4,2,0,1,2,3,4,8,3
1994-02-28,165200,2,0,1,1,5,4,2,1,6,6
1994-03-31,165200,16,4,0,0,1,1,1,0,4,4
1994-04-30,165200,1,3,1,0,0,2,4,4,6,9
1994-05-31,165200,6,1,0,0,3,3,1,0,1,16
1994-06-30,165200,6,6,1,1,2,0,0,1,3,10
1994-07-31,165200,0,3,0,0,0,0,0,0,2,26
1994-08-31,165200,1,0,0,0,0,2,0,1,5,22
1994-09-30,165200,3,2,0,1,6,1,1,2,3,11
1994-10-31,165200,8,1,2,3,1,0,3,1,1,11
1994-11-30,165200,10,4,1,0,3,2,2,2,3,3
1994-12-31,165200,9,2,0,0,2,0,5,2,5,6
1995-01-31,165200,1,7,0,0,0,3,8,5,6,1
1995-02-28,165200,10,2,1,0,0,1,5,5,2,2
1995-03-31,165200,4,3,1,3,1,1,1,8,6,3
1995-04-30,165200,8,4,2,1,1,1,2,0,5,6
1995-05-31,165200,10,2,1,1,2,2,0,1,2,10
1995-06-30,165200,11,0,2,0,0,0,0,0,2,15
1995-07-31,165200,3,7,1,1,0,0,0,0,1,18
1995-08-31,165200,1,4,0,0,0,0,0,0,6,20
1995-09-30,165200,4,3,0,1,0,1,3,2,3,13
1995-10-31,165200,19,2,2,0,2,0,0,0,0,6
1995-11-30,165200,0,5,1,4,6,1,2,0,5,6
1995-12-31,165200,2,0,2,2,2,2,4,0,2,15
1996-01-31,165200,1,0,3,2,9,3,1,2,1,9
1996-02-29,165200,0,3,1,2,3,0,2,3,6,9
1996-03-31,165200,2,4,2,4,2,0,0,0,5,12
1996-04-30,165200,5,3,4,0,4,1,0,0,1,12
1996-05-31,165200,10,1,0,0,1,2,2,3,2,10
1996-06-30,165200,11,6,1,0,0,1,0,0,4,7
1996-07-31,165200,8,3,0,1,0,0,0,0,3,16
1996-08-31,165200,2,2,0,0,0,0,0,0,1,26
1996-09-30,165200,2,2,1,1,1,1,0,3,6,13
1996-10-31,165200,5,3,0,1,2,1,2,1,6,10
1996-11-30,165200,4,1,0,0,2,4,3,5,4,7
1996-12-31,165200,1,2,0,2,3,7,1,0,2,13
1997-01-31,165200,10,3,2,1,5,2,0,0,0,8
1997-02-28,165200,16,2,1,0,0,0,2,2,4,1
1997-03-31,165200,8,10,3,0,0,0,0,3,3,4
1997-04-30,165200,6,4,0,5,0,0,2,0,6,7
1997-05-31,165200,9,1,1,6,2,2,2,1,0,7
1997-06-30,165200,3,0,1,0,2,2,0,0,2,20
1997-07-31,165200,3,3,1,0,1,0,0,0,6,17
1997-08-31,165200,3,2,0,0,0,0,2,1,1,22
1997-09-30,165200,4,5,1,0,0,0,0,0,0,20
1997-10-31,165200,2,3,1,1,1,0,0,3,5,15
1997-11-30,165200,0,2,0,0,2,5,4,1,3,13
1997-12-31,165200,2,3,1,0,5,1,3,4,5,7
1998-01-31,165200,6,0,3,0,2,2,4,2,5,7
1998-02-28,165200,10,7,0,0,0,1,1,1,4,4
1998-03-31,165200,6,12,1,1,1,0,0,3,3,4
1998-04-30,165200,5,2,0,1,2,7,7,3,0,3
1998-05-31,165200,7,1,1,1,2,0,0,0,3,16
1998-06-30,165200,11,0,0,2,2,1,0,2,2,10
1998-07-31,165200,7,1,0,0,1,1,0,0,6,15
1998-08-31,165200,2,6,0,0,0,0,0,1,5,17
1998-09-30,165200,1,1,3,0,2,2,1,5,3,12
1998-10-31,165200,9,2,0,0,0,3,2,5,5,5
1998-11-30,165200,3,10,1,0,0,1,4,1,5,5
1998-12-31,165200,8,3,1,1,3,1,1,1,6,6
1999-01-31,165200,12,2,2,0,2,0,1,5,4,3
1999-02-28,165200,2,6,0,1,1,0,2,6,8,2
1999-03-31,165200,3,2,2,2,7,4,4,0,4,3
1999-04-30,165200,5,0,0,2,2,3,2,3,7,6
1999-05-31,165200,7,0,0,1,3,0,0,3,1,16
1999-06-30,165200,5,2,1,0,1,0,0,0,5,16
1999-07-31,165200,2,7,0,0,0,0,0,0,3,19
1999-08-31,165200,4,0,0,0,0,0,0,0,2,25
1999-09-30,165200,5,3,0,1,0,2,1,1,1,16
1999-10-31,165200,10,3,2,0,2,5,0,0,2,7
1999-11-30,165200,4,3,2,3,1,0,0,3,4,10
1999-12-31,165200,6,7,0,0,0,1,6,3,4,4
2000-01-31,165200,13,4,5,1,0,0,0,2,5,1
2000-02-29,165200,12,5,0,0,0,0,0,6,6,0
2000-03-31,165200,10,4,1,3,2,0,2,1,3,5
2000-04-30,165200,2,0,1,1,5,4,2,4,3,8
2000-05-31,165200,7,0,0,3,3,0,0,0,1,17
2000-06-30,165200,6,6,2,3,0,0,0,0,2,11
2000-07-31,165200,5,2,0,1,2,3,0,2,6,10
2000-08-31,165200,3,3,0,0,0,0,0,0,3,22
2000-09-30,165200,6,4,0,0,2,2,0,0,3,13
2000-10-31,165200,6,1,0,4,2,3,1,1,6,7
2000-11-30,165200,4,0,0,0,1,9,4,6,1,5
2000-12-31,165200,9,0,0,2,5,5,1,4,1,4
2001-01-31,165200,0,2,1,0,1,9,6,1,1,10
2001-02-28,165200,1,5,1,0,0,4,3,2,8,4
2001-03-31,165200,3,1,0,0,2,7,9,4,1,4
2001-04-30,165200,8,4,0,0,1,2,2,3,6,4
2001-05-31,165200,4,3,2,1,2,1,0,1,2,15
2001-06-30,165200,6,3,1,0,1,1,0,0,4,14
2001-07-31,165200,6,4,0,0,3,1,0,0,3,14
2001-08-31,165200,3,4,0,0,0,0,0,0,2,22
2001-09-30,165200,9,1,0,1,2,0,0,1,9,7
2001-10-31,165200,16,1,2,0,2,0,1,0,1,8
2001-11-30,165200,2,3,4,3,0,0,0,1,6,11
2001-12-31,165200,6,7,3,0,0,0,1,4,5,5
2002-01-31,165200,17,2,3,1,0,2,2,0,1,3
2002-02-28,165200,9,2,2,0,0,1,3,2,6,3
2002-03-31,165200,3,7,1,3,1,2,0,1,4,9
2002-04-30,165200,5,3,0,3,2,1,0,1,4,11
2002-05-31,165200,8,0,0,3,5,0,0,1,5,9
2002-06-30,165200,8,2,0,0,1,1,0,2,2,14
2002-07-31,165200,6,4,0,0,0,0,0,0,6,15
2002-08-31,165200,2,0,0,0,0,0,0,2,4,23
2002-09-30,165200,2,4,2,0,0,0,0,0,4,18
2002-10-31,165200,10,1,0,0,1,3,3,2,5,6
2002-11-30,165200,0,2,0,0,3,7,1,4,4,9
2002-12-31,165200,3,0,1,1,2,2,4,2,1,15
2003-01-31,165200,4,7,0,0,0,1,5,5,3,6
2003-02-28,165200,4,3,3,4,3,0,1,1,4,5
2003-03-31,165200,12,5,3,1,2,0,2,0,1,5
2003-04-30,165200,3,4,2,3,5,3,0,1,2,7
2003-05-31,165200,6,3,0,2,2,0,0,0,5,13
2003-06-30,165200,7,3,0,0,1,0,0,0,0,19
2003-07-31,165200,1,4,0,0,0,0,0,0,3,23
2003-08-31,165200,2,2,0,0,0,2,0,0,0,25
2003-09-30,165200,8,4,5,0,0,0,0,0,2,11
2003-10-31,165200,4,1,0,3,2,2,2,2,3,12
2003-11-30,165200,6,1,5,2,7,1,1,3,0,4
2003-12-31,165200,5,7,0,3,3,2,1,0,4,6
2004-01-31,165200,5,3,0,0,0,1,4,3,8,7
2004-02-29,165200,12,2,2,1,1,0,0,3,0,8
2004-03-31,165200,6,3,1,5,3,0,0,2,2,9
2004-04-30,165200,2,5,0,1,3,1,1,6,0,11
2004-05-31,165200,7,2,2,1,2,0,2,2,1,12
2004-06-30,165200,13,3,0,0,0,0,1,1,5,7
2004-07-31,165200,3,4,0,0,0,0,0,0,7,17
2004-08-31,165200,7,0,0,0,2,0,0,0,4,18
2004-09-30,165200,9,5,2,0,0,0,0,0,6,8
2004-10-31,165200,6,0,0,0,2,8,4,0,0,11
2004-11-30,165200,7,8,1,0,0,1,0,2,4,7
2004-12-31,165200,5,5,4,2,2,2,0,3,2,6
2005-01-31,165200,9,3,1,0,0,0,1,1,11,5
2005-02-28,165200,2,4,3,3,0,0,1,4,5,6
2005-03-31,165200,8,0,1,0,2,1,1,2,7,9
2005-04-30,165200,8,1,0,3,2,3,1,3,3,6
2005-05-31,165200,6,3,2,1,1,0,0,0,5,13
2005-06-30,165200,3,5,2,0,2,0,0,0,0,18
2005-07-31,165200,2,4,0,0,0,0,0,0,5,20
2005-08-31,165200,1,3,0,0,0,0,0,0,10,17
2005-09-30,165200,6,2,0,0,4,0,0,0,4,14
2005-10-31,165200,9,2,0,2,6,0,0,0,0,12
2005-11-30,165200,11,2,2,2,1,2,2,1,3,4
2005-12-31,165200,7,3,1,0,0,1,5,3,5,6
2006-01-31,165200,7,8,3,3,1,1,1,1,0,6
2006-02-28,165200,1,8,0,0,0,2,4,2,2,9
2006-03-31,165200,3,1,0,1,0,2,4,6,4,10
2006-04-30,165200,5,1,1,3,1,2,0,0,9,8
2006-05-31,165200,13,3,1,2,1,0,0,0,2,9
2006-06-30,165200,5,0,1,2,5,0,0,0,4,13
2006-07-31,165200,1,1,0,0,0,0,0,0,0,29
2006-08-31,165200,3,4,0,0,2,0,0,3,8,11
2006-09-30,165200,9,0,1,1,3,1,0,2,2,11
2006-10-31,165200,4,2,4,1,3,6,1,1,2,7
2006-11-30,165200,14,3,1,0,1,5,2,1,3,0
2006-12-31,165200,12,2,7,1,0,2,3,0,0,4
2007-01-31,165200,14,2,0,0,0,0,3,6,3,3
2007-02-28,165200,3,2,1,0,1,0,7,4,4,6
2007-03-31,165200,4,7,0,1,0,2,2,4,1,10
2007-04-30,165200,7,1,3,7,1,0,0,0,0,11
2007-05-31,165200,1,1,0,1,0,2,1,4,8,13
2007-06-30,165200,10,0,0,0,1,1,1,0,3,14
2007-07-31,165200,9,4,0,0,0,1,0,0,7,10
2007-08-31,165200,3,2,2,0,0,0,0,0,3,21
2007-09-30,165200,5,6,1,2,0,0,1,0,2,13
2007-10-31,165200,1,9,5,4,0,0,0,0,1,11
2007-11-30,165200,0,8,3,0,3,1,0,2,6,7
2007-12-31,165200,4,7,5,4,0,0,2,4,4,1
2008-01-31,165200,10,4,0,0,4,4,3,2,3,1
2008-02-29,165200,15,2,4,1,3,2,0,1,0,1
2008-03-31,165200,2,2,0,0,0,2,2,10,4,9
2008-04-30,165200,4,3,0,0,1,8,2,3,5,4
2008-05-31,165200,2,0,1,4,6,1,0,1,0,16
2008-06-30,165200,2,3,1,1,1,0,0,0,4,18
2008-07-31,165200,3,4,0,0,0,0,0,0,2,22
2008-08-31,165200,6,3,0,0,0,0,0,0,3,19
2008-09-30,165200,4,6,2,0,0,1,0,0,3,14
2008-10-31,165200,12,1,4,0,0,2,1,1,1,9
2008-11-30,165200,5,4,0,1,2,3,0,3,1,11
2008-12-31,165200,4,1,2,2,3,0,4,1,5,9
2009-01-31,165200,2,3,4,0,0,2,3,2,2,13
2009-02-28,165200,2,7,0,0,1,3,2,2,7,4
2009-03-31,165200,4,2,2,0,1,2,0,3,7,10
2009-04-30,165200,2,0,1,0,3,2,1,2,2,17
2009-05-31,165200,4,7,0,1,5,0,0,0,3,11
2009-06-30,165200,5,2,0,0,0,2,0,0,5,16
2009-07-31,165200,5,4,0,0,2,2,0,0,4,14
2009-08-31,165200,1,2,0,0,0,0,0,0,1,27
2009-09-30,165200,3,8,5,0,1,0,0,0,2,11
2009-10-31,165200,6,7,1,0,2,0,0,0,7,8
2009-11-30,165200,5,0,0,0,2,8,6,3,1,5
2009-12-31,165200,0,1,0,0,0,6,6,4,6,8
2010-01-31,165200,5,3,1,2,0,0,1,4,2,13
2010-02-28,165200,2,1,0,0,2,6,5,2,3,7
2010-03-31,165200,4,3,2,0,4,4,2,1,1,10
2010-04-30,165200,9,6,1,1,3,0,0,0,2,8
2010-05-31,165200,4,3,0,0,1,2,0,2,5,14
2010-06-30,165200,3,1,2,0,2,0,0,1,7,14
2010-07-31,165200,2,4,0,0,0,0,0,0,3,22
2010-08-31,165200,10,2,0,0,0,0,0,0,7,12
2010-09-30,165200,2,3,0,0,1,0,0,0,4,20
2010-10-31,165200,4,2,0,2,3,3,0,0,6,11
2010-11-30,165200,3,1,0,0,1,2,5,5,2,11
2010-12-31,165200,4,6,0,0,2,4,4,1,4,6
2011-01-31,165200,6,6,1,0,0,5,0,1,3,9
2011-02-28,165200,7,8,0,0,0,3,0,0,4,6
2011-03-31,165200,7,2,3,1,4,1,2,0,4,7
2011-04-30,165200,6,7,2,3,2,0,0,1,3,6
2011-05-31,165200,3,5,2,1,2,0,0,0,3,15
2011-06-30,165200,5,5,0,0,0,0,0,2,5,13
2011-07-31,165200,4,0,0,0,0,0,0,0,7,20
2011-08-31,165200,4,2,0,0,0,0,0,0,1,24
2011-09-30,165200,3,3,1,0,0,0,0,0,6,17
2011-10-31,165200,9,2,5,2,3,0,0,0,5,5
2011-11-30,165200,5,2,2,5,7,0,0,0,0,9
2011-12-31,165200,3,2,1,0,0,2,6,8,9,0
2012-01-31,165200,4,3,2,1,0,0,1,4,11,5
2012-02-29,165200,7,10,0,0,0,0,0,0,4,8
2012-03-31,165200,11,6,2,2,1,3,0,1,2,3
2012-04-30,165200,1,0,0,0,5,2,8,1,2,11
2012-05-31,165200,12,3,0,0,3,1,1,1,4,6
2012-06-30,165200,6,3,0,0,1,1,0,1,3,15
2012-07-31,165200,3,6,0,0,0,0,0,1,3,18
2012-08-31,165200,2,4,0,0,0,0,0,0,2,23
2012-09-30,165200,3,3,0,1,0,3,1,0,4,15
2012-10-31,165200,5,0,0,0,5,1,0,1,3,16
2012-11-30,165200,5,1,4,0,2,3,2,1,1,11
2012-12-31,165200,3,0,0,0,1,3,3,7,10,4
2013-01-31,165200,1,1,0,0,0,1,1,3,8,16
2013-02-28,165200,2,2,0,1,0,0,2,2,7,12
2013-03-31,165200,0,1,0,1,6,4,7,2,2,8
2013-04-30,165200,6,2,2,3,0,1,4,0,1,11
2013-05-31,165200,4,3,0,0,2,1,0,7,4,10
2013-06-30,165200,5,6,0,1,3,0,0,0,6,9
2013-07-31,165200,5,5,0,0,0,0,0,0,1,20
2013-08-31,165200,3,6,2,0,1,0,0,0,2,17
2013-09-30,165200,3,6,1,0,0,1,0,2,6,11
2013-10-31,165200,2,4,0,1,7,2,0,0,2,13
2013-11-30,165200,1,9,0,1,0,0,4,4,2,9
2013-12-31,165200,14,4,0,1,0,4,0,2,4,2
2014-01-31,165200,5,0,0,0,1,7,2,4,3,9
2014-02-28,165200,1,0,0,0,1,5,6,5,2,8
2014-03-31,165200,7,3,3,2,0,1,1,2,3,9
2014-04-30,165200,5,3,0,0,2,0,0,6,3,11
2014-05-31,165200,10,0,0,0,5,0,0,1,7,8
2014-06-30,165200,4,3,1,0,0,0,0,0,3,19
2014-07-31,165200,2,1,0,1,0,0,0,0,9,18
2014-08-31,165200,3,2,0,0,0,1,0,0,4,21
2014-09-30,165200,3,2,0,1,3,0,0,0,3,18
2014-10-31,165200,6,5,1,0,4,2,2,1,3,7
2014-11-30,165200,4,0,0,0,11,5,1,1,0,8
2014-12-31,165200,4,6,0,0,2,1,0,1,9,8
2015-01-31,165200,6,4,0,0,0,2,2,4,7,6
2015-02-28,165200,4,3,2,0,2,1,0,3,4,9
2015-03-31,165200,2,5,1,7,0,0,2,2,6,6
2015-04-30,165200,11,3,1,0,1,2,0,0,3,9
2015-05-31,165200,7,6,0,0,1,2,2,0,4,9
2015-06-30,165200,5,2,0,1,1,0,0,0,4,17
2015-07-31,165200,4,1,0,0,0,0,0,1,2,23
2015-08-31,165200,3,0,0,0,1,0,0,0,1,26
2015-09-30,165200,0,6,3,1,1,4,0,0,6,9
2015-10-31,165200,2,3,3,0,2,0,0,0,3,18
2015-11-30,165200,13,2,1,1,1,0,0,2,9,1
2015-12-31,165200,27,2,0,0,0,0,0,0,1,1
2016-01-31,165200,10,0,0,0,0,0,9,5,3,4
2016-02-29,165200,4,0,0,0,1,3,6,2,5,8
2016-03-31,165200,0,4,1,0,1,3,2,5,4,11
2016-04-30,165200,3,4,1,4,1,4,0,2,3,8
2016-05-31,165200,5,1,0,2,4,0,2,3,5,9
2016-06-30,165200,12,1,0,0,0,0,0,1,6,10
2016-07-31,165200,6,4,0,0,0,0,0,0,5,16
2016-08-31,165200,1,12,1,0,0,0,0,0,2,15
2016-09-30,165200,5,3,1,0,0,0,0,0,4,17
2016-10-31,165200,5,8,0,0,5,0,0,0,0,13
2016-11-30,165200,3,1,5,0,3,4,1,3,2,8
2016-12-31,165200,9,4,6,5,0,0,0,0,5,2
2017-01-31,165200,4,4,1,3,3,1,1,1,5,8
2017-02-28,165200,9,1,0,1,3,3,4,0,1,6
2017-03-31,165200,7,1,3,1,2,1,1,4,5,6
2017-04-30,165200,5,6,1,0,3,0,0,0,4,11
2017-05-31,165200,13,2,0,0,3,0,0,0,4,9
2017-06-30,165200,10,2,2,0,0,1,2,1,1,11
2017-07-31,165200,2,4,1,0,1,0,0,1,6,16
2017-08-31,165200,3,3,0,0,0,0,0,0,3,22
2017-09-30,165200,11,0,0,0,0,1,0,2,3,13
2017-10-31,165200,11,6,1,0,2,0,0,0,7,4
2017-11-30,165200,4,7,0,0,1,1,1,0,7,9
2017-12-31,165200,4,4,1,0,0,4,6,5,5,2
2018-01-31,165200,8,0,1,0,4,1,3,7,4,3
2018-02-28,165200,2,3,0,1,1,1,0,4,1,15
2018-03-31,165200,1,1,0,0,1,7,8,2,3,8
2018-04-30,165200,10,0,3,0,5,4,1,1,0,6
2018-05-31,165200,2,0,2,0,1,0,0,0,1,25
2018-06-30,165200,2,6,0,0,0,0,0,1,5,16
2018-07-31,165200,0,0,0,0,0,0,0,0,3,28
2018-08-31,165200,2,3,0,0,0,0,0,0,3,23
2018-09-30,165200,7,2,3,0,0,0,0,0,2,16
2018-10-31,165200,2,5,5,2,4,2,0,0,2,9
2018-11-30,165200,2,1,3,3,4,6,0,0,2,9
2018-12-31,165200,8,4,0,0,0,1,1,6,8,3
2019-01-31,165200,1,6,0,0,0,1,1,4,11,7
2019-02-28,165200,12,8,0,0,0,1,1,1,3,2
2019-03-31,165200,8,5,3,0,0,2,2,1,8,2
2019-04-30,165200,2,1,0,5,2,3,2,2,4,9
2019-05-31,165200,7,4,0,0,1,1,1,1,6,10
2019-06-30,165200,4,1,0,1,2,0,0,0,1,21
2019-07-31,165200,3,5,0,0,0,0,0,1,1,21
2019-08-31,165200,1,2,0,0,0,0,0,0,2,26
2019-09-30,165200,6,3,3,1,2,0,0,0,2,13
2019-10-31,165200,5,3,0,2,4,1,0,0,4,12
2019-11-30,165200,1,0,0,0,1,5,7,3,1,12
2019-12-31,165200,3,4,1,3,3,3,1,6,6,1
2020-01-31,165200,14,4,0,3,2,0,3,1,2,2
2020-02-29,165200,10,2,0,0,0,1,3,7,6,0
2020-03-31,165200,4,1,5,4,0,1,2,2,6,6
2020-04-30,165200,11,2,1,2,3,0,2,1,0,8
2020-05-31,165200,4,5,4,0,4,1,1,1,2,9
2020-06-30,165200,5,1,0,0,1,2,0,1,5,15
2020-07-31,165200,3,4,2,0,0,0,0,0,3,19
2020-08-31,165200,4,3,0,0,0,0,0,0,4,20
2020-09-30,165200,8,1,1,0,0,0,1,4,0,15
2020-10-31,165200,8,0,0,0,3,3,3,3,4,7
2020-11-30,165200,15,6,1,4,1,0,0,0,1,2
2020-12-31,165200,5,0,0,1,2,3,6,1,4,9
2021-01-31,165200,1,3,2,0,0,3,2,5,6,9
2021-02-28,165200,6,2,2,0,5,4,3,2,1,3
2021-03-31,165200,12,5,4,3,0,0,1,1,4,1
2021-04-30,165200,3,4,6,1,3,0,0,0,2,11
2021-05-31,165200,13,0,1,0,2,0,2,3,2,8
2021-06-30,165200,2,1,0,2,4,0,0,0,1,20
2021-07-31,165200,1,2,0,0,1,0,0,0,4,23
2021-08-31,165200,3,4,0,0,0,0,0,0,2,22
2021-09-30,165200,1,1,2,2,3,0,0,0,1,20
2021-10-31,165200,4,9,3,0,1,2,1,0,3,8
2021-11-30,165200,1,5,2,0,0,0,2,2,2,16
2021-12-31,165200,6,3,1,0,0,2,4,7,6,2
1981-01-31,604900,20,2,0,1,0,0,0,3,3,2
1981-02-28,604900,12,3,1,3,0,1,0,1,1,6
1981-03-31,604900,13,3,4,0,0,0,0,1,2,8
1981-04-30,604900,2,4,8,0,0,0,0,1,1,14
1981-05-31,604900,4,4,7,2,0,0,0,0,3,11
1981-06-30,604900,0,6,21,0,0,0,0,0,0,3
1981-07-31,604900,0,5,18,1,0,0,0,0,0,7
1981-08-31,604900,1,2,8,0,0,0,0,0,1,19
1981-09-30,604900,6,1,4,0,0,0,0,0,0,19
1981-10-31,604900,12,2,2,1,0,1,1,0,1,11
1981-11-30,604900,21,0,0,3,2,0,0,0,1,3
1981-12-31,604900,6,1,0,0,0,2,7,11,1,3
1982-01-31,604900,12,4,0,0,1,0,3,2,4,5
1982-02-28,604900,10,1,0,0,2,1,0,1,7,6
1982-03-31,604900,8,3,6,3,0,0,0,0,1,10
1982-04-30,604900,2,5,7,2,1,0,0,0,0,13
1982-05-31,604900,1,2,17,1,0,1,0,0,0,9
1982-06-30,604900,1,4,12,1,0,0,0,0,0,12
1982-07-31,604900,1,5,2,0,0,0,0,0,0,23
1982-08-31,604900,1,2,13,1,0,0,0,0,0,14
1982-09-30,604900,2,1,11,3,0,0,0,0,0,13
1982-10-31,604900,8,7,5,0,0,0,0,2,4,5
1982-11-30,604900,10,4,2,0,1,3,2,2,5,1
1982-12-31,604900,12,3,1,0,0,0,2,7,6,0
1983-01-31,604900,24,0,3,1,1,1,1,0,0,0
1983-02-28,604900,14,0,1,3,0,0,0,2,1,7
1983-03-31,604900,15,3,0,4,1,0,0,0,4,4
1983-04-30,604900,9,3,2,2,1,0,0,1,0,12
1983-05-31,604900,5,5,5,0,0,0,0,0,2,14
1983-06-30,604900,0,5,12,3,0,0,0,0,0,10
1983-07-31,604900,0,6,6,0,0,0,0,0,0,19
1983-08-31,604900,0,10,13,0,0,0,0,0,0,8
1983-09-30,604900,2,4,9,0,0,0,0,0,0,15
1983-10-31,604900,20,0,4,2,0,0,0,0,1,4
1983-11-30,604900,11,0,0,0,3,1,3,1,1,10
1983-12-31,604900,17,0,1,1,0,1,5,2,1,3
1984-01-31,604900,10,6,1,1,0,0,1,5,5,2
1984-02-29,604900,12,1,2,0,1,0,0,1,7,5
1984-03-31,604900,6,2,3,5,0,0,1,0,3,11
1984-04-30,604900,1,3,6,6,0,0,0,0,4,10
1984-05-31,604900,1,8,2,0,0,0,1,2,4,13
1984-06-30,604900,3,3,14,2,0,0,0,0,0,8
1984-07-31,604900,0,1,11,1,0,0,0,0,0,18
1984-08-31,604900,0,4,13,2,0,0,0,0,0,12
1984-09-30,604900,0,2,3,3,0,0,0,0,3,19
1984-10-31,604900,16,2,5,0,1,0,1,0,1,5
1984-11-30,604900,8,0,0,1,1,6,5,3,1,5
1984-12-31,604900,10,5,0,2,4,1,2,0,3,4
1985-01-31,604900,8,2,1,1,0,2,4,4,1,8
1985-02-28,604900,10,0,3,4,0,2,2,3,0,4
1985-03-31,604900,7,5,7,0,0,0,0,4,4,4
1985-04-30,604900,7,5,4,0,0,0,0,0,1,13
1985-05-31,604900,2,5,10,0,1,0,0,0,2,11
1985-06-30,604900,0,6,16,1,0,0,0,0,0,7
1985-07-31,604900,0,3,11,0,0,0,0,0,0,17
1985-08-31,604900,0,2,6,0,0,0,0,0,0,23
1985-09-30,604900,0,0,8,1,0,0,0,0,0,21
1985-10-31,604900,10,2,3,1,0,0,0,0,0,15
1985-11-30,604900,9,0,0,1,0,2,2,2,2,12
1985-12-31,604900,16,0,0,0,2,3,2,2,2,4
1986-01-31,604900,8,2,1,0,0,1,2,9,6,2
1986-02-28,604900,5,0,0,1,1,0,5,8,1,7
1986-03-31,604900,10,6,1,1,0,0,0,1,2,10
1986-04-30,604900,6,4,2,0,1,0,0,0,3,14
1986-05-31,604900,2,2,13,2,0,0,0,0,0,12
1986-06-30,604900,0,10,10,2,0,0,0,0,0,8
1986-07-31,604900,0,3,11,2,0,0,0,0,0,15
1986-08-31,604900,0,1,4,0,0,0,0,0,0,26
1986-09-30,604900,6,2,8,0,0,0,0,0,0,14
1986-10-31,604900,9,0,5,1,0,0,0,0,1,15
1986-11-30,604900,18,5,0,1,0,1,0,2,0,3
1986-12-31,604900,15,3,0,2,0,1,1,4,5,0
1987-01-31,604900,10,0,0,4,1,4,4,5,3,0
1987-02-28,604900,8,2,0,0,0,1,1,0,8,8
1987-03-31,604900,6,4,3,4,0,0,0,0,2,12
1987-04-30,604900,8,2,2,5,0,1,2,0,0,10
1987-05-31,604900,2,7,11,1,0,0,0,0,0,10
1987-06-30,604900,0,6,15,0,0,0,0,0,0,9
1987-07-31,604900,0,12,13,2,0,0,0,0,0,4
1987-08-31,604900,0,1,10,2,0,0,0,0,0,18
1987-09-30,604900,3,1,5,0,0,0,1,0,0,20
1987-10-31,604900,9,0,0,1,2,0,1,0,2,16
1987-11-30,604900,10,2,2,1,1,0,1,3,2,8
1987-12-31,604900,14,0,2,1,2,2,5,1,0,4
1988-01-31,604900,11,1,0,0,2,3,3,3,5,3
1988-02-29,604900,7,4,6,1,2,0,1,1,1,6
1988-03-31,604900,13,2,0,0,0,0,0,0,8,8
1988-04-30,604900,4,4,6,1,0,0,0,0,1,14
1988-05-31,604900,2,10,10,0,0,0,0,0,2,7
1988-06-30,604900,0,11,9,2,0,0,0,0,0,8
1988-07-31,604900,0,7,16,0,0,0,0,0,0,8
1988-08-31,604900,0,4,7,0,0,0,0,0,0,20
1988-09-30,604900,6,3,4,3,0,0,0,0,0,14
1988-10-31,604900,8,0,2,2,3,0,0,0,0,16
1988-11-30,604900,9,0,2,3,5,0,2,0,0,9
1988-12-31,604900,19,4,0,2,0,0,0,3,1,2
1989-01-31,604900,16,0,9,2,1,3,0,0,0,0
1989-02-28,604900,14,0,1,6,0,1,1,4,0,1
1989-03-31,604900,8,2,3,2,1,0,0,1,3,11
1989-04-30,604900,2,3,4,2,2,0,1,4,7,5
1989-05-31,604900,1,3,14,3,0,0,0,0,0,10
1989-06-30,604900,0,4,15,0,0,0,0,0,0,11
1989-07-31,604900,0,1,11,1,0,0,0,0,0,18
1989-08-31,604900,0,3,4,0,0,0,0,0,0,24
1989-09-30,604900,0,1,10,1,0,0,0,0,1,17
1989-10-31,604900,11,1,4,6,1,1,0,0,1,6
1989-11-30,604900,3,1,0,0,5,6,4,1,1,9
1989-12-31,604900,7,1,0,2,4,6,4,1,0,6
1990-01-31,604900,12,7,5,0,0,2,2,1,1,1
1990-02-28,604900,16,0,0,2,1,0,0,3,3,3
1990-03-31,604900,10,0,6,10,1,0,0,0,0,4
1990-04-30,604900,3,6,6,4,0,0,0,0,3,8
1990-05-31,604900,1,4,12,8,0,0,0,0,0,6
1990-06-30,604900,0,9,4,1,0,0,0,0,1,15
1990-07-31,604900,0,1,18,1,0,0,0,0,0,11
1990-08-31,604900,0,0,11,0,0,0,0,0,0,20
1990-09-30,604900,2,0,4,1,1,0,0,0,0,22
1990-10-31,604900,11,2,2,0,0,0,0,2,1,13
1990-11-30,604900,10,1,3,1,0,0,2,0,0,13
1990-12-31,604900,4,0,2,6,0,1,0,4,6,8
1991-01-31,604900,18,2,1,5,0,0,1,0,1,3
1991-02-28,604900,11,2,2,0,1,1,3,0,3,5
1991-03-31,604900,6,5,2,2,1,3,2,2,1,7
1991-04-30,604900,3,3,9,2,0,0,0,0,5,8
1991-05-31,604900,2,7,9,5,0,0,0,0,1,7
1991-06-30,604900,0,6,15,2,0,0,0,1,0,6
1991-07-31,604900,0,7,7,0,0,0,0,0,0,17
1991-08-31,604900,0,1,9,1,0,0,0,0,0,20
1991-09-30,604900,3,1,2,0,0,0,0,0,1,23
1991-10-31,604900,6,6,4,3,0,1,1,0,1,9
1991-11-30,604900,9,1,3,1,3,1,1,4,4,3
1991-12-31,604900,15,0,0,3,5,0,0,0,2,6
1992-01-31,604900,17,3,2,3,0,1,1,0,0,4
1992-02-29,604900,19,0,2,4,2,0,0,0,1,1
1992-03-31,604900,13,5,5,1,0,0,1,4,2,0
1992-04-30,604900,4,4,3,1,0,1,1,1,4,11
1992-05-31,604900,9,5,3,1,0,0,0,0,0,13
1992-06-30,604900,0,12,9,0,0,0,0,0,2,7
1992-07-31,604900,0,3,20,0,0,0,0,0,0,8
1992-08-31,604900,1,2,3,0,0,0,0,0,1,24
1992-09-30,604900,0,0,6,0,0,0,0,0,0,24
1992-10-31,604900,3,3,1,0,0,0,2,3,5,14
1992-11-30,604900,19,2,4,0,0,0,0,0,4,1
1992-12-31,604900,6,1,3,3,2,1,1,3,3,8
1993-01-31,604900,24,2,0,3,1,1,0,0,0,0
1993-02-28,604900,11,0,7,4,0,0,0,0,1,5
1993-03-31,604900,8,2,0,6,1,0,0,1,0,13
1993-04-30,604900,2,7,1,1,0,0,0,0,0,19
1993-05-31,604900,5,6,5,5,1,0,0,0,1,8
1993-06-30,604900,0,13,14,0,0,0,0,0,0,3
1993-07-31,604900,0,6,14,1,0,0,0,0,1,9
1993-08-31,604900,0,2,8,0,0,0,0,0,0,21
1993-09-30,604900,5,6,2,0,0,0,0,1,2,14
1993-10-31,604900,8,2,6,0,0,1,2,2,1,9
1993-11-30,604900,4,1,7,3,2,1,1,4,0,7
1993-12-31,604900,23,0,0,0,0,1,0,3,3,1
1994-01-31,604900,12,5,4,0,0,0,3,4,3,0
1994-02-28,604900,11,1,0,0,0,2,2,4,3,5
1994-03-31,604900,7,5,13,1,0,0,0,0,0,5
1994-04-30,604900,5,8,6,1,0,0,0,0,5,5
1994-05-31,604900,4,3,5,1,0,0,0,0,2,16
1994-06-30,604900,0,5,18,1,0,0,0,0,0,6
1994-07-31,604900,0,1,5,2,0,0,0,0,0,23
1994-08-31,604900,0,2,7,0,0,0,0,0,0,22
1994-09-30,604900,1,3,5,0,0,0,0,0,1,20
1994-10-31,604900,7,0,0,3,1,0,0,1,0,19
1994-11-30,604900,18,1,0,0,1,1,1,1,3,4
1994-12-31,604900,21,0,0,0,2,0,4,2,1,1
1995-01-31,604900,16,4,0,0,0,0,2,4,5,0
1995-02-28,604900,13,4,2,0,0,0,1,4,2,2
1995-03-31,604900,6,3,2,4,3,0,0,2,3,8
1995-04-30,604900,3,4,8,5,0,0,0,1,1,8
1995-05-31,604900,0,4,6,8,0,0,0,0,2,11
1995-06-30,604900,0,5,15,3,0,0,0,0,0,7
1995-07-31,604900,0,9,11,0,0,0,0,0,0,11
1995-08-31,604900,0,6,12,0,0,0,0,0,0,13
1995-09-30,604900,5,3,8,0,0,0,0,0,1,13
1995-10-31,604900,12,0,3,1,2,0,0,0,0,13
1995-11-30,604900,10,1,0,1,2,2,3,0,2,9
1995-12-31,604900,5,1,0,3,0,3,9,2,2,6
1996-01-31,604900,7,0,1,2,3,7,4,2,2,3
1996-02-29,604900,6,3,2,0,0,0,0,4,6,8
1996-03-31,604900,6,2,2,4,2,0,0,3,2,10
1996-04-30,604900,3,4,4,2,2,0,0,1,2,12
1996-05-31,604900,6,5,8,0,0,0,0,0,1,11
1996-06-30,604900,0,3,14,2,0,0,0,0,0,11
1996-07-31,604900,0,3,15,0,0,0,0,0,1,12
1996-08-31,604900,0,10,13,1,0,0,0,0,0,7
1996-09-30,604900,5,1,5,0,0,0,0,2,3,14
1996-10-31,604900,13,3,2,0,0,0,0,1,1,11
1996-11-30,604900,13,1,0,0,0,3,0,7,3,3
1996-12-31,604900,5,1,0,0,0,8,9,2,0,6
1997-01-31,604900,10,2,0,1,5,3,3,2,1,4
1997-02-28,604900,22,0,2,2,0,0,0,1,1,0
1997-03-31,604900,12,0,10,5,0,0,0,0,0,4
1997-04-30,604900,4,0,6,2,0,0,0,1,0,17
1997-05-31,604900,4,4,6,3,0,0,0,0,2,12
1997-06-30,604900,4,12,4,0,0,0,0,0,0,10
1997-07-31,604900,0,9,18,0,0,0,0,0,0,4
1997-08-31,604900,2,2,6,1,0,0,0,0,0,20
1997-09-30,604900,1,0,12,2,0,0,0,0,0,15
1997-10-31,604900,8,3,2,0,2,0,0,1,0,15
1997-11-30,604900,8,0,0,0,0,3,7,3,5,4
1997-12-31,604900,12,1,0,0,1,3,3,3,3,5
1998-01-31,604900,12,2,0,0,6,1,3,1,2,4
1998-02-28,604900,10,2,2,5,2,2,1,0,0,4
1998-03-31,604900,14,2,4,2,2,0,0,0,2,5
1998-04-30,604900,10,7,4,0,0,0,0,1,2,6
1998-05-31,604900,1,7,8,0,2,0,0,0,2,11
1998-06-30,604900,2,4,14,1,0,0,0,0,0,9
1998-07-31,604900,0,7,11,1,0,0,0,0,0,12
1998-08-31,604900,0,2,10,2,0,0,0,0,0,17
1998-09-30,604900,3,0,10,0,0,1,1,0,5,10
1998-10-31,604900,15,5,3,0,0,0,0,1,2,5
1998-11-30,604900,11,3,3,1,0,0,1,2,2,7
1998-12-31,604900,18,1,1,1,0,3,0,2,1,4
1999-01-31,604900,8,4,1,2,2,0,1,3,4,6
1999-02-28,604900,9,2,5,1,0,0,0,1,5,5
1999-03-31,604900,5,3,0,3,3,0,0,2,3,12
1999-04-30,604900,9,4,5,0,0,0,0,1,1,10
1999-05-31,604900,1,6,6,2,0,0,0,1,1,14
1999-06-30,604900,0,11,13,0,0,0,0,0,0,6
1999-07-31,604900,0,4,13,0,0,0,0,0,1,13
1999-08-31,604900,1,2,10,0,0,0,0,0,0,18
1999-09-30,604900,7,4,7,0,0,0,0,0,2,10
1999-10-31,604900,14,0,6,2,1,0,2,0,0,6
1999-11-30,604900,9,2,6,0,0,0,0,0,4,9
1999-12-31,604900,15,3,1,1,0,0,2,6,2,1
2000-01-31,604900,20,0,2,2,1,2,0,0,0,4
2000-02-29,604900,22,0,2,1,2,1,0,0,1,0
2000-03-31,604900,11,3,2,4,0,0,0,0,1,10
2000-04-30,604900,12,2,0,3,0,0,2,2,3,6
2000-05-31,604900,0,6,12,1,0,0,0,0,0,12
2000-06-30,604900,0,5,10,0,0,0,0,0,0,15
2000-07-31,604900,0,5,11,1,0,0,0,0,1,13
2000-08-31,604900,0,1,10,0,0,0,0,0,0,20
2000-09-30,604900,1,2,7,0,0,0,0,0,0,20
2000-10-31,604900,9,0,1,2,0,0,2,0,3,14
2000-11-30,604900,13,0,1,2,0,1,4,3,3,3
2000-12-31,604900,15,0,0,0,0,6,4,4,0,2
2001-01-31,604900,8,0,0,0,0,4,6,3,8,2
2001-02-28,604900,11,1,4,1,0,3,1,3,1,3
2001-03-31,604900,11,3,0,2,0,1,5,0,5,4
2001-04-30,604900,6,5,7,1,0,0,0,1,2,8
2001-05-31,604900,1,7,11,2,0,0,0,0,1,9
2001-06-30,604900,0,4,11,1,0,0,0,0,0,14
2001-07-31,604900,0,13,8,2,0,0,0,0,0,8
2001-08-31,604900,0,1,8,0,0,0,0,0,0,22
2001-09-30,604900,0,4,14,0,0,0,0,0,0,12
2001-10-31,604900,16,1,0,4,0,1,2,0,0,7
2001-11-30,604900,9,1,4,3,0,0,0,3,0,10
2001-12-31,604900,12,0,1,5,0,2,2,0,1,8
2002-01-31,604900,21,0,0,3,4,0,2,1,0,0
2002-02-28,604900,16,1,5,0,0,0,0,0,3,3
2002-03-31,604900,8,3,2,3,0,2,0,0,2,11
2002-04-30,604900,4,1,6,1,0,0,0,2,1,15
2002-05-31,604900,5,7,6,3,0,0,0,0,2,8
2002-06-30,604900,0,7,7,1,0,0,0,0,0,15
2002-07-31,604900,0,12,14,0,0,0,0,0,0,5
2002-08-31,604900,0,8,4,1,0,0,0,0,0,18
2002-09-30,604900,0,1,6,0,0,0,0,0,2,21
2002-10-31,604900,15,0,0,1,0,0,2,2,1,10
2002-11-30,604900,5,2,0,0,0,4,5,4,6,4
2002-12-31,604900,9,1,0,0,0,3,4,4,5,5
2003-01-31,604900,7,7,2,0,0,0,4,6,4,1
2003-02-28,604900,7,2,2,2,2,1,0,2,3,7
2003-03-31,604900,7,1,5,7,2,1,0,0,1,7
2003-04-30,604900,4,7,4,0,0,0,0,0,0,15
2003-05-31,604900,1,6,15,1,0,0,0,0,0,8
2003-06-30,604900,1,3,11,2,0,0,0,0,0,13
2003-07-31,604900,0,3,9,0,0,0,0,0,0,19
2003-08-31,604900,0,0,1,0,0,0,0,0,0,30
2003-09-30,604900,4,2,8,0,0,0,0,0,0,16
2003-10-31,604900,3,0,3,1,0,1,1,2,0,20
2003-11-30,604900,8,1,3,1,0,3,1,2,2,9
2003-12-31,604900,7,4,1,0,3,2,3,4,4,3
2004-01-31,604900,17,3,0,0,0,0,0,4,5,2
2004-02-29,604900,15,0,0,2,1,0,1,3,1,6
2004-03-31,604900,9,3,11,0,0,0,0,2,0,6
2004-04-30,604900,7,2,4,4,0,0,0,3,1,9
2004-05-31,604900,6,4,10,2,0,0,0,1,2,6
2004-06-30,604900,0,5,15,0,0,0,0,0,0,10
2004-07-31,604900,0,5,12,1,0,0,0,0,0,13
2004-08-31,604900,2,6,4,1,0,0,0,0,0,18
2004-09-30,604900,3,2,3,3,0,0,0,0,0,19
2004-10-31,604900,11,2,2,0,0,0,1,1,1,13
2004-11-30,604900,14,3,2,0,1,1,0,0,4,5
2004-12-31,604900,2,2,2,3,1,1,0,3,6,11
2005-01-31,604900,16,3,2,1,2,0,0,1,5,1
2005-02-28,604900,7,2,2,1,0,0,1,1,3,11
2005-03-31,604900,11,4,4,1,0,0,0,0,0,11
2005-04-30,604900,1,6,9,1,1,1,0,0,1,10
2005-05-31,604900,1,6,9,1,0,0,0,0,0,14
2005-06-30,604900,0,3,13,0,0,0,0,0,0,14
2005-07-31,604900,1,5,12,0,0,0,0,0,0,13
2005-08-31,604900,0,6,12,0,0,0,0,0,0,13
2005-09-30,604900,5,3,11,1,0,0,0,0,2,8
2005-10-31,604900,6,0,6,0,3,0,0,0,0,16
2005-11-30,604900,8,3,2,0,2,0,0,3,1,11
2005-12-31,604900,12,1,1,4,0,0,3,3,0,7
2006-01-31,604900,12,2,1,2,2,2,0,1,2,7
2006-02-28,604900,9,1,1,0,0,1,2,1,2,11
2006-03-31,604900,11,1,0,1,0,0,1,2,5,10
2006-04-30,604900,0,4,5,0,1,0,0,0,0,20
2006-05-31,604900,0,3,11,3,0,0,0,0,0,14
2006-06-30,604900,0,6,7,4,0,0,0,0,0,13
2006-07-31,604900,0,1,9,0,0,0,0,0,0,21
2006-08-31,604900,0,9,12,0,0,0,0,0,1,9
2006-09-30,604900,3,0,4,0,1,0,0,0,3,19
2006-10-31,604900,6,1,4,2,1,1,1,0,0,15
2006-11-30,604900,13,0,1,2,2,4,1,3,0,4
2006-12-31,604900,14,6,3,1,1,0,1,3,0,2
2007-01-31,604900,23,0,2,1,0,0,0,1,0,4
2007-02-28,604900,12,2,0,2,0,1,1,4,3,3
2007-03-31,604900,9,6,3,2,0,0,0,2,4,5
2007-04-30,604900,0,5,15,4,0,0,0,0,2,4
2007-05-31,604900,6,7,4,0,0,0,0,0,2,12
2007-06-30,604900,1,9,16,2,0,0,0,0,0,2
2007-07-31,604900,1,4,7,1,0,0,0,0,0,18
2007-08-31,604900,0,8,6,2,0,0,0,0,0,15
2007-09-30,604900,2,0,13,0,0,0,0,0,0,15
2007-10-31,604900,3,3,7,2,0,0,0,0,1,15
2007-11-30,604900,11,1,2,0,0,4,0,0,1,11
2007-12-31,604900,15,3,1,0,4,0,0,1,4,3
2008-01-31,604900,22,1,0,0,0,0,3,2,1,2
2008-02-29,604900,11,0,1,10,5,1,0,0,0,1
2008-03-31,604900,5,6,2,1,0,0,0,1,5,11
2008-04-30,604900,7,2,1,1,1,0,5,1,2,10
2008-05-31,604900,2,3,11,1,0,0,0,0,3,11
2008-06-30,604900,0,4,17,1,0,0,0,0,0,8
2008-07-31,604900,0,4,10,0,0,0,0,0,0,17
2008-08-31,604900,0,3,11,0,0,0,0,0,0,17
2008-09-30,604900,1,1,7,2,0,0,0,0,0,19
2008-10-31,604900,7,0,4,4,0,1,0,0,1,14
2008-11-30,604900,10,0,3,1,0,2,2,3,2,7
2008-12-31,604900,10,2,0,0,3,0,3,5,3,5
2009-01-31,604900,4,2,2,0,0,0,1,9,4,9
2009-02-28,604900,9,1,0,3,2,3,2,4,0,4
2009-03-31,604900,3,1,2,3,1,0,0,2,2,17
2009-04-30,604900,7,6,0,0,0,1,0,0,2,14
2009-05-31,604900,3,6,5,4,0,0,0,0,0,13
2009-06-30,604900,0,9,3,0,0,0,0,0,1,17
2009-07-31,604900,0,5,7,0,0,0,0,0,0,19
2009-08-31,604900,0,1,14,0,0,0,0,0,0,16
2009-09-30,604900,3,1,8,0,0,0,0,0,0,18
2009-10-31,604900,10,0,2,0,1,0,0,1,1,16
2009-11-30,604900,14,0,0,0,0,4,1,4,6,1
2009-12-31,604900,9,0,0,0,0,1,11,2,3,5
2010-01-31,604900,7,1,4,0,1,2,2,6,3,5
2010-02-28,604900,6,0,1,1,2,4,3,3,2,6
2010-03-31,604900,10,4,2,1,3,2,0,2,0,7
2010-04-30,604900,3,1,10,5,0,0,0,0,0,11
2010-05-31,604900,3,6,6,2,0,0,0,0,2,12
2010-06-30,604900,0,9,10,1,0,0,0,0,0,10
2010-07-31,604900,0,2,14,0,0,0,0,0,0,15
2010-08-31,604900,0,3,8,1,0,0,0,0,0,19
2010-09-30,604900,2,2,4,0,0,0,0,0,1,21
2010-10-31,604900,5,1,1,0,0,1,3,0,1,19
2010-11-30,604900,10,0,1,0,0,1,3,7,3,5
2010-12-31,604900,5,2,0,1,0,10,2,2,1,8
2011-01-31,604900,12,1,0,5,0,3,1,1,1,7
2011-02-28,604900,15,6,0,0,0,0,2,2,3,0
2011-03-31,604900,4,4,3,10,1,0,0,2,2,5
2011-04-30,604900,2,3,4,5,1,0,0,0,0,15
2011-05-31,604900,3,2,8,4,0,0,0,1,1,12
2011-06-30,604900,0,2,12,0,0,0,0,0,0,16
2011-07-31,604900,0,8,8,0,0,0,0,0,0,15
2011-08-31,604900,0,0,3,0,0,0,0,0,0,28
2011-09-30,604900,0,3,12,2,0,0,0,0,0,13
2011-10-31,604900,14,5,2,2,0,0,1,0,0,7
2011-11-30,604900,8,1,4,0,5,3,0,4,0,5
2011-12-31,604900,23,3,2,0,0,0,0,1,2,0
2012-01-31,604900,20,1,4,0,0,0,0,1,3,2
2012-02-29,604900,13,7,4,0,0,0,0,0,3,2
2012-03-31,604900,13,4,5,4,0,0,0,0,1,4
2012-04-30,604900,3,3,0,0,0,0,0,3,6,15
2012-05-31,604900,3,3,9,1,0,0,0,0,2,13
2012-06-30,604900,0,8,12,0,0,0,0,0,0,10
2012-07-31,604900,0,4,6,2,0,0,0,0,0,19
2012-08-31,604900,0,4,3,0,0,0,0,0,0,24
2012-09-30,604900,2,1,5,2,0,0,0,1,0,19
2012-10-31,604900,8,2,0,0,3,1,1,2,0,14
2012-11-30,604900,7,1,1,2,1,1,2,3,1,11
2012-12-31,604900,19,2,0,0,0,1,0,3,1,5
2013-01-31,604900,14,1,1,0,0,0,1,10,4,0
2013-02-28,604900,4,3,1,3,0,0,2,3,7,5
2013-03-31,604900,8,0,0,1,1,3,4,4,6,4
2013-04-30,604900,5,2,12,0,0,0,0,1,2,8
2013-05-31,604900,3,7,10,0,0,0,0,0,1,10
2013-06-30,604900,0,7,15,2,0,0,0,0,0,6
2013-07-31,604900,0,4,15,0,0,0,0,0,0,12
2013-08-31,604900,0,2,11,0,0,0,0,0,0,18
2013-09-30,604900,5,2,6,0,0,0,0,1,0,16
2013-10-31,604900,10,3,3,1,0,0,0,0,1,13
2013-11-30,604900,7,5,3,2,0,0,0,5,1,7
2013-12-31,604900,18,4,1,1,2,0,2,2,0,1
2014-01-31,604900,8,1,0,0,3,2,4,3,7,3
2014-02-28,604900,10,3,0,1,1,0,3,4,3,3
2014-03-31,604900,8,5,2,3,2,0,0,1,6,4
2014-04-30,604900,4,0,4,1,0,2,0,1,3,15
2014-05-31,604900,0,4,12,6,0,0,0,0,0,9
2014-06-30,604900,0,7,11,0,0,0,0,0,0,12
2014-07-31,604900,0,11,11,0,0,0,0,0,0,9
2014-08-31,604900,0,8,5,0,0,0,0,0,0,18
2014-09-30,604900,2,2,3,1,0,0,0,0,0,22
2014-10-31,604900,7,1,1,3,0,0,0,0,0,19
2014-11-30,604900,6,1,0,0,5,2,5,2,2,7
2014-12-31,604900,15,3,0,0,0,2,0,4,5,2
2015-01-31,604900,15,1,0,2,1,0,0,5,4,3
2015-02-28,604900,0,2,5,2,0,0,0,5,10,4
2015-03-31,604900,11,1,5,2,0,0,0,0,4,8
2015-04-30,604900,1,1,9,5,3,0,0,0,1,10
2015-05-31,604900,3,7,8,2,0,0,0,0,0,11
2015-06-30,604900,0,8,13,0,0,0,0,0,0,9
2015-07-31,604900,0,2,3,0,0,0,0,0,0,26
2015-08-31,604900,0,3,9,0,0,0,0,0,1,18
2015-09-30,604900,3,3,4,1,0,0,0,0,0,19
2015-10-31,604900,7,2,1,1,0,0,0,1,0,19
2015-11-30,604900,20,3,1,1,1,0,0,2,1,1
2015-12-31,604900,28,0,0,0,3,0,0,0,0,0
2016-01-31,604900,15,3,0,0,0,0,7,4,1,1
2016-02-29,604900,7,2,1,3,0,1,1,8,4,2
2016-03-31,604900,6,4,1,0,0,0,0,0,9,11
2016-04-30,604900,8,9,8,0,0,0,0,0,0,5
2016-05-31,604900,1,2,7,2,0,1,0,0,2,16
2016-06-30,604900,0,10,11,1,0,0,0,0,0,8
2016-07-31,604900,0,3,14,1,0,0,0,0,0,13
2016-08-31,604900,0,2,12,0,0,0,0,0,0,17
2016-09-30,604900,0,4,8,1,0,0,0,0,0,17
2016-10-31,604900,6,0,3,1,0,0,0,0,0,21
2016-11-30,604900,8,1,2,1,2,2,1,2,3,8
2016-12-31,604900,16,1,6,1,1,1,0,1,1,3
2017-01-31,604900,11,2,1,1,0,5,0,1,8,2
2017-02-28,604900,10,0,1,6,2,0,1,1,3,4
2017-03-31,604900,10,3,4,2,0,0,0,0,2,10
2017-04-30,604900,5,0,7,4,0,0,0,0,0,14
2017-05-31,604900,1,3,18,3,0,0,0,0,0,6
2017-06-30,604900,0,5,12,1,0,0,0,0,1,11
2017-07-31,604900,0,4,5,2,0,0,0,0,0,20
2017-08-31,604900,0,1,13,0,0,0,0,0,0,17
2017-09-30,604900,1,4,7,1,0,0,0,0,0,17
2017-10-31,604900,16,0,2,1,0,0,0,0,0,12
2017-11-30,604900,10,2,1,0,0,0,1,0,2,14
2017-12-31,604900,16,2,2,0,0,0,3,3,3,2
2018-01-31,604900,13,2,2,4,0,1,1,1,4,3
2018-02-28,604900,6,1,1,0,0,1,2,1,5,11
2018-03-31,604900,9,2,0,0,0,1,4,8,4,3
2018-04-30,604900,5,4,3,8,1,0,0,1,2,6
2018-05-31,604900,0,7,11,1,0,0,0,0,1,11
2018-06-30,604900,1,10,13,0,0,0,0,0,0,6
2018-07-31,604900,0,13,6,0,0,0,0,0,0,12
2018-08-31,604900,0,1,5,0,0,0,0,0,0,25
2018-09-30,604900,3,0,10,0,0,0,0,0,0,17
2018-10-31,604900,5,3,1,3,0,1,1,1,0,16
2018-11-30,604900,10,0,0,2,1,1,4,2,1,9
2018-12-31,604900,27,0,1,0,0,0,1,1,1,0
2019-01-31,604900,12,2,1,0,0,0,1,4,4,7
2019-02-28,604900,11,1,6,1,5,0,1,1,2,0
2019-03-31,604900,10,1,10,4,1,0,1,0,0,4
2019-04-30,604900,3,2,5,1,0,0,0,3,2,14
2019-05-31,604900,2,4,7,3,0,0,0,0,1,14
2019-06-30,604900,0,10,13,1,0,0,0,0,1,5
2019-07-31,604900,0,6,9,1,0,0,0,0,1,14
2019-08-31,604900,0,5,8,0,0,0,0,0,0,18
2019-09-30,604900,0,2,5,1,0,0,0,0,1,21
2019-10-31,604900,9,3,1,0,0,0,0,0,2,16
2019-11-30,604900,5,0,0,0,0,2,0,10,10,3
2019-12-31,604900,11,1,0,1,0,2,3,3,4,6
2020-01-31,604900,22,0,1,0,0,0,1,0,0,7
2020-02-29,604900,23,0,2,0,1,0,1,0,2,0
2020-03-31,604900,5,3,5,3,1,0,0,3,1,10
2020-04-30,604900,6,2,5,4,0,0,0,1,0,12
2020-05-31,604900,4,4,8,2,0,0,0,1,0,12
2020-06-30,604900,0,9,6,2,0,0,0,0,4,9
2020-07-31,604900,0,1,10,2,0,0,0,0,0,18
2020-08-31,604900,0,7,5,0,0,0,0,0,0,19
2020-09-30,604900,3,1,8,0,0,0,0,0,1,17
2020-10-31,604900,15,3,0,0,1,2,0,1,1,8
2020-11-30,604900,16,1,1,0,3,2,0,1,0,6
2020-12-31,604900,11,3,1,0,0,1,2,6,5,2
2021-01-31,604900,9,1,0,1,0,0,2,7,4,7
2021-02-28,604900,5,1,3,5,5,1,3,2,1,2
2021-03-31,604900,8,6,8,7,1,0,0,0,0,1
2021-04-30,604900,0,3,6,7,0,0,0,0,0,14
2021-05-31,604900,2,6,12,0,0,0,0,0,0,11
2021-06-30,604900,0,8,13,0,0,0,0,0,0,9
2021-07-31,604900,0,6,8,0,0,0,0,0,1,16
2021-08-31,604900,0,6,7,1,0,0,0,0,0,17
2021-09-30,604900,3,2,8,1,0,0,0,0,1,15
2021-10-31,604900,4,2,9,2,0,0,1,1,0,12
2021-11-30,604900,1,3,1,2,0,0,0,5,5,13
2021-12-31,604900,14,0,0,2,0,1,2,6,6,0
1981-01-31,603900,8,3,0,0,0,0,1,7,8,4
1981-02-28,603900,9,1,1,2,0,2,1,4,2,6
1981-03-31,603900,10,1,2,0,0,0,1,1,2,14
1981-04-30,603900,2,2,9,0,0,0,0,1,1,15
1981-05-31,603900,2,2,6,3,0,0,1,1,2,14
1981-06-30,603900,2,1,10,1,0,0,0,0,0,16
1981-07-31,603900,2,4,11,1,1,0,0,0,0,12
1981-08-31,603900,1,2,7,0,0,0,0,0,0,21
1981-09-30,603900,4,0,1,0,1,0,0,0,2,22
1981-10-31,603900,12,0,2,0,1,1,1,1,1,12
1981-11-30,603900,25,0,0,0,0,0,0,1,2,2
1981-12-31,603900,1,1,0,0,0,2,15,9,1,2
1982-01-31,603900,7,0,1,1,1,1,3,6,7,4
1982-02-28,603900,11,0,0,2,0,0,1,0,4,10
1982-03-31,603900,9,3,4,2,1,0,0,1,4,7
1982-04-30,603900,3,6,5,2,0,0,0,0,1,13
1982-05-31,603900,7,2,10,0,0,1,0,0,0,11
1982-06-30,603900,3,1,4,0,0,0,0,0,0,22
1982-07-31,603900,1,0,0,2,0,0,0,0,0,28
1982-08-31,603900,2,4,6,0,0,0,0,0,0,19
1982-09-30,603900,0,2,6,0,0,0,0,0,0,22
1982-10-31,603900,8,2,4,0,0,0,1,3,2,11
1982-11-30,603900,11,2,2,0,0,3,1,3,4,4
1982-12-31,603900,10,2,0,0,0,0,9,4,4,2
1983-01-31,603900,20,2,0,0,0,0,1,7,1,0
1983-02-28,603900,15,0,1,1,0,1,3,1,0,6
1983-03-31,603900,15,3,0,0,0,0,0,2,4,7
1983-04-30,603900,9,1,0,1,2,0,2,1,0,14
1983-05-31,603900,6,1,0,2,1,1,0,1,1,18
1983-06-30,603900,4,5,10,0,0,0,0,0,0,11
1983-07-31,603900,0,0,1,3,1,0,0,0,0,26
1983-08-31,603900,0,1,9,1,0,0,0,0,0,20
1983-09-30,603900,6,2,6,1,0,0,0,0,0,15
1983-10-31,603900,18,1,2,1,0,0,0,0,2,7
1983-11-30,603900,9,0,0,1,1,1,3,2,2,11
1983-12-31,603900,16,2,0,0,0,3,4,2,2,2
1984-01-31,603900,9,3,1,0,0,1,6,4,5,2
1984-02-29,603900,9,2,1,0,1,0,0,3,7,6
1984-03-31,603900,4,6,1,2,0,0,3,1,2,12
1984-04-30,603900,5,2,3,6,0,0,0,2,1,11
1984-05-31,603900,1,0,4,2,1,1,0,2,2,18
1984-06-30,603900,2,0,8,3,0,1,1,0,0,15
1984-07-31,603900,1,0,4,1,1,0,0,0,0,24
1984-08-31,603900,2,2,8,1,0,0,0,0,0,18
1984-09-30,603900,2,1,0,2,0,0,0,0,2,23
1984-10-31,603900,10,3,4,0,0,1,0,0,2,11
1984-11-30,603900,6,0,0,0,2,6,6,3,0,7
1984-12-31,603900,9,3,0,2,0,2,1,2,7,5
1985-01-31,603900,4,2,0,0,0,3,5,7,2,8
1985-02-28,603900,8,1,3,2,0,1,8,3,0,2
1985-03-31,603900,7,7,2,0,0,0,4,3,1,7
1985-04-30,603900,8,5,0,1,1,4,0,0,2,9
1985-05-31,603900,1,0,9,3,0,0,0,0,0,18
1985-06-30,603900,0,0,12,2,0,0,0,0,0,16
1985-07-31,603900,1,0,4,1,0,0,0,0,0,25
1985-08-31,603900,4,2,3,0,0,0,0,0,0,22
1985-09-30,603900,5,1,3,0,0,0,0,0,0,21
1985-10-31,603900,13,0,4,0,0,0,0,0,0,14
1985-11-30,603900,4,1,1,1,0,1,1,3,1,17
1985-12-31,603900,9,4,0,0,0,5,3,4,3,3
1986-01-31,603900,6,0,0,0,0,0,5,9,8,3
1986-02-28,603900,1,0,0,2,0,2,10,5,1,7
1986-03-31,603900,11,3,0,0,0,0,3,1,3,10
1986-04-30,603900,3,2,1,2,2,1,0,2,3,14
1986-05-31,603900,3,0,8,2,0,0,0,0,0,18
1986-06-30,603900,2,4,9,2,0,0,0,0,0,13
1986-07-31,603900,0,3,6,1,0,0,0,0,0,21
1986-08-31,603900,2,0,4,0,0,0,0,0,0,25
1986-09-30,603900,5,1,6,0,0,0,0,0,0,18
1986-10-31,603900,5,2,1,6,0,0,1,1,2,13
1986-11-30,603900,15,6,2,0,0,1,1,1,2,2
1986-12-31,603900,9,3,0,0,0,1,5,5,7,1
1987-01-31,603900,7,1,0,2,0,3,4,7,4,3
1987-02-28,603900,7,2,0,0,0,2,3,4,4,6
1987-03-31,603900,4,1,5,3,0,1,0,1,5,11
1987-04-30,603900,8,1,1,4,0,3,0,0,4,9
1987-05-31,603900,3,6,9,1,0,0,0,0,0,12
1987-06-30,603900,1,0,9,1,0,0,0,0,0,19
1987-07-31,603900,1,2,17,0,0,0,0,0,0,11
1987-08-31,603900,1,0,1,3,0,0,0,0,0,26
1987-09-30,603900,6,2,3,1,0,1,0,0,0,17
1987-10-31,603900,6,0,0,2,3,3,0,2,0,15
1987-11-30,603900,8,0,3,1,0,1,3,5,4,5
1987-12-31,603900,14,0,3,0,2,2,6,1,0,3
1988-01-31,603900,5,0,0,0,2,3,5,7,3,6
1988-02-29,603900,8,4,3,2,0,0,3,2,3,4
1988-03-31,603900,8,1,0,1,0,0,2,8,5,6
1988-04-30,603900,2,2,4,4,0,0,0,1,0,17
1988-05-31,603900,1,3,6,2,1,0,0,0,0,18
1988-06-30,603900,1,4,9,3,0,0,0,0,0,13
1988-07-31,603900,1,2,11,0,0,0,0,0,0,17
1988-08-31,603900,1,2,3,1,0,0,0,0,0,24
1988-09-30,603900,7,3,3,0,0,0,0,0,0,17
1988-10-31,603900,9,0,2,3,1,1,0,0,0,15
1988-11-30,603900,8,1,5,3,1,0,1,3,0,8
1988-12-31,603900,10,4,1,0,0,0,2,4,7,3
1989-01-31,603900,17,1,9,1,0,1,1,0,1,0
1989-02-28,603900,14,1,3,2,0,0,5,1,1,1
1989-03-31,603900,12,0,3,1,2,0,1,1,5,6
1989-04-30,603900,1,2,2,2,1,0,4,4,2,12
1989-05-31,603900,4,1,11,1,0,0,0,0,0,14
1989-06-30,603900,0,0,8,0,0,0,0,0,0,22
1989-07-31,603900,0,2,2,1,0,0,0,0,0,26
1989-08-31,603900,0,0,1,1,0,0,0,0,0,29
1989-09-30,603900,2,1,6,0,0,0,0,0,0,21
1989-10-31,603900,9,0,5,7,1,0,0,0,3,6
1989-11-30,603900,3,0,0,3,4,4,4,2,0,10
1989-12-31,603900,5,0,3,3,2,6,5,1,0,6
1990-01-31,603900,10,7,4,0,0,4,3,2,0,1
1990-02-28,603900,14,0,1,1,0,1,0,8,0,3
1990-03-31,603900,14,2,9,2,0,0,0,0,0,4
1990-04-30,603900,4,1,5,4,0,0,0,0,4,12
1990-05-31,603900,2,3,8,2,0,0,0,0,0,16
1990-06-30,603900,1,0,6,0,0,0,0,0,1,22
1990-07-31,603900,0,0,10,1,0,0,0,0,0,20
1990-08-31,603900,0,0,9,0,0,0,0,0,0,22
1990-09-30,603900,2,1,0,1,1,0,0,0,0,25
1990-10-31,603900,2,3,1,0,2,0,1,2,0,20
1990-11-30,603900,2,3,2,2,0,0,5,2,5,9
1990-12-31,603900,8,3,2,0,0,1,0,6,3,8
1991-01-31,603900,15,0,5,0,0,1,3,0,4,3
1991-02-28,603900,8,3,1,0,1,1,5,2,1,6
1991-03-31,603900,3,3,3,1,1,5,2,3,2,8
1991-04-30,603900,6,2,5,4,0,0,0,3,2,8
1991-05-31,603900,4,6,9,2,0,0,0,0,1,9
1991-06-30,603900,2,2,12,2,0,0,1,0,0,11
1991-07-31,603900,0,0,6,1,0,0,0,0,0,24
1991-08-31,603900,0,2,6,0,0,0,0,0,0,23
1991-09-30,603900,2,0,3,0,0,0,0,0,0,25
1991-10-31,603900,2,4,6,0,1,2,0,0,2,14
1991-11-30,603900,9,1,0,0,1,0,6,3,2,8
1991-12-31,603900,14,1,1,3,1,0,0,2,5,4
1992-01-31,603900,15,2,3,1,0,1,1,1,1,6
1992-02-29,603900,18,1,4,1,0,1,0,3,0,1
1992-03-31,603900,10,6,4,1,0,1,2,4,1,2
1992-04-30,603900,4,3,0,1,0,1,3,1,6,11
1992-05-31,603900,7,2,3,0,0,0,0,0,0,19
1992-06-30,603900,2,3,5,3,0,0,0,0,0,17
1992-07-31,603900,2,1,11,0,0,0,0,0,0,17
1992-08-31,603900,3,0,1,0,0,0,0,0,0,27
1992-09-30,603900,3,1,2,0,1,0,0,0,0,23
1992-10-31,603900,3,0,1,1,0,2,5,2,0,17
1992-11-30,603900,14,2,2,0,0,1,1,5,3,2
1992-12-31,603900,8,3,2,2,1,0,4,3,2,6
1993-01-31,603900,21,1,0,1,1,1,1,1,4,0
1993-02-28,603900,11,1,8,2,0,0,0,2,1,3
1993-03-31,603900,9,2,2,4,1,0,2,2,1,8
1993-04-30,603900,4,2,0,1,1,0,0,0,1,21
1993-05-31,603900,2,0,9,4,1,0,0,0,1,14
1993-06-30,603900,0,0,14,1,0,0,0,0,0,15
1993-07-31,603900,3,0,13,1,0,0,0,0,0,14
1993-08-31,603900,0,0,3,0,0,0,0,0,0,28
1993-09-30,603900,4,0,2,0,0,0,0,1,0,23
1993-10-31,603900,4,1,7,0,0,4,2,2,1,10
1993-11-30,603900,2,1,9,1,1,1,2,3,1,9
1993-12-31,603900,17,0,0,0,0,1,2,6,3,2
1994-01-31,603900,9,1,4,0,0,1,4,4,6,2
1994-02-28,603900,4,1,0,1,1,2,3,6,4,6
1994-03-31,603900,10,4,9,1,0,0,0,0,1,6
1994-04-30,603900,5,1,5,0,1,0,0,2,6,10
1994-05-31,603900,2,1,1,1,0,1,1,1,0,23
1994-06-30,603900,1,1,12,0,0,0,0,0,0,16
1994-07-31,603900,0,0,2,0,0,0,0,0,0,29
1994-08-31,603900,1,1,2,0,0,0,0,0,0,27
1994-09-30,603900,3,0,5,0,0,0,0,0,0,22
1994-10-31,603900,5,0,2,2,1,0,1,3,0,17
1994-11-30,603900,14,1,0,1,0,1,2,4,1,6
1994-12-31,603900,19,1,0,0,2,0,2,5,2,0
1995-01-31,603900,7,3,0,0,0,2,7,5,7,0
1995-02-28,603900,13,3,1,0,1,0,4,5,0,1
1995-03-31,603900,9,1,4,2,1,0,3,3,2,6
1995-04-30,603900,7,2,5,0,1,0,0,2,0,13
1995-05-31,603900,1,2,7,4,0,0,0,1,1,15
1995-06-30,603900,1,1,10,0,0,0,0,0,0,18
1995-07-31,603900,0,0,6,2,0,0,0,0,0,23
1995-08-31,603900,0,6,4,2,0,0,0,0,0,19
1995-09-30,603900,5,4,2,0,0,1,0,0,1,17
1995-10-31,603900,9,2,4,1,1,0,0,0,0,14
1995-11-30,603900,7,1,0,1,0,2,6,4,2,7
1995-12-31,603900,5,0,0,2,1,1,12,1,1,8
1996-01-31,603900,3,1,1,1,0,7,5,2,1,10
1996-02-29,603900,1,2,1,0,0,0,3,5,5,12
1996-03-31,603900,2,1,1,2,0,1,0,4,1,19
1996-04-30,603900,4,4,4,2,2,0,1,0,2,11
1996-05-31,603900,4,2,3,3,1,1,1,0,1,15
1996-06-30,603900,3,3,7,2,0,1,0,0,0,14
1996-07-31,603900,0,1,9,0,0,0,0,0,0,21
1996-08-31,603900,1,2,9,1,0,0,0,0,0,18
1996-09-30,603900,4,1,5,0,0,0,0,1,0,19
1996-10-31,603900,12,2,1,0,0,0,0,2,2,12
1996-11-30,603900,9,0,0,0,0,4,5,4,2,6
1996-12-31,603900,4,0,0,0,0,7,9,1,3,7
1997-01-31,603900,10,2,0,1,4,4,3,0,2,5
1997-02-28,603900,24,0,0,0,0,0,2,2,0,0
1997-03-31,603900,15,1,7,0,0,0,0,0,1,7
1997-04-30,603900,6,1,4,1,0,0,0,1,0,17
1997-05-31,603900,5,0,7,3,0,1,0,1,0,14
1997-06-30,603900,4,0,5,1,0,0,0,0,0,20
1997-07-31,603900,0,2,14,0,0,0,0,0,0,15
1997-08-31,603900,2,0,2,2,0,0,0,0,0,25
1997-09-30,603900,2,0,7,1,0,0,0,0,0,20
1997-10-31,603900,6,4,0,0,0,1,2,1,0,17
1997-11-30,603900,2,0,0,0,0,5,6,7,0,10
1997-12-31,603900,6,0,0,0,0,5,6,7,4,3
1998-01-31,603900,7,0,0,0,4,2,2,5,4,7
1998-02-28,603900,14,3,0,3,0,1,1,0,1,5
1998-03-31,603900,17,6,0,0,1,0,0,1,2,4
1998-04-30,603900,5,2,0,3,0,2,1,2,2,13
1998-05-31,603900,1,3,8,2,1,0,0,1,1,14
1998-06-30,603900,6,2,6,1,0,0,0,0,0,15
1998-07-31,603900,1,4,4,0,0,0,0,0,0,22
1998-08-31,603900,0,5,6,2,0,0,0,0,0,18
1998-09-30,603900,2,2,6,1,0,2,1,0,1,15
1998-10-31,603900,16,2,1,0,0,0,1,0,3,8
1998-11-30,603900,10,3,0,0,0,0,3,1,4,9
1998-12-31,603900,16,1,0,1,1,2,2,3,1,4
1999-01-31,603900,7,6,1,0,1,0,2,5,2,7
1999-02-28,603900,4,4,4,2,0,0,1,4,5,4
1999-03-31,603900,4,5,2,2,2,2,2,2,1,9
1999-04-30,603900,9,3,0,1,0,0,1,0,1,15
1999-05-31,603900,2,2,2,1,0,0,0,1,0,23
1999-06-30,603900,0,5,10,0,0,0,0,0,0,15
1999-07-31,603900,1,2,7,1,0,0,0,0,0,20
1999-08-31,603900,0,0,2,1,0,0,0,0,0,28
1999-09-30,603900,5,0,3,2,0,1,0,0,0,19
1999-10-31,603900,11,1,4,0,0,3,2,0,0,10
1999-11-30,603900,6,2,4,0,0,0,0,5,3,10
1999-12-31,603900,11,4,0,0,0,0,6,5,3,2
2000-01-31,603900,19,0,2,0,0,0,1,2,1,6
2000-02-29,603900,21,0,0,0,0,0,1,4,3,0
2000-03-31,603900,9,2,2,3,0,0,1,1,2,11
2000-04-30,603900,8,0,0,4,0,3,2,5,0,8
2000-05-31,603900,2,1,6,1,1,0,0,0,0,20
2000-06-30,603900,3,3,3,0,0,0,0,0,1,20
2000-07-31,603900,2,2,5,0,1,0,0,0,0,21
2000-08-31,603900,1,1,3,0,0,0,0,0,0,26
2000-09-30,603900,3,1,3,0,0,1,0,0,1,21
2000-10-31,603900,8,0,0,4,0,0,2,2,2,13
2000-11-30,603900,8,0,1,1,0,4,7,4,1,4
2000-12-31,603900,12,0,0,0,1,5,5,6,0,2
2001-01-31,603900,2,0,0,0,0,4,13,2,4,6
2001-02-28,603900,5,2,3,0,0,2,5,4,4,3
2001-03-31,603900,9,1,0,0,0,3,6,0,3,9
2001-04-30,603900,5,3,3,0,0,0,0,1,4,14
2001-05-31,603900,1,2,7,2,0,0,0,0,0,19
2001-06-30,603900,1,2,10,1,0,0,0,0,0,16
2001-07-31,603900,2,0,6,1,0,0,0,0,0,22
2001-08-31,603900,2,0,2,0,0,0,0,0,0,27
2001-09-30,603900,1,0,6,3,0,0,0,0,0,20
2001-10-31,603900,17,0,0,3,0,2,0,0,0,9
2001-11-30,603900,4,1,6,1,0,0,0,3,2,13
2001-12-31,603900,12,0,5,1,0,0,3,0,4,6
2002-01-31,603900,22,0,0,3,1,0,3,1,1,0
2002-02-28,603900,10,3,2,0,0,1,3,4,2,3
2002-03-31,603900,7,1,3,2,1,3,0,0,2,12
2002-04-30,603900,3,4,2,2,0,1,1,1,0,16
2002-05-31,603900,5,3,5,3,0,0,0,0,2,13
2002-06-30,603900,2,0,1,2,0,0,0,0,1,24
2002-07-31,603900,0,5,8,0,0,0,0,0,0,18
2002-08-31,603900,1,0,3,0,0,0,0,0,0,27
2002-09-30,603900,1,1,1,2,0,0,0,1,0,24
2002-10-31,603900,12,0,0,0,1,3,1,2,0,12
2002-11-30,603900,6,0,0,0,0,7,3,4,5,5
2002-12-31,603900,7,0,0,0,0,3,7,7,4,3
2003-01-31,603900,0,3,2,0,0,0,11,5,9,1
2003-02-28,603900,4,2,2,4,2,1,1,3,2,7
2003-03-31,603900,11,1,5,1,0,1,1,1,0,10
2003-04-30,603900,3,5,2,2,1,1,0,0,1,15
2003-05-31,603900,6,4,9,1,0,0,0,0,0,11
2003-06-30,603900,0,0,5,0,0,0,0,0,0,25
2003-07-31,603900,1,0,6,0,1,0,0,0,0,23
2003-08-31,603900,0,0,2,0,0,0,0,0,0,29
2003-09-30,603900,4,2,8,0,0,0,0,0,2,14
2003-10-31,603900,1,2,2,2,0,2,3,0,0,19
2003-11-30,603900,7,0,4,0,0,5,1,3,0,10
2003-12-31,603900,6,0,0,0,2,3,1,4,7,8
2004-01-31,603900,9,1,0,0,0,0,6,7,3,5
2004-02-29,603900,15,1,1,0,1,0,0,3,0,8
2004-03-31,603900,7,3,8,1,2,0,1,0,2,7
2004-04-30,603900,6,5,1,4,0,0,1,1,0,12
2004-05-31,603900,6,3,8,3,0,0,1,2,1,7
2004-06-30,603900,1,1,8,1,0,0,0,0,0,19
2004-07-31,603900,0,1,4,2,0,0,0,0,0,24
2004-08-31,603900,0,0,2,1,0,0,0,0,0,28
2004-09-30,603900,5,4,1,4,0,0,0,0,1,15
2004-10-31,603900,6,0,0,0,0,2,3,0,0,20
2004-11-30,603900,12,2,0,0,0,0,0,2,5,9
2004-12-31,603900,6,2,2,0,0,0,0,6,4,11
2005-01-31,603900,18,1,0,0,0,0,0,3,8,1
2005-02-28,603900,5,2,2,1,0,0,1,5,5,7
2005-03-31,603900,10,0,4,1,1,0,0,0,5,10
2005-04-30,603900,2,2,8,0,1,1,0,1,3,12
2005-05-31,603900,4,2,5,1,0,0,0,0,0,19
2005-06-30,603900,1,0,9,1,0,0,0,0,0,19
2005-07-31,603900,1,0,12,0,0,0,0,0,0,18
2005-08-31,603900,2,6,8,0,0,0,0,0,0,15
2005-09-30,603900,6,1,5,1,0,0,0,0,0,17
2005-10-31,603900,6,0,2,1,2,0,0,0,0,20
2005-11-30,603900,4,6,1,1,0,0,3,3,0,12
2005-12-31,603900,10,3,0,0,0,0,8,2,3,5
2006-01-31,603900,11,3,2,1,1,1,0,2,3,7
2006-02-28,603900,5,2,2,0,0,1,6,2,2,8
2006-03-31,603900,7,0,0,0,0,0,4,5,3,12
2006-04-30,603900,3,4,2,2,2,0,0,0,1,16
2006-05-31,603900,2,1,9,2,0,0,0,0,0,17
2006-06-30,603900,3,1,3,9,0,0,0,0,0,14
2006-07-31,603900,1,0,3,0,0,0,0,0,0,27
2006-08-31,603900,1,3,6,0,0,0,0,0,0,21
2006-09-30,603900,2,0,0,1,1,0,0,0,1,25
2006-10-31,603900,2,1,1,1,2,2,2,0,1,19
2006-11-30,603900,14,0,1,1,1,4,1,3,0,5
2006-12-31,603900,10,7,5,0,0,0,2,4,2,1
2007-01-31,603900,17,0,2,1,0,0,2,4,1,4
2007-02-28,603900,5,0,1,1,1,0,4,7,2,7
2007-03-31,603900,8,5,2,0,0,1,1,7,4,3
2007-04-30,603900,0,2,15,4,0,0,0,1,0,8
2007-05-31,603900,3,2,5,2,0,0,0,1,2,16
2007-06-30,603900,2,1,9,0,0,0,0,0,0,18
2007-07-31,603900,2,2,6,1,0,0,0,0,0,20
2007-08-31,603900,0,0,8,2,0,0,0,0,0,21
2007-09-30,603900,1,1,5,2,0,0,0,0,0,21
2007-10-31,603900,2,3,6,2,0,0,0,1,2,15
2007-11-30,603900,9,3,2,0,0,3,1,0,5,7
2007-12-31,603900,11,5,0,1,2,0,0,5,4,3
2008-01-31,603900,19,1,0,0,0,2,5,2,1,1
2008-02-29,603900,16,0,2,5,2,1,0,0,0,3
2008-03-31,603900,7,2,0,0,0,0,1,7,3,11
2008-04-30,603900,9,2,1,1,0,4,3,2,2,6
2008-05-31,603900,0,0,7,6,0,0,0,2,0,16
2008-06-30,603900,1,2,10,1,0,0,0,0,0,16
2008-07-31,603900,0,1,4,1,0,0,0,0,0,25
2008-08-31,603900,1,0,4,0,0,0,0,0,0,26
2008-09-30,603900,0,2,5,2,0,0,0,0,0,21
2008-10-31,603900,6,1,5,1,0,1,1,1,1,14
2008-11-30,603900,6,0,2,0,0,2,3,3,5,9
2008-12-31,603900,8,1,0,0,0,0,4,6,3,9
2009-01-31,603900,4,1,2,0,0,0,3,7,2,12
2009-02-28,603900,10,0,3,0,0,4,3,3,2,3
2009-03-31,603900,12,0,2,1,0,0,0,3,2,11
2009-04-30,603900,5,1,0,0,0,2,0,2,4,16
2009-05-31,603900,4,3,5,4,2,0,0,0,1,12
2009-06-30,603900,3,1,3,0,0,0,0,0,0,23
2009-07-31,603900,3,0,5,0,0,1,0,0,0,22
2009-08-31,603900,0,1,2,1,0,0,0,0,0,27
2009-09-30,603900,4,1,4,0,0,0,0,0,1,20
2009-10-31,603900,6,2,0,1,1,2,1,1,1,16
2009-11-30,603900,8,0,0,0,0,7,3,9,0,3
2009-12-31,603900,8,0,0,0,0,3,9,4,1,6
2010-01-31,603900,6,1,3,0,0,1,5,6,2,7
2010-02-28,603900,1,0,1,0,1,6,7,3,1,8
2010-03-31,603900,9,3,2,1,1,3,0,1,0,11
2010-04-30,603900,5,2,7,3,1,0,0,0,1,11
2010-05-31,603900,5,2,2,1,1,0,0,1,2,17
2010-06-30,603900,0,0,7,2,0,0,0,0,0,21
2010-07-31,603900,1,2,6,0,0,0,0,0,0,22
2010-08-31,603900,3,2,2,1,0,0,0,0,0,23
2010-09-30,603900,4,2,2,0,0,0,0,0,1,21
2010-10-31,603900,4,1,0,0,0,3,1,0,3,19
2010-11-30,603900,3,1,1,0,0,1,6,6,2,10
2010-12-31,603900,6,2,0,0,0,4,6,1,3,9
2011-01-31,603900,12,2,3,0,0,4,0,1,1,8
2011-02-28,603900,12,0,0,0,0,0,3,3,7,3
2011-03-31,603900,5,1,5,7,2,0,1,1,3,6
2011-04-30,603900,4,3,7,5,1,0,0,0,1,9
2011-05-31,603900,6,3,5,1,1,0,0,0,0,15
2011-06-30,603900,5,0,4,1,0,0,0,0,0,20
2011-07-31,603900,0,4,4,0,0,0,0,0,0,23
2011-08-31,603900,0,0,2,0,0,0,0,0,0,29
2011-09-30,603900,5,1,3,0,0,0,0,0,0,21
2011-10-31,603900,10,3,4,0,1,1,0,0,1,11
2011-11-30,603900,7,0,4,1,4,3,0,0,0,11
2011-12-31,603900,14,2,1,0,0,1,4,3,6,0
2012-01-31,603900,10,1,3,0,0,0,2,5,7,3
2012-02-29,603900,10,4,0,0,0,0,0,2,10,3
2012-03-31,603900,13,3,7,1,0,0,0,0,3,4
2012-04-30,603900,2,0,0,2,2,1,4,3,1,15
2012-05-31,603900,12,0,2,2,1,0,0,2,0,12
2012-06-30,603900,3,2,4,1,1,0,0,0,0,19
2012-07-31,603900,1,1,4,0,0,0,0,0,0,25
2012-08-31,603900,1,1,1,0,0,0,0,0,0,28
2012-09-30,603900,0,2,1,0,0,1,1,0,1,24
2012-10-31,603900,8,0,0,0,4,1,0,1,1,16
2012-11-30,603900,6,2,1,1,0,2,2,2,0,14
2012-12-31,603900,9,0,0,0,0,1,7,7,3,4
2013-01-31,603900,9,2,0,0,0,1,4,12,3,0
2013-02-28,603900,3,1,1,2,0,0,4,6,6,5
2013-03-31,603900,1,0,0,1,2,2,9,5,2,9
2013-04-30,603900,3,1,11,0,0,2,1,2,1,9
2013-05-31,603900,3,4,8,0,0,0,0,0,1,15
2013-06-30,603900,3,1,11,1,0,0,0,0,1,13
2013-07-31,603900,1,0,14,0,0,0,0,0,0,16
2013-08-31,603900,2,5,1,0,0,0,0,0,0,23
2013-09-30,603900,5,1,4,0,0,0,0,1,0,19
2013-10-31,603900,4,2,3,0,0,1,0,0,1,20
2013-11-30,603900,4,5,2,0,0,0,0,6,8,5
2013-12-31,603900,19,2,1,0,0,1,2,1,3,2
2014-01-31,603900,6,0,0,0,0,4,4,8,3,6
2014-02-28,603900,3,0,0,1,0,2,9,3,5,5
2014-03-31,603900,9,2,4,1,1,0,0,7,2,5
2014-04-30,603900,5,1,2,0,1,1,0,3,1,16
2014-05-31,603900,1,3,9,1,1,0,0,0,0,16
2014-06-30,603900,1,1,7,0,0,0,0,0,0,21
2014-07-31,603900,0,3,4,1,1,0,0,0,0,22
2014-08-31,603900,1,0,3,0,0,0,0,0,0,27
2014-09-30,603900,1,0,1,3,0,0,0,0,0,25
2014-10-31,603900,10,0,1,1,0,0,0,0,2,17
2014-11-30,603900,3,0,0,0,7,4,3,1,1,11
2014-12-31,603900,7,1,0,0,0,1,1,5,10,6
2015-01-31,603900,9,1,0,0,0,2,5,4,6,4
2015-02-28,603900,4,2,4,0,0,0,2,5,5,6
2015-03-31,603900,8,1,2,4,0,0,1,1,7,7
2015-04-30,603900,5,1,3,5,2,0,0,0,0,14
2015-05-31,603900,5,6,5,1,0,0,1,0,0,13
2015-06-30,603900,1,3,9,0,0,0,0,0,0,17
2015-07-31,603900,0,0,0,3,0,0,0,0,0,28
2015-08-31,603900,0,0,2,0,0,0,0,0,0,29
2015-09-30,603900,1,1,5,0,0,0,0,0,0,23
2015-10-31,603900,5,1,2,0,0,0,1,0,2,20
2015-11-30,603900,18,2,0,1,1,0,0,3,5,0
2015-12-31,603900,30,0,0,0,0,1,0,0,0,0
2016-01-31,603900,11,0,0,0,0,2,11,3,2,2
2016-02-29,603900,10,0,0,1,1,1,9,2,2,3
2016-03-31,603900,3,0,1,0,1,0,1,5,7,13
2016-04-30,603900,3,4,9,1,0,1,0,1,1,10
2016-05-31,603900,6,3,4,0,1,0,0,1,2,14
2016-06-30,603900,2,1,8,2,0,0,0,0,0,17
2016-07-31,603900,1,2,10,1,0,0,0,0,0,17
2016-08-31,603900,0,3,9,0,0,0,0,0,0,19
2016-09-30,603900,3,3,3,0,0,0,0,0,0,21
2016-10-31,603900,5,3,1,0,1,1,0,0,0,20
2016-11-30,603900,6,3,0,1,2,1,2,2,0,13
2016-12-31,603900,14,4,4,1,1,0,0,1,1,5
2017-01-31,603900,8,1,1,1,0,3,1,4,6,6
2017-02-28,603900,4,0,4,3,4,1,3,3,2,4
2017-03-31,603900,11,1,5,2,0,1,0,1,1,9
2017-04-30,603900,6,2,8,2,0,0,0,1,0,11
2017-05-31,603900,4,0,13,0,0,0,0,0,0,14
2017-06-30,603900,1,1,5,0,0,0,1,0,0,22
2017-07-31,603900,2,2,1,2,0,0,0,0,0,24
2017-08-31,603900,0,1,7,0,0,0,0,0,0,23
2017-09-30,603900,7,2,3,0,0,0,0,0,1,17
2017-10-31,603900,20,0,1,1,0,0,0,0,1,8
2017-11-30,603900,13,2,0,0,0,1,0,0,7,7
2017-12-31,603900,8,3,1,0,0,1,6,4,7,1
2018-01-31,603900,8,1,2,1,0,1,2,8,2,6
2018-02-28,603900,4,2,0,0,0,2,0,6,2,12
2018-03-31,603900,4,0,0,0,0,4,8,7,3,5
2018-04-30,603900,3,3,4,4,2,0,0,0,1,13
2018-05-31,603900,0,4,10,1,0,0,0,0,2,14
2018-06-30,603900,1,2,4,0,0,0,0,0,0,23
2018-07-31,603900,0,1,1,1,0,0,0,0,0,28
2018-08-31,603900,0,1,2,0,0,0,0,0,0,28
2018-09-30,603900,4,0,7,0,0,0,0,0,0,19
2018-10-31,603900,2,5,3,2,2,2,0,1,0,14
2018-11-30,603900,3,0,0,3,2,4,3,3,2,10
2018-12-31,603900,21,0,0,0,0,0,1,2,6,1
2019-01-31,603900,6,2,0,0,0,0,1,11,6,5
2019-02-28,603900,14,3,2,1,1,0,2,1,3,1
2019-03-31,603900,12,6,4,1,0,1,0,0,0,7
2019-04-30,603900,3,1,2,1,0,1,0,1,0,21
2019-05-31,603900,0,4,6,1,0,0,0,0,1,19
2019-06-30,603900,3,1,7,3,1,0,0,0,0,15
2019-07-31,603900,0,0,5,1,0,0,0,0,0,25
2019-08-31,603900,0,1,6,0,0,0,0,0,0,24
2019-09-30,603900,2,1,3,1,0,0,0,0,0,23
2019-10-31,603900,9,0,1,0,1,2,0,0,2,16
2019-11-30,603900,1,0,0,0,0,3,13,5,3,5
2019-12-31,603900,7,3,1,1,0,2,3,7,3,4
2020-01-31,603900,19,2,2,3,0,0,3,0,0,2
2020-02-29,603900,24,1,0,0,0,0,1,0,2,1
2020-03-31,603900,2,2,6,3,0,0,3,2,4,9
2020-04-30,603900,6,1,4,3,0,0,0,0,1,15
2020-05-31,603900,7,3,6,2,0,0,0,0,0,13
2020-06-30,603900,4,3,2,0,0,0,0,0,0,21
2020-07-31,603900,1,1,6,0,0,0,0,0,0,23
2020-08-31,603900,1,1,1,1,0,0,0,0,0,27
2020-09-30,603900,2,0,4,0,0,0,0,0,2,22
2020-10-31,603900,16,1,0,0,1,1,2,0,1,9
2020-11-30,603900,17,3,1,2,3,0,0,0,1,3
2020-12-31,603900,7,0,1,0,0,1,8,6,2,6
2021-01-31,603900,4,1,0,0,0,1,8,7,3,7
2021-02-28,603900,10,1,2,1,3,2,3,3,0,3
2021-03-31,603900,12,4,5,5,0,0,0,0,2,3
2021-04-30,603900,2,4,6,5,0,0,0,0,0,13
2021-05-31,603900,5,3,8,0,2,0,0,0,0,13
2021-06-30,603900,1,1,7,4,0,0,0,0,0,17
2021-07-31,603900,0,1,6,0,0,0,0,0,0,24
2021-08-31,603900,0,0,4,0,0,0,0,0,0,27
2021-09-30,603900,5,1,8,1,1,0,0,0,0,14
2021-10-31,603900,11,2,1,0,0,2,1,0,0,14
2021-11-30,603900,3,3,1,0,0,0,0,5,4,14
2021-12-31,603900,13,0,0,1,0,1,6,8,2,0
1981-01-31,604020,5,5,0,0,0,0,1,9,8,3
1981-02-28,604020,8,2,1,1,0,2,1,3,2,8
1981-03-31,604020,10,1,0,0,0,0,0,3,1,16
1981-04-30,604020,3,0,7,0,2,0,0,1,2,15
1981-05-31,604020,5,1,4,3,0,0,1,3,1,13
1981-06-30,604020,3,1,3,2,0,0,0,0,0,21
1981-07-31,604020,7,4,3,0,0,0,0,0,0,17
1981-08-31,604020,1,2,2,1,1,0,0,0,0,24
1981-09-30,604020,8,0,0,0,2,0,0,2,0,18
1981-10-31,604020,10,0,0,0,1,1,1,4,1,13
1981-11-30,604020,20,0,0,1,0,0,0,3,4,2
1981-12-31,604020,1,1,0,0,0,3,14,10,1,1
1982-01-31,604020,5,1,1,4,0,2,3,7,7,1
1982-02-28,604020,11,0,0,2,0,1,1,2,3,8
1982-03-31,604020,9,1,3,2,1,0,1,4,5,5
1982-04-30,604020,2,3,4,1,0,0,0,1,1,18
1982-05-31,604020,9,2,9,1,0,1,0,0,0,9
1982-06-30,604020,3,1,3,0,0,0,0,0,0,23
1982-07-31,604020,2,0,0,2,0,0,0,0,0,27
1982-08-31,604020,2,2,0,0,0,0,0,0,0,27
1982-09-30,604020,2,3,0,1,0,0,0,0,0,24
1982-10-31,604020,6,2,3,1,0,0,1,4,2,12
1982-11-30,604020,10,2,1,1,0,4,1,3,3,5
1982-12-31,604020,6,2,0,0,0,1,7,10,3,2
1983-01-31,604020,17,2,0,0,0,0,1,10,1,0
1983-02-28,604020,10,0,1,2,0,0,3,4,1,7
1983-03-31,604020,15,1,0,0,0,1,1,3,6,4
1983-04-30,604020,8,0,0,0,5,0,2,1,2,12
1983-05-31,604020,7,0,0,2,2,1,0,1,1,17
1983-06-30,604020,3,3,2,4,0,0,1,0,0,17
1983-07-31,604020,0,0,0,1,3,0,0,0,0,27
1983-08-31,604020,0,0,2,4,0,0,0,0,0,25
1983-09-30,604020,11,1,2,1,0,0,0,1,0,14
1983-10-31,604020,19,0,0,2,0,1,0,0,4,5
1983-11-30,604020,3,0,0,0,2,3,2,5,1,14
1983-12-31,604020,10,3,0,0,0,4,4,4,3,3
1984-01-31,604020,7,3,1,0,0,1,5,8,4,2
1984-02-29,604020,7,1,1,0,1,0,0,4,6,9
1984-03-31,604020,3,4,1,4,0,0,3,5,2,9
1984-04-30,604020,4,0,3,5,1,0,0,2,3,12
1984-05-31,604020,3,0,3,1,2,0,1,3,2,16
1984-06-30,604020,5,0,2,4,1,2,1,0,0,15
1984-07-31,604020,1,1,0,2,4,0,0,0,0,23
1984-08-31,604020,3,0,4,1,0,0,0,0,0,23
1984-09-30,604020,1,0,0,0,0,0,0,0,1,28
1984-10-31,604020,9,4,3,0,0,1,0,1,2,11
1984-11-30,604020,5,0,0,1,3,4,8,3,0,6
1984-12-31,604020,11,3,0,1,0,2,1,4,8,1
1985-01-31,604020,2,0,0,0,0,3,4,9,4,9
1985-02-28,604020,8,2,1,3,0,1,7,4,0,2
1985-03-31,604020,5,8,0,0,0,0,2,5,0,11
1985-04-30,604020,9,1,1,0,3,3,1,0,4,8
1985-05-31,604020,3,0,5,4,0,0,0,2,2,15
1985-06-30,604020,0,0,5,3,0,0,0,0,0,22
1985-07-31,604020,4,0,0,0,0,0,0,0,0,27
1985-08-31,604020,5,0,2,1,0,0,0,0,1,22
1985-09-30,604020,7,2,0,1,0,0,0,0,0,20
1985-10-31,604020,16,0,2,0,1,0,0,0,0,12
1985-11-30,604020,4,0,0,2,0,1,3,3,1,16
1985-12-31,604020,11,3,0,0,0,5,3,3,4,2
1986-01-31,604020,4,0,0,0,0,1,7,12,6,1
1986-02-28,604020,1,0,0,2,0,1,11,9,0,4
1986-03-31,604020,9,3,0,0,0,0,4,1,4,10
1986-04-30,604020,2,2,0,0,4,2,0,4,4,12
1986-05-31,604020,4,0,3,2,1,0,0,0,0,21
1986-06-30,604020,4,1,3,1,0,0,0,0,0,21
1986-07-31,604020,1,2,3,0,0,1,0,0,0,24
1986-08-31,604020,0,0,3,0,0,0,0,0,0,28
1986-09-30,604020,9,0,6,0,1,0,1,0,0,13
1986-10-31,604020,5,0,0,4,1,0,1,3,4,13
1986-11-30,604020,13,6,1,1,2,1,1,1,3,1
1986-12-31,604020,8,3,0,0,0,1,4,11,3,1
1987-01-31,604020,4,1,0,2,0,2,7,9,4,2
1987-02-28,604020,4,1,0,0,1,2,3,7,5,5
1987-03-31,604020,6,1,4,2,0,1,0,2,4,11
1987-04-30,604020,8,1,0,5,0,3,0,2,2,9
1987-05-31,604020,3,4,3,2,0,0,0,0,1,18
1987-06-30,604020,5,0,2,5,0,0,0,0,0,18
1987-07-31,604020,2,0,9,0,0,0,0,0,0,20
1987-08-31,604020,1,0,1,3,0,0,0,0,0,26
1987-09-30,604020,9,2,2,0,0,2,0,0,0,15
1987-10-31,604020,2,0,0,2,5,3,1,3,0,15
1987-11-30,604020,4,0,3,0,1,2,4,7,5,4
1987-12-31,604020,14,0,0,0,3,4,3,4,0,3
1988-01-31,604020,4,0,0,1,2,3,6,8,3,4
1988-02-29,604020,5,0,0,4,0,0,3,3,8,6
1988-03-31,604020,7,0,0,1,0,1,2,11,4,5
1988-04-30,604020,2,2,3,4,1,0,0,2,0,16
1988-05-31,604020,3,2,5,3,1,0,0,0,0,17
1988-06-30,604020,1,1,7,4,1,0,0,0,0,16
1988-07-31,604020,3,2,3,0,0,0,0,0,0,23
1988-08-31,604020,2,0,0,1,0,0,0,0,0,28
1988-09-30,604020,10,0,1,0,0,0,0,0,2,17
1988-10-31,604020,7,0,2,1,4,0,0,0,1,16
1988-11-30,604020,6,4,3,4,1,1,2,2,1,6
1988-12-31,604020,10,3,0,0,0,0,1,8,7,2
1989-01-31,604020,18,0,8,2,0,0,1,0,2,0
1989-02-28,604020,13,0,2,2,0,0,5,1,4,1
1989-03-31,604020,7,1,2,3,1,0,2,1,6,8
1989-04-30,604020,1,0,0,4,3,1,4,6,1,10
1989-05-31,604020,7,0,6,6,0,0,0,0,0,12
1989-06-30,604020,2,0,5,1,0,0,0,0,0,22
1989-07-31,604020,0,0,0,2,0,0,0,0,0,29
1989-08-31,604020,0,0,0,0,0,0,0,0,0,31
1989-09-30,604020,2,0,1,2,0,0,0,0,0,25
1989-10-31,604020,11,0,3,6,1,0,0,2,1,7
1989-11-30,604020,5,0,0,4,4,3,5,3,0,6
1989-12-31,604020,4,1,3,4,3,3,6,1,0,6
1990-01-31,604020,9,8,3,0,0,4,3,1,1,2
1990-02-28,604020,11,0,1,2,0,1,0,11,0,2
1990-03-31,604020,18,0,5,4,0,0,0,1,2,1
1990-04-30,604020,4,0,3,5,1,0,1,3,2,11
1990-05-31,604020,1,2,5,4,0,0,0,0,1,18
1990-06-30,604020,1,0,1,1,0,0,0,0,1,26
1990-07-31,604020,4,0,3,1,0,0,0,0,0,23
1990-08-31,604020,3,0,3,1,0,0,0,0,0,24
1990-09-30,604020,5,0,0,1,1,0,0,1,0,22
1990-10-31,604020,2,0,1,0,1,0,4,1,0,22
1990-11-30,604020,1,2,1,1,0,1,5,4,4,11
1990-12-31,604020,8,2,2,0,0,1,1,7,2,8
1991-01-31,604020,16,0,2,2,0,0,3,1,3,4
1991-02-28,604020,6,2,1,1,2,0,7,2,3,4
1991-03-31,604020,1,3,2,2,2,4,2,3,2,10
1991-04-30,604020,6,1,5,3,1,0,0,4,2,8
1991-05-31,604020,5,4,4,5,0,0,0,0,2,11
1991-06-30,604020,4,0,8,2,0,0,1,0,1,14
1991-07-31,604020,1,0,2,0,0,0,0,0,0,28
1991-08-31,604020,1,2,1,1,0,0,0,0,0,26
1991-09-30,604020,4,0,0,2,0,1,0,0,0,23
1991-10-31,604020,2,3,2,1,2,1,0,0,1,19
1991-11-30,604020,9,0,0,0,0,0,6,6,3,6
1991-12-31,604020,12,1,1,5,0,0,0,5,3,4
1992-01-31,604020,15,2,3,0,0,1,2,1,0,7
1992-02-29,604020,17,1,3,2,0,1,1,4,0,0
1992-03-31,604020,5,6,2,4,0,1,3,6,2,2
1992-04-30,604020,5,1,0,1,1,1,3,1,8,9
1992-05-31,604020,5,2,4,1,0,0,0,0,1,18
1992-06-30,604020,4,1,0,3,0,0,0,0,0,22
1992-07-31,604020,5,0,5,1,0,0,0,0,0,20
1992-08-31,604020,6,0,0,0,0,0,0,0,0,25
1992-09-30,604020,8,1,0,0,2,0,0,0,0,19
1992-10-31,604020,1,0,0,1,0,1,4,3,0,21
1992-11-30,604020,9,2,2,0,0,1,2,9,2,3
1992-12-31,604020,9,3,2,1,3,1,4,3,2,3
1993-01-31,604020,17,2,0,1,1,1,3,3,2,1
1993-02-28,604020,11,1,6,4,0,0,0,1,2,3
1993-03-31,604020,7,0,2,5,1,1,3,2,2,8
1993-04-30,604020,4,1,0,1,4,0,0,2,1,17
1993-05-31,604020,2,0,6,5,2,0,0,0,1,15
1993-06-30,604020,3,1,8,2,0,0,0,0,0,16
1993-07-31,604020,4,2,5,2,1,0,0,0,0,17
1993-08-31,604020,2,0,2,1,0,0,0,0,0,26
1993-09-30,604020,3,0,0,0,1,1,0,1,0,24
1993-10-31,604020,3,1,5,1,2,3,3,1,1,11
1993-11-30,604020,5,0,6,0,1,1,2,3,1,11
1993-12-31,604020,13,0,0,0,0,1,2,9,3,3
1994-01-31,604020,6,1,3,0,0,1,4,7,6,3
1994-02-28,604020,3,1,0,1,2,3,4,6,3,5
1994-03-31,604020,14,1,7,2,0,0,0,0,2,5
1994-04-30,604020,2,1,4,0,0,1,1,5,8,8
1994-05-31,604020,1,0,0,3,0,0,2,1,0,24
1994-06-30,604020,4,2,3,1,0,0,0,0,0,20
1994-07-31,604020,0,0,1,0,0,0,0,0,0,30
1994-08-31,604020,0,0,0,1,0,1,0,0,0,29
1994-09-30,604020,3,1,1,1,1,1,0,0,0,22
1994-10-31,604020,5,0,2,2,1,1,2,3,0,15
1994-11-30,604020,14,0,0,0,1,0,2,4,1,8
1994-12-31,604020,14,0,0,0,2,0,4,9,1,1
1995-01-31,604020,3,2,0,0,0,2,7,8,9,0
1995-02-28,604020,12,2,2,0,1,0,4,6,0,1
1995-03-31,604020,10,3,1,3,1,0,2,6,1,4
1995-04-30,604020,6,3,7,0,1,0,1,2,0,10
1995-05-31,604020,1,2,4,6,1,0,1,2,0,14
1995-06-30,604020,2,0,7,0,0,0,0,0,0,21
1995-07-31,604020,0,0,2,4,0,0,0,0,0,25
1995-08-31,604020,1,0,2,3,0,0,0,0,1,24
1995-09-30,604020,2,2,1,0,0,1,1,2,1,20
1995-10-31,604020,12,3,2,0,1,0,0,0,0,13
1995-11-30,604020,7,0,0,1,1,2,5,5,1,8
1995-12-31,604020,4,0,0,3,2,1,12,2,0,7
1996-01-31,604020,3,1,0,2,0,7,5,3,2,8
1996-02-29,604020,0,3,0,0,1,0,2,7,5,11
1996-03-31,604020,3,1,1,2,1,0,0,5,0,18
1996-04-30,604020,5,4,2,1,3,1,0,2,1,11
1996-05-31,604020,5,0,3,3,0,1,1,1,0,17
1996-06-30,604020,7,3,3,1,0,1,0,0,0,15
1996-07-31,604020,2,1,3,0,1,0,0,0,0,24
1996-08-31,604020,0,0,2,0,0,0,0,0,0,29
1996-09-30,604020,5,0,2,1,0,0,1,3,0,18
1996-10-31,604020,12,1,0,0,0,0,1,3,3,11
1996-11-30,604020,8,0,0,0,0,5,6,5,1,5
1996-12-31,604020,1,0,0,0,2,7,8,1,4,8
1997-01-31,604020,8,2,1,3,3,5,3,2,2,2
1997-02-28,604020,19,0,2,0,0,0,0,4,3,0
1997-03-31,604020,14,2,5,0,0,0,0,1,2,7
1997-04-30,604020,6,1,2,3,0,0,0,2,0,16
1997-05-31,604020,5,0,3,4,1,2,0,1,0,15
1997-06-30,604020,4,0,4,0,1,0,0,0,0,21
1997-07-31,604020,0,1,2,2,0,0,0,0,2,24
1997-08-31,604020,3,0,2,1,0,0,0,0,0,25
1997-09-30,604020,3,1,2,1,0,0,0,0,0,23
1997-10-31,604020,3,0,0,0,0,1,2,2,4,19
1997-11-30,604020,2,0,0,0,0,5,7,5,1,10
1997-12-31,604020,3,0,0,0,0,6,6,8,4,4
1998-01-31,604020,8,0,1,0,3,3,2,5,3,6
1998-02-28,604020,12,2,1,4,0,2,1,0,2,4
1998-03-31,604020,13,4,0,1,2,0,1,2,4,4
1998-04-30,604020,6,0,1,2,0,3,0,4,2,12
1998-05-31,604020,2,2,6,1,1,0,0,1,2,16
1998-06-30,604020,5,2,1,2,1,0,0,0,2,17
1998-07-31,604020,1,1,1,0,0,0,0,0,0,28
1998-08-31,604020,1,4,0,2,0,0,0,0,0,24
1998-09-30,604020,2,0,3,3,1,2,0,2,0,17
1998-10-31,604020,12,1,1,0,0,0,2,3,3,9
1998-11-30,604020,8,3,1,0,0,0,5,5,2,6
1998-12-31,604020,11,2,0,1,0,2,2,6,4,3
1999-01-31,604020,7,4,1,0,0,0,3,8,1,7
1999-02-28,604020,1,4,3,2,0,0,1,10,4,3
1999-03-31,604020,3,2,2,4,4,0,2,2,4,8
1999-04-30,604020,8,1,0,2,0,0,1,0,3,15
1999-05-31,604020,2,0,0,4,0,0,1,0,3,21
1999-06-30,604020,3,2,4,0,0,0,0,0,0,21
1999-07-31,604020,2,1,0,0,0,0,0,0,0,28
1999-08-31,604020,0,0,0,1,0,0,0,0,0,30
1999-09-30,604020,3,0,2,0,1,1,0,0,0,23
1999-10-31,604020,10,0,5,0,0,4,2,0,0,10
1999-11-30,604020,6,1,5,1,1,0,0,5,2,9
1999-12-31,604020,10,3,0,0,0,0,7,6,3,2
2000-01-31,604020,15,0,2,2,0,0,1,4,2,5
2000-02-29,604020,15,1,0,0,0,0,1,9,3,0
2000-03-31,604020,10,2,0,3,1,0,1,1,1,12
2000-04-30,604020,6,0,0,3,1,2,2,6,0,10
2000-05-31,604020,2,0,4,4,2,0,0,0,0,19
2000-06-30,604020,4,2,3,3,1,0,0,0,0,17
2000-07-31,604020,5,1,0,1,1,0,0,0,0,23
2000-08-31,604020,4,1,2,0,0,0,0,0,0,24
2000-09-30,604020,4,1,1,0,0,1,2,0,0,21
2000-10-31,604020,8,0,0,4,1,1,4,2,1,10
2000-11-30,604020,5,0,1,2,0,5,7,6,1,3
2000-12-31,604020,12,0,0,0,1,6,4,5,1,2
2001-01-31,604020,2,0,0,0,0,5,12,4,2,6
2001-02-28,604020,5,3,3,0,0,3,6,3,3,2
2001-03-31,604020,7,0,0,0,1,3,7,0,3,10
2001-04-30,604020,4,2,0,0,0,0,2,3,5,14
2001-05-31,604020,2,2,3,2,0,0,0,1,1,20
2001-06-30,604020,4,1,2,0,2,0,0,0,0,21
2001-07-31,604020,7,0,0,0,2,0,0,0,0,22
2001-08-31,604020,4,0,0,0,0,0,0,0,0,27
2001-09-30,604020,2,0,2,5,0,0,0,0,0,21
2001-10-31,604020,13,0,0,3,1,2,0,0,1,11
2001-11-30,604020,9,1,2,3,0,0,0,3,1,11
2001-12-31,604020,10,0,3,2,0,0,4,4,2,6
2002-01-31,604020,21,0,0,2,1,0,3,3,1,0
2002-02-28,604020,10,2,1,0,1,0,3,5,3,3
2002-03-31,604020,5,2,2,4,1,2,0,2,3,10
2002-04-30,604020,5,2,1,3,1,1,1,2,0,14
2002-05-31,604020,5,1,0,4,1,1,0,1,0,18
2002-06-30,604020,1,0,0,3,0,0,0,1,1,24
2002-07-31,604020,0,2,2,0,0,0,0,0,0,27
2002-08-31,604020,1,0,0,0,0,0,0,0,1,29
2002-09-30,604020,3,1,0,0,0,0,0,1,0,25
2002-10-31,604020,11,0,0,0,1,1,2,4,0,12
2002-11-30,604020,3,0,0,0,0,8,4,8,5,2
2002-12-31,604020,5,1,0,0,0,4,6,10,2,3
2003-01-31,604020,1,2,2,0,0,0,11,7,7,1
2003-02-28,604020,3,2,1,3,2,0,1,3,4,9
2003-03-31,604020,10,0,5,1,1,1,1,1,1,10
2003-04-30,604020,2,3,2,3,1,0,0,1,2,16
2003-05-31,604020,7,3,5,5,1,0,0,0,0,10
2003-06-30,604020,0,0,0,0,0,0,0,0,0,30
2003-07-31,604020,1,0,2,0,0,0,0,0,0,28
2003-08-31,604020,2,0,0,0,0,0,0,0,0,29
2003-09-30,604020,8,2,2,2,0,0,0,0,2,14
2003-10-31,604020,6,0,0,1,0,1,3,1,0,19
2003-11-30,604020,7,0,1,3,2,5,1,4,0,7
2003-12-31,604020,4,0,0,1,2,3,3,5,7,6
2004-01-31,604020,8,0,0,0,0,0,6,9,4,4
2004-02-29,604020,17,0,0,0,1,1,1,3,0,6
2004-03-31,604020,5,2,2,7,2,0,2,3,1,7
2004-04-30,604020,5,4,0,3,1,0,1,3,1,12
2004-05-31,604020,6,2,9,1,1,0,1,2,1,8
2004-06-30,604020,1,1,4,2,0,0,1,1,0,20
2004-07-31,604020,1,0,3,1,0,0,0,0,0,26
2004-08-31,604020,0,0,0,1,0,0,0,0,0,30
2004-09-30,604020,9,1,0,3,0,0,0,1,2,14
2004-10-31,604020,5,0,0,1,0,4,1,0,0,20
2004-11-30,604020,9,2,1,0,0,1,1,4,6,6
2004-12-31,604020,7,1,2,0,0,2,0,6,5,8
2005-01-31,604020,13,0,0,0,0,0,0,8,7,3
2005-02-28,604020,4,1,2,2,0,0,1,6,4,8
2005-03-31,604020,9,0,4,1,0,1,0,2,3,11
2005-04-30,604020,2,2,5,2,2,1,1,2,3,10
2005-05-31,604020,2,1,5,0,0,0,1,0,2,20
2005-06-30,604020,3,1,3,1,0,0,0,0,0,22
2005-07-31,604020,3,0,3,0,0,0,0,0,0,25
2005-08-31,604020,2,2,3,0,0,0,0,0,0,24
2005-09-30,604020,7,1,3,0,1,0,0,0,1,17
2005-10-31,604020,6,0,0,3,3,0,0,0,0,19
2005-11-30,604020,8,1,2,1,1,0,4,2,0,11
2005-12-31,604020,10,2,0,0,0,0,8,4,3,4
2006-01-31,604020,9,3,2,0,2,2,0,3,5,5
2006-02-28,604020,4,1,2,0,0,2,8,2,3,6
2006-03-31,604020,4,0,0,0,1,1,5,6,2,12
2006-04-30,604020,4,1,1,3,1,2,0,0,1,17
2006-05-31,604020,2,1,7,4,0,0,0,0,0,17
2006-06-30,604020,4,1,0,12,0,0,0,0,0,13
2006-07-31,604020,3,0,0,0,0,0,0,0,0,28
2006-08-31,604020,2,0,2,0,0,0,0,0,0,27
2006-09-30,604020,3,0,0,1,1,0,0,3,1,21
2006-10-31,604020,6,0,1,0,3,3,3,0,0,15
2006-11-30,604020,12,0,2,3,1,4,1,3,0,4
2006-12-31,604020,10,3,6,0,0,0,3,4,2,3
2007-01-31,604020,14,0,2,1,1,0,3,5,2,3
2007-02-28,604020,4,0,1,0,1,0,5,10,2,5
2007-03-31,604020,8,4,1,1,0,1,3,7,3,3
2007-04-30,604020,0,1,9,8,1,0,0,1,0,10
2007-05-31,604020,4,0,0,2,2,0,0,4,4,15
2007-06-30,604020,2,1,1,1,0,0,0,0,0,25
2007-07-31,604020,4,1,1,0,0,0,0,0,0,25
2007-08-31,604020,0,0,2,2,0,1,0,0,0,26
2007-09-30,604020,4,0,0,2,0,0,0,0,0,24
2007-10-31,604020,3,1,4,3,0,0,1,1,3,15
2007-11-30,604020,5,1,0,0,0,3,1,5,4,11
2007-12-31,604020,8,5,0,3,1,0,0,7,4,3
2008-01-31,604020,18,2,0,0,0,4,3,3,0,1
2008-02-29,604020,15,0,3,4,2,1,1,0,0,3
2008-03-31,604020,4,1,0,0,0,0,3,10,6,7
2008-04-30,604020,11,1,0,0,0,2,5,2,3,6
2008-05-31,604020,0,1,4,6,0,0,0,2,0,18
2008-06-30,604020,1,0,7,0,0,0,0,0,0,22
2008-07-31,604020,1,0,2,1,0,0,0,0,0,27
2008-08-31,604020,1,0,0,0,0,0,0,0,0,30
2008-09-30,604020,2,0,1,2,0,0,0,0,1,24
2008-10-31,604020,10,0,3,2,0,1,2,0,0,13
2008-11-30,604020,6,0,2,0,0,2,3,3,5,9
2008-12-31,604020,6,1,1,1,1,1,4,6,3,7
2009-01-31,604020,4,1,1,1,0,1,3,8,2,10
2009-02-28,604020,8,1,0,0,1,4,3,6,4,1
2009-03-31,604020,11,0,2,1,0,0,1,4,0,12
2009-04-30,604020,5,1,0,0,1,1,1,3,2,16
2009-05-31,604020,5,4,2,4,4,0,0,0,1,11
2009-06-30,604020,3,0,1,0,0,0,0,0,0,26
2009-07-31,604020,4,1,0,0,1,1,0,0,0,24
2009-08-31,604020,0,0,0,1,0,0,0,0,0,30
2009-09-30,604020,2,1,1,1,0,0,1,0,2,22
2009-10-31,604020,6,1,0,0,1,1,1,4,0,17
2009-11-30,604020,10,0,0,0,0,5,6,6,0,3
2009-12-31,604020,6,0,0,0,0,3,10,6,1,5
2010-01-31,604020,5,1,1,2,0,1,6,6,3,6
2010-02-28,604020,1,0,0,1,1,5,7,7,0,6
2010-03-31,604020,8,3,0,1,2,2,0,2,1,12
2010-04-30,604020,7,2,5,2,0,0,0,0,0,14
2010-05-31,604020,8,2,1,0,2,0,0,2,2,14
2010-06-30,604020,1,0,3,1,1,0,0,1,0,23
2010-07-31,604020,1,0,0,0,0,0,0,0,0,30
2010-08-31,604020,2,0,0,0,0,0,0,0,0,29
2010-09-30,604020,4,1,0,0,0,1,0,2,0,22
2010-10-31,604020,4,0,0,1,0,3,0,1,4,18
2010-11-30,604020,1,1,1,0,1,2,8,6,2,8
2010-12-31,604020,4,2,0,0,0,3,7,3,3,9
2011-01-31,604020,9,0,1,0,1,4,0,2,4,10
2011-02-28,604020,10,0,0,0,0,0,3,4,8,3
2011-03-31,604020,3,0,3,8,2,2,1,2,4,6
2011-04-30,604020,4,2,4,6,0,1,0,0,1,12
2011-05-31,604020,6,3,3,2,1,0,0,1,0,15
2011-06-30,604020,8,1,2,0,0,0,0,0,0,19
2011-07-31,604020,2,0,1,1,0,0,0,0,0,27
2011-08-31,604020,0,1,1,1,0,0,0,0,0,28
2011-09-30,604020,9,0,0,0,0,0,0,0,0,21
2011-10-31,604020,12,2,2,1,1,2,0,1,2,8
2011-11-30,604020,7,0,4,3,2,2,0,0,0,12
2011-12-31,604020,7,3,1,0,0,1,4,10,5,0
2012-01-31,604020,6,1,2,0,0,0,3,9,6,4
2012-02-29,604020,8,3,0,0,0,0,1,4,10,3
2012-03-31,604020,14,3,3,3,0,0,0,0,4,4
2012-04-30,604020,2,0,0,1,3,1,3,5,1,14
2012-05-31,604020,13,0,0,0,1,0,0,2,0,15
2012-06-30,604020,2,0,2,1,1,1,0,0,0,23
2012-07-31,604020,2,0,1,0,0,0,0,0,0,28
2012-08-31,604020,0,0,0,0,0,0,0,0,0,31
2012-09-30,604020,1,0,1,0,1,1,0,0,2,24
2012-10-31,604020,6,0,0,0,5,1,0,1,2,16
2012-11-30,604020,5,0,1,1,0,1,4,2,1,15
2012-12-31,604020,5,0,0,0,0,2,5,10,5,4
2013-01-31,604020,5,2,0,0,0,1,5,16,1,1
2013-02-28,604020,2,0,1,3,0,0,5,10,3,4
2013-03-31,604020,1,0,0,1,2,3,8,5,2,9
2013-04-30,604020,3,0,7,3,0,1,2,2,1,11
2013-05-31,604020,5,3,3,1,0,0,0,1,2,16
2013-06-30,604020,5,3,7,1,1,0,0,0,1,12
2013-07-31,604020,3,0,2,0,0,0,0,0,0,26
2013-08-31,604020,2,1,2,0,0,0,0,0,0,26
2013-09-30,604020,5,2,1,0,0,0,0,1,0,21
2013-10-31,604020,6,1,0,0,4,0,0,1,0,19
2013-11-30,604020,5,3,0,1,0,0,2,7,7,5
2013-12-31,604020,17,0,2,0,0,1,2,3,4,2
2014-01-31,604020,5,0,0,0,0,4,4,11,2,5
2014-02-28,604020,3,0,0,1,0,2,10,7,3,2
2014-03-31,604020,5,3,4,1,1,0,0,8,4,5
2014-04-30,604020,7,1,0,0,1,1,0,5,2,13
2014-05-31,604020,2,0,4,1,2,0,0,0,1,21
2014-06-30,604020,0,1,1,0,0,0,0,0,1,27
2014-07-31,604020,1,1,0,3,0,0,0,0,0,26
2014-08-31,604020,1,0,1,0,0,0,0,0,0,29
2014-09-30,604020,1,0,1,3,0,0,0,0,0,25
2014-10-31,604020,8,0,1,1,1,2,0,0,2,16
2014-11-30,604020,3,0,0,0,7,4,5,1,1,9
2014-12-31,604020,7,1,0,0,0,2,1,6,9,5
2015-01-31,604020,8,1,0,0,0,3,2,7,5,5
2015-02-28,604020,3,1,2,1,0,0,2,6,5,8
2015-03-31,604020,5,0,2,5,0,0,2,3,7,7
2015-04-30,604020,4,0,3,5,3,0,0,0,1,14
2015-05-31,604020,6,5,2,1,0,0,1,0,1,15
2015-06-30,604020,2,2,4,3,0,0,0,0,0,19
2015-07-31,604020,0,0,0,0,0,0,0,0,0,31
2015-08-31,604020,1,0,0,0,0,0,0,0,0,30
2015-09-30,604020,2,0,1,0,0,0,0,0,0,27
2015-10-31,604020,6,1,0,0,0,0,2,1,2,19
2015-11-30,604020,16,2,0,1,2,0,0,6,3,0
2015-12-31,604020,31,0,0,0,0,0,0,0,0,0
2016-01-31,604020,12,0,0,0,0,1,11,4,1,2
2016-02-29,604020,8,1,0,0,0,1,9,4,3,3
2016-03-31,604020,1,0,0,0,2,0,4,6,6,12
2016-04-30,604020,2,2,6,2,2,1,0,2,2,11
2016-05-31,604020,6,3,2,1,3,0,0,3,1,12
2016-06-30,604020,5,2,2,0,0,0,0,0,1,20
2016-07-31,604020,3,3,1,0,0,0,0,0,0,24
2016-08-31,604020,4,1,4,0,0,0,0,0,0,22
2016-09-30,604020,8,0,1,1,0,0,0,0,0,20
2016-10-31,604020,6,2,1,0,1,1,0,0,0,20
2016-11-30,604020,5,1,1,1,3,1,2,4,0,12
2016-12-31,604020,10,4,6,2,1,0,0,0,2,6
2017-01-31,604020,7,2,1,1,0,3,0,7,4,6
2017-02-28,604020,5,0,3,4,4,2,4,2,3,1
2017-03-31,604020,11,1,4,2,1,1,0,1,3,7
2017-04-30,604020,7,0,7,0,0,0,0,1,1,14
2017-05-31,604020,7,1,3,5,1,0,0,0,0,14
2017-06-30,604020,1,0,0,1,0,0,1,0,0,27
2017-07-31,604020,2,1,0,1,2,0,0,0,0,25
2017-08-31,604020,0,1,2,1,1,0,0,0,0,26
2017-09-30,604020,8,0,0,0,0,1,0,1,1,19
2017-10-31,604020,21,0,0,1,0,0,0,0,2,7
2017-11-30,604020,11,2,0,0,0,1,1,3,5,7
2017-12-31,604020,9,2,1,0,0,1,6,7,4,1
2018-01-31,604020,8,0,1,1,0,2,2,9,2,6
2018-02-28,604020,4,1,0,0,0,2,1,6,2,12
2018-03-31,604020,2,0,0,0,0,4,12,6,3,4
2018-04-30,604020,5,3,3,5,2,0,0,0,1,11
2018-05-31,604020,0,1,8,2,0,0,0,1,1,18
2018-06-30,604020,1,0,1,0,0,0,0,0,0,28
2018-07-31,604020,0,0,0,0,0,0,0,0,0,31
2018-08-31,604020,1,0,0,0,1,0,0,0,0,29
2018-09-30,604020,5,0,4,2,0,0,0,0,0,19
2018-10-31,604020,2,4,0,3,3,3,2,0,3,11
2018-11-30,604020,1,0,0,3,2,3,3,4,1,13
2018-12-31,604020,17,0,0,0,0,0,1,9,3,1
2019-01-31,604020,5,2,0,0,0,0,2,12,6,4
2019-02-28,604020,10,5,1,1,1,0,3,2,5,0
2019-03-31,604020,10,6,2,1,1,1,1,2,2,5
2019-04-30,604020,3,1,2,3,0,2,2,1,0,16
2019-05-31,604020,0,3,3,2,0,0,0,2,2,19
2019-06-30,604020,2,0,2,3,0,0,0,0,0,23
2019-07-31,604020,0,0,0,0,1,0,0,0,1,29
2019-08-31,604020,0,0,1,0,1,0,0,0,0,29
2019-09-30,604020,1,0,2,2,1,0,0,0,0,24
2019-10-31,604020,6,0,0,1,0,2,0,0,4,18
2019-11-30,604020,1,0,0,0,0,2,11,8,1,7
2019-12-31,604020,6,4,0,0,2,3,3,7,2,4
2020-01-31,604020,19,2,0,3,2,0,2,1,1,1
2020-02-29,604020,20,1,0,0,0,0,4,4,0,0
2020-03-31,604020,3,2,3,4,1,0,3,4,2,9
2020-04-30,604020,7,1,2,5,0,0,1,0,1,13
2020-05-31,604020,8,2,1,6,0,0,0,1,1,12
2020-06-30,604020,4,1,0,0,0,0,0,1,0,24
2020-07-31,604020,2,0,0,0,0,0,0,0,0,29
2020-08-31,604020,0,0,0,0,0,0,0,0,0,31
2020-09-30,604020,6,0,2,0,0,0,0,3,0,19
2020-10-31,604020,14,0,0,0,3,1,1,2,2,8
2020-11-30,604020,16,4,0,3,3,0,0,1,1,2
2020-12-31,604020,5,1,1,0,0,3,9,7,1,4
2021-01-31,604020,1,1,0,0,0,2,11,8,3,5
2021-02-28,604020,7,0,3,2,4,3,4,4,1,0
2021-03-31,604020,10,3,2,6,0,0,0,0,5,5
2021-04-30,604020,2,5,3,7,0,0,0,1,0,12
2021-05-31,604020,6,0,4,1,2,0,0,0,1,17
2021-06-30,604020,4,0,0,3,0,0,0,0,0,23
2021-07-31,604020,0,0,3,0,0,1,0,0,0,27
2021-08-31,604020,0,0,0,1,0,0,0,0,1,29
2021-09-30,604020,5,0,2,3,1,0,0,0,0,19
2021-10-31,604020,10,4,1,0,1,1,1,0,0,13
2021-11-30,604020,3,2,0,1,0,0,4,3,3,14
2021-12-31,604020,11,0,0,1,0,1,6,11,1,0
1981-01-31,603600,2,2,0,0,1,1,1,13,10,1
1981-02-28,603600,7,1,0,2,1,1,2,4,3,7
1981-03-31,603600,9,0,1,0,2,1,1,3,1,13
1981-04-30,603600,4,0,4,3,2,0,0,1,0,16
1981-05-31,603600,5,1,2,7,4,0,1,3,1,7
1981-06-30,603600,2,1,3,2,0,0,0,0,0,22
1981-07-31,603600,5,4,0,0,0,0,0,0,1,21
1981-08-31,603600,1,3,0,0,1,0,0,0,0,26
1981-09-30,603600,7,0,0,0,3,0,0,2,0,18
1981-10-31,603600,9,0,0,0,2,2,2,6,0,10
1981-11-30,603600,20,0,0,0,0,0,0,3,7,0
1981-12-31,603600,0,0,0,0,0,6,13,8,2,2
1982-01-31,603600,2,1,1,5,1,2,4,7,6,2
1982-02-28,603600,11,0,0,2,2,0,1,1,4,7
1982-03-31,603600,7,1,0,4,2,0,1,6,6,4
1982-04-30,603600,2,3,1,2,1,0,0,2,3,16
1982-05-31,603600,4,2,7,4,2,0,0,0,1,11
1982-06-30,603600,2,1,0,3,0,0,0,0,1,23
1982-07-31,603600,1,0,0,1,1,0,0,0,0,28
1982-08-31,603600,1,1,0,1,1,0,0,0,0,27
1982-09-30,603600,1,2,0,1,1,0,0,0,0,25
1982-10-31,603600,3,2,3,3,1,0,5,1,2,11
1982-11-30,603600,7,2,1,1,4,2,0,2,4,7
1982-12-31,603600,3,2,0,0,0,1,8,8,4,5
1983-01-31,603600,12,1,0,0,0,0,1,12,5,0
1983-02-28,603600,9,1,1,2,1,2,3,3,1,5
1983-03-31,603600,12,2,0,0,1,2,1,4,4,5
1983-04-30,603600,9,0,0,0,5,2,2,1,2,9
1983-05-31,603600,8,0,0,2,4,2,1,1,1,12
1983-06-30,603600,4,0,1,6,0,0,0,0,4,15
1983-07-31,603600,0,0,0,1,2,0,0,0,0,28
1983-08-31,603600,0,0,0,6,0,0,0,0,0,25
1983-09-30,603600,11,2,1,1,2,0,0,1,0,12
1983-10-31,603600,15,0,0,2,0,1,0,2,3,8
1983-11-30,603600,2,1,0,1,2,0,2,5,2,15
1983-12-31,603600,3,2,0,0,0,5,4,8,6,3
1984-01-31,603600,7,0,0,0,0,1,8,7,5,3
1984-02-29,603600,4,1,0,0,1,0,1,3,10,9
1984-03-31,603600,3,1,0,3,0,1,3,5,6,9
1984-04-30,603600,4,0,1,3,1,1,0,2,5,13
1984-05-31,603600,5,0,1,4,4,2,0,2,2,11
1984-06-30,603600,6,0,3,3,1,2,1,0,0,14
1984-07-31,603600,2,1,1,1,4,0,0,0,0,22
1984-08-31,603600,3,0,2,0,0,0,0,0,0,26
1984-09-30,603600,1,0,0,0,3,0,1,2,1,22
1984-10-31,603600,8,3,2,0,0,3,1,0,3,11
1984-11-30,603600,5,0,0,0,4,3,9,2,1,6
1984-12-31,603600,7,3,0,1,0,4,2,3,7,4
1985-01-31,603600,2,0,0,0,0,4,3,7,5,10
1985-02-28,603600,5,1,2,2,1,3,7,5,0,2
1985-03-31,603600,5,6,2,0,0,0,4,4,0,10
1985-04-30,603600,7,0,1,0,3,5,0,0,5,9
1985-05-31,603600,3,3,0,6,0,0,1,1,1,16
1985-06-30,603600,4,0,3,5,3,0,0,0,1,14
1985-07-31,603600,3,0,0,0,0,0,0,0,0,28
1985-08-31,603600,6,1,0,0,0,0,0,0,1,23
1985-09-30,603600,4,2,0,0,0,0,0,0,0,24
1985-10-31,603600,13,1,1,0,2,0,0,0,0,14
1985-11-30,603600,4,0,0,2,0,3,3,4,2,12
1985-12-31,603600,8,3,0,0,0,4,5,3,5,3
1986-01-31,603600,3,0,0,0,0,2,6,14,4,2
1986-02-28,603600,0,0,0,1,1,3,9,9,1,4
1986-03-31,603600,7,1,0,0,1,1,3,3,5,10
1986-04-30,603600,3,1,0,1,6,2,0,6,5,6
1986-05-31,603600,5,2,1,1,2,0,0,0,0,20
1986-06-30,603600,3,3,3,0,0,0,0,0,0,21
1986-07-31,603600,0,2,0,0,0,1,0,0,0,28
1986-08-31,603600,0,0,1,0,0,1,0,0,0,29
1986-09-30,603600,8,2,2,1,2,0,0,0,1,14
1986-10-31,603600,1,0,0,3,4,0,2,2,5,14
1986-11-30,603600,10,5,0,3,3,0,2,0,5,2
1986-12-31,603600,9,1,0,0,0,0,4,10,5,2
1987-01-31,603600,5,0,0,1,0,4,5,8,3,5
1987-02-28,603600,2,1,0,0,2,4,1,8,2,8
1987-03-31,603600,6,2,1,2,0,1,1,3,5,10
1987-04-30,603600,9,1,0,5,2,3,0,3,3,4
1987-05-31,603600,1,2,2,4,0,0,0,0,3,19
1987-06-30,603600,9,1,1,3,1,0,0,0,0,15
1987-07-31,603600,1,1,1,6,0,0,0,0,0,22
1987-08-31,603600,2,0,0,1,1,0,0,0,0,27
1987-09-30,603600,10,0,0,0,0,2,0,0,0,18
1987-10-31,603600,1,0,1,1,6,5,1,2,0,14
1987-11-30,603600,2,0,3,0,1,4,2,7,6,5
1987-12-31,603600,14,0,0,0,3,4,2,4,0,4
1988-01-31,603600,2,0,0,0,4,5,6,8,3,3
1988-02-29,603600,8,0,0,1,0,1,2,6,5,6
1988-03-31,603600,4,0,0,1,0,2,2,10,7,5
1988-04-30,603600,3,0,2,4,2,0,1,2,0,16
1988-05-31,603600,8,2,2,2,7,0,0,0,0,10
1988-06-30,603600,2,1,1,4,1,0,0,0,0,21
1988-07-31,603600,2,0,1,0,1,0,0,0,0,27
1988-08-31,603600,3,1,0,0,0,1,0,0,0,26
1988-09-30,603600,8,0,0,0,0,0,0,0,2,20
1988-10-31,603600,6,0,0,3,6,2,2,1,0,11
1988-11-30,603600,5,3,2,2,0,0,2,2,2,12
1988-12-31,603600,7,3,0,0,0,1,2,5,11,2
1989-01-31,603600,20,0,3,3,0,0,0,2,3,0
1989-02-28,603600,15,0,3,0,0,1,3,2,3,1
1989-03-31,603600,5,2,0,3,3,1,3,0,7,7
1989-04-30,603600,2,0,1,3,4,1,5,4,2,8
1989-05-31,603600,5,3,2,9,0,0,0,0,0,12
1989-06-30,603600,3,2,2,1,1,0,0,1,0,20
1989-07-31,603600,0,0,0,1,0,0,0,0,0,30
1989-08-31,603600,0,0,0,0,1,0,0,0,0,30
1989-09-30,603600,1,0,0,3,0,0,0,1,2,23
1989-10-31,603600,13,0,1,4,1,0,0,3,1,8
1989-11-30,603600,6,0,0,2,4,2,5,2,0,9
1989-12-31,603600,3,0,3,3,0,6,6,1,1,8
1990-01-31,603600,6,6,4,3,0,4,3,2,2,1
1990-02-28,603600,12,0,0,2,0,2,1,8,0,3
1990-03-31,603600,16,1,3,4,1,0,0,2,2,2
1990-04-30,603600,4,0,2,3,1,2,1,5,2,10
1990-05-31,603600,3,1,4,5,0,0,0,0,0,18
1990-06-30,603600,0,0,1,0,2,0,0,0,1,26
1990-07-31,603600,2,2,0,0,0,0,0,0,0,27
1990-08-31,603600,2,0,0,0,0,0,0,0,1,28
1990-09-30,603600,3,0,0,1,0,0,0,0,0,26
1990-10-31,603600,0,0,0,2,2,1,3,1,0,22
1990-11-30,603600,2,2,1,0,0,4,3,3,5,10
1990-12-31,603600,4,2,2,0,0,2,1,9,5,6
1991-01-31,603600,12,0,2,2,0,2,4,1,2,6
1991-02-28,603600,5,2,0,1,2,2,5,2,4,5
1991-03-31,603600,1,3,1,2,4,6,1,3,2,8
1991-04-30,603600,4,1,4,3,0,0,1,3,3,11
1991-05-31,603600,4,1,3,4,1,1,0,3,2,12
1991-06-30,603600,7,4,2,1,0,0,1,1,0,14
1991-07-31,603600,1,0,0,1,0,0,0,0,0,29
1991-08-31,603600,1,0,0,0,0,0,0,0,0,30
1991-09-30,603600,0,0,0,1,0,1,0,0,0,28
1991-10-31,603600,2,1,2,1,2,1,1,1,1,19
1991-11-30,603600,9,0,0,0,0,2,7,3,3,6
1991-12-31,603600,10,3,0,1,0,0,0,5,6,6
1992-01-31,603600,17,1,2,0,0,2,1,1,0,7
1992-02-29,603600,15,2,4,1,0,0,2,4,1,0
1992-03-31,603600,7,2,4,5,0,2,2,5,2,2
1992-04-30,603600,5,0,0,1,2,1,4,0,6,11
1992-05-31,603600,6,3,3,2,2,0,0,0,1,14
1992-06-30,603600,2,1,0,3,0,0,0,0,0,24
1992-07-31,603600,5,0,2,1,0,0,0,0,0,23
1992-08-31,603600,3,0,0,0,0,0,0,0,0,28
1992-09-30,603600,6,1,0,0,3,0,0,0,0,20
1992-10-31,603600,1,0,0,1,1,2,6,2,1,17
1992-11-30,603600,10,2,1,0,0,2,2,9,1,3
1992-12-31,603600,5,3,1,3,1,3,4,4,2,5
1993-01-31,603600,13,2,0,1,1,1,4,3,4,2
1993-02-28,603600,7,1,0,9,0,1,0,2,4,4
1993-03-31,603600,8,0,1,5,0,1,1,3,3,9
1993-04-30,603600,4,0,0,1,5,0,0,1,2,17
1993-05-31,603600,3,1,2,5,3,0,0,0,1,16
1993-06-30,603600,4,1,3,6,0,0,0,0,0,16
1993-07-31,603600,6,2,1,3,2,0,0,0,1,16
1993-08-31,603600,0,0,2,0,1,0,0,0,0,28
1993-09-30,603600,4,0,0,0,4,3,0,0,0,19
1993-10-31,603600,3,1,4,2,2,7,1,2,0,9
1993-11-30,603600,7,1,1,2,2,1,2,2,1,11
1993-12-31,603600,6,0,0,0,0,2,9,7,6,1
1994-01-31,603600,4,1,2,0,0,1,5,7,7,4
1994-02-28,603600,3,0,0,0,3,5,2,7,3,5
1994-03-31,603600,12,2,8,1,0,1,0,0,3,4
1994-04-30,603600,5,2,2,1,0,1,3,3,6,7
1994-05-31,603600,1,0,0,2,1,2,1,1,0,23
1994-06-30,603600,5,2,1,2,0,0,0,0,1,19
1994-07-31,603600,0,0,0,0,0,0,0,0,0,31
1994-08-31,603600,0,0,0,0,0,2,0,0,0,29
1994-09-30,603600,3,1,0,1,4,0,1,0,1,19
1994-10-31,603600,6,2,0,2,1,1,1,4,0,14
1994-11-30,603600,11,1,0,1,3,0,2,4,2,6
1994-12-31,603600,13,0,0,0,2,0,4,6,3,3
1995-01-31,603600,3,1,0,0,0,2,9,4,10,2
1995-02-28,603600,10,1,2,1,0,0,7,3,2,2
1995-03-31,603600,7,4,0,3,0,1,4,5,4,3
1995-04-30,603600,5,4,4,4,2,1,2,2,0,6
1995-05-31,603600,8,2,2,0,4,0,1,1,0,13
1995-06-30,603600,3,0,2,2,0,0,0,0,1,22
1995-07-31,603600,0,0,1,2,0,0,0,0,0,28
1995-08-31,603600,0,0,0,2,0,0,0,0,0,29
1995-09-30,603600,2,0,1,0,1,2,1,3,1,19
1995-10-31,603600,12,3,0,0,3,0,0,0,0,13
1995-11-30,603600,2,2,0,2,3,3,2,6,3,7
1995-12-31,603600,2,1,0,2,4,3,10,2,1,6
1996-01-31,603600,2,0,0,2,2,7,4,3,0,11
1996-02-29,603600,0,3,0,1,2,1,3,8,4,7
1996-03-31,603600,0,3,1,3,2,0,0,6,0,16
1996-04-30,603600,5,3,3,1,3,1,0,1,1,12
1996-05-31,603600,10,1,1,1,2,3,0,2,1,10
1996-06-30,603600,7,2,3,0,0,1,0,0,0,17
1996-07-31,603600,2,0,3,0,3,0,0,0,1,22
1996-08-31,603600,0,0,2,0,0,0,0,0,0,29
1996-09-30,603600,5,0,0,2,1,1,4,2,0,15
1996-10-31,603600,9,1,0,1,2,0,0,4,2,12
1996-11-30,603600,7,0,0,0,1,7,6,4,2,3
1996-12-31,603600,0,0,0,1,2,8,7,3,3,7
1997-01-31,603600,9,2,1,1,5,5,3,2,2,1
1997-02-28,603600,16,1,1,0,0,0,2,2,6,0
1997-03-31,603600,11,9,0,1,0,0,0,2,4,4
1997-04-30,603600,4,0,2,3,1,0,0,4,2,14
1997-05-31,603600,8,2,2,6,1,2,2,1,0,7
1997-06-30,603600,5,0,0,0,2,0,0,0,0,23
1997-07-31,603600,1,1,0,2,0,0,0,0,1,26
1997-08-31,603600,3,0,1,0,0,0,0,0,0,27
1997-09-30,603600,0,1,2,1,0,0,0,0,0,26
1997-10-31,603600,1,0,0,0,2,0,0,4,4,20
1997-11-30,603600,1,0,0,0,0,7,7,4,2,9
1997-12-31,603600,1,0,0,0,2,4,7,7,6,4
1998-01-31,603600,6,1,0,0,3,2,2,7,3,7
1998-02-28,603600,14,3,0,2,0,1,2,1,2,3
1998-03-31,603600,12,2,1,1,2,1,1,2,5,4
1998-04-30,603600,8,0,0,2,3,5,2,1,2,7
1998-05-31,603600,6,0,4,3,2,0,0,1,2,13
1998-06-30,603600,5,1,1,2,4,0,0,0,1,16
1998-07-31,603600,1,3,0,0,0,0,0,0,1,26
1998-08-31,603600,2,0,0,0,1,0,0,0,2,26
1998-09-30,603600,2,0,1,4,2,1,1,2,0,17
1998-10-31,603600,7,2,1,0,0,1,2,5,3,10
1998-11-30,603600,7,1,0,0,0,2,3,5,5,7
1998-12-31,603600,10,1,0,1,1,1,4,3,6,4
1999-01-31,603600,8,4,0,1,0,1,3,8,1,5
1999-02-28,603600,1,2,2,2,0,1,2,10,6,2
1999-03-31,603600,3,1,1,4,5,2,2,2,4,7
1999-04-30,603600,9,0,0,1,4,2,1,0,3,10
1999-05-31,603600,5,0,0,7,2,0,1,0,2,14
1999-06-30,603600,3,0,4,0,0,0,0,0,0,23
1999-07-31,603600,1,0,0,1,0,0,0,0,0,29
1999-08-31,603600,0,0,0,0,1,0,0,0,0,30
1999-09-30,603600,3,0,0,1,1,0,0,0,0,25
1999-10-31,603600,11,0,2,0,1,5,2,0,0,10
1999-11-30,603600,6,0,4,0,1,1,1,4,3,10
1999-12-31,603600,5,2,1,0,0,1,8,7,5,2
2000-01-31,603600,14,0,1,1,0,0,0,6,2,7
2000-02-29,603600,16,2,0,0,0,0,2,6,3,0
2000-03-31,603600,9,1,0,4,3,0,1,0,2,11
2000-04-30,603600,5,0,0,3,3,3,3,4,0,9
2000-05-31,603600,1,0,2,4,3,0,0,0,0,21
2000-06-30,603600,4,2,0,4,1,0,0,0,1,18
2000-07-31,603600,5,1,0,1,5,0,0,0,0,19
2000-08-31,603600,4,0,0,0,0,0,0,0,0,27
2000-09-30,603600,1,2,0,0,0,2,0,0,1,24
2000-10-31,603600,7,0,0,4,2,2,3,2,3,8
2000-11-30,603600,3,0,0,1,2,8,4,7,0,5
2000-12-31,603600,11,0,0,1,3,6,6,2,2,0
2001-01-31,603600,2,0,0,0,0,5,12,3,2,7
2001-02-28,603600,3,3,0,2,0,4,5,4,6,1
2001-03-31,603600,6,0,0,0,2,7,6,2,1,7
2001-04-30,603600,6,2,0,0,1,0,1,6,4,10
2001-05-31,603600,3,1,2,1,3,0,0,1,2,18
2001-06-30,603600,6,1,2,0,2,0,0,0,0,19
2001-07-31,603600,3,0,0,0,3,0,0,0,0,25
2001-08-31,603600,3,0,0,0,0,0,0,0,0,28
2001-09-30,603600,4,0,0,3,0,1,0,1,0,21
2001-10-31,603600,13,0,0,1,1,1,0,0,0,15
2001-11-30,603600,5,4,0,2,0,0,0,5,2,12
2001-12-31,603600,11,4,0,0,0,0,3,4,2,7
2002-01-31,603600,16,0,3,0,2,0,4,2,1,3
2002-02-28,603600,7,2,1,0,0,0,5,6,4,3
2002-03-31,603600,3,4,1,2,1,2,0,3,4,11
2002-04-30,603600,7,2,0,3,2,1,1,2,1,11
2002-05-31,603600,4,0,1,3,3,1,0,2,2,15
2002-06-30,603600,2,0,0,0,1,0,0,1,0,26
2002-07-31,603600,2,1,0,1,0,0,0,0,0,27
2002-08-31,603600,1,0,0,1,0,0,0,0,0,29
2002-09-30,603600,2,0,1,0,0,0,0,1,0,26
2002-10-31,603600,12,0,0,0,1,3,3,3,0,9
2002-11-30,603600,2,0,0,0,1,8,3,7,5,4
2002-12-31,603600,6,0,0,0,0,5,7,7,3,3
2003-01-31,603600,2,1,0,1,0,0,12,5,6,4
2003-02-28,603600,3,2,1,3,2,0,2,2,4,9
2003-03-31,603600,14,1,2,1,0,0,1,1,2,9
2003-04-30,603600,3,2,1,3,6,2,0,1,2,10
2003-05-31,603600,5,1,1,7,0,0,0,0,2,15
2003-06-30,603600,0,0,1,1,2,0,0,0,0,26
2003-07-31,603600,0,0,0,0,0,0,0,0,0,31
2003-08-31,603600,0,0,0,0,0,2,0,0,0,29
2003-09-30,603600,6,1,2,2,0,0,0,1,2,16
2003-10-31,603600,3,0,0,2,1,1,6,0,1,17
2003-11-30,603600,7,1,0,4,3,3,3,3,0,6
2003-12-31,603600,5,1,0,0,2,3,2,5,8,5
2004-01-31,603600,7,0,0,0,0,0,5,10,3,6
2004-02-29,603600,16,0,0,0,2,0,5,0,1,5
2004-03-31,603600,6,2,0,8,2,0,2,3,2,6
2004-04-30,603600,4,2,0,0,3,0,1,3,3,14
2004-05-31,603600,9,1,9,1,2,0,2,1,0,6
2004-06-30,603600,1,1,2,4,0,0,0,1,3,18
2004-07-31,603600,1,2,0,0,0,0,0,0,2,26
2004-08-31,603600,1,0,0,0,2,0,0,0,0,28
2004-09-30,603600,4,1,0,3,0,0,0,1,4,17
2004-10-31,603600,5,0,0,0,0,6,1,0,0,19
2004-11-30,603600,7,1,1,0,0,2,0,6,4,9
2004-12-31,603600,6,1,0,0,2,3,1,4,3,11
2005-01-31,603600,13,0,0,0,0,0,1,7,8,2
2005-02-28,603600,3,1,1,2,1,0,3,8,5,4
2005-03-31,603600,5,0,2,2,1,1,0,3,4,13
2005-04-30,603600,1,2,4,3,2,3,1,2,2,10
2005-05-31,603600,4,0,0,0,3,0,0,1,2,21
2005-06-30,603600,1,1,0,1,1,0,0,0,0,26
2005-07-31,603600,3,0,1,0,0,0,0,0,0,27
2005-08-31,603600,1,1,2,0,0,0,0,0,3,24
2005-09-30,603600,5,1,1,0,2,0,0,0,0,21
2005-10-31,603600,6,0,0,2,5,0,0,0,0,18
2005-11-30,603600,8,0,0,1,2,2,4,3,1,9
2005-12-31,603600,9,1,0,0,0,1,6,4,5,5
2006-01-31,603600,11,1,2,1,3,1,1,2,5,4
2006-02-28,603600,2,1,0,1,0,5,4,4,4,7
2006-03-31,603600,3,0,0,0,2,2,6,5,3,10
2006-04-30,603600,5,1,1,4,2,2,0,0,2,13
2006-05-31,603600,5,2,4,6,0,0,0,0,0,14
2006-06-30,603600,4,1,0,7,5,0,0,0,1,12
2006-07-31,603600,1,0,0,0,0,0,0,0,0,30
2006-08-31,603600,3,0,0,1,0,0,0,0,0,27
2006-09-30,603600,1,0,1,0,1,0,1,3,1,22
2006-10-31,603600,1,1,0,1,3,5,2,0,1,17
2006-11-30,603600,13,0,0,1,3,3,2,2,3,3
2006-12-31,603600,12,1,3,1,0,0,4,2,1,7
2007-01-31,603600,17,1,0,0,0,1,3,4,2,3
2007-02-28,603600,4,1,1,0,1,1,7,7,1,5
2007-03-31,603600,9,3,2,0,0,1,6,4,2,4
2007-04-30,603600,0,1,3,11,1,0,0,1,1,12
2007-05-31,603600,3,0,0,1,3,0,0,3,7,14
2007-06-30,603600,2,0,1,1,1,0,0,0,0,25
2007-07-31,603600,5,1,0,0,1,0,0,0,0,24
2007-08-31,603600,0,0,0,2,0,1,0,0,0,28
2007-09-30,603600,3,0,0,3,1,0,0,1,1,21
2007-10-31,603600,2,3,2,2,1,0,0,1,1,19
2007-11-30,603600,3,1,0,0,2,2,1,5,5,11
2007-12-31,603600,5,4,0,1,2,0,1,6,7,5
2008-01-31,603600,15,2,0,0,0,4,4,2,3,1
2008-02-29,603600,15,3,0,2,5,0,1,0,1,2
2008-03-31,603600,6,1,0,0,0,0,4,9,3,8
2008-04-30,603600,7,1,0,0,1,5,1,3,4,8
2008-05-31,603600,1,0,2,6,3,0,1,0,0,18
2008-06-30,603600,1,1,2,1,1,0,0,0,0,24
2008-07-31,603600,1,0,3,0,0,0,0,0,0,27
2008-08-31,603600,0,0,0,0,0,0,0,0,0,31
2008-09-30,603600,1,1,1,0,1,1,0,0,0,25
2008-10-31,603600,7,0,0,5,0,2,2,0,1,14
2008-11-30,603600,6,0,1,1,0,3,2,2,3,12
2008-12-31,603600,6,0,1,0,2,1,4,4,4,9
2009-01-31,603600,3,0,2,1,0,2,4,5,2,12
2009-02-28,603600,7,2,0,0,1,5,2,5,5,1
2009-03-31,603600,8,1,2,0,1,1,2,5,2,9
2009-04-30,603600,4,0,0,1,3,1,2,4,2,13
2009-05-31,603600,5,3,0,3,8,0,0,0,2,10
2009-06-30,603600,3,0,1,0,2,0,0,0,2,22
2009-07-31,603600,3,0,0,0,2,1,0,0,1,24
2009-08-31,603600,0,0,0,0,0,0,0,0,0,31
2009-09-30,603600,0,1,1,1,1,0,0,0,1,25
2009-10-31,603600,6,1,0,0,2,1,0,4,3,14
2009-11-30,603600,8,0,0,0,0,6,6,6,1,3
2009-12-31,603600,0,0,0,0,0,5,8,9,3,6
2010-01-31,603600,4,0,0,2,0,1,8,4,4,8
2010-02-28,603600,1,0,0,0,1,8,5,7,2,4
2010-03-31,603600,6,1,2,0,4,3,0,2,2,11
2010-04-30,603600,9,4,0,2,3,0,0,0,0,12
2010-05-31,603600,7,1,0,2,1,1,0,4,2,13
2010-06-30,603600,2,0,1,2,2,0,0,0,1,22
2010-07-31,603600,1,0,0,0,0,0,0,0,1,29
2010-08-31,603600,2,0,0,1,0,0,0,0,0,28
2010-09-30,603600,1,0,0,0,0,1,0,2,3,23
2010-10-31,603600,3,0,0,0,2,5,0,3,4,14
2010-11-30,603600,0,1,1,0,1,4,8,5,1,9
2010-12-31,603600,2,0,0,0,0,7,5,4,7,6
2011-01-31,603600,8,0,0,0,1,4,0,1,6,11
2011-02-28,603600,8,0,0,0,0,1,1,5,7,6
2011-03-31,603600,3,2,0,7,7,0,2,1,2,7
2011-04-30,603600,5,2,2,4,2,0,1,0,2,12
2011-05-31,603600,5,4,1,3,1,0,0,2,0,15
2011-06-30,603600,6,2,2,0,0,0,0,0,0,20
2011-07-31,603600,3,1,0,0,0,0,0,0,0,27
2011-08-31,603600,1,2,0,0,0,0,0,0,0,28
2011-09-30,603600,7,0,0,0,1,0,0,0,0,22
2011-10-31,603600,10,2,1,2,2,2,0,0,3,9
2011-11-30,603600,7,1,2,3,3,1,0,0,0,13
2011-12-31,603600,5,1,1,0,0,2,5,12,5,0
2012-01-31,603600,5,0,3,0,0,0,2,5,10,6
2012-02-29,603600,7,1,0,0,0,0,0,5,7,9
2012-03-31,603600,15,3,0,4,0,2,0,0,4,3
2012-04-30,603600,2,0,0,0,5,1,3,4,1,14
2012-05-31,603600,12,0,2,2,2,0,0,2,0,11
2012-06-30,603600,1,0,1,1,3,0,0,0,0,24
2012-07-31,603600,1,4,0,0,0,0,0,0,0,26
2012-08-31,603600,0,0,0,0,0,0,0,0,0,31
2012-09-30,603600,0,0,0,0,2,3,1,0,3,21
2012-10-31,603600,2,0,0,0,5,1,1,2,0,20
2012-11-30,603600,5,1,2,3,2,4,5,1,0,7
2012-12-31,603600,5,0,0,0,1,3,4,10,5,3
2013-01-31,603600,4,1,0,0,0,1,6,15,2,2
2013-02-28,603600,2,0,1,1,0,0,4,10,4,6
2013-03-31,603600,0,0,0,0,4,4,9,4,1,9
2013-04-30,603600,3,1,3,6,0,4,1,2,1,9
2013-05-31,603600,7,2,4,2,1,0,0,1,2,12
2013-06-30,603600,4,3,5,2,1,0,0,0,1,14
2013-07-31,603600,2,1,0,0,0,0,0,0,0,28
2013-08-31,603600,0,0,1,0,0,0,0,0,2,28
2013-09-30,603600,6,2,0,0,0,0,0,1,0,21
2013-10-31,603600,2,0,0,0,6,1,0,1,0,21
2013-11-30,603600,3,1,0,1,0,0,3,5,8,9
2013-12-31,603600,15,2,2,0,0,2,3,2,2,3
2014-01-31,603600,5,0,0,0,0,7,5,9,0,5
2014-02-28,603600,3,0,0,0,2,3,9,4,2,5
2014-03-31,603600,6,2,2,3,0,0,0,8,4,6
2014-04-30,603600,5,0,0,0,1,3,0,4,2,15
2014-05-31,603600,3,1,3,3,4,0,0,0,3,14
2014-06-30,603600,0,1,1,0,0,0,0,0,1,27
2014-07-31,603600,2,0,0,2,0,0,0,0,2,25
2014-08-31,603600,1,0,0,0,0,0,0,0,0,30
2014-09-30,603600,3,0,0,2,1,0,0,1,1,22
2014-10-31,603600,9,1,0,0,1,5,1,1,3,10
2014-11-30,603600,2,0,0,1,6,5,5,2,0,9
2014-12-31,603600,6,0,0,0,1,1,1,7,9,6
2015-01-31,603600,7,0,0,0,0,3,3,9,5,4
2015-02-28,603600,3,0,2,1,0,0,3,6,4,9
2015-03-31,603600,4,1,1,6,0,0,1,6,7,5
2015-04-30,603600,8,0,5,0,3,0,0,1,2,11
2015-05-31,603600,6,2,1,1,1,2,0,0,4,14
2015-06-30,603600,3,2,0,3,0,0,0,0,0,22
2015-07-31,603600,0,0,0,1,1,0,0,0,0,29
2015-08-31,603600,1,0,0,0,0,0,0,0,0,30
2015-09-30,603600,0,0,0,1,1,2,0,0,2,24
2015-10-31,603600,1,0,0,0,0,0,2,1,2,25
2015-11-30,603600,15,1,1,1,1,0,1,7,2,1
2015-12-31,603600,29,0,0,0,1,1,0,0,0,0
2016-01-31,603600,12,0,0,0,0,1,11,4,2,1
2016-02-29,603600,7,0,0,0,0,3,9,4,3,3
2016-03-31,603600,1,0,0,1,2,2,2,7,6,10
2016-04-30,603600,4,1,5,4,5,1,0,2,2,6
2016-05-31,603600,6,0,1,2,3,0,1,2,3,13
2016-06-30,603600,4,2,1,0,0,0,0,0,1,22
2016-07-31,603600,4,2,0,0,1,0,0,0,1,23
2016-08-31,603600,2,4,0,0,0,0,0,0,0,25
2016-09-30,603600,4,1,1,1,0,0,0,0,2,21
2016-10-31,603600,6,2,0,0,4,0,0,0,1,18
2016-11-30,603600,4,1,2,1,3,2,1,4,0,12
2016-12-31,603600,14,0,6,2,1,0,0,0,3,5
2017-01-31,603600,6,0,0,1,1,2,1,6,4,10
2017-02-28,603600,6,0,0,3,4,2,4,3,3,3
2017-03-31,603600,8,1,3,1,3,1,1,2,5,6
2017-04-30,603600,4,2,6,1,1,0,0,0,4,12
2017-05-31,603600,7,2,1,6,1,1,0,0,1,12
2017-06-30,603600,1,0,0,2,0,0,0,0,0,27
2017-07-31,603600,2,2,0,0,1,0,0,0,1,25
2017-08-31,603600,2,1,0,0,0,0,0,0,0,28
2017-09-30,603600,5,0,0,0,0,1,0,2,1,21
2017-10-31,603600,16,0,0,0,0,1,0,2,3,9
2017-11-30,603600,7,1,0,0,0,0,3,3,8,8
2017-12-31,603600,5,2,1,0,0,3,6,7,5,2
2018-01-31,603600,6,0,1,0,2,4,3,9,3,3
2018-02-28,603600,2,1,0,0,2,1,0,8,3,11
2018-03-31,603600,2,0,0,0,0,8,11,3,3,4
2018-04-30,603600,5,2,2,4,5,0,0,1,1,10
2018-05-31,603600,3,0,5,2,1,0,0,1,1,18
2018-06-30,603600,0,0,0,0,0,0,0,0,1,29
2018-07-31,603600,0,0,0,0,0,0,0,0,0,31
2018-08-31,603600,0,0,0,0,0,0,0,0,0,31
2018-09-30,603600,4,0,3,0,0,0,0,0,0,23
2018-10-31,603600,1,0,2,2,2,5,1,0,5,13
2018-11-30,603600,3,0,1,3,2,4,4,2,0,11
2018-12-31,603600,14,0,0,0,0,1,2,9,3,2
2019-01-31,603600,3,0,0,0,1,0,3,13,7,4
2019-02-28,603600,9,4,1,1,1,1,1,3,6,1
2019-03-31,603600,8,5,2,0,1,1,2,4,3,5
2019-04-30,603600,2,1,0,5,0,2,1,3,0,16
2019-05-31,603600,7,1,0,2,1,1,0,2,5,12
2019-06-30,603600,1,0,0,2,2,0,0,0,0,25
2019-07-31,603600,0,0,0,0,1,0,0,0,1,29
2019-08-31,603600,0,0,0,0,0,0,0,0,0,31
2019-09-30,603600,0,0,1,3,2,0,0,0,0,24
2019-10-31,603600,4,1,0,1,5,1,0,1,4,14
2019-11-30,603600,1,0,0,0,0,6,11,6,0,6
2019-12-31,603600,4,4,0,0,3,2,2,8,3,5
2020-01-31,603600,18,3,0,2,3,0,1,2,1,1
2020-02-29,603600,18,0,0,0,0,1,0,7,2,1
2020-03-31,603600,2,1,2,6,1,0,3,5,2,9
2020-04-30,603600,10,1,1,2,4,0,0,0,1,11
2020-05-31,603600,6,1,1,2,3,0,1,2,1,14
2020-06-30,603600,6,0,0,0,1,0,0,1,1,21
2020-07-31,603600,1,0,0,0,0,0,0,0,0,30
2020-08-31,603600,0,0,0,0,1,0,0,0,0,30
2020-09-30,603600,4,2,1,0,0,0,0,3,0,20
2020-10-31,603600,13,0,0,0,3,2,2,3,1,7
2020-11-30,603600,18,2,0,0,2,0,0,0,4,4
2020-12-31,603600,3,1,0,2,1,2,9,7,1,5
2021-01-31,603600,1,0,0,0,0,5,8,7,4,6
2021-02-28,603600,8,1,0,3,4,3,5,3,1,0
2021-03-31,603600,10,1,1,7,0,1,0,0,7,4
2021-04-30,603600,2,2,4,4,4,0,0,1,1,12
2021-05-31,603600,10,1,3,0,3,0,0,0,1,13
2021-06-30,603600,1,0,0,5,3,0,0,0,0,21
2021-07-31,603600,1,2,0,0,1,0,0,0,0,27
2021-08-31,603600,0,0,0,0,0,0,0,0,0,31
2021-09-30,603600,3,0,1,3,4,0,0,0,0,19
2021-10-31,603600,6,5,0,0,2,1,1,1,3,12
2021-11-30,603600,2,1,0,0,0,0,5,3,0,19
2021-12-31,603600,12,0,0,0,0,2,6,9,2,0
1981-01-31,607150,0,7,0,0,1,1,0,13,8,1
1981-02-28,607150,6,1,1,2,1,0,1,4,4,8
1981-03-31,607150,7,0,0,0,3,0,0,5,1,15
1981-04-30,607150,7,0,1,5,0,1,1,0,1,14
1981-05-31,607150,9,1,2,5,3,0,1,4,0,6
1981-06-30,607150,1,1,5,4,0,0,0,0,1,18
1981-07-31,607150,4,6,0,0,1,0,0,0,3,17
1981-08-31,607150,1,4,1,0,0,0,0,0,0,25
1981-09-30,607150,4,1,0,0,4,0,0,2,0,19
1981-10-31,607150,9,0,0,0,2,1,1,4,0,14
1981-11-30,607150,16,2,0,0,0,0,0,3,5,4
1981-12-31,607150,0,0,0,0,0,6,11,10,1,3
1982-01-31,607150,2,3,1,6,0,2,4,6,3,4
1982-02-28,607150,10,1,0,2,2,0,0,2,2,9
1982-03-31,607150,6,1,0,2,2,0,1,5,6,8
1982-04-30,607150,0,4,3,2,0,0,0,3,3,15
1982-05-31,607150,5,3,4,5,1,1,0,0,0,12
1982-06-30,607150,2,0,0,4,0,0,0,0,3,21
1982-07-31,607150,1,0,0,1,1,0,0,0,1,27
1982-08-31,607150,1,2,1,1,1,0,0,0,0,25
1982-09-30,607150,1,0,1,3,1,0,0,0,0,24
1982-10-31,607150,3,2,1,5,3,0,5,2,2,8
1982-11-30,607150,7,0,2,1,4,2,0,1,3,10
1982-12-31,607150,2,2,1,0,0,1,8,7,4,6
1983-01-31,607150,10,2,0,0,0,0,1,12,6,0
1983-02-28,607150,6,0,1,2,2,3,3,5,2,4
1983-03-31,607150,10,4,0,0,1,3,0,3,4,6
1983-04-30,607150,9,0,0,1,6,1,3,1,2,7
1983-05-31,607150,11,0,0,1,4,0,0,2,2,11
1983-06-30,607150,0,0,4,6,0,0,0,0,4,16
1983-07-31,607150,2,0,0,0,1,0,0,0,0,28
1983-08-31,607150,0,0,1,6,0,0,0,0,0,24
1983-09-30,607150,7,2,2,1,2,0,0,1,3,12
1983-10-31,607150,13,3,2,2,0,1,0,1,1,8
1983-11-30,607150,2,0,2,2,1,0,2,2,4,15
1983-12-31,607150,2,3,0,0,0,5,3,7,5,6
1984-01-31,607150,5,0,0,0,1,1,8,9,4,3
1984-02-29,607150,4,2,0,0,2,0,1,3,7,10
1984-03-31,607150,1,2,0,3,0,1,3,3,4,14
1984-04-30,607150,4,1,2,3,2,0,0,2,4,12
1984-05-31,607150,4,0,0,2,6,1,3,1,2,12
1984-06-30,607150,6,1,2,3,1,2,1,1,0,13
1984-07-31,607150,1,2,2,2,4,0,0,0,0,20
1984-08-31,607150,0,0,3,2,1,0,0,0,0,25
1984-09-30,607150,3,0,0,0,2,0,0,3,0,22
1984-10-31,607150,9,1,4,1,2,2,1,0,2,9
1984-11-30,607150,2,1,1,0,5,4,7,3,1,6
1984-12-31,607150,10,5,0,1,0,3,1,2,2,7
1985-01-31,607150,1,0,0,1,0,3,6,7,5,8
1985-02-28,607150,6,2,2,2,0,1,6,5,0,4
1985-03-31,607150,5,2,1,2,0,1,4,3,0,13
1985-04-30,607150,6,2,0,1,3,4,1,1,3,9
1985-05-31,607150,2,3,5,3,2,0,1,1,1,13
1985-06-30,607150,4,3,2,5,2,0,0,0,1,13
1985-07-31,607150,1,1,2,2,0,0,0,0,0,25
1985-08-31,607150,3,1,0,0,0,0,0,0,2,25
1985-09-30,607150,5,1,2,0,0,0,0,0,0,22
1985-10-31,607150,9,1,3,2,3,0,0,0,0,13
1985-11-30,607150,3,0,0,2,0,2,5,4,3,11
1985-12-31,607150,8,5,0,0,1,3,4,2,4,4
1986-01-31,607150,2,0,0,0,0,3,7,14,4,1
1986-02-28,607150,0,0,0,2,2,4,6,7,2,5
1986-03-31,607150,4,0,1,1,2,1,3,0,6,13
1986-04-30,607150,3,1,1,3,6,2,1,6,2,5
1986-05-31,607150,4,3,1,1,1,0,0,0,1,20
1986-06-30,607150,2,3,1,1,0,0,0,0,0,23
1986-07-31,607150,1,2,1,0,0,1,0,0,0,26
1986-08-31,607150,0,0,2,0,0,0,0,0,0,29
1986-09-30,607150,7,4,2,1,2,0,0,0,0,14
1986-10-31,607150,2,1,0,6,2,0,1,3,5,11
1986-11-30,607150,9,5,1,3,3,0,1,2,2,4
1986-12-31,607150,9,2,0,0,0,0,1,11,5,3
1987-01-31,607150,4,0,0,1,0,2,8,7,2,7
1987-02-28,607150,3,1,1,0,3,4,2,5,3,6
1987-03-31,607150,5,2,2,2,0,2,1,4,5,8
1987-04-30,607150,7,2,0,4,5,0,1,4,1,6
1987-05-31,607150,3,1,3,2,1,0,0,2,4,15
1987-06-30,607150,7,2,1,6,0,0,0,0,0,14
1987-07-31,607150,2,1,1,6,0,0,0,0,1,20
1987-08-31,607150,1,1,1,1,1,0,0,0,0,26
1987-09-30,607150,7,1,3,0,0,1,0,0,0,18
1987-10-31,607150,1,0,1,3,7,2,1,2,0,14
1987-11-30,607150,1,1,3,0,1,5,3,6,6,4
1987-12-31,607150,13,0,1,1,2,4,1,4,0,5
1988-01-31,607150,2,2,0,0,7,2,6,9,1,2
1988-02-29,607150,4,1,0,2,0,0,3,9,5,5
1988-03-31,607150,2,0,0,0,1,3,2,9,10,4
1988-04-30,607150,4,1,3,5,1,0,1,2,0,13
1988-05-31,607150,7,2,1,5,6,0,0,1,0,9
1988-06-30,607150,3,2,4,2,1,0,0,0,0,18
1988-07-31,607150,5,4,0,0,2,0,0,0,0,20
1988-08-31,607150,2,0,0,0,0,1,0,0,0,28
1988-09-30,607150,11,0,1,0,0,0,0,0,2,16
1988-10-31,607150,6,1,0,3,6,1,0,0,1,13
1988-11-30,607150,5,3,3,5,1,0,2,2,1,8
1988-12-31,607150,6,4,1,0,0,1,2,6,8,3
1989-01-31,607150,17,2,5,3,0,0,0,3,0,1
1989-02-28,607150,16,1,2,0,0,1,3,2,2,1
1989-03-31,607150,5,2,0,4,2,1,2,2,7,6
1989-04-30,607150,4,0,1,2,4,2,3,6,1,7
1989-05-31,607150,5,2,2,7,3,0,0,0,1,11
1989-06-30,607150,6,3,2,1,0,0,0,1,0,17
1989-07-31,607150,1,1,0,1,0,0,0,0,0,28
1989-08-31,607150,0,0,0,1,2,0,0,1,1,26
1989-09-30,607150,1,2,0,6,0,0,0,0,3,18
1989-10-31,607150,11,1,1,6,0,0,0,2,1,9
1989-11-30,607150,8,0,1,2,4,3,4,3,0,5
1989-12-31,607150,2,0,3,3,1,5,8,1,1,7
1990-01-31,607150,7,5,5,5,0,2,2,2,2,1
1990-02-28,607150,13,1,0,2,0,0,1,9,0,2
1990-03-31,607150,15,1,6,2,0,0,0,2,3,2
1990-04-30,607150,4,1,2,3,3,2,1,5,1,8
1990-05-31,607150,4,2,3,5,1,0,0,0,0,16
1990-06-30,607150,6,1,2,2,0,0,0,0,1,18
1990-07-31,607150,2,4,4,1,0,0,0,0,0,20
1990-08-31,607150,1,1,1,1,0,0,0,0,1,26
1990-09-30,607150,3,1,0,2,1,0,0,1,1,21
1990-10-31,607150,0,0,0,2,5,2,3,1,0,18
1990-11-30,607150,3,4,1,1,0,4,3,3,1,10
1990-12-31,607150,3,0,4,1,0,2,1,8,4,8
1991-01-31,607150,6,3,1,4,0,0,5,2,3,7
1991-02-28,607150,3,1,2,3,1,3,5,0,4,6
1991-03-31,607150,2,2,2,3,5,4,1,2,3,7
1991-04-30,607150,3,1,3,2,1,2,1,4,4,9
1991-05-31,607150,5,1,1,5,1,1,0,3,2,12
1991-06-30,607150,5,6,2,2,0,0,1,1,1,12
1991-07-31,607150,2,0,1,0,0,0,0,0,1,27
1991-08-31,607150,0,0,0,2,0,0,0,0,2,27
1991-09-30,607150,2,0,0,2,1,0,0,0,0,25
1991-10-31,607150,1,3,2,3,2,2,0,1,1,16
1991-11-30,607150,7,0,1,0,1,2,6,5,3,5
1991-12-31,607150,9,3,3,0,0,0,0,3,10,3
1992-01-31,607150,18,0,3,0,1,2,2,0,0,5
1992-02-29,607150,15,1,5,1,0,0,1,4,2,0
1992-03-31,607150,6,1,5,6,0,3,2,7,1,0
1992-04-30,607150,4,0,0,1,2,3,4,0,7,9
1992-05-31,607150,8,3,2,4,3,0,0,0,1,10
1992-06-30,607150,5,1,0,4,2,0,0,0,2,16
1992-07-31,607150,1,2,3,1,0,0,0,0,0,24
1992-08-31,607150,3,0,0,0,0,0,0,0,0,28
1992-09-30,607150,3,1,0,0,4,0,0,0,3,19
1992-10-31,607150,0,0,0,1,2,3,3,4,0,18
1992-11-30,607150,9,2,2,0,0,2,1,9,3,2
1992-12-31,607150,5,2,2,3,1,2,4,3,0,9
1993-01-31,607150,13,3,0,1,1,1,2,4,4,2
1993-02-28,607150,4,2,0,9,2,0,0,1,5,5
1993-03-31,607150,8,0,1,5,0,2,1,3,5,6
1993-04-30,607150,4,0,0,3,3,1,1,3,3,12
1993-05-31,607150,6,0,1,5,3,0,0,1,1,14
1993-06-30,607150,5,4,3,8,0,0,0,0,1,9
1993-07-31,607150,5,5,1,2,3,0,0,0,1,14
1993-08-31,607150,0,1,1,0,0,0,0,0,0,29
1993-09-30,607150,4,0,0,3,6,3,0,0,0,14
1993-10-31,607150,4,0,2,6,3,6,2,2,0,6
1993-11-30,607150,5,1,2,2,3,1,1,2,1,12
1993-12-31,607150,4,2,0,0,0,2,5,12,3,3
1994-01-31,607150,3,0,1,1,0,2,5,6,10,3
1994-02-28,607150,3,0,0,1,4,3,2,4,3,8
1994-03-31,607150,11,3,4,2,1,1,1,0,3,5
1994-04-30,607150,3,3,2,1,1,0,6,4,4,6
1994-05-31,607150,2,0,0,1,3,2,1,1,1,20
1994-06-30,607150,4,2,4,4,3,0,0,0,3,10
1994-07-31,607150,0,0,1,0,0,0,0,0,0,30
1994-08-31,607150,0,0,0,0,0,0,0,0,2,29
1994-09-30,607150,4,1,0,3,3,1,0,0,1,17
1994-10-31,607150,6,2,0,2,2,0,0,3,1,15
1994-11-30,607150,12,1,0,0,2,0,1,4,2,8
1994-12-31,607150,13,0,0,0,2,0,3,5,3,5
1995-01-31,607150,3,1,0,0,0,1,9,5,8,4
1995-02-28,607150,7,3,1,1,0,0,4,4,4,4
1995-03-31,607150,5,5,0,4,0,0,2,7,4,4
1995-04-30,607150,5,3,4,5,0,1,3,3,1,5
1995-05-31,607150,6,2,3,1,3,2,1,2,0,11
1995-06-30,607150,1,1,4,3,0,0,0,0,0,21
1995-07-31,607150,2,1,4,2,1,0,0,0,0,21
1995-08-31,607150,0,0,0,1,0,0,0,1,1,28
1995-09-30,607150,3,1,1,2,1,1,0,1,2,18
1995-10-31,607150,10,2,5,2,3,0,0,0,0,9
1995-11-30,607150,1,1,0,1,7,1,3,5,5,6
1995-12-31,607150,2,0,1,3,3,4,6,3,0,9
1996-01-31,607150,2,0,0,3,3,5,2,3,0,13
1996-02-29,607150,0,3,1,0,3,1,1,6,5,9
1996-03-31,607150,1,1,1,4,2,0,1,4,1,16
1996-04-30,607150,4,2,3,1,4,1,0,3,0,12
1996-05-31,607150,9,3,3,1,2,1,2,2,1,7
1996-06-30,607150,7,1,4,0,0,1,0,0,1,16
1996-07-31,607150,2,2,4,0,0,1,0,0,2,20
1996-08-31,607150,0,0,1,0,0,0,0,0,0,30
1996-09-30,607150,3,0,0,2,1,1,2,2,1,18
1996-10-31,607150,9,1,0,0,2,0,0,4,2,13
1996-11-30,607150,8,0,0,0,2,6,6,4,2,2
1996-12-31,607150,0,0,0,0,5,6,6,3,3,8
1997-01-31,607150,9,2,1,3,3,6,4,0,0,3
1997-02-28,607150,12,0,2,0,1,0,0,6,7,0
1997-03-31,607150,8,8,2,1,0,0,1,3,4,4
1997-04-30,607150,4,1,0,6,1,0,1,4,1,12
1997-05-31,607150,8,2,0,12,1,3,1,1,0,3
1997-06-30,607150,4,2,0,1,3,0,0,0,1,19
1997-07-31,607150,3,2,1,3,1,0,0,0,2,19
1997-08-31,607150,1,1,1,1,0,0,0,0,1,26
1997-09-30,607150,1,2,4,0,0,0,0,0,0,23
1997-10-31,607150,1,0,0,0,2,1,1,3,2,21
1997-11-30,607150,0,0,0,0,2,3,6,5,0,14
1997-12-31,607150,1,2,0,0,4,3,6,7,3,5
1998-01-31,607150,6,0,0,1,4,1,3,2,6,8
1998-02-28,607150,13,4,0,1,0,1,0,2,3,4
1998-03-31,607150,9,2,2,1,1,0,2,4,6,4
1998-04-30,607150,7,1,0,2,2,5,2,3,1,7
1998-05-31,607150,5,0,2,4,1,0,0,1,3,15
1998-06-30,607150,6,1,1,0,5,0,0,1,1,15
1998-07-31,607150,4,3,0,0,0,0,0,0,2,22
1998-08-31,607150,0,1,0,1,0,0,0,0,2,27
1998-09-30,607150,1,0,3,3,2,1,0,3,1,16
1998-10-31,607150,4,3,2,0,1,1,2,3,6,9
1998-11-30,607150,4,3,0,1,0,1,4,5,3,9
1998-12-31,607150,9,1,0,2,1,0,4,3,6,5
1999-01-31,607150,6,1,3,3,2,2,2,7,3,2
1999-02-28,607150,2,2,1,2,0,0,3,10,4,4
1999-03-31,607150,4,0,1,6,5,0,3,2,6,4
1999-04-30,607150,4,0,0,1,3,3,2,6,3,8
1999-05-31,607150,2,0,0,6,2,0,1,1,1,18
1999-06-30,607150,0,1,5,4,0,0,0,0,1,19
1999-07-31,607150,1,2,0,2,0,0,0,0,1,25
1999-08-31,607150,0,0,0,0,0,0,0,0,0,31
1999-09-30,607150,3,1,1,0,2,0,0,0,1,22
1999-10-31,607150,10,1,2,0,2,5,1,0,0,10
1999-11-30,607150,5,0,2,3,2,0,1,4,3,10
1999-12-31,607150,6,4,1,0,0,1,7,6,3,3
2000-01-31,607150,14,1,0,2,0,0,0,6,2,6
2000-02-29,607150,14,2,0,0,0,0,1,7,5,0
2000-03-31,607150,8,1,0,3,3,0,3,2,2,9
2000-04-30,607150,3,0,0,1,6,2,3,5,0,10
2000-05-31,607150,1,0,3,5,4,0,0,0,0,18
2000-06-30,607150,2,1,0,5,0,0,0,0,0,22
2000-07-31,607150,3,3,1,1,3,2,0,0,2,16
2000-08-31,607150,1,1,1,0,0,0,0,0,0,28
2000-09-30,607150,2,3,0,0,2,0,0,0,0,23
2000-10-31,607150,7,0,0,4,2,5,0,2,6,5
2000-11-30,607150,3,0,0,1,3,6,5,6,0,6
2000-12-31,607150,11,0,0,1,2,4,4,5,2,2
2001-01-31,607150,3,1,0,0,1,4,10,4,1,7
2001-02-28,607150,3,3,0,2,0,4,4,6,4,2
2001-03-31,607150,1,0,0,0,3,5,7,4,1,10
2001-04-30,607150,6,2,0,0,1,1,1,6,3,10
2001-05-31,607150,4,1,2,5,3,0,0,2,1,13
2001-06-30,607150,2,2,3,0,1,0,0,0,1,21
2001-07-31,607150,4,1,0,0,3,0,0,0,1,22
2001-08-31,607150,0,3,0,0,0,0,0,0,0,28
2001-09-30,607150,1,2,0,6,0,1,0,2,1,17
2001-10-31,607150,12,0,1,2,1,1,0,0,1,13
2001-11-30,607150,4,3,0,3,0,0,0,5,3,12
2001-12-31,607150,5,5,1,1,0,0,4,5,3,7
2002-01-31,607150,17,1,2,0,0,0,4,1,2,4
2002-02-28,607150,6,2,0,2,0,1,5,5,4,3
2002-03-31,607150,3,3,1,3,2,2,0,2,8,7
2002-04-30,607150,4,2,0,2,4,1,0,1,1,15
2002-05-31,607150,5,0,1,4,2,0,0,1,4,14
2002-06-30,607150,0,1,1,1,2,0,0,1,2,22
2002-07-31,607150,2,1,1,2,0,0,0,0,2,23
2002-08-31,607150,0,0,0,1,0,0,0,1,1,28
2002-09-30,607150,2,0,0,0,0,0,0,2,0,26
2002-10-31,607150,6,0,0,0,1,3,4,4,3,10
2002-11-30,607150,1,0,0,0,2,8,3,5,5,6
2002-12-31,607150,7,0,0,1,3,1,5,7,1,6
2003-01-31,607150,3,1,0,0,0,2,7,7,3,8
2003-02-28,607150,1,1,5,5,0,0,1,3,4,8
2003-03-31,607150,14,1,3,1,0,0,1,2,2,7
2003-04-30,607150,3,2,1,4,5,1,0,1,2,11
2003-05-31,607150,2,1,0,10,0,0,0,0,4,14
2003-06-30,607150,0,0,3,2,0,0,0,0,0,25
2003-07-31,607150,0,1,0,0,0,0,0,0,0,30
2003-08-31,607150,0,2,0,0,0,1,0,0,0,28
2003-09-30,607150,7,1,4,1,0,0,0,0,3,14
2003-10-31,607150,3,0,0,3,1,2,4,0,2,16
2003-11-30,607150,7,1,1,4,7,2,2,3,0,3
2003-12-31,607150,6,2,1,0,3,2,2,2,5,8
2004-01-31,607150,6,0,0,0,0,0,3,10,4,8
2004-02-29,607150,13,0,0,0,3,1,5,0,4,3
2004-03-31,607150,6,2,0,8,1,0,2,3,1,8
2004-04-30,607150,4,3,0,0,5,0,2,4,2,10
2004-05-31,607150,7,2,7,1,4,0,2,1,1,6
2004-06-30,607150,3,0,3,4,0,0,0,1,3,16
2004-07-31,607150,1,2,1,0,0,0,0,0,2,25
2004-08-31,607150,0,0,1,1,2,0,0,0,2,25
2004-09-30,607150,6,1,0,1,0,0,0,2,3,17
2004-10-31,607150,5,0,0,1,3,1,1,0,0,20
2004-11-30,607150,7,2,1,0,0,2,0,2,5,11
2004-12-31,607150,4,2,0,4,2,3,2,5,2,7
2005-01-31,607150,10,1,0,0,0,0,1,7,6,6
2005-02-28,607150,2,1,1,3,0,0,3,8,6,4
2005-03-31,607150,4,0,3,1,3,1,0,2,5,12
2005-04-30,607150,1,1,4,5,2,2,1,2,2,10
2005-05-31,607150,3,1,0,2,3,0,0,1,3,18
2005-06-30,607150,1,2,1,3,1,0,0,0,0,22
2005-07-31,607150,2,2,1,0,0,0,0,0,0,26
2005-08-31,607150,0,0,2,1,0,0,0,1,3,24
2005-09-30,607150,4,1,2,0,3,0,0,0,1,19
2005-10-31,607150,7,0,0,4,3,0,0,0,0,17
2005-11-30,607150,12,0,0,0,3,2,4,2,2,5
2005-12-31,607150,8,0,0,0,0,0,10,2,3,8
2006-01-31,607150,7,3,1,2,4,1,2,2,3,6
2006-02-28,607150,3,1,0,1,0,5,3,5,2,8
2006-03-31,607150,4,0,0,0,2,1,5,7,3,9
2006-04-30,607150,4,1,1,4,1,3,0,0,4,12
2006-05-31,607150,4,3,2,6,0,0,0,0,0,16
2006-06-30,607150,3,1,2,3,6,0,0,0,3,12
2006-07-31,607150,0,0,0,0,0,0,0,0,0,31
2006-08-31,607150,1,1,2,3,0,0,0,0,2,22
2006-09-30,607150,3,0,2,5,1,0,1,1,2,15
2006-10-31,607150,1,3,1,2,3,4,0,0,0,17
2006-11-30,607150,14,0,1,2,2,3,1,3,1,3
2006-12-31,607150,11,0,1,4,0,2,2,1,0,10
2007-01-31,607150,14,1,0,0,0,2,3,7,2,2
2007-02-28,607150,4,1,1,0,0,1,6,7,2,6
2007-03-31,607150,7,5,2,1,0,1,4,7,1,3
2007-04-30,607150,1,0,6,16,1,0,0,1,0,5
2007-05-31,607150,1,0,0,0,3,0,0,2,9,16
2007-06-30,607150,5,1,5,2,1,0,0,0,0,16
2007-07-31,607150,4,2,0,1,0,0,0,0,4,20
2007-08-31,607150,2,0,3,0,0,0,1,0,0,25
2007-09-30,607150,3,2,0,5,0,0,0,1,1,18
2007-10-31,607150,1,1,8,6,1,0,0,1,3,10
2007-11-30,607150,3,1,0,1,5,1,0,6,3,10
2007-12-31,607150,3,5,2,1,3,0,0,7,5,5
2008-01-31,607150,12,4,0,0,1,4,4,3,2,1
2008-02-29,607150,17,3,1,2,1,2,0,1,1,1
2008-03-31,607150,2,1,0,0,0,1,4,11,1,11
2008-04-30,607150,4,3,0,0,1,5,2,4,6,5
2008-05-31,607150,1,0,3,6,5,0,1,0,0,15
2008-06-30,607150,0,1,2,2,2,0,0,0,1,22
2008-07-31,607150,1,0,2,0,0,0,0,0,1,27
2008-08-31,607150,0,0,0,1,0,0,0,0,0,30
2008-09-30,607150,1,2,1,1,0,1,0,0,2,22
2008-10-31,607150,8,0,0,6,0,3,1,0,1,12
2008-11-30,607150,5,0,0,1,2,3,2,2,2,13
2008-12-31,607150,5,0,2,0,3,1,3,5,3,9
2009-01-31,607150,3,0,2,0,1,3,5,4,2,11
2009-02-28,607150,4,2,0,0,1,4,4,6,5,2
2009-03-31,607150,4,2,2,0,0,5,1,8,2,7
2009-04-30,607150,4,0,0,0,2,0,1,4,3,16
2009-05-31,607150,4,4,0,4,4,0,0,0,1,14
2009-06-30,607150,4,0,0,0,1,1,0,0,3,21
2009-07-31,607150,4,0,0,0,2,0,0,0,2,23
2009-08-31,607150,0,0,0,0,0,0,0,0,0,31
2009-09-30,607150,0,3,4,1,1,0,1,0,1,19
2009-10-31,607150,4,3,0,0,3,1,0,2,4,14
2009-11-30,607150,7,0,0,0,1,5,8,5,2,2
2009-12-31,607150,1,0,0,0,1,4,8,8,4,5
2010-01-31,607150,6,0,0,3,1,2,7,4,3,5
2010-02-28,607150,1,0,0,0,2,9,4,6,2,4
2010-03-31,607150,5,2,2,0,3,4,0,3,2,10
2010-04-30,607150,8,1,3,3,3,0,0,0,1,11
2010-05-31,607150,6,1,0,0,3,0,0,4,4,13
2010-06-30,607150,2,1,1,1,2,0,0,2,2,19
2010-07-31,607150,0,0,0,0,0,0,0,0,2,29
2010-08-31,607150,2,1,1,2,0,0,0,0,0,25
2010-09-30,607150,0,1,0,1,0,1,0,1,2,24
2010-10-31,607150,3,0,0,1,5,3,0,3,3,13
2010-11-30,607150,2,0,2,0,1,4,7,5,1,8
2010-12-31,607150,3,2,0,0,0,7,6,3,3,7
2011-01-31,607150,7,0,0,0,0,4,0,1,4,15
2011-02-28,607150,8,3,0,0,0,1,1,2,5,8
2011-03-31,607150,4,1,3,5,5,1,1,1,3,7
2011-04-30,607150,2,3,1,3,3,0,0,2,3,13
2011-05-31,607150,2,5,1,3,2,0,0,2,1,15
2011-06-30,607150,2,1,3,0,0,0,0,0,2,22
2011-07-31,607150,2,1,0,0,1,0,0,0,1,26
2011-08-31,607150,0,2,1,0,0,0,0,0,0,28
2011-09-30,607150,3,1,2,0,1,0,0,0,2,21
2011-10-31,607150,9,1,2,3,2,2,0,0,4,8
2011-11-30,607150,6,0,3,3,5,2,0,0,0,11
2011-12-31,607150,4,1,2,0,0,3,4,10,7,0
2012-01-31,607150,5,0,2,3,0,0,1,7,8,5
2012-02-29,607150,6,2,0,0,0,0,0,4,3,14
2012-03-31,607150,13,4,0,4,0,2,0,2,2,4
2012-04-30,607150,4,0,0,3,2,1,3,4,2,11
2012-05-31,607150,11,0,3,0,2,0,0,2,3,10
2012-06-30,607150,4,0,1,2,2,0,0,0,0,21
2012-07-31,607150,2,6,0,0,0,0,0,0,0,23
2012-08-31,607150,0,0,0,0,0,0,0,0,0,31
2012-09-30,607150,0,0,0,1,2,1,0,0,3,23
2012-10-31,607150,2,0,0,0,5,2,1,2,0,19
2012-11-30,607150,5,2,1,3,3,4,5,1,1,5
2012-12-31,607150,2,0,0,0,1,3,2,13,6,4
2013-01-31,607150,4,0,1,0,0,3,5,11,4,3
2013-02-28,607150,1,0,0,2,0,1,3,10,3,8
2013-03-31,607150,1,0,0,1,3,4,9,3,1,9
2013-04-30,607150,4,1,4,7,1,1,3,1,1,7
2013-05-31,607150,3,2,2,3,2,0,0,3,3,13
2013-06-30,607150,3,4,3,3,1,0,0,1,3,12
2013-07-31,607150,1,2,2,0,0,0,0,0,1,25
2013-08-31,607150,0,1,2,0,0,0,0,0,2,26
2013-09-30,607150,2,0,3,0,0,0,0,1,0,24
2013-10-31,607150,2,0,0,1,5,2,0,1,0,20
2013-11-30,607150,3,1,0,1,1,0,4,4,5,11
2013-12-31,607150,16,0,0,2,1,2,1,3,1,5
2014-01-31,607150,5,0,0,0,1,7,6,4,2,6
2014-02-28,607150,2,0,0,0,2,3,8,5,2,6
2014-03-31,607150,5,3,1,4,0,0,2,6,3,7
2014-04-30,607150,3,1,2,0,3,1,0,5,2,13
2014-05-31,607150,6,1,3,4,2,0,0,0,4,11
2014-06-30,607150,1,0,2,2,1,0,0,0,1,23
2014-07-31,607150,1,0,0,3,0,0,0,0,2,25
2014-08-31,607150,0,0,1,0,0,0,0,0,0,30
2014-09-30,607150,2,0,0,2,2,0,0,0,2,22
2014-10-31,607150,9,2,0,0,4,0,0,0,3,13
2014-11-30,607150,6,0,0,0,6,5,3,2,0,8
2014-12-31,607150,6,2,0,0,2,2,1,8,5,5
2015-01-31,607150,5,1,0,0,0,3,3,7,7,5
2015-02-28,607150,3,0,2,1,1,2,2,5,3,9
2015-03-31,607150,2,2,0,8,0,0,1,5,7,6
2015-04-30,607150,6,3,2,1,4,0,0,1,2,11
2015-05-31,607150,4,4,4,1,1,0,2,0,4,11
2015-06-30,607150,2,2,4,3,1,0,0,0,0,18
2015-07-31,607150,2,0,0,2,0,0,0,0,0,27
2015-08-31,607150,0,0,0,0,0,0,0,0,0,31
2015-09-30,607150,0,1,0,1,3,0,0,0,3,22
2015-10-31,607150,4,1,1,1,0,0,1,1,2,20
2015-11-30,607150,15,0,1,1,1,0,1,6,3,2
2015-12-31,607150,28,1,0,0,0,0,0,1,0,1
2016-01-31,607150,11,0,0,0,0,0,9,6,2,3
2016-02-29,607150,6,0,0,0,1,2,8,5,3,4
2016-03-31,607150,1,0,0,0,4,1,3,7,4,11
2016-04-30,607150,5,2,4,5,3,1,0,3,3,4
2016-05-31,607150,4,0,0,4,4,0,0,6,2,11
2016-06-30,607150,3,5,2,0,1,0,0,0,0,19
2016-07-31,607150,3,2,0,0,0,0,0,0,1,25
2016-08-31,607150,2,6,0,0,0,0,0,0,0,23
2016-09-30,607150,3,1,1,3,0,0,0,1,2,19
2016-10-31,607150,5,3,1,0,4,0,0,0,0,18
2016-11-30,607150,4,2,0,3,3,2,1,5,0,10
2016-12-31,607150,9,3,6,2,3,1,1,1,3,2
2017-01-31,607150,5,1,0,2,2,2,2,4,3,10
2017-02-28,607150,7,1,0,2,4,2,4,2,0,6
2017-03-31,607150,8,2,2,1,3,1,0,4,5,5
2017-04-30,607150,2,3,5,1,2,0,0,0,2,15
2017-05-31,607150,7,4,1,4,3,0,0,0,1,11
2017-06-30,607150,2,0,3,4,0,0,0,0,1,20
2017-07-31,607150,1,2,0,0,1,0,0,0,4,23
2017-08-31,607150,0,2,1,0,0,0,0,0,0,28
2017-09-30,607150,4,0,0,0,0,0,0,1,1,24
2017-10-31,607150,10,2,0,0,1,0,0,3,5,10
2017-11-30,607150,6,2,0,0,0,1,1,4,4,12
2017-12-31,607150,5,1,2,0,0,2,7,6,6,2
2018-01-31,607150,7,0,0,2,2,4,1,10,4,1
2018-02-28,607150,2,1,0,0,2,2,0,6,2,13
2018-03-31,607150,2,0,0,0,0,7,8,7,3,4
2018-04-30,607150,6,0,4,5,6,0,0,2,0,7
2018-05-31,607150,2,0,7,2,1,0,0,1,2,16
2018-06-30,607150,2,3,1,0,0,0,0,0,3,21
2018-07-31,607150,0,0,0,0,0,0,0,0,0,31
2018-08-31,607150,0,0,0,0,0,0,0,0,0,31
2018-09-30,607150,3,1,4,1,0,0,0,0,2,19
2018-10-31,607150,0,3,0,5,3,5,0,0,1,14
2018-11-30,607150,4,0,1,4,3,2,4,1,1,10
2018-12-31,607150,13,1,0,0,0,0,1,7,6,3
2019-01-31,607150,3,1,0,0,0,0,2,11,6,8
2019-02-28,607150,9,5,1,0,1,1,2,3,6,0
2019-03-31,607150,6,4,4,0,0,2,1,5,4,5
2019-04-30,607150,0,2,0,5,1,2,1,3,1,15
2019-05-31,607150,7,3,0,1,1,1,0,2,4,12
2019-06-30,607150,1,0,1,4,2,0,0,0,0,22
2019-07-31,607150,0,1,0,0,0,0,0,0,0,30
2019-08-31,607150,0,1,0,0,0,0,0,0,1,29
2019-09-30,607150,1,0,1,4,2,0,0,0,0,22
2019-10-31,607150,3,1,0,2,5,0,0,0,3,17
2019-11-30,607150,1,0,0,0,0,7,8,6,0,8
2019-12-31,607150,4,4,0,2,4,1,3,6,4,3
2020-01-31,607150,14,3,0,2,3,0,1,4,2,2
2020-02-29,607150,13,1,0,0,0,1,2,8,4,0
2020-03-31,607150,0,2,1,7,0,0,4,3,5,9
2020-04-30,607150,9,2,0,5,4,0,0,1,0,9
2020-05-31,607150,7,2,2,2,3,1,1,3,1,9
2020-06-30,607150,5,0,0,1,3,0,0,0,6,15
2020-07-31,607150,1,1,0,0,0,0,0,0,2,27
2020-08-31,607150,0,0,0,0,1,0,0,0,0,30
2020-09-30,607150,1,3,2,0,0,0,0,2,0,22
2020-10-31,607150,9,0,0,0,3,2,1,3,5,8
2020-11-30,607150,18,4,0,0,2,0,0,0,4,2
2020-12-31,607150,3,1,0,3,0,2,10,6,2,4
2021-01-31,607150,1,0,0,0,0,4,8,7,5,6
2021-02-28,607150,6,2,2,2,3,3,5,3,0,2
2021-03-31,607150,10,1,1,8,0,0,0,1,5,5
2021-04-30,607150,3,2,4,3,5,0,0,1,0,12
2021-05-31,607150,7,2,3,0,3,1,0,3,1,11
2021-06-30,607150,0,0,0,5,3,0,0,0,0,22
2021-07-31,607150,1,1,0,0,0,0,0,0,2,27
2021-08-31,607150,0,0,0,0,0,0,0,0,0,31
2021-09-30,607150,3,0,3,3,1,0,0,0,0,20
2021-10-31,607150,4,7,3,0,1,0,0,0,3,13
2021-11-30,607150,3,0,0,0,1,1,4,3,0,18
2021-12-31,607150,8,0,0,0,0,2,7,9,4,1
1981-01-31,6155A,11,3,1,5,1,0,0,1,8,1
1981-02-28,6155A,10,0,1,3,0,2,0,1,5,6
1981-03-31,6155A,15,2,0,0,0,0,2,3,3,6
1981-04-30,6155A,3,3,0,0,1,0,1,0,4,18
1981-05-31,6155A,7,3,0,0,1,0,2,1,8,9
1981-06-30,6155A,4,5,4,0,0,0,0,0,4,13
1981-07-31,6155A,0,9,10,1,0,0,0,0,2,9
1981-08-31,6155A,3,1,3,0,0,0,0,0,4,20
1981-09-30,6155A,6,1,0,0,0,0,2,2,1,18
1981-10-31,6155A,10,2,3,2,0,2,1,2,1,8
1981-11-30,6155A,15,1,1,9,1,0,0,0,1,2
1981-12-31,6155A,6,0,1,0,0,2,8,12,0,2
1982-01-31,6155A,12,2,1,0,0,3,3,0,5,5
1982-02-28,6155A,7,0,0,4,2,2,0,3,5,5
1982-03-31,6155A,10,4,6,1,0,0,0,0,2,8
1982-04-30,6155A,3,2,3,0,0,2,0,1,0,19
1982-05-31,6155A,8,5,6,1,0,0,0,0,1,10
1982-06-30,6155A,2,4,1,0,0,0,0,1,6,16
1982-07-31,6155A,1,2,0,0,0,0,0,1,5,22
1982-08-31,6155A,1,9,4,1,0,0,0,0,0,16
1982-09-30,6155A,5,0,4,2,0,0,2,0,1,16
1982-10-31,6155A,11,4,2,1,0,0,1,2,7,3
1982-11-30,6155A,11,1,1,1,2,2,2,4,4,2
1982-12-31,6155A,17,0,0,0,0,0,2,6,6,0
1983-01-31,6155A,16,1,1,6,5,0,0,0,2,0
1983-02-28,6155A,10,1,0,3,2,1,0,1,3,7
1983-03-31,6155A,9,3,1,6,2,0,0,0,7,3
1983-04-30,6155A,7,1,1,2,2,1,4,3,3,6
1983-05-31,6155A,7,2,1,0,0,0,2,2,7,10
1983-06-30,6155A,3,4,2,1,0,0,0,0,1,19
1983-07-31,6155A,1,1,0,0,0,0,0,0,7,22
1983-08-31,6155A,1,10,5,0,0,0,0,0,4,11
1983-09-30,6155A,4,3,4,0,2,0,0,0,4,13
1983-10-31,6155A,17,1,1,5,3,0,0,0,0,4
1983-11-30,6155A,6,0,0,0,7,5,1,2,1,8
1983-12-31,6155A,11,0,0,4,2,2,5,2,3,2
1984-01-31,6155A,13,3,1,0,0,0,2,8,4,0
1984-02-29,6155A,12,1,3,0,0,0,0,1,6,6
1984-03-31,6155A,5,0,5,3,1,0,4,4,1,8
1984-04-30,6155A,1,2,1,7,0,0,0,2,3,14
1984-05-31,6155A,2,3,0,0,0,0,3,5,12,6
1984-06-30,6155A,4,4,1,1,0,0,3,1,3,13
1984-07-31,6155A,1,3,4,0,0,0,0,0,1,22
1984-08-31,6155A,2,5,8,0,0,0,0,1,1,14
1984-09-30,6155A,5,4,0,0,0,0,0,0,5,16
1984-10-31,6155A,11,2,3,6,1,0,3,1,1,3
1984-11-30,6155A,5,0,0,2,0,6,4,4,3,6
1984-12-31,6155A,8,5,2,4,6,1,1,1,2,1
1985-01-31,6155A,7,2,2,1,0,5,1,3,1,9
1985-02-28,6155A,7,0,2,3,0,7,5,2,0,2
1985-03-31,6155A,6,4,7,0,0,1,0,4,7,2
1985-04-30,6155A,5,4,1,1,0,0,5,1,1,12
1985-05-31,6155A,3,3,2,0,0,0,0,1,9,13
1985-06-30,6155A,1,5,1,0,0,0,0,0,6,17
1985-07-31,6155A,1,5,0,1,0,0,0,1,3,20
1985-08-31,6155A,1,7,4,1,0,0,0,0,3,15
1985-09-30,6155A,4,0,2,2,1,0,0,0,0,21
1985-10-31,6155A,11,2,0,3,0,0,1,0,0,14
1985-11-30,6155A,4,2,2,0,0,4,2,3,1,12
1985-12-31,6155A,10,0,1,1,4,2,6,2,2,3
1986-01-31,6155A,12,1,2,0,0,0,2,7,6,1
1986-02-28,6155A,4,0,0,1,0,0,7,10,1,5
1986-03-31,6155A,8,5,0,1,0,0,1,1,8,7
1986-04-30,6155A,3,3,0,0,0,0,3,2,11,8
1986-05-31,6155A,3,6,6,0,0,0,1,2,3,10
1986-06-30,6155A,2,7,3,1,0,0,0,0,2,15
1986-07-31,6155A,0,6,6,1,0,0,0,1,2,15
1986-08-31,6155A,2,4,2,0,0,0,0,1,3,19
1986-09-30,6155A,7,1,5,1,0,1,1,0,2,12
1986-10-31,6155A,9,1,3,0,0,0,0,0,2,16
1986-11-30,6155A,15,3,2,1,0,4,0,1,2,2
1986-12-31,6155A,12,2,0,2,4,1,2,3,5,0
1987-01-31,6155A,9,1,0,5,1,5,2,4,2,2
1987-02-28,6155A,6,1,0,0,0,3,2,5,6,5
1987-03-31,6155A,10,3,3,3,0,1,1,0,3,7
1987-04-30,6155A,6,1,2,1,1,2,2,1,4,10
1987-05-31,6155A,2,4,4,0,0,0,0,0,5,16
1987-06-30,6155A,1,6,5,0,0,0,0,0,8,10
1987-07-31,6155A,0,8,4,1,0,0,0,0,3,15
1987-08-31,6155A,0,1,1,1,0,0,0,0,3,25
1987-09-30,6155A,4,1,2,3,0,1,1,0,0,18
1987-10-31,6155A,7,0,0,1,1,4,2,2,0,14
1987-11-30,6155A,8,1,0,5,2,0,0,5,5,4
1987-12-31,6155A,12,0,1,2,3,6,3,2,0,2
1988-01-31,6155A,11,0,0,0,0,5,5,4,4,2
1988-02-29,6155A,12,2,3,3,2,0,0,1,1,5
1988-03-31,6155A,17,0,0,3,0,0,0,1,7,3
1988-04-30,6155A,6,1,1,0,0,0,0,2,11,9
1988-05-31,6155A,2,6,1,0,0,0,1,4,5,12
1988-06-30,6155A,0,4,2,0,0,0,0,0,2,22
1988-07-31,6155A,2,8,7,0,0,0,0,0,4,10
1988-08-31,6155A,0,8,1,1,0,0,0,0,2,19
1988-09-30,6155A,5,2,3,7,0,0,0,1,1,11
1988-10-31,6155A,5,0,1,3,5,1,1,2,1,12
1988-11-30,6155A,7,0,2,5,6,1,1,0,0,8
1988-12-31,6155A,13,2,5,6,0,1,0,2,1,1
1989-01-31,6155A,13,0,5,4,5,0,0,1,0,3
1989-02-28,6155A,10,0,2,6,1,1,1,5,1,1
1989-03-31,6155A,10,5,1,2,1,1,0,2,5,4
1989-04-30,6155A,3,2,0,0,0,1,1,7,6,10
1989-05-31,6155A,3,3,3,2,1,0,0,1,2,16
1989-06-30,6155A,1,5,2,1,0,0,0,0,4,17
1989-07-31,6155A,0,3,3,0,0,0,0,0,4,21
1989-08-31,6155A,0,4,0,0,0,0,0,0,1,26
1989-09-30,6155A,1,2,2,0,0,0,0,0,1,24
1989-10-31,6155A,11,0,2,7,3,1,0,0,1,6
1989-11-30,6155A,4,0,0,0,5,5,4,1,3,8
1989-12-31,6155A,3,0,0,3,5,9,4,1,0,6
1990-01-31,6155A,17,1,5,0,0,2,5,0,1,0
1990-02-28,6155A,19,0,0,5,2,1,0,1,0,0
1990-03-31,6155A,5,1,8,11,3,0,0,0,1,2
1990-04-30,6155A,0,8,2,1,0,1,1,1,8,8
1990-05-31,6155A,2,6,4,4,0,0,1,0,1,13
1990-06-30,6155A,0,4,1,1,0,0,0,0,8,16
1990-07-31,6155A,0,8,6,0,0,0,0,1,0,16
1990-08-31,6155A,4,4,3,1,0,0,0,0,0,19
1990-09-30,6155A,1,1,0,1,1,1,0,1,2,22
1990-10-31,6155A,5,2,1,0,0,4,3,5,2,9
1990-11-30,6155A,5,5,3,3,1,1,2,2,3,5
1990-12-31,6155A,6,0,4,4,2,0,1,3,5,6
1991-01-31,6155A,12,2,4,2,2,1,3,0,2,3
1991-02-28,6155A,10,2,1,0,1,0,3,4,1,6
1991-03-31,6155A,7,2,2,1,2,3,3,3,3,5
1991-04-30,6155A,7,1,4,1,0,0,0,2,4,11
1991-05-31,6155A,3,6,1,6,0,0,0,0,6,9
1991-06-30,6155A,2,9,7,1,0,0,0,3,2,6
1991-07-31,6155A,2,4,3,0,0,0,0,0,3,19
1991-08-31,6155A,1,2,3,0,0,0,0,0,0,25
1991-09-30,6155A,3,1,0,0,0,0,0,2,2,22
1991-10-31,6155A,6,4,5,1,0,2,2,1,3,7
1991-11-30,6155A,8,1,3,2,2,2,1,6,3,2
1991-12-31,6155A,12,1,0,12,3,0,1,0,0,2
1992-01-31,6155A,8,1,2,10,4,1,1,0,1,3
1992-02-29,6155A,14,0,1,8,2,0,1,0,0,3
1992-03-31,6155A,10,4,7,1,0,0,1,2,6,0
1992-04-30,6155A,2,7,3,0,0,1,1,3,4,9
1992-05-31,6155A,4,5,2,4,2,0,1,0,0,13
1992-06-30,6155A,1,1,1,0,0,0,0,2,12,13
1992-07-31,6155A,1,10,3,0,0,0,0,0,1,16
1992-08-31,6155A,2,3,2,0,0,0,0,1,6,17
1992-09-30,6155A,3,3,2,1,0,0,1,0,2,18
1992-10-31,6155A,4,0,0,0,0,1,2,5,7,12
1992-11-30,6155A,19,0,3,2,0,0,1,1,4,0
1992-12-31,6155A,7,0,4,3,3,2,1,4,2,5
1993-01-31,6155A,20,0,0,3,3,0,1,0,1,3
1993-02-28,6155A,8,0,7,5,1,1,0,0,3,3
1993-03-31,6155A,7,1,1,4,3,1,0,2,1,11
1993-04-30,6155A,6,3,1,0,0,1,1,4,6,8
1993-05-31,6155A,5,3,1,1,0,0,1,3,2,15
1993-06-30,6155A,2,6,3,0,0,0,0,0,6,13
1993-07-31,6155A,1,9,7,1,0,0,0,0,2,11
1993-08-31,6155A,0,5,1,2,0,0,0,0,3,20
1993-09-30,6155A,6,2,0,0,0,0,1,3,7,11
1993-10-31,6155A,3,3,5,1,2,5,5,2,0,5
1993-11-30,6155A,3,0,9,0,1,1,4,3,2,7
1993-12-31,6155A,20,0,1,1,0,0,0,2,6,1
1994-01-31,6155A,11,6,4,2,0,0,3,3,2,0
1994-02-28,6155A,9,0,0,0,0,4,5,5,3,2
1994-03-31,6155A,11,4,12,1,0,0,0,0,1,2
1994-04-30,6155A,5,6,0,4,0,1,2,0,8,4
1994-05-31,6155A,3,3,0,0,0,1,4,3,4,13
1994-06-30,6155A,2,8,5,1,0,0,0,0,3,11
1994-07-31,6155A,0,10,1,0,0,0,0,0,1,19
1994-08-31,6155A,1,5,0,0,0,0,0,2,2,21
1994-09-30,6155A,4,3,3,0,0,0,0,1,4,15
1994-10-31,6155A,9,0,1,4,1,0,1,2,0,13
1994-11-30,6155A,11,1,0,2,3,3,3,2,2,3
1994-12-31,6155A,18,1,0,2,2,0,4,0,4,0
1995-01-31,6155A,12,5,1,0,0,2,4,2,5,0
1995-02-28,6155A,13,4,0,2,0,0,4,3,2,0
1995-03-31,6155A,8,2,1,4,2,0,0,3,3,8
1995-04-30,6155A,6,0,2,2,1,1,0,1,5,12
1995-05-31,6155A,4,4,2,4,1,0,0,1,6,9
1995-06-30,6155A,0,3,4,0,0,0,0,0,4,19
1995-07-31,6155A,0,8,3,1,0,0,0,0,5,14
1995-08-31,6155A,0,7,1,0,0,0,0,0,2,21
1995-09-30,6155A,4,4,4,0,0,0,1,2,6,9
1995-10-31,6155A,8,0,0,8,3,2,1,0,0,9
1995-11-30,6155A,9,0,0,3,2,5,3,2,2,4
1995-12-31,6155A,3,0,0,0,2,7,9,0,3,7
1996-01-31,6155A,2,0,0,2,1,11,7,4,0,4
1996-02-29,6155A,6,1,2,1,0,0,2,5,7,5
1996-03-31,6155A,5,1,1,3,1,2,1,5,1,11
1996-04-30,6155A,2,5,3,0,0,0,0,2,2,16
1996-05-31,6155A,2,5,4,0,0,2,1,4,5,8
1996-06-30,6155A,2,4,5,4,0,0,0,0,3,12
1996-07-31,6155A,1,1,8,0,0,0,0,0,7,14
1996-08-31,6155A,1,12,2,0,0,0,0,0,3,13
1996-09-30,6155A,7,1,2,0,0,0,1,5,4,10
1996-10-31,6155A,12,5,5,0,1,1,0,3,1,3
1996-11-30,6155A,13,0,0,1,0,0,2,4,5,5
1996-12-31,6155A,2,1,0,0,1,10,6,3,1,7
1997-01-31,6155A,6,1,0,2,5,4,2,2,1,8
1997-02-28,6155A,20,0,1,6,0,0,0,0,1,0
1997-03-31,6155A,11,2,3,10,0,0,0,0,0,5
1997-04-30,6155A,4,1,3,2,0,1,0,2,2,15
1997-05-31,6155A,6,5,0,0,2,1,1,1,3,12
1997-06-30,6155A,3,6,0,0,0,1,1,2,10,7
1997-07-31,6155A,0,9,5,0,0,0,0,0,5,12
1997-08-31,6155A,3,1,1,0,0,0,0,1,4,21
1997-09-30,6155A,4,1,3,1,0,0,0,0,0,21
1997-10-31,6155A,3,2,2,1,2,3,1,0,2,15
1997-11-30,6155A,6,0,0,0,1,5,8,7,2,1
1997-12-31,6155A,12,1,0,0,1,5,5,3,0,4
1998-01-31,6155A,13,1,0,1,5,1,1,1,2,6
1998-02-28,6155A,6,1,2,9,4,2,0,0,0,4
1998-03-31,6155A,17,2,1,4,1,1,1,0,2,2
1998-04-30,6155A,9,1,1,0,0,0,1,7,8,3
1998-05-31,6155A,0,4,0,0,2,2,0,1,6,16
1998-06-30,6155A,3,5,4,1,1,0,0,0,8,8
1998-07-31,6155A,0,8,1,0,0,0,0,0,5,17
1998-08-31,6155A,0,2,3,2,0,0,0,0,0,24
1998-09-30,6155A,4,1,4,0,0,0,3,3,5,10
1998-10-31,6155A,15,3,1,0,0,0,0,3,5,4
1998-11-30,6155A,4,5,3,3,0,0,1,3,5,6
1998-12-31,6155A,16,1,3,1,1,2,2,1,1,3
1999-01-31,6155A,13,2,2,0,2,2,0,4,3,3
1999-02-28,6155A,5,5,5,0,0,0,0,2,9,2
1999-03-31,6155A,4,3,2,1,1,5,0,5,3,7
1999-04-30,6155A,13,4,2,0,0,0,1,3,3,4
1999-05-31,6155A,5,2,1,0,0,0,0,2,7,14
1999-06-30,6155A,1,12,2,0,0,0,0,0,5,10
1999-07-31,6155A,0,10,2,0,0,0,0,0,4,15
1999-08-31,6155A,1,6,0,0,0,0,1,0,5,18
1999-09-30,6155A,9,2,2,0,0,0,2,1,4,10
1999-10-31,6155A,8,0,5,2,0,0,6,1,0,9
1999-11-30,6155A,8,4,2,6,1,0,0,1,3,5
1999-12-31,6155A,11,3,1,5,0,0,1,6,3,1
2000-01-31,6155A,14,0,3,3,3,1,0,0,0,7
2000-02-29,6155A,18,2,1,2,2,1,0,0,3,0
2000-03-31,6155A,4,3,2,6,1,1,0,0,3,11
2000-04-30,6155A,6,0,0,1,1,2,4,6,4,6
2000-05-31,6155A,1,1,2,0,0,0,0,0,4,23
2000-06-30,6155A,1,5,3,3,1,0,0,0,3,14
2000-07-31,6155A,0,8,4,1,0,0,0,3,1,14
2000-08-31,6155A,2,4,3,1,0,0,0,0,3,18
2000-09-30,6155A,2,3,3,1,0,0,0,3,1,17
2000-10-31,6155A,7,1,3,0,0,1,0,6,5,8
2000-11-30,6155A,9,1,0,2,0,3,4,8,2,1
2000-12-31,6155A,10,0,0,0,0,11,5,4,0,1
2001-01-31,6155A,4,0,0,0,0,4,10,4,6,3
2001-02-28,6155A,9,1,3,3,0,2,2,3,2,3
2001-03-31,6155A,7,0,2,0,0,5,7,4,3,3
2001-04-30,6155A,5,9,5,0,0,0,0,2,6,3
2001-05-31,6155A,4,8,1,2,0,0,0,0,4,12
2001-06-30,6155A,2,7,3,1,0,0,0,0,5,12
2001-07-31,6155A,2,10,2,1,0,0,0,0,7,9
2001-08-31,6155A,1,5,2,0,0,0,0,0,6,17
2001-09-30,6155A,1,4,4,0,0,0,0,1,0,20
2001-10-31,6155A,10,0,2,3,4,4,3,0,0,5
2001-11-30,6155A,4,7,6,4,0,0,0,0,3,6
2001-12-31,6155A,9,0,0,10,5,1,0,0,1,5
2002-01-31,6155A,17,0,0,6,5,1,2,0,0,0
2002-02-28,6155A,14,1,5,0,0,2,0,1,3,2
2002-03-31,6155A,9,1,2,5,0,4,1,1,2,6
2002-04-30,6155A,3,1,3,2,0,0,2,3,3,13
2002-05-31,6155A,8,6,4,0,0,0,0,2,8,3
2002-06-30,6155A,1,4,0,0,0,0,0,1,6,18
2002-07-31,6155A,0,17,3,0,0,0,0,0,2,9
2002-08-31,6155A,0,10,0,0,0,0,0,0,2,19
2002-09-30,6155A,4,1,0,0,0,2,0,2,3,18
2002-10-31,6155A,11,0,0,1,2,2,4,3,2,6
2002-11-30,6155A,5,4,0,0,0,2,11,4,3,1
2002-12-31,6155A,6,2,0,0,4,6,4,2,3,4
2003-01-31,6155A,5,6,3,0,0,0,8,4,4,1
2003-02-28,6155A,7,4,0,0,4,3,2,2,2,4
2003-03-31,6155A,6,1,3,4,6,1,0,0,0,10
2003-04-30,6155A,5,1,2,1,0,3,2,3,1,12
2003-05-31,6155A,2,6,7,3,0,0,0,0,4,9
2003-06-30,6155A,3,3,1,3,0,0,1,1,4,14
2003-07-31,6155A,2,6,1,0,0,0,0,0,7,15
2003-08-31,6155A,1,0,0,0,0,0,1,2,1,26
2003-09-30,6155A,5,3,0,4,1,1,0,0,2,14
2003-10-31,6155A,3,2,2,0,0,4,4,2,1,13
2003-11-30,6155A,9,1,2,0,2,4,4,2,1,5
2003-12-31,6155A,10,2,2,0,3,2,3,3,4,2
2004-01-31,6155A,12,3,0,0,1,1,0,4,8,2
2004-02-29,6155A,13,0,0,5,1,1,1,3,1,4
2004-03-31,6155A,10,4,5,0,0,0,3,2,1,6
2004-04-30,6155A,4,3,2,1,0,0,1,5,2,12
2004-05-31,6155A,5,5,2,1,0,0,0,2,5,11
2004-06-30,6155A,3,2,5,0,0,0,0,1,3,16
2004-07-31,6155A,0,7,4,0,0,0,0,0,2,18
2004-08-31,6155A,1,3,1,0,0,0,1,3,4,18
2004-09-30,6155A,3,2,3,0,0,0,0,0,2,20
2004-10-31,6155A,9,1,0,0,0,6,5,1,3,6
2004-11-30,6155A,12,5,1,1,4,0,0,0,2,5
2004-12-31,6155A,1,2,7,4,1,0,1,1,9,5
2005-01-31,6155A,14,4,2,3,2,0,0,0,5,1
2005-02-28,6155A,7,4,4,0,0,0,0,1,3,9
2005-03-31,6155A,8,1,3,3,2,5,1,0,2,6
2005-04-30,6155A,2,5,2,1,2,0,0,1,8,9
2005-05-31,6155A,5,5,4,0,0,0,1,0,3,13
2005-06-30,6155A,1,3,2,3,0,0,0,0,4,17
2005-07-31,6155A,2,8,3,0,0,0,0,1,7,10
2005-08-31,6155A,1,9,1,1,0,0,0,0,0,19
2005-09-30,6155A,8,2,3,0,0,0,0,1,6,10
2005-10-31,6155A,5,0,1,0,2,5,1,0,2,15
2005-11-30,6155A,5,4,2,1,3,0,0,4,2,9
2005-12-31,6155A,4,1,6,5,2,1,4,3,2,3
2006-01-31,6155A,10,3,1,2,2,1,0,0,2,10
2006-02-28,6155A,4,0,2,1,0,0,2,5,3,11
2006-03-31,6155A,11,0,0,0,1,3,3,3,4,6
2006-04-30,6155A,3,7,0,1,0,1,1,0,1,16
2006-05-31,6155A,2,7,2,1,0,0,0,0,4,15
2006-06-30,6155A,3,3,0,1,1,0,0,0,6,16
2006-07-31,6155A,1,3,1,0,0,0,0,0,3,23
2006-08-31,6155A,0,6,3,0,0,0,0,2,4,16
2006-09-30,6155A,3,0,1,1,0,1,0,2,4,18
2006-10-31,6155A,5,0,0,2,1,7,4,1,1,10
2006-11-30,6155A,8,0,1,4,5,4,3,2,0,3
2006-12-31,6155A,14,4,6,0,3,0,1,2,1,0
2007-01-31,6155A,19,1,2,2,0,0,0,3,2,2
2007-02-28,6155A,12,0,1,1,0,1,4,5,2,2
2007-03-31,6155A,9,3,4,2,0,0,0,3,6,4
2007-04-30,6155A,0,1,10,0,0,0,0,1,5,13
2007-05-31,6155A,7,4,2,0,0,0,0,3,7,8
2007-06-30,6155A,3,8,5,0,0,0,0,3,3,8
2007-07-31,6155A,1,9,3,0,0,0,0,1,3,14
2007-08-31,6155A,1,9,5,1,0,0,0,1,3,11
2007-09-30,6155A,1,2,3,2,0,1,0,0,0,21
2007-10-31,6155A,4,3,8,1,0,0,0,0,0,15
2007-11-30,6155A,9,2,3,3,0,2,1,1,1,8
2007-12-31,6155A,16,0,4,2,3,0,0,1,2,3
2008-01-31,6155A,18,1,0,4,0,2,4,2,0,0
2008-02-29,6155A,8,1,0,12,4,2,0,1,0,1
2008-03-31,6155A,8,4,1,0,0,0,0,4,9,5
2008-04-30,6155A,9,0,2,3,0,3,5,2,3,3
2008-05-31,6155A,1,1,1,0,0,0,0,4,7,17
2008-06-30,6155A,0,6,5,0,0,0,0,0,4,15
2008-07-31,6155A,1,6,4,0,0,0,0,0,7,13
2008-08-31,6155A,1,10,1,0,0,0,0,0,2,17
2008-09-30,6155A,0,1,2,2,0,0,1,1,1,22
2008-10-31,6155A,6,1,6,2,0,0,2,1,3,10
2008-11-30,6155A,8,3,6,0,0,0,2,4,4,3
2008-12-31,6155A,6,0,0,1,3,2,2,7,6,4
2009-01-31,6155A,7,1,1,0,0,2,4,8,2,6
2009-02-28,6155A,5,1,1,5,0,1,4,3,1,7
2009-03-31,6155A,2,1,0,8,1,0,0,2,4,13
2009-04-30,6155A,8,1,0,0,0,0,2,3,9,7
2009-05-31,6155A,3,3,2,4,1,0,1,0,3,14
2009-06-30,6155A,4,1,2,0,0,0,0,4,3,16
2009-07-31,6155A,1,10,3,1,0,0,1,0,4,11
2009-08-31,6155A,0,7,3,0,0,0,0,0,1,20
2009-09-30,6155A,5,1,3,2,0,0,0,0,3,16
2009-10-31,6155A,6,0,1,3,0,3,2,1,0,15
2009-11-30,6155A,11,0,0,0,0,6,2,2,8,1
2009-12-31,6155A,7,0,0,1,1,6,7,2,2,5
2010-01-31,6155A,7,3,2,0,0,4,4,5,2,4
2010-02-28,6155A,3,0,1,2,1,2,8,3,2,6
2010-03-31,6155A,8,2,0,1,4,3,2,1,1,9
2010-04-30,6155A,3,3,3,6,2,0,0,0,1,12
2010-05-31,6155A,4,2,3,2,0,0,0,0,9,11
2010-06-30,6155A,0,9,0,0,0,0,0,3,4,14
2010-07-31,6155A,0,5,3,2,0,0,0,0,3,18
2010-08-31,6155A,3,3,2,3,0,0,0,0,1,19
2010-09-30,6155A,4,1,1,0,0,0,0,1,3,20
2010-10-31,6155A,6,0,0,0,0,3,3,4,2,13
2010-11-30,6155A,6,1,0,3,0,1,4,6,3,6
2010-12-31,6155A,2,0,1,2,5,8,1,4,0,8
2011-01-31,6155A,13,1,0,7,0,4,0,1,1,4
2011-02-28,6155A,10,6,0,0,1,1,3,3,3,1
2011-03-31,6155A,6,3,1,11,1,0,1,3,2,3
2011-04-30,6155A,1,4,3,6,3,0,1,0,2,10
2011-05-31,6155A,2,3,4,8,0,0,0,1,0,13
2011-06-30,6155A,1,7,7,1,0,0,0,0,3,11
2011-07-31,6155A,0,10,2,0,0,0,0,0,8,11
2011-08-31,6155A,0,2,1,2,1,0,0,0,2,23
2011-09-30,6155A,5,2,3,0,0,0,1,0,5,14
2011-10-31,6155A,14,3,2,2,0,2,2,1,0,5
2011-11-30,6155A,7,0,4,0,2,5,2,1,3,6
2011-12-31,6155A,18,3,2,2,0,0,0,2,4,0
2012-01-31,6155A,18,6,1,2,0,0,0,1,1,2
2012-02-29,6155A,12,7,1,2,0,0,0,1,6,0
2012-03-31,6155A,10,4,4,8,0,0,0,0,1,4
2012-04-30,6155A,1,0,0,0,0,0,1,10,8,10
2012-05-31,6155A,7,1,2,2,0,0,2,0,4,13
2012-06-30,6155A,2,7,3,0,0,0,0,1,8,9
2012-07-31,6155A,0,6,5,0,0,0,0,0,6,14
2012-08-31,6155A,3,2,1,0,0,0,1,0,5,19
2012-09-30,6155A,1,2,4,0,0,0,1,1,0,21
2012-10-31,6155A,6,0,0,0,1,3,1,3,5,12
2012-11-30,6155A,3,2,1,1,4,4,1,3,5,6
2012-12-31,6155A,16,1,0,0,0,3,5,3,1,2
2013-01-31,6155A,11,1,1,1,0,0,3,12,2,0
2013-02-28,6155A,3,3,1,0,0,0,2,3,9,7
2013-03-31,6155A,1,0,0,1,2,2,12,6,4,3
2013-04-30,6155A,5,6,9,0,0,1,2,2,3,2
2013-05-31,6155A,3,10,3,0,0,0,0,3,7,5
2013-06-30,6155A,2,7,7,1,0,0,0,0,4,9
2013-07-31,6155A,2,3,2,2,0,0,0,0,0,22
2013-08-31,6155A,1,6,8,0,0,0,0,0,1,15
2013-09-30,6155A,6,2,1,0,0,1,3,0,1,16
2013-10-31,6155A,7,3,2,0,0,3,3,0,1,12
2013-11-30,6155A,4,6,6,2,0,0,0,5,6,1
2013-12-31,6155A,11,1,2,5,4,0,4,3,1,0
2014-01-31,6155A,4,1,0,0,3,2,7,7,6,1
2014-02-28,6155A,8,0,0,0,0,1,11,3,3,2
2014-03-31,6155A,7,3,3,3,1,1,0,3,5,5
2014-04-30,6155A,6,3,0,2,1,1,1,5,1,10
2014-05-31,6155A,1,9,5,2,0,0,1,0,4,9
2014-06-30,6155A,1,4,1,0,0,0,0,1,7,16
2014-07-31,6155A,0,7,0,0,0,0,0,1,9,14
2014-08-31,6155A,1,7,2,0,0,0,0,0,6,15
2014-09-30,6155A,2,0,1,0,0,1,2,0,0,24
2014-10-31,6155A,4,0,0,6,2,3,5,2,0,9
2014-11-30,6155A,5,0,0,0,4,5,5,4,1,6
2014-12-31,6155A,10,6,0,2,0,2,0,2,7,2
2015-01-31,6155A,13,1,2,2,0,1,1,6,5,0
2015-02-28,6155A,2,2,4,2,0,0,0,5,11,2
2015-03-31,6155A,8,5,1,2,0,0,0,0,6,9
2015-04-30,6155A,8,1,4,4,1,0,0,2,1,9
2015-05-31,6155A,7,7,6,0,0,0,1,0,2,8
2015-06-30,6155A,1,4,3,1,0,0,0,0,4,17
2015-07-31,6155A,0,5,0,0,0,0,0,0,5,21
2015-08-31,6155A,3,2,1,0,0,0,0,1,4,20
2015-09-30,6155A,2,2,3,1,0,0,2,1,4,15
2015-10-31,6155A,3,1,0,1,3,4,2,1,0,16
2015-11-30,6155A,15,2,0,4,1,0,0,0,4,4
2015-12-31,6155A,17,0,0,3,5,6,0,0,0,0
2016-01-31,6155A,17,1,0,0,1,1,8,1,0,2
2016-02-29,6155A,6,2,2,2,0,0,2,11,3,1
2016-03-31,6155A,5,2,0,0,0,0,0,2,13,9
2016-04-30,6155A,5,6,1,1,0,0,4,1,2,10
2016-05-31,6155A,0,4,3,1,1,4,0,2,3,13
2016-06-30,6155A,3,12,0,0,0,0,0,0,7,8
2016-07-31,6155A,0,8,3,2,0,0,0,0,1,17
2016-08-31,6155A,3,3,8,1,0,0,0,0,0,16
2016-09-30,6155A,1,2,2,2,0,0,0,0,2,21
2016-10-31,6155A,6,1,2,3,2,2,0,2,1,12
2016-11-30,6155A,8,0,3,1,1,2,4,1,4,6
2016-12-31,6155A,10,0,4,8,5,0,0,0,1,3
2017-01-31,6155A,10,4,1,1,0,4,1,1,8,1
2017-02-28,6155A,6,1,3,3,1,3,4,2,2,3
2017-03-31,6155A,11,1,2,3,1,1,1,2,4,5
2017-04-30,6155A,4,0,6,7,0,0,0,0,2,11
2017-05-31,6155A,4,2,5,2,1,1,3,1,0,12
2017-06-30,6155A,0,5,3,0,0,0,0,1,3,18
2017-07-31,6155A,0,5,1,0,0,0,0,0,5,20
2017-08-31,6155A,0,7,4,0,0,0,0,0,1,19
2017-09-30,6155A,6,6,3,0,0,0,0,0,3,12
2017-10-31,6155A,14,2,4,1,1,0,1,1,0,7
2017-11-30,6155A,8,7,0,0,1,3,0,0,2,9
2017-12-31,6155A,11,4,4,2,0,1,3,4,2,0
2018-01-31,6155A,15,3,2,2,0,0,2,2,2,3
2018-02-28,6155A,6,5,0,0,0,1,0,0,8,8
2018-03-31,6155A,3,1,0,0,0,1,13,9,4,0
2018-04-30,6155A,5,3,1,3,1,0,3,7,3,4
2018-05-31,6155A,1,5,3,0,0,0,0,0,8,14
2018-06-30,6155A,1,6,1,0,0,0,0,0,10,12
2018-07-31,6155A,0,4,0,0,0,0,0,0,11,16
2018-08-31,6155A,0,2,3,2,0,0,0,0,0,24
2018-09-30,6155A,3,1,4,2,0,0,0,0,0,20
2018-10-31,6155A,5,2,1,0,0,1,3,2,2,15
2018-11-30,6155A,7,1,1,1,1,2,5,2,2,8
2018-12-31,6155A,24,0,1,1,0,1,0,3,1,0
2019-01-31,6155A,11,1,2,0,0,0,2,3,6,6
2019-02-28,6155A,12,1,0,6,3,0,0,1,3,2
2019-03-31,6155A,5,5,7,7,0,1,1,2,2,1
2019-04-30,6155A,4,1,4,0,0,0,3,6,3,9
2019-05-31,6155A,2,4,5,4,0,0,0,1,5,10
2019-06-30,6155A,2,9,0,0,0,0,0,1,7,11
2019-07-31,6155A,0,7,0,0,0,0,0,0,10,14
2019-08-31,6155A,1,8,2,0,0,0,0,0,2,18
2019-09-30,6155A,5,4,5,0,0,0,0,0,2,14
2019-10-31,6155A,13,1,0,0,0,0,1,3,2,11
2019-11-30,6155A,5,0,0,0,0,1,4,11,8,1
2019-12-31,6155A,9,1,3,5,0,4,2,2,2,3
2020-01-31,6155A,17,1,4,0,1,3,0,0,0,5
2020-02-29,6155A,18,2,1,4,1,0,1,0,2,0
2020-03-31,6155A,5,4,5,1,0,0,1,3,1,11
2020-04-30,6155A,7,0,0,1,3,2,0,2,4,11
2020-05-31,6155A,5,1,4,3,0,0,1,2,0,15
2020-06-30,6155A,1,6,0,0,0,0,0,1,9,13
2020-07-31,6155A,0,5,6,0,0,0,0,0,1,19
2020-08-31,6155A,4,7,2,0,0,0,0,0,4,14
2020-09-30,6155A,9,0,3,2,0,1,0,0,3,12
2020-10-31,6155A,13,0,3,1,0,3,1,1,4,5
2020-11-30,6155A,10,1,3,6,1,4,1,0,0,4
2020-12-31,6155A,13,0,2,0,0,0,2,12,0,2
2021-01-31,6155A,8,2,0,1,0,1,3,6,4,6
2021-02-28,6155A,5,0,1,4,1,4,4,4,1,4
2021-03-31,6155A,8,6,7,4,1,0,0,0,1,4
2021-04-30,6155A,2,1,2,3,1,1,0,1,1,18
2021-05-31,6155A,7,7,3,0,0,0,1,1,3,9
2021-06-30,6155A,0,8,2,0,0,0,0,1,4,15
2021-07-31,6155A,0,5,3,0,0,0,0,0,11,12
2021-08-31,6155A,0,8,0,0,0,0,0,0,5,18
2021-09-30,6155A,1,5,4,0,0,0,0,0,2,18
2021-10-31,6155A,13,2,1,2,1,0,3,0,1,8
2021-11-30,6155A,1,5,1,2,1,0,0,4,5,11
2021-12-31,6155A,8,0,0,5,3,4,4,4,3,0
1981-01-31,6325O,10,5,1,5,0,0,0,2,7,1
1981-02-28,6325O,6,1,0,3,1,1,0,4,3,9
1981-03-31,6325O,15,1,0,0,0,0,1,3,3,8
1981-04-30,6325O,3,2,2,0,1,0,0,1,3,18
1981-05-31,6325O,6,2,3,0,0,0,1,2,5,12
1981-06-30,6325O,2,1,9,0,0,0,0,0,2,16
1981-07-31,6325O,0,6,11,3,1,0,0,0,0,10
1981-08-31,6325O,1,1,2,2,0,0,0,0,0,25
1981-09-30,6325O,9,0,1,0,0,0,2,1,0,17
1981-10-31,6325O,8,3,3,0,0,1,2,2,2,10
1981-11-30,6325O,17,2,0,9,0,0,0,0,1,1
1981-12-31,6325O,2,2,0,0,0,2,9,13,1,2
1982-01-31,6325O,13,1,1,0,0,2,3,0,6,5
1982-02-28,6325O,9,0,0,3,1,0,0,2,6,7
1982-03-31,6325O,9,3,6,1,0,0,0,0,3,9
1982-04-30,6325O,2,2,5,0,1,0,0,1,0,19
1982-05-31,6325O,8,1,9,2,1,0,0,0,0,10
1982-06-30,6325O,2,1,5,0,0,0,0,1,4,17
1982-07-31,6325O,1,1,1,0,0,0,0,0,1,27
1982-08-31,6325O,2,1,10,1,0,0,0,0,0,17
1982-09-30,6325O,5,1,5,3,0,0,1,0,0,15
1982-10-31,6325O,9,2,3,1,0,0,1,4,6,5
1982-11-30,6325O,9,1,2,1,1,3,2,3,8,0
1982-12-31,6325O,16,0,0,0,0,0,2,7,6,0
1983-01-31,6325O,19,0,2,5,3,0,0,0,2,0
1983-02-28,6325O,7,2,0,4,2,0,2,4,2,5
1983-03-31,6325O,11,3,0,6,1,0,0,2,4,4
1983-04-30,6325O,9,1,1,3,1,0,4,3,2,6
1983-05-31,6325O,9,0,2,0,0,0,1,2,6,11
1983-06-30,6325O,2,4,6,2,0,0,0,0,0,16
1983-07-31,6325O,1,3,0,0,0,0,0,0,1,26
1983-08-31,6325O,0,5,7,0,0,0,0,0,1,18
1983-09-30,6325O,5,1,5,1,1,0,0,0,1,16
1983-10-31,6325O,18,1,1,5,0,0,0,1,1,4
1983-11-30,6325O,8,0,0,0,6,2,1,2,1,10
1983-12-31,6325O,14,0,1,3,0,2,5,3,2,1
1984-01-31,6325O,11,3,1,0,0,0,2,9,5,0
1984-02-29,6325O,8,2,2,0,0,0,0,2,8,7
1984-03-31,6325O,6,1,6,2,0,0,5,0,2,9
1984-04-30,6325O,2,1,0,7,0,0,0,3,3,14
1984-05-31,6325O,2,3,0,0,0,0,3,8,4,11
1984-06-30,6325O,3,0,6,2,0,0,1,2,2,14
1984-07-31,6325O,0,1,8,3,0,1,0,0,0,18
1984-08-31,6325O,1,3,9,1,0,0,0,0,0,17
1984-09-30,6325O,2,2,1,1,0,0,0,1,5,18
1984-10-31,6325O,8,2,5,4,0,0,2,3,2,5
1984-11-30,6325O,7,0,1,1,1,5,4,3,0,8
1984-12-31,6325O,9,5,0,5,3,1,1,1,3,3
1985-01-31,6325O,7,2,2,1,0,3,4,2,2,8
1985-02-28,6325O,7,0,2,3,1,5,5,2,0,3
1985-03-31,6325O,9,4,7,0,0,0,0,4,3,4
1985-04-30,6325O,7,2,3,2,0,1,3,1,0,11
1985-05-31,6325O,8,2,5,0,0,0,0,1,3,12
1985-06-30,6325O,4,2,6,0,0,0,0,0,2,16
1985-07-31,6325O,1,1,2,3,0,0,0,1,0,23
1985-08-31,6325O,2,2,5,1,0,0,0,0,1,20
1985-09-30,6325O,8,0,2,4,0,0,0,0,0,16
1985-10-31,6325O,9,2,1,6,0,0,0,0,0,13
1985-11-30,6325O,5,1,2,0,0,1,3,2,0,16
1985-12-31,6325O,9,1,2,0,4,2,5,2,2,4
1986-01-31,6325O,8,1,2,0,0,0,3,9,7,1
1986-02-28,6325O,2,0,0,1,0,0,7,11,1,6
1986-03-31,6325O,11,2,1,0,0,0,1,2,5,9
1986-04-30,6325O,3,0,0,0,0,0,2,2,11,12
1986-05-31,6325O,4,0,10,2,0,0,1,1,1,12
1986-06-30,6325O,2,2,4,1,0,0,0,0,2,19
1986-07-31,6325O,0,3,9,2,0,0,0,0,0,17
1986-08-31,6325O,1,2,2,0,0,0,0,0,0,26
1986-09-30,6325O,8,1,7,0,0,0,0,0,2,12
1986-10-31,6325O,10,1,4,1,0,0,0,1,0,14
1986-11-30,6325O,16,4,3,0,1,2,0,1,1,2
1986-12-31,6325O,11,4,0,2,1,1,2,4,6,0
1987-01-31,6325O,7,1,0,5,1,6,1,6,3,1
1987-02-28,6325O,8,2,0,0,0,2,3,4,4,5
1987-03-31,6325O,8,1,5,2,0,0,2,0,4,9
1987-04-30,6325O,7,0,1,6,1,1,3,0,4,7
1987-05-31,6325O,3,4,4,0,0,0,0,0,2,18
1987-06-30,6325O,2,2,10,0,0,0,0,0,3,13
1987-07-31,6325O,1,6,9,1,0,0,0,0,1,13
1987-08-31,6325O,0,1,2,3,0,0,0,0,2,23
1987-09-30,6325O,9,0,3,1,0,1,1,0,0,15
1987-10-31,6325O,7,0,0,0,1,1,3,4,0,15
1987-11-30,6325O,11,1,1,3,1,0,0,6,3,4
1987-12-31,6325O,14,0,0,1,2,4,4,2,0,4
1988-01-31,6325O,8,0,0,0,0,4,6,4,5,4
1988-02-29,6325O,10,3,2,3,2,0,3,0,2,4
1988-03-31,6325O,15,0,1,1,0,0,0,2,7,5
1988-04-30,6325O,6,1,1,0,0,0,0,3,5,14
1988-05-31,6325O,6,6,1,1,0,0,1,1,2,13
1988-06-30,6325O,1,4,3,1,0,1,0,0,1,19
1988-07-31,6325O,3,2,12,1,0,0,0,0,2,11
1988-08-31,6325O,0,4,3,1,0,0,0,0,0,23
1988-09-30,6325O,5,2,6,5,0,0,0,0,1,11
1988-10-31,6325O,5,0,1,3,5,1,0,2,1,13
1988-11-30,6325O,6,0,3,8,3,1,1,0,0,8
1988-12-31,6325O,12,5,3,5,0,0,0,3,2,1
1989-01-31,6325O,14,1,6,3,3,0,0,1,0,3
1989-02-28,6325O,10,0,3,7,1,0,1,5,1,0
1989-03-31,6325O,11,5,2,1,0,1,0,2,3,6
1989-04-30,6325O,1,3,0,0,0,1,2,5,7,11
1989-05-31,6325O,2,4,5,2,0,0,0,0,1,17
1989-06-30,6325O,1,2,2,2,0,0,0,0,0,23
1989-07-31,6325O,0,2,7,1,0,0,0,0,0,21
1989-08-31,6325O,0,1,3,1,0,0,0,0,0,26
1989-09-30,6325O,1,0,4,2,0,0,0,0,0,23
1989-10-31,6325O,10,0,2,9,2,1,0,1,1,5
1989-11-30,6325O,4,0,0,1,5,4,4,3,0,9
1989-12-31,6325O,4,0,0,5,4,4,8,1,0,5
1990-01-31,6325O,14,4,6,0,0,1,5,0,1,0
1990-02-28,6325O,17,0,0,3,1,1,0,2,3,1
1990-03-31,6325O,7,0,6,11,1,0,0,0,1,5
1990-04-30,6325O,0,5,3,3,0,0,1,1,6,11
1990-05-31,6325O,1,6,4,6,0,0,0,0,0,14
1990-06-30,6325O,1,2,2,1,0,0,0,0,2,22
1990-07-31,6325O,1,2,8,2,0,0,0,0,0,18
1990-08-31,6325O,3,1,5,1,0,0,0,0,0,21
1990-09-30,6325O,2,0,1,2,0,0,0,0,0,25
1990-10-31,6325O,4,3,2,0,0,3,3,7,1,8
1990-11-30,6325O,6,3,3,2,1,0,2,4,1,8
1990-12-31,6325O,6,0,4,7,0,0,1,4,4,5
1991-01-31,6325O,13,1,4,3,0,0,4,0,3,3
1991-02-28,6325O,10,2,1,1,0,0,4,3,1,6
1991-03-31,6325O,6,2,3,1,2,3,4,4,3,3
1991-04-30,6325O,7,0,3,3,0,0,0,3,3,11
1991-05-31,6325O,2,5,2,6,0,0,0,0,4,12
1991-06-30,6325O,2,4,9,1,0,0,0,2,1,11
1991-07-31,6325O,2,2,6,0,0,0,0,0,3,18
1991-08-31,6325O,0,1,5,1,0,0,0,0,0,24
1991-09-30,6325O,6,1,0,1,0,0,0,2,2,18
1991-10-31,6325O,5,4,6,1,0,1,2,1,1,10
1991-11-30,6325O,8,1,3,2,1,2,1,7,3,2
1991-12-31,6325O,13,1,1,11,1,0,0,0,1,3
1992-01-31,6325O,8,3,4,8,1,1,1,0,1,4
1992-02-29,6325O,15,0,2,6,2,0,1,1,0,2
1992-03-31,6325O,11,3,8,1,0,0,1,4,3,0
1992-04-30,6325O,5,3,2,1,0,0,2,3,3,11
1992-05-31,6325O,9,3,2,5,1,0,0,0,0,11
1992-06-30,6325O,3,1,1,0,0,0,0,0,6,19
1992-07-31,6325O,1,5,6,3,0,0,0,0,0,16
1992-08-31,6325O,6,0,2,0,0,0,0,0,3,20
1992-09-30,6325O,4,0,6,1,0,0,1,1,0,17
1992-10-31,6325O,2,0,1,0,0,1,2,4,8,13
1992-11-30,6325O,18,0,4,0,0,0,1,1,6,0
1992-12-31,6325O,7,0,5,2,2,1,2,4,2,6
1993-01-31,6325O,25,0,0,1,1,0,1,0,1,2
1993-02-28,6325O,10,0,9,4,0,0,0,0,3,2
1993-03-31,6325O,6,2,0,5,1,1,0,2,0,14
1993-04-30,6325O,5,1,1,1,0,1,1,4,3,13
1993-05-31,6325O,7,3,2,2,0,0,0,2,0,15
1993-06-30,6325O,2,7,6,0,0,0,0,0,4,11
1993-07-31,6325O,1,5,12,1,0,0,0,0,1,11
1993-08-31,6325O,1,2,1,2,0,0,0,0,1,24
1993-09-30,6325O,5,2,0,0,0,0,1,2,3,17
1993-10-31,6325O,3,3,6,2,0,2,7,3,0,5
1993-11-30,6325O,4,1,9,1,1,1,2,4,0,7
1993-12-31,6325O,19,2,0,0,0,0,1,5,3,1
1994-01-31,6325O,8,7,3,1,0,0,3,8,1,0
1994-02-28,6325O,10,0,0,0,1,3,4,3,3,4
1994-03-31,6325O,9,3,9,2,0,0,0,0,2,6
1994-04-30,6325O,5,4,1,3,0,1,1,1,8,6
1994-05-31,6325O,5,2,1,0,0,0,3,3,2,15
1994-06-30,6325O,2,2,12,2,0,0,0,0,2,10
1994-07-31,6325O,0,3,5,1,0,0,0,0,0,22
1994-08-31,6325O,0,2,2,0,0,0,0,1,1,25
1994-09-30,6325O,3,3,6,0,0,0,0,0,2,16
1994-10-31,6325O,8,0,0,4,0,0,1,2,0,16
1994-11-30,6325O,11,1,0,2,2,1,6,2,2,3
1994-12-31,6325O,17,2,1,0,2,0,5,0,4,0
1995-01-31,6325O,12,4,1,0,0,1,3,3,7,0
1995-02-28,6325O,11,4,1,1,0,0,2,6,1,2
1995-03-31,6325O,8,2,1,4,2,0,0,3,3,8
1995-04-30,6325O,5,1,3,5,1,0,0,1,4,10
1995-05-31,6325O,3,3,4,6,0,0,0,2,3,10
1995-06-30,6325O,2,2,4,3,0,0,0,0,0,19
1995-07-31,6325O,0,5,8,2,0,0,0,0,3,13
1995-08-31,6325O,0,3,7,0,0,0,0,0,0,21
1995-09-30,6325O,5,2,5,1,0,0,0,2,3,12
1995-10-31,6325O,6,0,4,5,2,2,0,0,0,12
1995-11-30,6325O,8,1,0,2,3,4,4,1,3,4
1995-12-31,6325O,3,2,0,3,0,3,9,1,3,7
1996-01-31,6325O,2,0,1,2,4,8,8,3,1,2
1996-02-29,6325O,4,0,3,0,0,0,1,5,9,7
1996-03-31,6325O,4,0,2,2,3,2,2,3,4,9
1996-04-30,6325O,4,3,1,1,1,0,0,2,3,15
1996-05-31,6325O,3,0,5,2,0,0,1,5,1,14
1996-06-30,6325O,3,3,9,3,0,0,0,0,1,11
1996-07-31,6325O,1,3,9,1,0,0,0,0,1,16
1996-08-31,6325O,1,7,3,0,0,0,0,0,1,19
1996-09-30,6325O,4,0,4,0,0,0,1,5,4,12
1996-10-31,6325O,12,4,2,1,0,1,0,4,0,7
1996-11-30,6325O,11,0,0,0,0,0,3,7,3,6
1996-12-31,6325O,2,1,0,1,0,9,7,3,0,8
1997-01-31,6325O,4,2,0,6,3,3,1,4,1,7
1997-02-28,6325O,20,0,0,5,0,0,0,2,1,0
1997-03-31,6325O,10,1,6,9,0,0,0,0,0,5
1997-04-30,6325O,5,1,3,4,0,1,0,1,1,14
1997-05-31,6325O,8,3,2,1,1,0,0,1,2,13
1997-06-30,6325O,4,4,1,0,0,0,1,2,5,13
1997-07-31,6325O,0,5,8,0,0,0,0,0,0,18
1997-08-31,6325O,2,0,4,0,0,0,0,1,1,23
1997-09-30,6325O,4,1,3,4,0,0,0,0,0,18
1997-10-31,6325O,3,1,3,1,2,2,0,0,3,16
1997-11-30,6325O,5,0,0,0,1,4,10,6,2,2
1997-12-31,6325O,8,2,0,0,0,4,4,5,3,5
1998-01-31,6325O,11,1,0,1,7,1,2,2,2,4
1998-02-28,6325O,6,1,2,10,1,2,0,0,1,5
1998-03-31,6325O,15,3,1,4,1,2,0,0,3,2
1998-04-30,6325O,8,0,1,0,0,0,1,10,7,3
1998-05-31,6325O,2,3,0,0,2,0,0,1,4,19
1998-06-30,6325O,2,3,5,2,0,0,0,0,2,16
1998-07-31,6325O,0,2,6,1,0,0,0,0,1,21
1998-08-31,6325O,0,1,7,3,0,0,0,0,0,20
1998-09-30,6325O,2,1,4,0,0,1,1,4,4,13
1998-10-31,6325O,16,3,0,1,0,0,0,3,5,3
1998-11-30,6325O,7,6,4,1,0,0,1,3,2,6
1998-12-31,6325O,13,0,3,2,0,3,2,3,1,4
1999-01-31,6325O,10,2,2,0,2,1,0,5,4,5
1999-02-28,6325O,6,2,6,1,0,0,0,2,7,4
1999-03-31,6325O,4,3,2,2,1,4,0,5,3,7
1999-04-30,6325O,13,2,3,1,0,0,0,3,1,7
1999-05-31,6325O,4,4,1,4,0,0,0,1,4,13
1999-06-30,6325O,2,7,8,0,0,0,0,0,0,13
1999-07-31,6325O,0,2,6,0,0,0,0,0,0,23
1999-08-31,6325O,1,3,3,0,0,0,1,0,1,22
1999-09-30,6325O,10,0,2,1,0,0,1,0,3,13
1999-10-31,6325O,6,2,6,1,0,0,6,2,0,8
1999-11-30,6325O,8,4,5,3,0,0,0,2,4,4
1999-12-31,6325O,11,3,2,3,0,0,2,7,2,1
2000-01-31,6325O,17,2,3,3,0,0,0,0,0,6
2000-02-29,6325O,19,1,1,2,2,0,1,0,3,0
2000-03-31,6325O,6,5,2,4,1,0,0,1,2,10
2000-04-30,6325O,7,0,0,1,1,2,4,8,1,6
2000-05-31,6325O,3,2,2,2,0,0,0,0,1,21
2000-06-30,6325O,1,1,4,5,0,0,0,0,3,16
2000-07-31,6325O,0,5,3,3,0,0,0,1,1,18
2000-08-31,6325O,2,2,5,2,0,0,0,0,0,20
2000-09-30,6325O,1,0,3,2,0,0,0,2,2,20
2000-10-31,6325O,8,0,4,0,0,1,2,5,3,8
2000-11-30,6325O,6,1,1,1,0,3,6,8,3,1
2000-12-31,6325O,11,0,0,0,1,9,4,5,0,1
2001-01-31,6325O,4,0,0,0,0,3,10,4,6,4
2001-02-28,6325O,11,1,4,2,0,2,1,3,2,2
2001-03-31,6325O,10,0,2,0,0,3,7,3,2,4
2001-04-30,6325O,4,5,6,0,1,0,1,2,5,6
2001-05-31,6325O,6,3,1,4,0,0,1,0,3,13
2001-06-30,6325O,1,2,7,1,0,0,0,1,2,16
2001-07-31,6325O,3,3,4,4,0,0,0,0,3,14
2001-08-31,6325O,1,1,5,0,0,0,0,0,0,24
2001-09-30,6325O,1,2,3,0,0,0,0,1,0,23
2001-10-31,6325O,13,0,2,4,1,3,1,0,0,7
2001-11-30,6325O,7,2,4,3,0,0,0,0,5,9
2001-12-31,6325O,10,0,3,9,0,0,1,0,1,7
2002-01-31,6325O,17,0,1,7,2,0,3,1,0,0
2002-02-28,6325O,13,1,5,0,0,2,0,3,2,2
2002-03-31,6325O,6,2,2,6,0,4,1,0,2,8
2002-04-30,6325O,4,0,2,3,0,0,2,4,0,15
2002-05-31,6325O,5,5,5,3,0,0,0,2,6,5
2002-06-30,6325O,3,1,1,2,0,0,0,1,4,18
2002-07-31,6325O,0,9,7,1,0,0,0,0,1,13
2002-08-31,6325O,0,1,1,0,0,0,0,0,1,28
2002-09-30,6325O,1,0,1,1,0,0,0,2,0,25
2002-10-31,6325O,10,0,0,3,1,2,4,4,0,7
2002-11-30,6325O,5,3,0,0,0,2,9,3,6,2
2002-12-31,6325O,7,1,0,0,2,5,5,3,4,4
2003-01-31,6325O,4,6,3,0,0,0,7,6,5,0
2003-02-28,6325O,6,4,0,1,4,2,1,3,1,6
2003-03-31,6325O,7,0,3,8,4,1,0,0,0,8
2003-04-30,6325O,8,1,3,0,0,1,1,4,2,10
2003-05-31,6325O,1,6,9,3,0,0,0,0,2,10
2003-06-30,6325O,3,2,2,3,0,0,0,1,0,19
2003-07-31,6325O,1,1,9,0,0,0,0,0,2,18
2003-08-31,6325O,3,0,0,5,0,0,0,0,0,23
2003-09-30,6325O,4,0,8,2,0,1,0,0,2,13
2003-10-31,6325O,4,0,2,1,0,3,4,2,1,14
2003-11-30,6325O,8,1,2,2,0,3,1,4,1,8
2003-12-31,6325O,9,3,1,0,4,1,4,3,1,5
2004-01-31,6325O,13,2,0,0,0,0,0,7,7,2
2004-02-29,6325O,12,0,1,3,0,0,1,4,0,8
2004-03-31,6325O,10,2,7,1,0,1,1,1,1,7
2004-04-30,6325O,4,3,2,2,0,1,1,5,1,11
2004-05-31,6325O,5,1,5,3,0,0,0,3,2,12
2004-06-30,6325O,4,1,12,0,0,0,0,0,2,11
2004-07-31,6325O,0,1,6,0,0,0,0,0,1,23
2004-08-31,6325O,3,2,2,0,0,0,0,1,2,21
2004-09-30,6325O,7,2,2,0,0,0,0,0,1,18
2004-10-31,6325O,8,0,0,0,1,2,6,2,2,10
2004-11-30,6325O,15,3,3,0,1,0,0,0,4,4
2004-12-31,6325O,2,4,4,4,0,1,0,3,7,6
2005-01-31,6325O,14,5,1,3,1,0,0,0,5,2
2005-02-28,6325O,7,2,5,0,0,0,0,1,5,8
2005-03-31,6325O,9,3,2,4,0,2,1,0,2,8
2005-04-30,6325O,2,4,4,1,2,0,0,2,4,11
2005-05-31,6325O,8,0,7,1,0,0,0,0,1,14
2005-06-30,6325O,0,1,9,4,0,0,0,0,1,15
2005-07-31,6325O,3,5,8,0,0,0,0,0,1,14
2005-08-31,6325O,0,3,7,2,0,0,0,0,0,19
2005-09-30,6325O,9,2,4,1,0,0,0,1,2,11
2005-10-31,6325O,5,0,2,1,4,2,1,1,0,15
2005-11-30,6325O,4,4,3,1,3,0,0,4,2,9
2005-12-31,6325O,5,2,4,4,0,0,4,4,2,6
2006-01-31,6325O,11,4,2,1,1,0,0,1,2,9
2006-02-28,6325O,6,1,1,0,0,0,2,6,2,10
2006-03-31,6325O,8,1,0,0,1,0,3,4,4,10
2006-04-30,6325O,1,3,4,2,1,0,0,0,0,19
2006-05-31,6325O,3,3,4,4,0,0,0,0,1,16
2006-06-30,6325O,1,2,2,7,0,0,0,0,0,18
2006-07-31,6325O,2,2,4,2,0,0,0,0,0,21
2006-08-31,6325O,1,4,4,1,0,0,0,2,0,19
2006-09-30,6325O,5,0,0,3,0,0,0,3,2,17
2006-10-31,6325O,3,1,2,2,1,5,4,1,1,11
2006-11-30,6325O,10,0,2,5,2,4,2,2,0,3
2006-12-31,6325O,12,5,5,0,1,0,2,4,1,1
2007-01-31,6325O,21,0,3,1,0,0,0,2,1,3
2007-02-28,6325O,13,0,0,1,0,1,1,8,2,2
2007-03-31,6325O,8,2,3,3,0,0,0,3,7,5
2007-04-30,6325O,0,2,9,0,0,0,0,1,1,17
2007-05-31,6325O,7,2,3,0,0,0,0,3,4,12
2007-06-30,6325O,7,5,5,2,0,0,0,0,4,7
2007-07-31,6325O,0,4,7,1,0,0,0,0,1,18
2007-08-31,6325O,1,4,9,3,0,0,0,0,1,13
2007-09-30,6325O,3,0,4,2,0,0,0,0,0,21
2007-10-31,6325O,4,5,8,0,0,0,0,0,0,14
2007-11-30,6325O,9,5,2,3,0,2,1,1,0,7
2007-12-31,6325O,15,1,4,2,3,0,0,1,3,2
2008-01-31,6325O,20,0,1,2,0,0,5,3,0,0
2008-02-29,6325O,7,1,1,12,3,2,2,0,0,1
2008-03-31,6325O,7,4,1,0,0,0,0,7,5,7
2008-04-30,6325O,8,1,2,3,0,2,6,2,3,3
2008-05-31,6325O,4,2,2,1,0,0,0,3,1,18
2008-06-30,6325O,1,3,8,0,0,0,0,0,0,18
2008-07-31,6325O,0,3,7,1,0,0,0,0,0,20
2008-08-31,6325O,1,2,7,1,0,0,0,0,0,20
2008-09-30,6325O,0,1,3,2,0,0,1,0,0,23
2008-10-31,6325O,7,1,6,2,0,1,1,0,2,11
2008-11-30,6325O,9,1,4,0,0,0,2,4,5,5
2008-12-31,6325O,7,0,0,2,3,0,1,9,5,4
2009-01-31,6325O,4,3,2,0,0,1,1,10,3,7
2009-02-28,6325O,5,1,0,4,2,2,3,4,0,7
2009-03-31,6325O,2,1,0,8,0,0,0,2,2,16
2009-04-30,6325O,11,1,0,0,0,0,1,2,5,10
2009-05-31,6325O,2,2,4,4,1,0,0,0,2,16
2009-06-30,6325O,7,1,2,0,0,0,0,2,0,18
2009-07-31,6325O,1,1,4,0,0,0,0,0,0,25
2009-08-31,6325O,0,1,8,0,0,0,0,0,0,22
2009-09-30,6325O,5,0,7,2,0,0,0,0,1,15
2009-10-31,6325O,6,0,3,2,1,1,1,1,0,16
2009-11-30,6325O,10,0,0,0,0,5,2,7,4,2
2009-12-31,6325O,7,0,0,0,0,2,10,3,3,6
2010-01-31,6325O,8,3,2,0,0,2,3,6,2,5
2010-02-28,6325O,3,0,1,1,1,2,7,5,1,7
2010-03-31,6325O,7,2,0,3,3,3,2,1,1,9
2010-04-30,6325O,5,1,3,8,0,0,0,0,1,12
2010-05-31,6325O,3,3,3,2,0,0,0,0,6,14
2010-06-30,6325O,0,6,0,1,0,0,1,0,2,20
2010-07-31,6325O,1,2,9,1,0,0,0,0,0,18
2010-08-31,6325O,2,0,6,3,0,0,0,0,0,20
2010-09-30,6325O,3,0,1,2,0,0,0,1,3,20
2010-10-31,6325O,6,0,0,0,0,2,2,3,2,16
2010-11-30,6325O,6,0,3,0,0,1,2,7,4,7
2010-12-31,6325O,3,1,0,1,4,8,1,4,1,8
2011-01-31,6325O,9,0,1,6,0,1,4,2,2,6
2011-02-28,6325O,13,4,1,0,0,0,4,3,3,0
2011-03-31,6325O,8,1,1,11,0,1,0,2,1,6
2011-04-30,6325O,1,3,4,7,1,0,1,0,0,13
2011-05-31,6325O,5,3,4,6,0,0,0,1,0,12
2011-06-30,6325O,1,1,6,1,0,0,0,0,1,20
2011-07-31,6325O,0,4,6,0,0,0,0,0,4,17
2011-08-31,6325O,0,0,3,2,0,0,0,0,0,26
2011-09-30,6325O,2,1,5,2,0,0,0,0,2,18
2011-10-31,6325O,11,4,2,4,0,2,3,0,0,5
2011-11-30,6325O,8,1,4,0,4,2,2,2,1,6
2011-12-31,6325O,14,3,3,1,0,0,1,2,5,2
2012-01-31,6325O,16,4,2,1,0,0,0,1,2,5
2012-02-29,6325O,13,9,0,1,0,0,0,0,4,2
2012-03-31,6325O,10,3,6,7,1,0,0,0,1,3
2012-04-30,6325O,4,1,0,0,0,0,0,9,4,12
2012-05-31,6325O,7,0,1,5,0,0,1,1,1,15
2012-06-30,6325O,0,4,5,0,0,0,0,0,5,16
2012-07-31,6325O,0,4,6,0,0,0,0,0,0,21
2012-08-31,6325O,2,4,2,0,0,0,0,0,0,23
2012-09-30,6325O,1,1,2,0,0,0,1,2,0,23
2012-10-31,6325O,6,0,0,0,0,4,1,3,2,15
2012-11-30,6325O,5,2,2,1,1,1,2,4,4,8
2012-12-31,6325O,13,0,0,0,0,1,5,5,4,3
2013-01-31,6325O,10,1,1,0,0,0,2,14,3,0
2013-02-28,6325O,3,3,1,2,0,0,3,3,8,5
2013-03-31,6325O,2,0,0,0,3,0,11,7,4,4
2013-04-30,6325O,7,4,11,0,0,0,0,2,2,4
2013-05-31,6325O,3,5,5,0,0,0,1,2,4,11
2013-06-30,6325O,2,3,10,2,0,0,0,0,3,10
2013-07-31,6325O,0,1,3,5,0,0,0,0,1,21
2013-08-31,6325O,0,1,9,1,0,0,0,0,1,19
2013-09-30,6325O,3,0,6,1,0,0,2,1,0,17
2013-10-31,6325O,8,2,5,0,0,3,1,0,1,11
2013-11-30,6325O,4,7,5,2,0,0,0,5,5,2
2013-12-31,6325O,15,2,2,2,3,0,3,3,1,0
2014-01-31,6325O,3,1,0,0,3,2,8,9,4,1
2014-02-28,6325O,6,0,0,0,1,0,8,5,4,4
2014-03-31,6325O,5,2,2,4,2,1,1,3,6,5
2014-04-30,6325O,5,2,1,1,0,2,0,2,3,14
2014-05-31,6325O,2,4,9,4,0,0,1,0,1,10
2014-06-30,6325O,3,5,2,0,0,1,0,0,1,18
2014-07-31,6325O,1,4,3,0,0,0,0,0,2,21
2014-08-31,6325O,0,2,4,1,0,0,0,0,1,23
2014-09-30,6325O,5,0,1,0,0,0,0,0,0,24
2014-10-31,6325O,7,1,0,5,1,1,3,1,0,12
2014-11-30,6325O,5,0,0,0,4,2,6,5,1,7
2014-12-31,6325O,10,3,1,0,0,1,1,3,9,3
2015-01-31,6325O,13,1,2,0,0,2,1,6,6,0
2015-02-28,6325O,2,2,4,2,0,0,0,6,10,2
2015-03-31,6325O,8,3,2,2,0,0,0,0,5,11
2015-04-30,6325O,7,1,5,5,1,0,0,2,0,9
2015-05-31,6325O,6,7,5,3,0,0,1,0,2,7
2015-06-30,6325O,2,2,5,3,0,0,0,0,1,17
2015-07-31,6325O,0,1,2,0,0,0,0,0,0,28
2015-08-31,6325O,2,1,3,1,0,0,0,1,3,20
2015-09-30,6325O,1,2,4,3,0,0,2,0,3,15
2015-10-31,6325O,4,2,0,0,2,2,1,1,0,19
2015-11-30,6325O,19,2,0,3,1,0,0,1,3,1
2015-12-31,6325O,24,0,1,2,1,3,0,0,0,0
2016-01-31,6325O,14,1,0,0,1,0,9,3,1,2
2016-02-29,6325O,5,2,2,2,0,0,2,11,3,2
2016-03-31,6325O,5,1,0,0,0,0,0,4,11,10
2016-04-30,6325O,8,6,2,0,0,0,5,0,2,7
2016-05-31,6325O,3,4,1,3,0,2,0,2,2,14
2016-06-30,6325O,1,6,6,1,0,0,0,0,5,11
2016-07-31,6325O,0,2,10,4,0,0,0,0,0,15
2016-08-31,6325O,0,2,11,6,0,0,0,0,0,12
2016-09-30,6325O,6,1,2,2,0,0,0,0,2,17
2016-10-31,6325O,7,0,3,4,0,2,0,0,0,15
2016-11-30,6325O,5,1,3,2,0,1,4,2,4,8
2016-12-31,6325O,13,2,7,2,2,0,0,0,1,4
2017-01-31,6325O,11,5,2,1,0,3,1,1,6,1
2017-02-28,6325O,6,1,2,4,2,1,4,2,4,2
2017-03-31,6325O,11,1,2,2,1,0,1,2,3,8
2017-04-30,6325O,4,0,7,7,0,0,0,0,1,11
2017-05-31,6325O,4,1,4,6,1,0,2,0,0,13
2017-06-30,6325O,1,4,4,3,0,0,0,2,1,15
2017-07-31,6325O,0,2,6,1,1,0,0,0,0,21
2017-08-31,6325O,0,2,9,1,0,0,0,0,0,19
2017-09-30,6325O,6,3,6,0,0,0,0,0,2,13
2017-10-31,6325O,16,0,5,5,1,0,1,1,0,2
2017-11-30,6325O,7,6,1,0,0,2,1,0,3,10
2017-12-31,6325O,10,5,1,2,0,0,4,6,2,1
2018-01-31,6325O,12,4,1,2,0,0,3,1,3,5
2018-02-28,6325O,5,3,1,0,0,1,0,1,7,10
2018-03-31,6325O,3,0,0,0,0,1,10,11,5,1
2018-04-30,6325O,4,4,1,3,1,0,3,5,1,8
2018-05-31,6325O,1,6,4,0,0,0,0,0,3,17
2018-06-30,6325O,1,2,6,0,0,0,0,0,5,16
2018-07-31,6325O,0,6,2,0,0,0,0,0,1,22
2018-08-31,6325O,1,2,5,6,0,0,0,0,0,17
2018-09-30,6325O,7,2,4,3,0,0,0,0,0,14
2018-10-31,6325O,6,0,3,1,0,2,1,2,0,16
2018-11-30,6325O,7,0,2,1,0,1,5,2,1,11
2018-12-31,6325O,23,0,2,0,0,1,0,3,1,1
2019-01-31,6325O,12,2,2,0,0,0,2,4,6,3
2019-02-28,6325O,11,1,2,6,3,0,1,1,2,1
2019-03-31,6325O,9,3,8,7,0,0,1,1,0,2
2019-04-30,6325O,4,1,4,1,0,0,3,4,2,11
2019-05-31,6325O,3,3,6,5,0,0,0,1,3,10
2019-06-30,6325O,3,5,2,1,0,0,0,0,3,16
2019-07-31,6325O,0,3,2,0,0,0,0,0,2,24
2019-08-31,6325O,2,4,7,0,0,0,0,0,0,18
2019-09-30,6325O,3,2,9,0,0,0,0,0,1,15
2019-10-31,6325O,11,0,0,0,0,0,1,1,3,15
2019-11-30,6325O,4,0,0,0,0,1,3,16,5,1
2019-12-31,6325O,9,0,2,4,0,2,3,4,3,4
2020-01-31,6325O,19,2,3,0,1,1,0,0,0,5
2020-02-29,6325O,20,0,2,3,1,0,1,0,2,0
2020-03-31,6325O,4,3,4,2,0,0,1,3,2,12
2020-04-30,6325O,10,0,0,1,1,0,0,3,2,13
2020-05-31,6325O,4,2,2,6,0,0,2,1,0,14
2020-06-30,6325O,4,2,1,2,0,0,0,2,5,14
2020-07-31,6325O,0,1,6,2,0,0,0,0,0,22
2020-08-31,6325O,3,3,5,0,0,0,0,0,2,18
2020-09-30,6325O,5,0,4,4,0,0,0,0,3,14
2020-10-31,6325O,12,2,1,1,1,3,1,4,2,4
2020-11-30,6325O,13,0,5,2,2,3,1,0,0,4
2020-12-31,6325O,12,2,0,0,0,0,2,12,2,1
2021-01-31,6325O,8,2,0,1,0,0,2,9,3,6
2021-02-28,6325O,4,0,2,4,2,3,4,4,0,5
2021-03-31,6325O,8,5,6,6,1,0,0,0,1,4
2021-04-30,6325O,0,3,3,6,0,1,0,0,0,17
2021-05-31,6325O,4,6,5,0,0,0,0,1,1,14
2021-06-30,6325O,1,4,7,1,0,0,0,1,0,16
2021-07-31,6325O,1,2,6,1,0,0,0,0,4,17
2021-08-31,6325O,0,3,4,1,0,0,0,0,1,22
2021-09-30,6325O,3,2,4,1,0,0,0,0,0,20
2021-10-31,6325O,9,2,5,5,0,0,3,0,0,7
2021-11-30,6325O,1,7,1,2,0,0,0,7,3,9
2021-12-31,6325O,9,0,0,6,0,2,3,6,5,0
1981-01-31,7031,8,6,1,5,0,0,0,1,7,3
1981-02-28,7031,8,2,1,2,0,1,0,3,3,8
1981-03-31,7031,17,1,0,0,0,0,3,2,2,6
1981-04-30,7031,3,1,3,1,0,0,0,1,2,19
1981-05-31,7031,9,1,1,1,2,0,1,2,5,9
1981-06-30,7031,3,1,8,1,0,0,0,0,1,16
1981-07-31,7031,0,5,12,2,0,0,0,0,0,12
1981-08-31,7031,1,1,3,2,0,0,0,0,0,24
1981-09-30,7031,4,0,1,1,0,1,2,1,1,19
1981-10-31,7031,9,2,3,0,0,1,4,1,3,8
1981-11-30,7031,19,1,2,6,0,0,0,0,1,1
1981-12-31,7031,3,2,0,0,0,1,8,13,2,2
1982-01-31,7031,12,3,0,0,0,1,2,2,6,5
1982-02-28,7031,8,1,0,3,2,0,0,2,6,6
1982-03-31,7031,9,4,5,3,1,0,0,0,2,7
1982-04-30,7031,2,5,3,1,1,0,0,1,0,17
1982-05-31,7031,10,1,7,2,0,0,0,0,0,11
1982-06-30,7031,3,1,1,1,0,0,0,1,3,20
1982-07-31,7031,1,0,0,0,0,0,0,0,0,30
1982-08-31,7031,1,2,8,1,0,0,0,0,0,19
1982-09-30,7031,7,0,5,1,0,0,1,1,0,15
1982-10-31,7031,10,2,3,0,0,0,1,8,1,6
1982-11-30,7031,9,2,1,1,2,2,2,4,7,0
1982-12-31,7031,14,1,0,0,0,0,2,8,6,0
1983-01-31,7031,19,1,3,3,3,0,0,0,2,0
1983-02-28,7031,11,1,1,3,1,0,0,4,1,6
1983-03-31,7031,8,2,1,6,1,0,0,3,5,5
1983-04-30,7031,10,0,1,3,1,1,5,2,3,4
1983-05-31,7031,9,0,1,0,0,0,2,3,4,12
1983-06-30,7031,5,3,6,2,0,0,0,0,0,14
1983-07-31,7031,3,1,0,0,0,0,0,0,0,27
1983-08-31,7031,0,3,8,0,0,0,0,0,0,20
1983-09-30,7031,4,1,5,2,1,0,0,0,1,16
1983-10-31,7031,14,2,3,4,0,0,0,1,1,6
1983-11-30,7031,10,0,0,0,3,1,1,2,2,11
1983-12-31,7031,15,0,2,1,0,1,5,3,3,1
1984-01-31,7031,12,4,0,0,0,0,2,9,3,1
1984-02-29,7031,9,1,2,1,0,0,0,2,8,6
1984-03-31,7031,3,3,5,3,0,0,5,3,1,8
1984-04-30,7031,4,2,1,5,2,0,0,3,2,11
1984-05-31,7031,1,4,1,0,0,0,5,8,0,12
1984-06-30,7031,3,0,6,4,0,0,3,1,2,11
1984-07-31,7031,0,0,9,0,0,0,0,0,0,22
1984-08-31,7031,2,3,7,1,0,0,0,0,0,18
1984-09-30,7031,7,1,2,1,0,0,0,1,3,15
1984-10-31,7031,10,2,4,2,0,1,2,4,1,5
1984-11-30,7031,6,0,2,0,2,4,5,4,0,7
1984-12-31,7031,7,6,0,6,2,1,1,2,4,2
1985-01-31,7031,7,3,2,0,0,1,4,4,4,6
1985-02-28,7031,8,0,3,3,1,1,5,3,0,4
1985-03-31,7031,8,5,5,0,0,0,0,4,5,4
1985-04-30,7031,5,3,5,1,0,1,4,1,1,9
1985-05-31,7031,7,0,6,1,0,0,0,1,3,13
1985-06-30,7031,4,3,4,0,0,0,0,0,2,17
1985-07-31,7031,2,0,4,0,0,0,0,1,0,24
1985-08-31,7031,0,3,4,1,0,0,0,0,1,22
1985-09-30,7031,6,0,5,2,0,0,0,0,0,17
1985-10-31,7031,14,1,1,3,0,1,0,0,0,11
1985-11-30,7031,4,2,3,0,0,0,3,3,4,11
1985-12-31,7031,10,2,1,0,2,2,5,2,4,3
1986-01-31,7031,8,1,1,0,0,0,3,11,6,1
1986-02-28,7031,1,0,0,2,0,0,7,12,1,5
1986-03-31,7031,12,3,1,0,0,0,0,2,4,9
1986-04-30,7031,4,2,1,0,1,0,3,2,8,9
1986-05-31,7031,8,0,7,1,0,0,0,1,1,13
1986-06-30,7031,3,4,4,1,0,0,0,0,0,18
1986-07-31,7031,0,3,6,2,0,0,0,0,0,20
1986-08-31,7031,1,1,3,0,0,0,0,0,0,26
1986-09-30,7031,7,1,8,0,0,0,0,0,2,12
1986-10-31,7031,10,1,5,2,0,0,0,0,1,12
1986-11-30,7031,13,3,3,0,1,2,0,3,2,3
1986-12-31,7031,13,3,0,3,0,0,2,4,6,0
1987-01-31,7031,7,1,0,5,1,4,3,3,5,2
1987-02-28,7031,8,2,0,0,0,2,2,4,4,6
1987-03-31,7031,8,0,5,2,0,0,1,2,4,9
1987-04-30,7031,8,0,1,6,0,0,5,1,3,6
1987-05-31,7031,4,5,3,1,0,0,0,0,1,17
1987-06-30,7031,5,0,10,0,0,0,0,0,1,14
1987-07-31,7031,1,7,9,1,0,0,0,1,0,12
1987-08-31,7031,0,1,2,3,0,0,0,0,1,24
1987-09-30,7031,10,0,3,0,0,0,2,0,0,15
1987-10-31,7031,7,0,0,1,1,1,5,4,0,12
1987-11-30,7031,9,1,3,3,1,0,0,6,3,4
1987-12-31,7031,15,0,1,0,2,2,3,3,0,5
1988-01-31,7031,6,0,0,1,0,4,8,5,3,4
1988-02-29,7031,9,3,2,4,1,0,3,1,4,2
1988-03-31,7031,13,1,2,0,0,0,1,3,7,4
1988-04-30,7031,6,1,1,0,0,0,0,3,4,15
1988-05-31,7031,6,4,1,1,0,0,1,2,2,14
1988-06-30,7031,1,2,3,1,1,0,0,1,1,20
1988-07-31,7031,4,3,8,1,0,0,0,1,1,13
1988-08-31,7031,0,3,2,0,0,0,0,0,0,26
1988-09-30,7031,7,3,4,2,0,0,0,1,1,12
1988-10-31,7031,9,0,1,2,4,1,0,2,0,12
1988-11-30,7031,8,0,3,7,3,1,1,1,0,6
1988-12-31,7031,11,8,1,5,0,0,0,3,2,1
1989-01-31,7031,15,1,7,3,2,0,0,1,0,2
1989-02-28,7031,10,1,3,6,1,0,2,4,0,1
1989-03-31,7031,12,4,2,1,3,0,1,2,2,4
1989-04-30,7031,1,3,0,1,0,1,2,5,7,10
1989-05-31,7031,8,3,4,2,0,0,0,1,1,12
1989-06-30,7031,2,0,2,2,0,0,0,0,1,23
1989-07-31,7031,0,2,6,0,0,0,0,0,0,23
1989-08-31,7031,0,1,0,0,0,0,0,0,0,30
1989-09-30,7031,2,1,8,0,0,0,0,0,1,18
1989-10-31,7031,11,1,1,9,2,1,0,1,1,4
1989-11-30,7031,3,0,0,3,3,3,4,3,0,11
1989-12-31,7031,4,0,0,6,3,1,10,1,0,6
1990-01-31,7031,11,4,6,1,0,1,3,3,1,1
1990-02-28,7031,19,0,0,3,1,0,0,4,1,0
1990-03-31,7031,11,0,6,10,1,0,0,0,0,3
1990-04-30,7031,1,3,3,3,0,0,2,1,7,10
1990-05-31,7031,2,4,4,6,0,0,0,0,0,15
1990-06-30,7031,3,0,0,2,0,0,0,0,2,23
1990-07-31,7031,1,0,8,0,0,0,0,0,0,22
1990-08-31,7031,1,2,5,0,0,0,0,0,0,23
1990-09-30,7031,1,1,3,0,1,0,0,2,1,21
1990-10-31,7031,2,3,2,0,0,1,5,8,0,10
1990-11-30,7031,6,5,3,1,1,0,3,5,1,5
1990-12-31,7031,8,0,4,6,0,0,1,5,4,3
1991-01-31,7031,13,2,5,2,0,0,3,0,4,2
1991-02-28,7031,8,3,2,0,0,1,5,3,1,5
1991-03-31,7031,4,1,3,2,2,3,4,2,3,7
1991-04-30,7031,7,0,3,3,0,0,0,4,3,10
1991-05-31,7031,2,9,2,7,0,0,0,0,4,7
1991-06-30,7031,5,3,7,2,0,0,0,1,1,11
1991-07-31,7031,2,1,4,0,0,0,0,1,2,21
1991-08-31,7031,0,1,5,0,0,0,0,0,0,25
1991-09-30,7031,2,1,0,0,0,0,1,1,1,24
1991-10-31,7031,5,2,6,1,0,0,3,2,1,11
1991-11-30,7031,7,1,1,2,1,1,1,8,4,4
1991-12-31,7031,10,1,3,11,2,0,0,0,2,2
1992-01-31,7031,7,4,4,7,1,1,1,0,1,5
1992-02-29,7031,13,0,3,7,2,1,1,1,0,1
1992-03-31,7031,11,4,7,1,0,0,1,4,3,0
1992-04-30,7031,4,6,0,0,0,0,2,3,3,12
1992-05-31,7031,12,4,1,1,1,0,2,0,0,10
1992-06-30,7031,3,1,3,0,0,0,0,1,5,17
1992-07-31,7031,0,3,3,4,0,0,0,0,0,21
1992-08-31,7031,4,0,1,0,0,0,0,1,2,23
1992-09-30,7031,6,0,3,1,0,0,0,1,0,19
1992-10-31,7031,4,0,1,0,0,1,3,6,6,10
1992-11-30,7031,15,0,5,0,0,0,1,3,6,0
1992-12-31,7031,6,0,5,2,3,1,3,3,3,5
1993-01-31,7031,24,1,0,2,1,0,0,0,1,2
1993-02-28,7031,8,1,14,2,0,0,0,0,0,3
1993-03-31,7031,7,2,0,5,3,0,0,1,0,13
1993-04-30,7031,6,1,1,1,0,1,2,3,3,12
1993-05-31,7031,8,2,2,2,0,0,0,3,2,12
1993-06-30,7031,5,4,4,0,0,0,0,0,2,15
1993-07-31,7031,1,6,9,2,0,0,0,0,1,12
1993-08-31,7031,1,2,2,2,0,0,0,0,1,23
1993-09-30,7031,5,1,1,0,0,0,2,2,3,16
1993-10-31,7031,3,3,6,2,0,1,9,3,0,4
1993-11-30,7031,5,2,5,1,1,1,1,5,0,9
1993-12-31,7031,16,3,0,0,0,0,2,7,2,1
1994-01-31,7031,7,7,3,1,0,0,4,8,1,0
1994-02-28,7031,7,0,0,0,0,1,5,5,7,3
1994-03-31,7031,7,3,10,4,0,0,0,0,1,6
1994-04-30,7031,5,3,3,2,0,1,1,2,8,5
1994-05-31,7031,5,1,1,0,0,0,3,2,2,17
1994-06-30,7031,2,3,9,2,0,0,0,0,2,12
1994-07-31,7031,0,1,1,1,0,0,0,0,0,28
1994-08-31,7031,0,0,1,0,0,0,0,1,0,29
1994-09-30,7031,4,1,6,0,0,0,0,1,1,17
1994-10-31,7031,7,0,0,4,0,0,1,3,0,16
1994-11-30,7031,11,1,0,3,1,1,6,2,2,3
1994-12-31,7031,18,2,1,0,2,0,4,0,4,0
1995-01-31,7031,13,7,0,0,0,1,2,4,4,0
1995-02-28,7031,11,4,1,0,1,0,1,7,1,2
1995-03-31,7031,7,2,1,5,2,0,0,3,3,8
1995-04-30,7031,7,1,4,4,2,0,0,2,1,9
1995-05-31,7031,5,2,1,7,0,0,0,2,2,12
1995-06-30,7031,2,1,3,3,0,0,0,0,0,21
1995-07-31,7031,2,3,8,0,0,0,0,0,2,16
1995-08-31,7031,0,3,8,0,0,0,0,0,0,20
1995-09-30,7031,3,1,5,0,0,0,2,2,1,16
1995-10-31,7031,9,0,4,2,0,1,0,0,0,15
1995-11-30,7031,4,1,0,2,2,3,4,3,3,8
1995-12-31,7031,4,4,0,3,0,0,10,1,3,6
1996-01-31,7031,2,0,1,3,3,7,7,3,1,4
1996-02-29,7031,6,0,2,0,0,0,1,6,8,6
1996-03-31,7031,6,1,4,2,3,0,0,4,3,8
1996-04-30,7031,4,4,0,1,2,0,1,1,3,14
1996-05-31,7031,6,0,3,2,0,0,2,3,3,12
1996-06-30,7031,4,3,7,3,0,0,0,0,1,12
1996-07-31,7031,1,1,9,0,0,0,0,0,1,19
1996-08-31,7031,2,3,6,0,0,0,0,0,0,20
1996-09-30,7031,5,1,3,0,0,0,1,5,2,13
1996-10-31,7031,12,3,1,1,0,1,0,4,2,7
1996-11-30,7031,8,0,0,1,0,0,4,7,3,7
1996-12-31,7031,4,3,0,0,0,6,6,4,0,8
1997-01-31,7031,5,3,0,7,2,1,3,2,2,6
1997-02-28,7031,22,0,0,3,0,0,0,2,1,0
1997-03-31,7031,13,0,7,6,0,0,0,0,0,5
1997-04-30,7031,4,1,5,3,0,0,0,1,0,16
1997-05-31,7031,9,1,4,1,1,0,1,2,1,11
1997-06-30,7031,5,4,1,0,0,0,1,2,3,14
1997-07-31,7031,0,7,9,0,0,0,0,0,0,15
1997-08-31,7031,3,1,1,1,0,0,0,1,1,23
1997-09-30,7031,4,0,3,2,0,0,0,0,0,21
1997-10-31,7031,4,3,2,0,3,1,3,1,2,12
1997-11-30,7031,5,0,0,0,0,2,11,5,3,4
1997-12-31,7031,8,3,0,0,0,3,3,4,4,6
1998-01-31,7031,10,0,0,1,6,1,2,2,4,5
1998-02-28,7031,9,1,2,8,2,1,0,0,1,4
1998-03-31,7031,15,3,1,3,2,2,0,0,3,2
1998-04-30,7031,9,0,0,0,0,0,3,9,5,4
1998-05-31,7031,2,3,0,1,2,0,0,1,4,18
1998-06-30,7031,3,4,4,3,0,0,0,0,2,14
1998-07-31,7031,0,2,4,1,0,0,0,1,1,22
1998-08-31,7031,0,3,7,0,0,0,0,0,1,20
1998-09-30,7031,3,0,4,0,0,1,1,4,4,13
1998-10-31,7031,15,3,0,0,0,0,1,2,6,4
1998-11-30,7031,7,5,3,1,0,0,1,3,3,7
1998-12-31,7031,15,0,3,0,0,4,1,2,2,4
1999-01-31,7031,9,4,1,1,2,0,1,5,4,4
1999-02-28,7031,5,4,5,0,0,0,0,1,8,5
1999-03-31,7031,5,3,2,1,2,3,2,5,1,7
1999-04-30,7031,17,2,1,0,0,0,1,2,1,6
1999-05-31,7031,7,2,1,4,0,0,0,1,3,13
1999-06-30,7031,2,5,6,1,0,0,0,0,0,16
1999-07-31,7031,0,2,5,0,0,0,0,0,0,24
1999-08-31,7031,0,0,2,0,0,0,1,1,1,26
1999-09-30,7031,9,1,3,0,0,0,1,3,1,12
1999-10-31,7031,6,1,5,1,0,0,6,2,0,10
1999-11-30,7031,8,4,7,0,0,0,0,0,5,6
1999-12-31,7031,13,3,2,0,0,0,2,7,3,1
2000-01-31,7031,18,2,3,3,0,0,0,0,1,4
2000-02-29,7031,17,2,1,2,3,0,1,0,3,0
2000-03-31,7031,7,4,3,4,0,1,0,1,1,10
2000-04-30,7031,7,0,0,2,0,2,5,7,1,6
2000-05-31,7031,3,0,3,3,0,0,0,0,0,22
2000-06-30,7031,1,1,6,3,0,0,0,0,3,16
2000-07-31,7031,1,5,4,2,0,0,0,0,2,17
2000-08-31,7031,0,1,3,1,0,0,0,0,0,26
2000-09-30,7031,2,0,3,1,0,0,0,3,1,20
2000-10-31,7031,6,0,4,0,0,0,2,5,3,11
2000-11-30,7031,7,1,1,1,0,1,7,8,3,1
2000-12-31,7031,11,0,0,0,2,6,4,5,0,3
2001-01-31,7031,3,0,0,0,0,3,11,3,8,3
2001-02-28,7031,11,2,4,0,0,2,1,4,2,2
2001-03-31,7031,12,0,1,0,0,2,7,5,1,3
2001-04-30,7031,10,2,5,1,0,0,1,2,5,4
2001-05-31,7031,5,2,3,2,0,0,1,0,5,13
2001-06-30,7031,2,2,5,1,0,0,0,0,2,18
2001-07-31,7031,2,2,5,2,0,0,0,0,2,18
2001-08-31,7031,1,0,4,0,0,0,0,0,0,26
2001-09-30,7031,4,0,3,0,0,0,0,1,0,22
2001-10-31,7031,16,0,1,3,1,1,1,0,0,8
2001-11-30,7031,7,4,7,1,0,0,0,0,3,8
2001-12-31,7031,12,1,2,7,0,0,2,0,1,6
2002-01-31,7031,16,1,1,5,3,1,3,1,0,0
2002-02-28,7031,14,2,4,0,0,1,2,1,2,2
2002-03-31,7031,8,2,1,5,0,3,2,0,2,8
2002-04-30,7031,7,0,3,0,0,1,1,3,0,15
2002-05-31,7031,7,5,3,3,1,0,0,1,4,7
2002-06-30,7031,1,2,2,2,0,0,0,1,4,18
2002-07-31,7031,1,8,5,1,0,0,0,0,0,16
2002-08-31,7031,0,2,0,1,0,0,0,0,1,27
2002-09-30,7031,5,1,0,1,0,0,0,1,1,21
2002-10-31,7031,12,0,0,1,0,2,5,5,0,6
2002-11-30,7031,4,2,0,0,0,1,9,7,5,2
2002-12-31,7031,6,1,0,0,1,3,5,5,4,6
2003-01-31,7031,4,9,1,0,0,0,6,7,4,0
2003-02-28,7031,7,3,1,1,3,1,0,4,3,5
2003-03-31,7031,8,0,2,8,2,1,0,1,1,8
2003-04-30,7031,7,3,4,0,1,0,3,1,1,10
2003-05-31,7031,2,6,9,1,0,0,0,0,0,13
2003-06-30,7031,2,1,2,2,0,0,0,1,0,22
2003-07-31,7031,1,1,4,0,0,0,0,0,1,24
2003-08-31,7031,0,0,0,0,0,0,0,0,0,31
2003-09-30,7031,8,1,8,0,0,1,0,0,2,10
2003-10-31,7031,3,2,1,1,0,1,5,2,1,15
2003-11-30,7031,7,1,3,2,0,3,1,4,1,8
2003-12-31,7031,8,6,0,0,4,1,2,4,2,4
2004-01-31,7031,12,2,0,0,0,0,0,7,7,3
2004-02-29,7031,11,0,2,3,0,0,1,4,0,8
2004-03-31,7031,12,4,5,0,0,1,0,3,1,5
2004-04-30,7031,6,4,1,1,0,1,0,5,1,11
2004-05-31,7031,6,2,5,1,0,0,0,3,2,12
2004-06-30,7031,4,1,8,0,0,0,0,1,1,15
2004-07-31,7031,0,0,6,0,0,0,0,0,2,23
2004-08-31,7031,1,2,1,0,0,0,1,1,3,22
2004-09-30,7031,6,2,3,3,0,0,0,0,0,16
2004-10-31,7031,7,0,0,0,0,2,6,6,0,10
2004-11-30,7031,13,5,2,0,1,0,0,0,2,7
2004-12-31,7031,1,4,4,4,0,0,1,4,6,7
2005-01-31,7031,14,4,2,1,1,0,0,0,7,2
2005-02-28,7031,6,2,6,1,0,0,0,1,5,7
2005-03-31,7031,9,3,3,4,0,2,1,1,2,6
2005-04-30,7031,2,4,5,0,2,1,0,2,3,11
2005-05-31,7031,4,2,5,3,1,0,0,0,1,15
2005-06-30,7031,1,1,6,2,0,0,0,0,1,19
2005-07-31,7031,3,5,8,0,0,0,0,0,0,15
2005-08-31,7031,1,5,7,0,0,0,0,0,0,18
2005-09-30,7031,7,2,2,1,0,0,0,2,1,15
2005-10-31,7031,7,0,2,1,3,2,1,1,0,14
2005-11-30,7031,5,4,3,2,1,0,1,4,2,8
2005-12-31,7031,7,5,2,4,0,0,3,4,2,4
2006-01-31,7031,8,4,3,2,1,0,0,1,2,10
2006-02-28,7031,5,3,1,1,0,0,3,5,2,8
2006-03-31,7031,6,1,0,0,1,0,4,4,5,10
2006-04-30,7031,2,5,2,2,1,0,0,0,0,18
2006-05-31,7031,3,3,4,2,0,0,0,0,1,18
2006-06-30,7031,0,2,3,7,0,0,0,0,0,18
2006-07-31,7031,1,1,7,0,0,0,0,0,0,22
2006-08-31,7031,1,6,5,1,0,0,0,2,0,16
2006-09-30,7031,6,1,0,1,1,2,0,2,1,16
2006-10-31,7031,4,1,4,0,1,2,5,1,1,12
2006-11-30,7031,12,0,2,3,2,4,2,3,0,2
2006-12-31,7031,11,7,4,1,0,0,1,4,2,1
2007-01-31,7031,20,1,2,1,0,0,0,3,1,3
2007-02-28,7031,13,0,0,1,0,1,1,8,2,2
2007-03-31,7031,7,3,3,3,0,0,0,2,5,8
2007-04-30,7031,0,2,7,2,0,0,0,0,3,16
2007-05-31,7031,7,1,5,1,0,0,1,2,6,8
2007-06-30,7031,9,4,7,1,0,0,0,0,1,8
2007-07-31,7031,1,2,5,2,1,0,0,0,0,20
2007-08-31,7031,2,3,10,2,0,0,0,0,0,14
2007-09-30,7031,2,3,4,1,0,0,0,0,0,20
2007-10-31,7031,4,4,7,0,0,0,0,0,0,16
2007-11-30,7031,10,5,5,0,0,2,2,0,2,4
2007-12-31,7031,13,3,3,3,1,0,0,3,2,3
2008-01-31,7031,17,0,1,3,0,0,6,3,0,1
2008-02-29,7031,10,0,1,11,4,1,1,0,0,1
2008-03-31,7031,8,4,1,0,1,0,0,5,4,8
2008-04-30,7031,9,1,2,3,0,0,8,1,2,4
2008-05-31,7031,2,1,2,3,0,0,0,3,2,18
2008-06-30,7031,2,3,8,0,0,0,0,1,0,16
2008-07-31,7031,0,3,6,0,0,0,0,0,0,22
2008-08-31,7031,1,1,2,2,0,0,0,0,0,25
2008-09-30,7031,2,2,1,0,0,0,1,1,0,23
2008-10-31,7031,7,1,3,3,0,1,1,0,2,13
2008-11-30,7031,6,3,5,0,0,0,2,4,6,4
2008-12-31,7031,5,0,2,2,2,1,1,8,6,4
2009-01-31,7031,5,3,1,0,0,1,3,9,3,6
2009-02-28,7031,6,0,0,3,1,2,3,5,1,7
2009-03-31,7031,7,0,2,5,0,0,0,3,2,12
2009-04-30,7031,7,0,0,0,0,0,2,4,4,13
2009-05-31,7031,2,3,4,5,2,0,0,0,2,13
2009-06-30,7031,7,0,3,0,0,0,0,2,0,18
2009-07-31,7031,3,2,1,0,0,0,0,0,0,25
2009-08-31,7031,0,1,6,0,0,0,0,0,0,24
2009-09-30,7031,3,1,5,2,0,0,0,0,1,18
2009-10-31,7031,8,0,5,0,1,2,1,1,0,13
2009-11-30,7031,10,0,0,0,0,3,3,9,2,3
2009-12-31,7031,8,1,0,0,0,2,8,3,2,7
2010-01-31,7031,7,2,2,0,0,0,2,7,3,8
2010-02-28,7031,4,1,0,0,3,2,7,4,2,5
2010-03-31,7031,7,4,2,3,3,3,2,2,0,5
2010-04-30,7031,7,2,6,4,0,0,0,0,1,10
2010-05-31,7031,4,2,3,2,0,1,1,0,5,13
2010-06-30,7031,0,4,1,0,0,0,1,0,2,22
2010-07-31,7031,0,0,9,0,0,0,0,0,0,22
2010-08-31,7031,3,0,4,2,0,0,0,0,0,22
2010-09-30,7031,3,1,2,0,0,0,0,1,3,20
2010-10-31,7031,7,2,0,0,0,1,3,2,2,14
2010-11-30,7031,4,1,2,0,0,1,2,8,5,7
2010-12-31,7031,4,2,0,2,3,5,4,3,3,5
2011-01-31,7031,9,1,3,3,0,0,5,2,0,8
2011-02-28,7031,10,6,1,0,0,0,4,5,2,0
2011-03-31,7031,4,2,1,10,2,1,0,3,2,6
2011-04-30,7031,1,4,4,7,1,0,0,0,0,13
2011-05-31,7031,6,3,4,5,1,0,0,1,0,11
2011-06-30,7031,5,1,7,0,0,0,0,0,0,17
2011-07-31,7031,0,5,4,0,0,0,0,0,1,21
2011-08-31,7031,0,0,3,3,1,0,0,0,0,24
2011-09-30,7031,2,3,6,2,0,0,0,0,1,16
2011-10-31,7031,11,5,4,2,0,3,2,0,0,4
2011-11-30,7031,6,2,4,0,4,3,1,2,1,7
2011-12-31,7031,12,3,3,0,0,0,2,4,5,2
2012-01-31,7031,16,5,3,0,0,0,0,1,1,5
2012-02-29,7031,12,10,0,0,0,0,0,0,4,3
2012-03-31,7031,13,3,6,6,0,0,0,0,1,2
2012-04-30,7031,4,0,0,0,0,1,1,8,3,13
2012-05-31,7031,8,0,2,3,0,0,1,1,1,15
2012-06-30,7031,4,3,2,0,0,0,0,0,3,18
2012-07-31,7031,1,1,5,0,0,0,0,0,0,24
2012-08-31,7031,2,2,2,0,0,0,0,0,1,24
2012-09-30,7031,1,1,3,0,0,0,2,1,0,22
2012-10-31,7031,7,0,0,0,1,1,1,3,3,15
2012-11-30,7031,4,2,2,1,2,1,2,4,2,10
2012-12-31,7031,12,0,0,0,0,1,4,7,3,4
2013-01-31,7031,9,1,1,0,0,0,2,14,4,0
2013-02-28,7031,3,2,1,1,0,0,2,5,9,5
2013-03-31,7031,2,1,1,0,2,1,9,9,3,3
2013-04-30,7031,7,3,9,1,0,0,2,2,2,4
2013-05-31,7031,2,4,4,0,0,0,1,2,6,12
2013-06-30,7031,3,2,11,2,0,0,0,0,2,10
2013-07-31,7031,1,0,4,3,0,0,0,0,1,22
2013-08-31,7031,0,2,5,1,1,0,0,0,0,22
2013-09-30,7031,5,1,4,0,0,0,1,2,0,17
2013-10-31,7031,10,2,3,0,0,1,2,0,0,13
2013-11-30,7031,4,8,5,0,0,0,0,4,6,3
2013-12-31,7031,14,2,2,3,2,0,4,2,2,0
2014-01-31,7031,4,0,0,0,3,1,7,10,5,1
2014-02-28,7031,5,0,0,0,1,0,8,6,4,4
2014-03-31,7031,7,2,2,5,1,0,0,5,3,6
2014-04-30,7031,6,0,1,0,0,2,0,3,4,14
2014-05-31,7031,2,2,8,4,0,0,0,0,0,15
2014-06-30,7031,3,3,3,0,0,0,0,0,3,18
2014-07-31,7031,1,5,2,0,0,0,0,0,1,22
2014-08-31,7031,0,1,4,1,0,0,0,0,0,25
2014-09-30,7031,5,0,0,0,0,0,0,0,0,25
2014-10-31,7031,7,3,1,3,0,1,3,2,0,11
2014-11-30,7031,2,0,0,0,5,1,7,6,2,7
2014-12-31,7031,10,3,1,0,0,1,1,1,9,5
2015-01-31,7031,12,2,1,0,0,1,2,6,6,1
2015-02-28,7031,3,2,3,2,0,0,0,7,10,1
2015-03-31,7031,7,4,3,2,0,0,0,1,5,9
2015-04-30,7031,7,0,4,6,2,0,0,1,0,10
2015-05-31,7031,8,5,5,3,0,0,1,0,2,7
2015-06-30,7031,2,2,6,1,0,0,0,0,1,18
2015-07-31,7031,0,2,0,0,0,0,0,0,0,29
2015-08-31,7031,3,1,1,0,0,0,0,1,3,22
2015-09-30,7031,1,2,5,2,0,0,3,1,1,15
2015-10-31,7031,6,3,0,1,0,0,3,1,0,17
2015-11-30,7031,18,2,0,3,1,1,0,1,3,1
2015-12-31,7031,25,0,0,3,2,1,0,0,0,0
2016-01-31,7031,14,2,0,0,1,0,7,5,0,2
2016-02-29,7031,3,2,2,1,2,0,2,11,4,2
2016-03-31,7031,4,2,0,1,0,1,2,3,10,8
2016-04-30,7031,7,7,3,0,0,2,2,1,1,7
2016-05-31,7031,4,3,3,2,2,2,0,3,1,11
2016-06-30,7031,2,5,5,2,0,0,0,0,4,12
2016-07-31,7031,0,2,9,2,0,0,0,0,0,18
2016-08-31,7031,0,2,8,4,0,0,0,0,0,17
2016-09-30,7031,4,2,3,1,0,0,0,0,1,19
2016-10-31,7031,8,0,2,0,0,1,0,1,0,19
2016-11-30,7031,4,1,3,2,1,2,3,2,4,8
2016-12-31,7031,14,3,6,1,2,0,0,0,1,4
2017-01-31,7031,12,5,1,0,0,2,1,0,6,4
2017-02-28,7031,5,0,1,6,2,1,4,2,4,3
2017-03-31,7031,10,1,2,2,1,0,2,2,2,9
2017-04-30,7031,6,0,5,6,1,0,0,0,1,11
2017-05-31,7031,5,1,4,7,1,0,1,1,0,11
2017-06-30,7031,0,1,4,3,0,0,0,1,1,20
2017-07-31,7031,0,1,7,1,0,0,0,0,0,22
2017-08-31,7031,0,2,7,1,0,0,0,0,0,21
2017-09-30,7031,4,2,4,2,0,0,0,0,2,16
2017-10-31,7031,15,0,5,2,1,0,1,1,0,6
2017-11-30,7031,8,6,1,0,0,1,0,1,3,10
2017-12-31,7031,11,5,1,1,0,0,4,5,3,1
2018-01-31,7031,15,2,1,2,0,0,3,2,2,4
2018-02-28,7031,5,4,1,0,0,1,0,1,5,11
2018-03-31,7031,3,0,0,0,0,2,10,10,5,1
2018-04-30,7031,5,3,0,5,1,1,4,5,1,5
2018-05-31,7031,3,4,4,0,0,0,0,0,2,18
2018-06-30,7031,1,0,4,0,0,0,0,0,5,20
2018-07-31,7031,0,4,0,0,0,0,0,0,2,25
2018-08-31,7031,0,1,7,0,0,0,0,0,0,23
2018-09-30,7031,2,1,5,2,0,0,0,0,0,20
2018-10-31,7031,3,3,3,1,1,1,2,1,0,16
2018-11-30,7031,5,0,2,2,0,1,6,3,2,9
2018-12-31,7031,23,1,2,0,0,0,0,3,1,1
2019-01-31,7031,8,5,1,0,0,0,1,6,5,5
2019-02-28,7031,12,2,2,4,4,0,1,2,1,0
2019-03-31,7031,13,2,7,6,0,0,1,0,0,2
2019-04-30,7031,4,1,4,0,1,0,4,2,2,12
2019-05-31,7031,2,4,5,4,0,0,0,1,2,13
2019-06-30,7031,2,3,3,1,0,0,0,0,1,20
2019-07-31,7031,0,2,4,0,0,0,0,0,2,23
2019-08-31,7031,2,1,5,0,0,0,0,0,0,23
2019-09-30,7031,4,2,7,0,0,0,0,0,1,16
2019-10-31,7031,10,0,0,1,1,0,2,3,3,11
2019-11-30,7031,2,0,0,0,0,0,6,15,5,2
2019-12-31,7031,8,0,3,4,0,2,3,5,3,3
2020-01-31,7031,21,3,1,0,1,1,0,0,0,4
2020-02-29,7031,17,1,3,3,1,0,1,2,1,0
2020-03-31,7031,4,1,4,3,0,0,1,3,3,12
2020-04-30,7031,8,1,0,2,1,0,1,2,0,15
2020-05-31,7031,4,2,4,6,0,0,1,2,0,12
2020-06-30,7031,5,1,0,1,0,0,0,2,4,17
2020-07-31,7031,0,2,7,1,0,0,0,0,0,21
2020-08-31,7031,4,3,3,0,0,0,0,0,2,19
2020-09-30,7031,6,0,3,2,0,0,0,1,4,14
2020-10-31,7031,12,2,1,0,1,2,1,6,2,4
2020-11-30,7031,14,0,4,1,2,3,2,0,0,4
2020-12-31,7031,9,2,0,0,0,1,3,14,1,1
2021-01-31,7031,8,2,0,0,0,0,2,10,2,7
2021-02-28,7031,3,1,2,5,2,3,4,4,0,4
2021-03-31,7031,9,6,6,7,0,0,0,0,0,3
2021-04-30,7031,1,2,3,6,0,0,0,0,0,18
2021-05-31,7031,5,2,5,1,1,0,1,1,2,13
2021-06-30,7031,2,3,6,0,0,0,0,1,0,18
2021-07-31,7031,1,2,5,1,0,0,0,0,3,19
2021-08-31,7031,0,2,3,0,0,0,0,0,0,26
2021-09-30,7031,5,4,5,1,0,0,0,0,0,15
2021-10-31,7031,7,0,4,5,0,1,3,0,1,10
2021-11-30,7031,2,7,1,2,0,0,0,8,1,9
2021-12-31,7031,10,0,0,5,0,1,3,8,4,0
1981-01-31,8019,9,6,2,3,0,0,0,2,7,2
1981-02-28,8019,6,2,1,2,0,2,0,2,5,8
1981-03-31,8019,15,1,0,0,0,2,1,3,3,6
1981-04-30,8019,4,3,2,0,0,1,0,1,3,16
1981-05-31,8019,12,0,0,0,4,0,1,3,3,8
1981-06-30,8019,7,1,7,0,0,0,0,0,1,14
1981-07-31,8019,3,5,9,0,0,0,0,0,2,12
1981-08-31,8019,4,3,1,0,0,0,0,0,1,22
1981-09-30,8019,8,0,0,0,0,1,2,2,1,16
1981-10-31,8019,14,0,2,0,0,2,3,1,3,6
1981-11-30,8019,22,0,2,1,2,0,0,0,2,1
1981-12-31,8019,1,3,0,0,0,3,8,12,3,1
1982-01-31,8019,9,3,0,0,1,1,4,2,6,5
1982-02-28,8019,8,1,0,2,3,0,0,2,6,6
1982-03-31,8019,9,3,5,3,1,0,0,0,3,7
1982-04-30,8019,2,8,3,0,0,2,0,0,0,15
1982-05-31,8019,10,2,6,1,0,0,0,0,1,11
1982-06-30,8019,6,0,1,0,0,0,0,1,3,19
1982-07-31,8019,1,0,1,0,0,0,0,0,1,28
1982-08-31,8019,3,4,5,0,0,0,0,0,1,18
1982-09-30,8019,11,1,3,1,0,0,1,1,0,12
1982-10-31,8019,11,2,4,0,0,0,2,6,2,4
1982-11-30,8019,8,3,1,1,1,4,2,4,6,0
1982-12-31,8019,12,0,0,0,0,0,4,7,7,1
1983-01-31,8019,17,3,3,2,3,0,0,0,3,0
1983-02-28,8019,10,1,1,2,1,1,0,3,2,7
1983-03-31,8019,6,4,3,3,2,0,0,3,5,5
1983-04-30,8019,7,1,1,1,2,3,4,3,3,5
1983-05-31,8019,9,0,1,0,0,0,2,3,5,11
1983-06-30,8019,9,5,3,1,0,0,0,0,0,12
1983-07-31,8019,5,0,0,0,0,0,0,0,0,26
1983-08-31,8019,1,5,7,0,0,0,0,0,3,15
1983-09-30,8019,11,2,4,0,1,0,0,0,3,9
1983-10-31,8019,15,2,2,3,1,1,0,1,1,5
1983-11-30,8019,10,0,0,0,3,2,1,1,2,11
1983-12-31,8019,12,1,1,2,1,2,5,4,3,0
1984-01-31,8019,11,2,0,0,0,0,2,10,6,0
1984-02-29,8019,6,3,3,1,0,0,0,3,9,4
1984-03-31,8019,2,4,5,3,0,0,6,4,2,5
1984-04-30,8019,5,2,0,5,1,0,0,3,2,12
1984-05-31,8019,1,4,1,0,0,1,2,9,3,10
1984-06-30,8019,4,1,5,4,0,0,4,0,2,10
1984-07-31,8019,3,0,1,0,0,0,0,0,0,27
1984-08-31,8019,4,3,5,1,0,0,0,0,0,18
1984-09-30,8019,6,0,1,0,0,1,0,1,4,17
1984-10-31,8019,10,3,2,2,0,2,3,4,1,4
1984-11-30,8019,8,0,0,0,1,5,6,3,0,7
1984-12-31,8019,7,6,0,2,5,1,2,3,4,1
1985-01-31,8019,8,4,1,0,0,3,3,4,3,5
1985-02-28,8019,5,1,3,3,2,5,5,3,0,1
1985-03-31,8019,9,6,4,0,0,0,0,7,3,2
1985-04-30,8019,7,5,1,1,0,1,4,1,1,9
1985-05-31,8019,7,1,5,1,0,0,0,1,6,10
1985-06-30,8019,9,2,4,1,0,0,0,0,2,12
1985-07-31,8019,3,0,4,0,0,0,1,0,1,22
1985-08-31,8019,2,2,3,1,0,0,0,0,1,22
1985-09-30,8019,12,0,2,0,0,0,0,0,0,16
1985-10-31,8019,11,3,1,3,1,2,0,0,0,10
1985-11-30,8019,3,3,3,0,0,1,4,3,4,9
1985-12-31,8019,10,2,1,0,1,4,4,3,3,3
1986-01-31,8019,6,1,1,0,0,0,4,13,5,1
1986-02-28,8019,1,0,0,2,0,0,7,12,1,5
1986-03-31,8019,13,5,0,0,0,0,0,2,3,8
1986-04-30,8019,2,2,1,1,0,0,4,2,9,9
1986-05-31,8019,6,1,6,2,0,0,2,1,1,12
1986-06-30,8019,4,6,5,1,0,0,0,0,2,12
1986-07-31,8019,1,2,5,1,0,0,0,0,0,22
1986-08-31,8019,1,4,3,0,0,0,0,1,1,21
1986-09-30,8019,9,3,4,0,0,1,0,0,2,11
1986-10-31,8019,10,2,2,1,0,0,0,1,1,14
1986-11-30,8019,10,4,4,0,1,3,0,3,2,3
1986-12-31,8019,12,3,0,1,2,2,1,4,6,0
1987-01-31,8019,4,3,0,5,1,5,1,4,5,3
1987-02-28,8019,8,2,0,0,0,2,2,5,5,4
1987-03-31,8019,6,0,5,2,0,0,2,2,4,10
1987-04-30,8019,9,1,1,3,0,2,3,1,3,7
1987-05-31,8019,7,6,3,0,1,0,0,0,0,14
1987-06-30,8019,8,1,8,0,0,0,0,1,3,9
1987-07-31,8019,0,5,7,1,0,0,0,2,0,16
1987-08-31,8019,1,2,4,2,0,0,0,0,1,21
1987-09-30,8019,10,1,1,1,0,0,2,0,0,15
1987-10-31,8019,8,0,0,1,1,2,5,4,0,10
1987-11-30,8019,7,1,1,5,1,0,0,5,6,4
1987-12-31,8019,15,0,1,0,2,3,4,2,0,4
1988-01-31,8019,8,0,0,1,0,4,8,5,2,3
1988-02-29,8019,8,5,2,3,2,0,3,2,3,1
1988-03-31,8019,10,3,1,0,0,0,0,4,8,5
1988-04-30,8019,8,0,0,0,0,0,0,3,5,14
1988-05-31,8019,10,5,1,0,0,0,2,1,4,8
1988-06-30,8019,1,4,1,1,1,0,0,2,0,20
1988-07-31,8019,5,4,4,0,0,0,0,2,1,15
1988-08-31,8019,2,2,2,0,0,0,0,0,1,24
1988-09-30,8019,8,5,4,4,0,0,1,0,1,7
1988-10-31,8019,8,0,1,1,4,4,1,2,0,10
1988-11-30,8019,9,0,2,6,4,1,1,1,0,6
1988-12-31,8019,7,11,2,5,0,0,0,3,2,1
1989-01-31,8019,15,0,6,4,1,0,0,1,2,2
1989-02-28,8019,10,2,2,6,1,0,2,4,0,1
1989-03-31,8019,11,5,2,1,3,0,1,2,3,3
1989-04-30,8019,1,2,0,1,0,1,1,6,8,10
1989-05-31,8019,9,2,2,2,0,0,0,1,2,13
1989-06-30,8019,3,1,1,1,0,0,0,0,3,21
1989-07-31,8019,0,1,5,0,0,0,0,0,0,25
1989-08-31,8019,1,2,0,0,0,0,0,0,0,28
1989-09-30,8019,3,2,4,0,0,0,0,0,1,20
1989-10-31,8019,11,1,1,6,3,1,1,0,2,5
1989-11-30,8019,3,0,0,2,5,5,5,4,0,6
1989-12-31,8019,2,0,0,6,5,3,10,1,0,4
1990-01-31,8019,12,4,5,0,0,2,7,0,1,0
1990-02-28,8019,14,0,0,3,3,2,0,6,0,0
1990-03-31,8019,9,5,3,9,2,0,0,0,1,2
1990-04-30,8019,1,3,2,3,0,0,1,1,8,11
1990-05-31,8019,2,3,3,6,1,0,0,0,1,15
1990-06-30,8019,4,1,0,1,0,0,0,0,3,21
1990-07-31,8019,5,0,7,0,0,0,0,0,0,19
1990-08-31,8019,2,3,3,0,0,0,0,0,0,23
1990-09-30,8019,3,0,1,0,1,0,0,2,1,22
1990-10-31,8019,1,3,2,0,0,6,6,6,1,6
1990-11-30,8019,5,7,0,1,1,1,3,5,3,4
1990-12-31,8019,7,2,5,3,0,0,1,5,4,4
1991-01-31,8019,12,3,6,1,0,0,5,0,4,0
1991-02-28,8019,9,2,2,0,0,1,5,3,1,5
1991-03-31,8019,4,1,3,2,2,3,4,3,2,7
1991-04-30,8019,9,1,3,2,0,0,0,4,3,8
1991-05-31,8019,2,10,1,7,0,0,0,0,5,6
1991-06-30,8019,4,3,8,2,0,0,0,2,1,10
1991-07-31,8019,3,1,1,1,0,0,0,1,3,21
1991-08-31,8019,2,2,3,0,0,0,0,0,0,24
1991-09-30,8019,5,0,1,0,1,0,1,2,1,19
1991-10-31,8019,5,4,6,0,0,1,3,2,1,9
1991-11-30,8019,7,1,1,2,1,1,3,7,4,3
1991-12-31,8019,11,2,1,11,2,0,0,0,2,2
1992-01-31,8019,8,4,4,4,2,2,1,0,1,5
1992-02-29,8019,13,0,4,7,2,1,1,1,0,0
1992-03-31,8019,9,5,8,1,0,0,2,2,4,0
1992-04-30,8019,5,6,0,0,0,1,1,3,4,10
1992-05-31,8019,10,4,1,1,1,0,4,0,0,10
1992-06-30,8019,3,2,3,0,0,0,0,3,9,10
1992-07-31,8019,4,3,3,1,0,0,0,0,0,20
1992-08-31,8019,10,1,0,0,0,0,0,1,3,16
1992-09-30,8019,7,2,3,0,0,2,0,1,0,15
1992-10-31,8019,3,1,1,0,0,1,4,6,8,7
1992-11-30,8019,14,1,4,0,0,0,2,3,6,0
1992-12-31,8019,5,1,6,3,3,1,4,3,3,2
1993-01-31,8019,24,1,0,1,1,0,1,0,1,2
1993-02-28,8019,9,2,11,4,0,0,0,0,0,2
1993-03-31,8019,8,2,1,3,3,1,0,1,1,11
1993-04-30,8019,3,1,1,1,1,1,2,5,3,12
1993-05-31,8019,8,1,0,3,2,1,1,3,2,10
1993-06-30,8019,5,2,4,0,0,0,0,0,4,15
1993-07-31,8019,2,6,8,2,0,0,0,0,1,12
1993-08-31,8019,1,3,1,1,0,0,0,0,1,24
1993-09-30,8019,3,1,1,0,0,0,5,2,6,12
1993-10-31,8019,2,4,5,2,0,2,11,2,1,2
1993-11-30,8019,6,2,5,0,2,1,1,6,0,7
1993-12-31,8019,17,2,0,0,0,0,2,8,2,0
1994-01-31,8019,6,7,2,1,0,0,5,8,2,0
1994-02-28,8019,4,0,0,0,0,2,6,5,8,3
1994-03-31,8019,8,1,11,3,0,0,1,0,1,6
1994-04-30,8019,6,2,5,0,0,1,1,2,10,3
1994-05-31,8019,4,1,1,0,0,1,4,2,3,15
1994-06-30,8019,4,3,9,0,0,0,0,0,2,12
1994-07-31,8019,0,1,0,1,0,0,0,0,2,27
1994-08-31,8019,2,2,2,0,0,0,1,1,2,21
1994-09-30,8019,5,2,3,0,0,1,0,3,1,15
1994-10-31,8019,8,0,1,3,1,0,2,3,0,13
1994-11-30,8019,10,1,0,2,2,2,5,4,1,3
1994-12-31,8019,14,3,1,0,2,0,6,0,5,0
1995-01-31,8019,10,7,0,0,0,2,3,3,6,0
1995-02-28,8019,12,3,0,0,1,0,2,6,2,2
1995-03-31,8019,8,4,1,5,2,0,1,3,3,4
1995-04-30,8019,4,1,5,4,2,0,1,1,3,9
1995-05-31,8019,4,2,1,5,2,0,0,4,2,11
1995-06-30,8019,2,3,4,1,0,0,0,0,0,20
1995-07-31,8019,5,2,4,0,0,0,0,0,3,17
1995-08-31,8019,0,5,5,0,0,0,0,0,0,21
1995-09-30,8019,3,6,0,0,0,0,2,3,3,13
1995-10-31,8019,8,0,3,2,0,3,0,0,0,15
1995-11-30,8019,5,1,0,2,2,3,4,4,3,6
1995-12-31,8019,5,2,0,3,0,0,10,1,3,7
1996-01-31,8019,2,0,0,2,4,8,5,3,1,6
1996-02-29,8019,4,1,2,0,0,1,1,6,8,6
1996-03-31,8019,5,1,4,3,3,2,1,4,3,5
1996-04-30,8019,4,5,0,1,3,0,1,1,4,11
1996-05-31,8019,8,2,2,1,0,0,2,3,3,10
1996-06-30,8019,5,2,6,2,1,0,0,0,2,12
1996-07-31,8019,3,2,6,0,0,0,0,0,1,19
1996-08-31,8019,4,3,4,0,0,0,0,0,2,18
1996-09-30,8019,5,1,3,0,0,0,1,6,2,12
1996-10-31,8019,14,4,0,0,0,1,0,4,2,6
1996-11-30,8019,9,0,0,0,0,1,3,7,4,6
1996-12-31,8019,3,3,0,0,0,8,5,2,1,9
1997-01-31,8019,5,2,1,2,5,3,3,2,2,6
1997-02-28,8019,22,0,0,3,0,0,0,2,1,0
1997-03-31,8019,13,2,6,6,0,0,0,0,0,4
1997-04-30,8019,5,0,3,5,0,0,0,2,0,15
1997-05-31,8019,10,1,2,2,1,0,2,2,0,11
1997-06-30,8019,7,4,0,0,0,0,1,3,5,10
1997-07-31,8019,4,8,5,0,0,0,0,0,1,13
1997-08-31,8019,6,0,0,0,0,0,1,0,1,23
1997-09-30,8019,4,2,2,1,0,0,0,0,0,21
1997-10-31,8019,4,3,2,0,2,1,2,2,2,13
1997-11-30,8019,4,0,0,0,0,5,12,4,2,3
1997-12-31,8019,6,3,0,0,0,3,4,6,3,6
1998-01-31,8019,9,2,0,1,6,1,2,4,2,4
1998-02-28,8019,9,2,1,6,3,1,1,0,1,4
1998-03-31,8019,13,4,5,1,2,2,0,1,2,1
1998-04-30,8019,7,0,0,0,0,1,4,10,5,3
1998-05-31,8019,3,3,0,1,2,0,0,1,4,17
1998-06-30,8019,6,2,2,1,2,1,0,1,3,12
1998-07-31,8019,1,4,2,0,0,0,0,2,1,21
1998-08-31,8019,0,6,4,0,0,0,0,0,1,20
1998-09-30,8019,4,0,2,0,0,1,2,4,5,12
1998-10-31,8019,15,2,0,0,0,0,1,3,6,4
1998-11-30,8019,7,4,3,0,0,0,1,3,7,5
1998-12-31,8019,15,1,2,0,0,5,2,2,3,1
1999-01-31,8019,12,1,1,0,2,0,1,4,4,6
1999-02-28,8019,1,5,6,1,0,0,1,2,11,1
1999-03-31,8019,5,5,2,1,1,5,2,5,1,4
1999-04-30,8019,14,4,1,0,0,0,3,2,1,5
1999-05-31,8019,6,3,0,4,0,0,0,2,4,12
1999-06-30,8019,4,8,5,1,0,0,0,0,1,11
1999-07-31,8019,0,2,2,0,0,0,0,0,1,26
1999-08-31,8019,0,1,1,0,0,0,2,0,0,27
1999-09-30,8019,7,0,2,1,0,0,3,4,1,12
1999-10-31,8019,8,0,4,2,0,0,7,2,0,8
1999-11-30,8019,10,3,4,1,0,0,0,0,7,5
1999-12-31,8019,12,3,2,0,1,0,3,5,4,1
2000-01-31,8019,14,2,5,3,0,1,0,0,2,4
2000-02-29,8019,15,3,0,2,3,0,1,1,4,0
2000-03-31,8019,8,4,3,4,2,0,0,1,3,6
2000-04-30,8019,5,0,0,1,2,2,5,8,1,6
2000-05-31,8019,4,1,1,3,0,0,0,0,1,21
2000-06-30,8019,6,2,4,0,0,0,0,0,2,16
2000-07-31,8019,4,5,3,1,0,0,0,2,2,14
2000-08-31,8019,2,2,3,1,0,0,0,0,0,23
2000-09-30,8019,4,1,3,1,0,0,1,4,0,16
2000-10-31,8019,6,0,5,0,0,1,2,5,3,9
2000-11-30,8019,4,0,0,2,0,3,8,8,3,2
2000-12-31,8019,11,0,0,0,2,8,5,4,1,0
2001-01-31,8019,3,0,0,0,0,4,11,2,8,3
2001-02-28,8019,9,3,4,0,0,2,2,4,2,2
2001-03-31,8019,9,0,1,0,1,2,9,6,1,2
2001-04-30,8019,8,5,4,0,1,0,1,2,5,4
2001-05-31,8019,6,6,0,1,0,0,1,0,5,12
2001-06-30,8019,3,3,7,1,0,0,0,1,2,13
2001-07-31,8019,2,2,3,1,0,0,0,0,4,19
2001-08-31,8019,3,2,3,0,0,0,0,0,2,21
2001-09-30,8019,5,3,3,1,0,0,0,2,0,16
2001-10-31,8019,13,0,1,2,1,5,5,1,0,3
2001-11-30,8019,7,6,7,1,0,0,0,0,4,5
2001-12-31,8019,12,2,1,7,0,0,2,0,2,5
2002-01-31,8019,16,1,0,5,4,1,3,1,0,0
2002-02-28,8019,13,4,3,0,0,2,1,2,2,1
2002-03-31,8019,8,3,2,4,0,3,3,0,2,6
2002-04-30,8019,7,0,3,1,0,1,1,1,3,13
2002-05-31,8019,9,2,3,1,1,0,0,0,8,7
2002-06-30,8019,3,4,2,1,0,0,0,3,2,15
2002-07-31,8019,2,10,2,0,0,0,0,0,2,15
2002-08-31,8019,1,1,0,0,0,0,0,0,2,27
2002-09-30,8019,8,0,0,2,0,0,0,1,1,18
2002-10-31,8019,13,0,0,1,0,2,5,5,0,5
2002-11-30,8019,2,2,0,0,0,3,10,7,5,1
2002-12-31,8019,6,2,0,0,1,4,6,4,4,4
2003-01-31,8019,2,9,2,0,0,0,7,5,5,1
2003-02-28,8019,7,3,2,1,4,2,0,4,3,2
2003-03-31,8019,9,0,2,5,5,1,0,2,0,7
2003-04-30,8019,6,6,1,1,1,2,2,1,1,9
2003-05-31,8019,4,7,6,0,0,0,0,0,1,13
2003-06-30,8019,4,0,2,0,0,0,1,0,0,23
2003-07-31,8019,1,3,1,0,0,0,0,1,1,24
2003-08-31,8019,1,0,0,0,0,0,1,1,1,27
2003-09-30,8019,8,2,5,1,0,1,0,0,2,11
2003-10-31,8019,3,3,1,1,0,1,6,2,2,12
2003-11-30,8019,9,0,3,0,0,4,1,5,1,7
2003-12-31,8019,6,5,0,0,4,1,3,5,3,4
2004-01-31,8019,11,2,0,0,0,0,1,6,8,3
2004-02-29,8019,12,1,2,3,0,0,1,3,1,6
2004-03-31,8019,11,4,5,0,0,1,2,0,2,6
2004-04-30,8019,4,4,1,1,0,2,1,4,1,12
2004-05-31,8019,7,2,6,1,0,0,0,3,2,10
2004-06-30,8019,5,3,8,0,0,0,0,1,1,12
2004-07-31,8019,1,2,2,0,0,0,0,0,2,24
2004-08-31,8019,5,0,1,0,0,0,2,2,4,17
2004-09-30,8019,7,3,2,2,0,0,0,0,1,15
2004-10-31,8019,7,0,0,0,0,2,7,6,0,9
2004-11-30,8019,11,7,2,0,2,0,0,0,2,6
2004-12-31,8019,2,8,2,3,0,1,0,3,7,5
2005-01-31,8019,13,5,1,1,2,0,0,0,7,2
2005-02-28,8019,5,4,5,1,0,0,0,2,6,5
2005-03-31,8019,9,2,2,4,1,4,1,1,2,5
2005-04-30,8019,5,4,2,0,3,0,0,3,3,10
2005-05-31,8019,6,2,5,3,1,0,0,0,1,13
2005-06-30,8019,1,1,6,1,0,0,0,0,2,19
2005-07-31,8019,4,4,6,0,0,0,0,0,4,13
2005-08-31,8019,2,8,2,0,0,0,0,0,0,19
2005-09-30,8019,8,2,2,0,0,0,0,3,3,12
2005-10-31,8019,8,0,2,0,1,5,2,0,1,12
2005-11-30,8019,4,4,3,1,2,1,1,3,3,8
2005-12-31,8019,5,6,2,4,0,0,4,4,3,3
2006-01-31,8019,10,4,2,1,2,0,0,1,3,8
2006-02-28,8019,4,4,3,1,0,0,4,4,2,6
2006-03-31,8019,6,1,0,0,1,2,5,4,5,7
2006-04-30,8019,3,5,3,1,1,0,1,0,1,15
2006-05-31,8019,3,4,4,3,0,0,0,0,2,15
2006-06-30,8019,1,1,2,5,0,0,0,0,0,21
2006-07-31,8019,3,1,4,0,0,0,0,0,0,23
2006-08-31,8019,2,7,4,0,0,0,1,1,1,15
2006-09-30,8019,7,0,0,0,1,1,1,3,3,14
2006-10-31,8019,6,1,1,1,2,4,4,1,1,10
2006-11-30,8019,11,0,1,2,3,4,4,3,0,2
2006-12-31,8019,9,8,4,0,2,0,1,5,2,0
2007-01-31,8019,20,1,2,1,0,0,0,3,1,3
2007-02-28,8019,11,0,0,1,0,1,3,8,2,2
2007-03-31,8019,7,3,2,2,0,0,1,3,8,5
2007-04-30,8019,0,3,7,1,0,0,0,1,4,14
2007-05-31,8019,6,2,4,1,0,0,1,3,6,8
2007-06-30,8019,11,4,5,1,0,0,0,0,3,6
2007-07-31,8019,1,5,2,1,1,0,1,0,0,20
2007-08-31,8019,2,8,4,1,0,0,0,0,0,16
2007-09-30,8019,5,2,3,0,0,0,1,0,0,19
2007-10-31,8019,3,7,7,0,0,0,0,0,0,14
2007-11-30,8019,8,6,6,0,0,2,2,0,3,3
2007-12-31,8019,14,2,4,0,4,0,0,4,1,2
2008-01-31,8019,17,0,3,0,0,0,6,4,1,0
2008-02-29,8019,8,0,1,10,4,2,2,0,0,2
2008-03-31,8019,7,4,1,0,1,0,1,7,5,5
2008-04-30,8019,10,1,3,1,0,1,7,2,2,3
2008-05-31,8019,3,1,0,4,0,0,0,3,2,18
2008-06-30,8019,5,5,4,0,0,0,0,1,0,15
2008-07-31,8019,3,4,4,0,0,0,0,0,1,19
2008-08-31,8019,2,1,1,0,0,0,0,0,1,26
2008-09-30,8019,4,3,0,1,0,0,1,1,0,20
2008-10-31,8019,8,1,3,2,0,1,1,1,2,12
2008-11-30,8019,5,5,4,0,0,0,2,5,5,4
2008-12-31,8019,4,1,1,3,1,2,1,8,6,4
2009-01-31,8019,5,3,1,0,0,1,3,10,3,5
2009-02-28,8019,2,2,3,4,1,2,4,4,1,5
2009-03-31,8019,6,1,5,4,0,0,0,2,3,10
2009-04-30,8019,4,0,0,0,0,0,3,3,9,11
2009-05-31,8019,2,3,6,2,2,0,0,0,2,14
2009-06-30,8019,9,1,3,0,0,0,0,3,0,14
2009-07-31,8019,3,1,1,1,0,0,1,1,3,20
2009-08-31,8019,0,4,4,0,0,0,0,0,0,23
2009-09-30,8019,3,2,4,2,0,0,0,0,1,18
2009-10-31,8019,10,2,3,0,1,5,1,1,0,8
2009-11-30,8019,10,0,0,0,0,4,3,10,2,1
2009-12-31,8019,6,2,0,0,0,2,10,4,1,6
2010-01-31,8019,7,3,2,0,0,1,2,9,2,5
2010-02-28,8019,2,1,1,0,3,2,8,4,3,4
2010-03-31,8019,7,5,0,3,4,4,2,2,1,3
2010-04-30,8019,9,2,7,2,0,0,0,0,1,9
2010-05-31,8019,4,1,3,2,0,0,1,0,7,13
2010-06-30,8019,0,5,0,0,0,0,2,0,2,21
2010-07-31,8019,1,3,6,0,0,0,0,0,0,21
2010-08-31,8019,6,5,3,1,0,0,0,1,0,15
2010-09-30,8019,4,2,2,0,0,0,0,1,3,18
2010-10-31,8019,6,3,0,0,0,2,3,2,2,13
2010-11-30,8019,3,1,2,0,0,0,3,11,3,7
2010-12-31,8019,3,2,0,1,2,6,5,3,3,6
2011-01-31,8019,8,2,5,1,0,1,4,2,1,7
2011-02-28,8019,10,6,0,0,0,0,4,5,3,0
2011-03-31,8019,3,3,2,9,2,0,0,4,1,7
2011-04-30,8019,1,5,3,5,3,0,0,0,0,13
2011-05-31,8019,7,3,3,3,1,0,0,1,0,13
2011-06-30,8019,8,3,4,0,0,0,0,0,1,14
2011-07-31,8019,1,6,1,0,0,0,0,0,2,21
2011-08-31,8019,0,1,1,1,0,0,0,0,0,28
2011-09-30,8019,11,2,3,0,0,0,0,0,3,11
2011-10-31,8019,11,5,4,2,0,4,1,0,0,4
2011-11-30,8019,7,1,4,0,5,3,2,2,1,5
2011-12-31,8019,10,3,2,0,0,0,2,6,7,1
2012-01-31,8019,16,4,2,0,0,0,1,1,2,5
2012-02-29,8019,8,14,1,0,0,0,0,0,5,1
2012-03-31,8019,13,5,5,4,1,0,0,0,1,2
2012-04-30,8019,6,0,0,0,0,1,0,9,4,10
2012-05-31,8019,9,1,2,1,2,0,1,1,2,12
2012-06-30,8019,9,2,1,0,0,0,0,1,5,12
2012-07-31,8019,1,4,3,0,0,0,0,0,1,22
2012-08-31,8019,4,2,1,0,0,0,0,0,1,23
2012-09-30,8019,3,2,4,0,0,0,3,1,0,17
2012-10-31,8019,9,0,0,0,1,1,1,3,5,11
2012-11-30,8019,4,2,2,1,2,1,3,3,4,8
2012-12-31,8019,12,1,0,0,0,1,5,6,3,3
2013-01-31,8019,9,1,1,0,0,0,4,11,5,0
2013-02-28,8019,2,1,1,1,0,0,1,5,10,7
2013-03-31,8019,2,1,0,0,3,1,11,7,3,3
2013-04-30,8019,5,4,10,2,0,0,2,2,2,3
2013-05-31,8019,1,6,3,0,0,0,2,3,7,9
2013-06-30,8019,3,5,9,1,0,0,0,0,2,10
2013-07-31,8019,3,0,4,3,0,0,0,1,0,20
2013-08-31,8019,1,6,2,0,0,0,0,0,1,21
2013-09-30,8019,7,0,4,0,0,1,2,1,2,13
2013-10-31,8019,11,2,2,0,0,5,3,0,1,7
2013-11-30,8019,4,10,4,0,0,0,0,5,7,0
2013-12-31,8019,16,2,0,2,3,0,5,2,1,0
2014-01-31,8019,2,0,0,0,2,3,7,12,4,1
2014-02-28,8019,3,0,0,0,1,0,9,10,2,3
2014-03-31,8019,5,2,4,2,2,1,0,7,3,5
2014-04-30,8019,7,1,1,0,0,2,0,5,3,11
2014-05-31,8019,4,5,6,2,0,1,1,0,1,11
2014-06-30,8019,4,6,0,0,0,1,0,0,3,16
2014-07-31,8019,1,8,1,0,0,0,0,0,1,20
2014-08-31,8019,2,2,3,1,0,0,0,1,2,20
2014-09-30,8019,5,0,0,0,0,0,0,0,1,24
2014-10-31,8019,9,2,0,2,0,1,5,2,1,9
2014-11-30,8019,1,0,0,1,5,1,7,7,1,7
2014-12-31,8019,6,6,0,0,0,1,1,1,11,5
2015-01-31,8019,12,2,1,0,0,2,1,7,5,1
2015-02-28,8019,4,2,3,1,0,0,1,6,10,1
2015-03-31,8019,6,6,4,0,1,0,0,1,6,7
2015-04-30,8019,7,0,3,5,4,0,0,1,0,10
2015-05-31,8019,9,6,4,2,0,0,2,1,0,7
2015-06-30,8019,4,3,4,1,0,0,0,0,2,16
2015-07-31,8019,1,2,0,0,0,0,0,0,1,27
2015-08-31,8019,4,2,0,0,0,0,0,2,2,21
2015-09-30,8019,3,3,3,2,0,0,3,1,2,13
2015-10-31,8019,5,4,0,0,1,1,5,1,0,14
2015-11-30,8019,18,2,1,1,2,1,0,0,5,0
2015-12-31,8019,20,0,0,3,2,6,0,0,0,0
2016-01-31,8019,14,2,0,0,1,1,7,5,0,1
2016-02-29,8019,4,2,1,1,1,2,3,9,4,2
2016-03-31,8019,2,3,0,1,0,1,2,5,10,7
2016-04-30,8019,6,7,3,1,0,3,2,1,1,6
2016-05-31,8019,5,3,1,1,1,2,0,4,1,13
2016-06-30,8019,4,6,3,1,1,0,0,1,3,11
2016-07-31,8019,0,4,5,1,0,0,0,0,0,21
2016-08-31,8019,3,3,7,2,0,0,0,0,0,16
2016-09-30,8019,5,3,1,2,1,0,0,1,0,17
2016-10-31,8019,9,0,2,0,0,1,0,1,0,18
2016-11-30,8019,4,1,2,2,1,2,3,3,3,9
2016-12-31,8019,17,1,3,2,2,0,0,0,2,4
2017-01-31,8019,8,7,3,0,0,4,0,1,7,1
2017-02-28,8019,5,1,2,5,2,1,5,3,2,2
2017-03-31,8019,11,1,2,2,2,0,2,2,2,7
2017-04-30,8019,5,1,8,4,1,0,0,0,1,10
2017-05-31,8019,9,2,1,2,2,0,2,0,0,13
2017-06-30,8019,1,2,3,1,0,0,0,2,3,18
2017-07-31,8019,1,5,2,1,0,0,0,0,0,22
2017-08-31,8019,0,5,5,0,0,0,0,0,0,21
2017-09-30,8019,8,3,3,0,0,0,0,0,2,14
2017-10-31,8019,19,1,3,0,2,1,1,1,0,3
2017-11-30,8019,6,7,1,0,0,3,0,1,3,9
2017-12-31,8019,7,7,1,0,0,0,4,8,3,1
2018-01-31,8019,13,1,1,2,0,0,3,2,5,4
2018-02-28,8019,2,6,0,0,0,1,0,4,6,9
2018-03-31,8019,1,0,0,0,0,2,12,9,6,1
2018-04-30,8019,5,4,1,5,1,1,4,5,0,4
2018-05-31,8019,3,3,4,0,0,0,0,0,5,16
2018-06-30,8019,2,0,2,0,0,0,0,0,7,19
2018-07-31,8019,1,1,1,0,0,0,0,0,3,25
2018-08-31,8019,1,2,4,0,0,0,0,0,0,24
2018-09-30,8019,5,2,3,2,0,0,0,0,0,18
2018-10-31,8019,2,8,1,2,1,1,2,1,0,13
2018-11-30,8019,3,1,0,3,0,3,9,3,1,7
2018-12-31,8019,23,0,2,0,0,1,1,2,1,1
2019-01-31,8019,7,8,0,0,0,0,1,6,5,4
2019-02-28,8019,12,2,2,4,4,0,1,2,1,0
2019-03-31,8019,13,2,9,3,1,0,1,1,0,1
2019-04-30,8019,3,1,3,1,1,0,6,2,2,11
2019-05-31,8019,3,6,4,3,0,0,1,0,4,10
2019-06-30,8019,5,6,2,1,0,0,0,0,2,14
2019-07-31,8019,1,2,1,0,0,0,0,0,6,21
2019-08-31,8019,2,3,4,0,0,0,0,0,1,21
2019-09-30,8019,5,2,7,0,0,0,0,0,2,14
2019-10-31,8019,12,1,0,0,1,2,2,6,2,5
2019-11-30,8019,2,0,0,0,0,2,6,14,5,1
2019-12-31,8019,9,1,3,2,0,2,3,4,3,4
2020-01-31,8019,18,3,2,0,0,1,0,3,0,4
2020-02-29,8019,19,1,2,1,1,0,1,2,2,0
2020-03-31,8019,4,1,4,3,0,0,1,3,3,12
2020-04-30,8019,7,1,0,2,1,0,1,2,2,14
2020-05-31,8019,5,3,4,5,0,1,0,2,0,11
2020-06-30,8019,5,4,0,0,0,0,0,2,5,14
2020-07-31,8019,0,5,7,1,0,0,0,0,1,17
2020-08-31,8019,4,4,0,0,0,0,0,0,3,20
2020-09-30,8019,6,1,3,2,0,0,0,1,4,13
2020-10-31,8019,10,2,1,1,1,3,1,6,2,4
2020-11-30,8019,12,1,4,1,2,4,2,0,0,4
2020-12-31,8019,8,2,0,0,0,2,3,14,1,1
2021-01-31,8019,7,2,0,0,0,1,2,10,3,6
2021-02-28,8019,5,0,1,3,3,5,3,4,0,4
2021-03-31,8019,8,6,7,6,1,0,0,0,1,2
2021-04-30,8019,1,5,2,5,2,0,0,0,0,15
2021-05-31,8019,8,1,4,0,0,2,0,2,2,12
2021-06-30,8019,2,5,5,0,0,0,0,2,0,16
2021-07-31,8019,1,2,4,0,0,0,0,0,3,21
2021-08-31,8019,1,3,0,0,0,0,0,0,2,25
2021-09-30,8019,6,4,3,0,1,0,0,0,2,14
2021-10-31,8019,7,1,6,2,1,2,2,0,1,9
2021-11-30,8019,2,8,2,1,0,0,0,7,3,7
2021-12-31,8019,8,0,0,4,2,2,4,6,5,0
1981-01-31,8025,9,6,2,3,0,0,0,2,7,2
1981-02-28,8025,5,3,0,2,0,2,0,3,5,8
1981-03-31,8025,15,1,0,0,0,2,1,3,3,6
1981-04-30,8025,4,3,2,0,0,1,0,1,3,16
1981-05-31,8025,12,0,0,0,4,1,1,3,3,7
1981-06-30,8025,10,2,5,0,0,0,0,0,1,12
1981-07-31,8025,3,5,8,0,0,0,0,0,2,13
1981-08-31,8025,4,3,1,0,0,0,0,0,1,22
1981-09-30,8025,7,0,1,0,0,2,2,2,1,15
1981-10-31,8025,13,0,0,1,0,2,3,2,3,7
1981-11-30,8025,21,0,2,2,2,0,0,0,2,1
1981-12-31,8025,1,2,0,0,0,3,8,12,4,1
1982-01-31,8025,7,2,0,0,1,1,4,3,8,5
1982-02-28,8025,8,1,0,2,3,0,0,2,6,6
1982-03-31,8025,8,3,6,3,1,0,0,0,4,6
1982-04-30,8025,2,8,4,0,0,2,0,0,0,14
1982-05-31,8025,10,3,6,1,0,0,0,0,1,10
1982-06-30,8025,6,0,1,0,0,0,0,1,3,19
1982-07-31,8025,1,1,1,0,0,0,0,0,2,26
1982-08-31,8025,4,4,4,0,0,0,0,0,1,18
1982-09-30,8025,11,2,2,1,0,0,3,1,0,10
1982-10-31,8025,10,1,4,0,0,0,2,6,3,5
1982-11-30,8025,8,1,1,1,1,5,1,4,8,0
1982-12-31,8025,11,1,0,0,0,0,4,7,7,1
1983-01-31,8025,17,3,3,2,3,0,0,0,3,0
1983-02-28,8025,7,2,0,2,2,1,0,3,3,8
1983-03-31,8025,7,4,2,3,2,0,0,3,5,5
1983-04-30,8025,6,1,1,1,2,4,3,6,2,4
1983-05-31,8025,8,0,1,0,0,0,3,3,5,11
1983-06-30,8025,7,5,4,2,0,0,0,0,0,12
1983-07-31,8025,5,0,0,0,0,0,0,0,0,26
1983-08-31,8025,1,4,7,0,0,0,0,0,2,17
1983-09-30,8025,11,2,4,0,1,0,0,0,4,8
1983-10-31,8025,14,0,1,2,3,1,0,1,3,6
1983-11-30,8025,9,0,0,0,4,2,1,1,2,11
1983-12-31,8025,12,1,1,2,1,2,5,4,3,0
1984-01-31,8025,11,2,0,0,0,0,3,10,5,0
1984-02-29,8025,6,4,2,1,0,0,0,3,9,4
1984-03-31,8025,2,5,4,3,0,1,4,4,1,7
1984-04-30,8025,5,2,0,4,2,0,0,4,1,12
1984-05-31,8025,0,4,1,0,0,1,3,9,3,10
1984-06-30,8025,4,1,3,5,0,0,4,0,2,11
1984-07-31,8025,4,0,0,0,0,1,0,0,0,26
1984-08-31,8025,4,3,3,2,0,0,0,0,1,18
1984-09-30,8025,6,0,1,0,0,1,0,1,4,17
1984-10-31,8025,9,4,2,2,0,4,2,3,1,4
1984-11-30,8025,8,0,0,0,1,5,6,3,0,7
1984-12-31,8025,8,5,0,2,5,1,2,3,4,1
1985-01-31,8025,7,5,1,0,0,3,4,4,3,4
1985-02-28,8025,4,0,3,2,3,5,5,3,0,3
1985-03-31,8025,9,8,2,0,0,0,0,7,3,2
1985-04-30,8025,7,5,2,1,0,1,4,1,1,8
1985-05-31,8025,7,1,3,2,0,0,0,2,5,11
1985-06-30,8025,10,3,2,1,0,0,0,0,2,12
1985-07-31,8025,3,0,2,0,0,0,1,0,2,23
1985-08-31,8025,3,3,2,1,0,0,0,0,1,21
1985-09-30,8025,12,1,1,0,1,0,0,0,0,15
1985-10-31,8025,11,3,1,3,1,2,0,0,0,10
1985-11-30,8025,3,2,3,0,0,1,4,3,4,10
1985-12-31,8025,8,2,1,0,2,4,4,3,4,3
1986-01-31,8025,5,2,0,0,0,0,4,13,5,2
1986-02-28,8025,1,0,0,2,0,0,7,12,1,5
1986-03-31,8025,11,6,0,1,0,0,0,3,2,8
1986-04-30,8025,2,2,0,1,0,0,5,2,9,9
1986-05-31,8025,10,2,5,2,0,0,1,1,1,9
1986-06-30,8025,6,8,2,0,0,0,0,0,1,13
1986-07-31,8025,3,2,5,1,0,0,0,0,0,20
1986-08-31,8025,2,4,3,0,0,0,0,2,1,19
1986-09-30,8025,9,3,4,0,0,1,0,0,3,10
1986-10-31,8025,11,2,1,1,0,0,0,1,1,14
1986-11-30,8025,11,4,4,0,1,4,0,3,2,1
1986-12-31,8025,12,3,0,1,2,2,1,4,6,0
1987-01-31,8025,4,3,0,5,1,5,1,3,5,4
1987-02-28,8025,8,2,0,0,0,2,2,5,4,5
1987-03-31,8025,7,1,5,2,0,0,2,2,4,8
1987-04-30,8025,9,1,1,3,1,3,3,2,3,4
1987-05-31,8025,6,6,2,0,1,0,0,0,4,12
1987-06-30,8025,8,0,8,0,0,0,0,1,4,9
1987-07-31,8025,0,5,5,1,0,0,0,2,0,18
1987-08-31,8025,1,1,2,3,0,0,0,0,2,22
1987-09-30,8025,11,1,1,0,0,0,2,0,0,15
1987-10-31,8025,7,0,0,1,1,2,5,5,0,10
1987-11-30,8025,8,1,1,4,1,0,0,6,5,4
1987-12-31,8025,16,0,0,0,2,3,4,1,0,5
1988-01-31,8025,8,0,0,1,0,4,8,5,2,3
1988-02-29,8025,7,6,1,3,2,0,5,2,2,1
1988-03-31,8025,9,4,1,0,0,0,0,4,8,5
1988-04-30,8025,8,0,0,0,1,0,0,2,6,13
1988-05-31,8025,11,3,1,0,0,0,2,0,6,8
1988-06-30,8025,1,3,1,1,2,0,0,1,1,20
1988-07-31,8025,7,4,1,0,0,0,0,2,1,16
1988-08-31,8025,4,2,0,0,0,0,0,0,1,24
1988-09-30,8025,8,4,4,4,0,0,1,0,1,8
1988-10-31,8025,8,0,1,1,5,4,2,1,0,9
1988-11-30,8025,12,0,2,5,4,1,1,1,0,4
1988-12-31,8025,7,13,1,5,0,0,0,3,2,0
1989-01-31,8025,15,0,5,3,3,0,0,1,2,2
1989-02-28,8025,10,2,2,6,1,0,2,4,0,1
1989-03-31,8025,11,6,2,1,3,0,1,2,3,2
1989-04-30,8025,1,2,0,1,1,1,2,6,7,9
1989-05-31,8025,9,1,2,2,0,0,0,1,3,13
1989-06-30,8025,3,0,0,1,0,0,0,1,2,23
1989-07-31,8025,2,2,2,0,0,0,0,0,1,24
1989-08-31,8025,2,2,0,0,0,0,0,0,0,27
1989-09-30,8025,3,3,5,0,0,0,0,0,1,18
1989-10-31,8025,11,1,1,6,3,1,1,0,2,5
1989-11-30,8025,4,0,0,2,7,6,3,4,0,4
1989-12-31,8025,2,0,0,6,5,4,9,1,0,4
1990-01-31,8025,11,5,5,0,0,2,7,0,1,0
1990-02-28,8025,14,0,0,2,4,2,0,6,0,0
1990-03-31,8025,10,4,3,8,3,0,0,0,1,2
1990-04-30,8025,1,3,2,3,0,1,1,0,9,10
1990-05-31,8025,3,2,3,6,1,0,0,0,1,15
1990-06-30,8025,4,1,0,1,0,0,0,0,3,21
1990-07-31,8025,5,0,7,0,0,0,0,0,0,19
1990-08-31,8025,7,2,1,0,0,0,0,0,0,21
1990-09-30,8025,4,0,0,1,0,1,0,2,1,21
1990-10-31,8025,0,3,2,0,0,6,7,6,0,7
1990-11-30,8025,4,6,0,2,1,1,3,5,5,3
1990-12-31,8025,7,2,7,1,0,0,1,5,5,3
1991-01-31,8025,11,3,6,1,0,0,6,0,4,0
1991-02-28,8025,8,3,2,0,1,1,5,3,1,4
1991-03-31,8025,4,2,2,2,2,3,4,3,2,7
1991-04-30,8025,8,2,3,2,0,0,0,4,5,6
1991-05-31,8025,2,7,1,7,0,0,0,0,7,7
1991-06-30,8025,6,3,6,2,0,0,0,2,1,10
1991-07-31,8025,4,0,1,0,0,0,0,1,3,22
1991-08-31,8025,3,2,2,0,0,0,0,0,0,24
1991-09-30,8025,7,1,0,0,1,0,2,1,1,17
1991-10-31,8025,5,4,6,0,1,1,3,2,3,6
1991-11-30,8025,8,1,0,2,1,1,3,7,4,3
1991-12-31,8025,11,2,2,10,2,0,0,0,2,2
1992-01-31,8025,9,4,4,3,2,2,1,0,1,5
1992-02-29,8025,13,1,3,7,2,1,1,1,0,0
1992-03-31,8025,8,5,8,1,0,0,2,2,5,0
1992-04-30,8025,4,5,1,0,0,1,1,3,6,9
1992-05-31,8025,10,4,1,1,1,1,2,0,0,11
1992-06-30,8025,3,2,2,0,0,0,0,3,9,11
1992-07-31,8025,7,3,2,1,0,0,0,0,0,18
1992-08-31,8025,11,1,1,0,0,0,0,2,2,14
1992-09-30,8025,9,1,2,0,1,1,0,1,0,15
1992-10-31,8025,3,0,1,0,0,1,4,6,7,9
1992-11-30,8025,14,1,4,0,0,0,2,3,6,0
1992-12-31,8025,4,1,6,3,3,1,5,3,3,2
1993-01-31,8025,23,1,0,2,2,0,1,0,1,1
1993-02-28,8025,9,3,10,4,0,0,0,0,0,2
1993-03-31,8025,7,3,0,4,3,1,0,1,1,11
1993-04-30,8025,3,1,1,1,1,1,2,5,3,12
1993-05-31,8025,8,1,0,3,2,1,2,2,2,10
1993-06-30,8025,7,2,2,0,0,0,0,0,4,15
1993-07-31,8025,3,5,7,2,0,0,0,0,1,13
1993-08-31,8025,3,3,1,1,0,0,0,0,1,22
1993-09-30,8025,3,1,1,0,0,0,5,2,6,12
1993-10-31,8025,2,3,6,2,0,3,9,2,1,3
1993-11-30,8025,6,2,5,0,2,1,1,6,1,6
1993-12-31,8025,18,1,0,0,0,0,2,8,2,0
1994-01-31,8025,6,7,2,0,1,0,5,8,2,0
1994-02-28,8025,4,0,0,0,0,2,6,5,8,3
1994-03-31,8025,9,2,10,2,0,1,1,0,1,5
1994-04-30,8025,5,3,5,0,0,1,1,3,10,2
1994-05-31,8025,4,0,1,0,0,1,4,2,4,15
1994-06-30,8025,6,4,7,0,0,0,0,0,2,11
1994-07-31,8025,0,0,0,1,0,0,0,0,2,28
1994-08-31,8025,3,2,0,0,0,0,1,1,2,22
1994-09-30,8025,5,2,3,0,0,1,0,3,1,15
1994-10-31,8025,8,0,2,2,2,0,2,3,0,12
1994-11-30,8025,10,1,0,1,3,1,5,4,1,4
1994-12-31,8025,14,3,1,0,2,0,6,0,5,0
1995-01-31,8025,10,7,0,0,0,2,3,3,6,0
1995-02-28,8025,12,3,0,0,1,0,2,6,3,1
1995-03-31,8025,8,4,1,5,2,0,1,3,3,4
1995-04-30,8025,4,1,6,5,2,1,0,1,2,8
1995-05-31,8025,4,2,1,4,3,0,0,4,2,11
1995-06-30,8025,2,2,4,2,0,0,0,0,0,20
1995-07-31,8025,6,2,3,0,0,0,0,1,2,17
1995-08-31,8025,0,4,3,0,0,0,0,0,0,24
1995-09-30,8025,3,6,0,0,0,0,2,4,3,12
1995-10-31,8025,12,0,2,1,3,2,0,0,0,11
1995-11-30,8025,4,2,0,2,2,4,4,4,3,5
1995-12-31,8025,5,2,0,3,0,0,9,2,2,8
1996-01-31,8025,1,0,0,2,5,7,5,4,1,6
1996-02-29,8025,4,2,1,0,0,1,1,6,8,6
1996-03-31,8025,5,1,4,3,3,2,1,4,3,5
1996-04-30,8025,4,5,0,1,3,0,1,1,4,11
1996-05-31,8025,9,2,1,1,0,1,3,2,3,9
1996-06-30,8025,7,3,5,2,1,0,0,1,1,10
1996-07-31,8025,3,2,6,0,0,0,0,0,1,19
1996-08-31,8025,4,4,3,0,0,0,0,0,3,17
1996-09-30,8025,4,1,3,0,0,0,1,6,2,13
1996-10-31,8025,14,3,0,0,0,1,0,5,3,5
1996-11-30,8025,9,0,0,0,0,1,3,8,4,5
1996-12-31,8025,3,3,0,0,0,8,5,2,0,10
1997-01-31,8025,5,2,1,2,5,3,3,2,2,6
1997-02-28,8025,22,0,0,3,0,0,0,2,1,0
1997-03-31,8025,13,3,7,4,0,0,0,0,0,4
1997-04-30,8025,5,0,3,5,1,0,0,2,0,14
1997-05-31,8025,9,1,2,1,2,0,3,2,0,11
1997-06-30,8025,7,4,0,0,0,0,1,3,3,12
1997-07-31,8025,4,6,4,0,0,0,0,0,2,15
1997-08-31,8025,6,0,0,0,0,0,1,1,0,23
1997-09-30,8025,6,2,2,1,0,0,0,0,0,19
1997-10-31,8025,5,4,0,0,2,1,2,2,2,13
1997-11-30,8025,3,0,0,0,0,5,12,4,2,4
1997-12-31,8025,5,3,0,0,0,3,5,6,3,6
1998-01-31,8025,9,2,0,1,6,1,2,4,2,4
1998-02-28,8025,9,2,1,5,4,1,1,0,1,4
1998-03-31,8025,13,4,5,1,2,2,0,1,2,1
1998-04-30,8025,6,0,0,1,0,1,5,10,3,4
1998-05-31,8025,3,3,0,1,2,0,0,1,4,17
1998-06-30,8025,6,2,2,1,2,1,0,2,3,11
1998-07-31,8025,2,2,2,0,0,0,0,2,2,21
1998-08-31,8025,1,6,3,0,0,0,0,0,1,20
1998-09-30,8025,4,0,0,2,0,1,2,4,5,12
1998-10-31,8025,13,0,2,1,0,0,1,4,8,2
1998-11-30,8025,7,3,3,0,0,0,1,3,7,6
1998-12-31,8025,14,1,2,0,0,5,2,2,4,1
1999-01-31,8025,12,2,0,0,2,0,1,4,4,6
1999-02-28,8025,1,8,2,1,0,0,1,2,12,1
1999-03-31,8025,5,5,2,1,2,4,2,5,1,4
1999-04-30,8025,14,3,1,0,0,0,3,2,2,5
1999-05-31,8025,6,3,0,4,0,0,0,2,4,12
1999-06-30,8025,6,8,5,1,0,0,0,0,0,10
1999-07-31,8025,1,1,2,0,0,0,0,0,1,26
1999-08-31,8025,1,1,0,0,0,0,2,0,0,27
1999-09-30,8025,7,1,2,1,0,1,2,4,1,11
1999-10-31,8025,8,1,3,2,0,0,7,2,0,8
1999-11-30,8025,11,3,3,1,0,0,0,0,7,5
1999-12-31,8025,12,3,2,0,0,0,3,6,4,1
2000-01-31,8025,13,3,5,4,0,1,0,0,2,3
2000-02-29,8025,16,3,0,2,2,0,1,2,3,0
2000-03-31,8025,9,5,2,3,2,0,0,1,3,6
2000-04-30,8025,5,0,0,2,2,2,5,8,1,5
2000-05-31,8025,4,1,1,2,0,0,0,0,2,21
2000-06-30,8025,7,3,3,0,0,0,0,0,2,15
2000-07-31,8025,4,5,3,1,0,0,0,2,2,14
2000-08-31,8025,4,2,3,1,0,0,0,0,1,20
2000-09-30,8025,6,1,2,0,0,0,1,4,0,16
2000-10-31,8025,7,0,3,1,0,1,2,5,3,9
2000-11-30,8025,4,0,0,2,0,3,9,7,3,2
2000-12-31,8025,11,0,0,0,2,8,5,4,1,0
2001-01-31,8025,3,0,0,0,0,4,12,2,8,2
2001-02-28,8025,8,3,3,0,0,2,2,4,3,3
2001-03-31,8025,9,1,0,0,1,2,9,6,1,2
2001-04-30,8025,8,5,4,0,1,0,1,2,5,4
2001-05-31,8025,6,6,0,1,0,0,1,0,5,12
2001-06-30,8025,4,4,5,1,0,0,0,1,2,13
2001-07-31,8025,7,1,3,1,0,0,0,0,4,15
2001-08-31,8025,4,1,2,0,0,0,0,1,1,22
2001-09-30,8025,5,1,2,1,0,0,0,2,0,19
2001-10-31,8025,11,0,1,1,3,5,6,1,0,3
2001-11-30,8025,8,5,7,2,0,0,0,0,4,4
2001-12-31,8025,11,2,2,7,0,0,2,0,2,5
2002-01-31,8025,15,0,0,5,4,3,2,1,1,0
2002-02-28,8025,12,5,2,0,0,2,1,2,3,1
2002-03-31,8025,8,3,2,5,1,3,2,0,2,5
2002-04-30,8025,7,0,3,1,0,1,1,1,3,13
2002-05-31,8025,8,1,3,2,1,1,0,1,8,6
2002-06-30,8025,3,3,2,1,0,0,0,3,3,15
2002-07-31,8025,2,10,2,0,0,0,0,0,2,15
2002-08-31,8025,1,1,0,0,0,0,0,0,3,26
2002-09-30,8025,8,0,0,0,2,0,0,1,2,17
2002-10-31,8025,12,0,0,1,0,3,5,6,0,4
2002-11-30,8025,2,1,0,0,0,3,10,8,6,0
2002-12-31,8025,6,2,0,0,1,5,6,4,4,3
2003-01-31,8025,3,9,1,0,0,0,7,5,5,1
2003-02-28,8025,6,3,2,1,4,2,0,4,3,3
2003-03-31,8025,8,0,2,6,5,0,0,2,0,8
2003-04-30,8025,6,6,1,1,1,2,2,1,1,9
2003-05-31,8025,5,7,6,0,0,0,0,0,1,12
2003-06-30,8025,4,0,2,1,0,0,1,0,0,22
2003-07-31,8025,2,3,1,0,0,0,0,1,1,23
2003-08-31,8025,4,0,0,0,0,0,1,1,1,24
2003-09-30,8025,11,1,4,1,0,1,0,1,1,10
2003-10-31,8025,3,3,1,1,0,2,5,2,2,12
2003-11-30,8025,8,1,2,0,1,3,1,5,2,7
2003-12-31,8025,5,5,0,0,4,2,2,5,4,4
2004-01-31,8025,10,2,0,0,0,0,2,7,7,3
2004-02-29,8025,13,1,1,3,0,0,1,3,1,6
2004-03-31,8025,11,4,4,1,0,1,2,1,2,5
2004-04-30,8025,5,5,0,2,0,2,1,4,1,10
2004-05-31,8025,7,1,6,1,0,0,0,3,3,10
2004-06-30,8025,8,3,7,1,0,0,0,1,1,9
2004-07-31,8025,1,2,2,0,0,0,0,0,2,24
2004-08-31,8025,5,0,1,0,0,0,2,2,4,17
2004-09-30,8025,8,3,2,1,2,0,0,0,1,13
2004-10-31,8025,6,0,0,0,0,3,7,6,0,9
2004-11-30,8025,11,7,2,0,1,1,0,0,2,6
2004-12-31,8025,3,8,1,4,0,1,0,3,7,4
2005-01-31,8025,13,5,1,1,2,0,0,1,6,2
2005-02-28,8025,5,5,4,1,0,0,0,2,6,5
2005-03-31,8025,9,2,2,2,2,4,1,2,2,5
2005-04-30,8025,5,2,2,0,3,0,0,4,4,10
2005-05-31,8025,8,3,5,3,1,0,0,0,1,10
2005-06-30,8025,3,1,5,1,0,0,0,0,2,18
2005-07-31,8025,5,4,4,0,0,0,0,0,4,14
2005-08-31,8025,2,6,3,0,0,0,0,0,1,19
2005-09-30,8025,9,2,2,0,0,0,0,3,2,12
2005-10-31,8025,7,2,0,0,1,5,3,0,1,12
2005-11-30,8025,5,3,2,1,2,1,1,4,3,8
2005-12-31,8025,4,5,3,4,0,0,4,5,3,3
2006-01-31,8025,8,4,2,2,2,1,0,1,3,8
2006-02-28,8025,3,4,3,1,0,0,5,4,2,6
2006-03-31,8025,6,1,0,0,1,3,4,4,4,8
2006-04-30,8025,3,6,3,1,1,2,0,0,1,13
2006-05-31,8025,5,3,4,3,0,0,0,0,3,13
2006-06-30,8025,2,2,2,4,1,0,0,0,0,19
2006-07-31,8025,2,0,4,1,1,0,0,0,0,23
2006-08-31,8025,3,4,2,0,0,0,1,1,2,18
2006-09-30,8025,8,0,0,0,1,1,1,3,3,13
2006-10-31,8025,7,1,1,1,2,5,4,1,1,8
2006-11-30,8025,10,1,0,2,4,4,4,3,0,2
2006-12-31,8025,8,8,3,1,2,0,1,6,2,0
2007-01-31,8025,20,1,2,1,0,0,0,3,1,3
2007-02-28,8025,10,0,0,1,0,1,4,8,2,2
2007-03-31,8025,6,4,1,2,0,0,1,5,7,5
2007-04-30,8025,1,3,6,1,0,0,0,1,4,14
2007-05-31,8025,7,2,3,1,0,0,1,4,7,6
2007-06-30,8025,10,4,5,1,0,0,1,0,3,6
2007-07-31,8025,3,4,4,1,2,0,1,0,1,15
2007-08-31,8025,3,9,3,1,0,0,0,0,0,15
2007-09-30,8025,7,1,3,0,0,0,1,0,2,16
2007-10-31,8025,4,6,6,0,0,0,0,0,0,15
2007-11-30,8025,8,7,5,0,0,2,2,0,3,3
2007-12-31,8025,15,2,3,0,4,0,0,4,1,2
2008-01-31,8025,14,0,3,0,0,0,7,6,1,0
2008-02-29,8025,8,0,1,10,5,1,2,0,0,2
2008-03-31,8025,7,5,0,0,1,0,1,7,5,5
2008-04-30,8025,9,1,3,1,0,1,7,3,2,3
2008-05-31,8025,4,1,0,3,0,0,0,3,1,19
2008-06-30,8025,5,5,4,0,0,0,0,1,0,15
2008-07-31,8025,3,4,4,0,0,0,0,0,1,19
2008-08-31,8025,2,0,1,0,0,0,0,0,1,27
2008-09-30,8025,7,3,0,1,0,0,1,1,0,17
2008-10-31,8025,9,0,4,2,1,1,2,1,2,9
2008-11-30,8025,5,5,3,0,0,0,2,5,6,4
2008-12-31,8025,4,1,1,3,1,2,1,8,6,4
2009-01-31,8025,5,4,1,0,0,1,3,10,2,5
2009-02-28,8025,2,3,2,4,1,2,4,4,1,5
2009-03-31,8025,8,1,4,4,0,0,0,2,3,9
2009-04-30,8025,4,1,0,0,0,0,3,3,8,11
2009-05-31,8025,3,3,6,1,1,0,0,0,2,15
2009-06-30,8025,10,2,1,0,0,0,0,3,1,13
2009-07-31,8025,5,2,0,0,0,2,0,1,3,18
2009-08-31,8025,0,4,2,0,0,0,0,0,0,25
2009-09-30,8025,3,3,3,3,0,0,0,0,1,17
2009-10-31,8025,10,2,4,0,1,5,1,1,1,6
2009-11-30,8025,10,0,0,0,0,5,2,11,1,1
2009-12-31,8025,6,1,0,0,0,2,10,4,1,7
2010-01-31,8025,7,3,2,0,0,1,2,9,2,5
2010-02-28,8025,2,1,2,0,3,3,7,4,3,3
2010-03-31,8025,7,5,0,3,4,5,1,2,1,3
2010-04-30,8025,9,2,7,2,0,0,0,0,0,10
2010-05-31,8025,4,1,4,1,0,1,0,0,7,13
2010-06-30,8025,0,4,0,0,0,0,2,0,2,22
2010-07-31,8025,1,3,5,0,0,0,0,0,0,22
2010-08-31,8025,7,6,1,0,0,0,0,1,0,16
2010-09-30,8025,5,2,1,0,0,0,0,1,3,18
2010-10-31,8025,6,2,0,0,0,2,3,1,3,14
2010-11-30,8025,3,1,2,0,0,1,3,12,2,6
2010-12-31,8025,4,2,0,1,1,6,5,3,4,5
2011-01-31,8025,8,2,5,1,0,4,1,2,1,7
2011-02-28,8025,9,6,0,0,0,1,4,5,3,0
2011-03-31,8025,4,2,2,8,3,0,0,4,2,6
2011-04-30,8025,1,4,3,5,3,0,0,0,1,13
2011-05-31,8025,7,3,3,2,1,1,0,1,0,13
2011-06-30,8025,8,2,4,0,0,0,0,0,3,13
2011-07-31,8025,1,4,1,0,0,0,0,0,3,22
2011-08-31,8025,0,1,1,1,0,0,0,0,0,28
2011-09-30,8025,11,2,2,1,0,0,0,0,3,11
2011-10-31,8025,11,6,3,2,0,4,1,0,0,4
2011-11-30,8025,7,1,4,0,6,3,2,2,1,4
2011-12-31,8025,8,3,3,0,0,1,3,6,7,0
2012-01-31,8025,16,4,1,0,0,0,1,1,3,5
2012-02-29,8025,8,15,0,0,0,0,0,0,5,1
2012-03-31,8025,13,7,3,4,1,0,0,0,1,2
2012-04-30,8025,4,0,0,0,0,1,0,11,4,10
2012-05-31,8025,10,1,1,1,2,0,2,2,2,10
2012-06-30,8025,9,2,1,0,0,0,0,2,5,11
2012-07-31,8025,1,4,3,0,0,0,0,0,1,22
2012-08-31,8025,5,3,0,0,0,0,0,0,2,21
2012-09-30,8025,3,2,3,0,0,0,3,1,0,18
2012-10-31,8025,8,0,0,0,1,3,1,3,5,10
2012-11-30,8025,4,2,2,1,2,1,3,4,3,8
2012-12-31,8025,12,0,0,0,0,1,6,5,4,3
2013-01-31,8025,5,1,1,0,0,0,4,12,8,0
2013-02-28,8025,2,0,1,1,1,0,1,5,11,6
2013-03-31,8025,2,1,1,0,3,2,9,8,3,2
2013-04-30,8025,7,4,7,2,0,0,2,3,2,3
2013-05-31,8025,1,7,3,0,0,0,1,3,7,9
2013-06-30,8025,4,4,9,1,0,0,0,0,2,10
2013-07-31,8025,4,2,2,3,0,0,0,1,0,19
2013-08-31,8025,2,6,1,0,0,0,0,0,1,21
2013-09-30,8025,5,1,4,0,0,2,2,1,1,14
2013-10-31,8025,13,1,1,0,0,4,3,0,1,8
2013-11-30,8025,4,11,3,0,0,0,0,5,6,1
2013-12-31,8025,16,2,1,1,3,0,5,2,1,0
2014-01-31,8025,2,0,0,0,2,4,6,12,4,1
2014-02-28,8025,3,0,0,0,0,2,10,8,2,3
2014-03-31,8025,6,2,4,1,2,1,0,7,3,5
2014-04-30,8025,6,1,1,0,0,2,0,5,4,11
2014-05-31,8025,4,5,5,3,0,1,1,0,2,10
2014-06-30,8025,5,6,0,0,0,1,0,0,3,15
2014-07-31,8025,1,7,0,0,0,0,0,0,2,21
2014-08-31,8025,3,1,2,1,0,0,0,1,3,20
2014-09-30,8025,6,0,0,0,0,1,1,1,0,21
2014-10-31,8025,8,2,0,1,1,2,7,1,1,8
2014-11-30,8025,2,0,0,1,5,1,8,6,1,6
2014-12-31,8025,5,5,0,0,1,1,1,1,12,5
2015-01-31,8025,12,2,1,0,0,2,1,7,5,1
2015-02-28,8025,3,2,3,1,1,0,1,7,9,1
2015-03-31,8025,5,6,5,0,1,0,0,1,6,7
2015-04-30,8025,7,0,5,4,4,0,0,1,1,8
2015-05-31,8025,9,7,3,1,0,1,1,1,0,8
2015-06-30,8025,5,3,3,1,0,0,0,0,3,15
2015-07-31,8025,3,2,0,0,0,0,0,0,1,25
2015-08-31,8025,5,2,0,0,0,0,1,1,2,20
2015-09-30,8025,4,2,3,2,0,0,3,1,4,11
2015-10-31,8025,5,4,0,0,2,1,4,1,1,13
2015-11-30,8025,18,1,0,1,2,1,0,1,6,0
2015-12-31,8025,19,0,0,1,4,6,1,0,0,0
2016-01-31,8025,14,1,0,0,1,1,7,5,1,1
2016-02-29,8025,4,2,1,1,1,2,3,8,4,3
2016-03-31,8025,2,3,0,1,0,1,2,5,10,7
2016-04-30,8025,7,7,2,1,0,4,1,1,1,6
2016-05-31,8025,5,3,1,1,2,2,0,4,1,12
2016-06-30,8025,5,5,2,1,1,0,0,2,3,11
2016-07-31,8025,0,3,5,1,0,0,0,0,0,22
2016-08-31,8025,3,3,7,2,0,0,0,0,0,16
2016-09-30,8025,6,3,1,2,1,0,0,1,0,16
2016-10-31,8025,11,0,2,0,0,2,0,1,0,15
2016-11-30,8025,3,1,2,2,1,2,3,4,2,10
2016-12-31,8025,17,1,4,1,2,0,0,0,2,4
2017-01-31,8025,9,5,3,0,0,3,0,1,9,1
2017-02-28,8025,6,1,2,5,2,2,3,3,2,2
2017-03-31,8025,12,1,2,2,2,1,1,2,2,6
2017-04-30,8025,5,2,8,4,1,0,0,0,1,9
2017-05-31,8025,10,2,0,3,2,0,2,0,0,12
2017-06-30,8025,1,1,3,0,0,0,0,2,3,20
2017-07-31,8025,3,4,2,0,1,0,0,0,0,21
2017-08-31,8025,0,5,4,0,0,0,0,0,1,21
2017-09-30,8025,9,4,2,0,0,0,0,2,1,12
2017-10-31,8025,20,2,1,0,2,2,0,1,0,3
2017-11-30,8025,6,6,0,0,0,3,0,0,4,11
2017-12-31,8025,5,7,1,1,1,1,3,8,4,0
2018-01-31,8025,11,1,1,2,0,0,4,3,5,4
2018-02-28,8025,2,5,1,0,0,1,0,4,5,10
2018-03-31,8025,1,0,0,0,0,4,10,11,5,0
2018-04-30,8025,5,4,2,3,2,1,4,5,0,4
2018-05-31,8025,3,4,4,0,0,0,0,0,5,15
2018-06-30,8025,2,1,2,0,0,0,0,0,6,19
2018-07-31,8025,1,1,0,0,0,0,0,0,4,25
2018-08-31,8025,2,0,2,0,0,0,0,0,0,27
2018-09-30,8025,8,1,3,2,0,0,0,0,0,16
2018-10-31,8025,3,8,1,2,1,3,1,1,1,10
2018-11-30,8025,3,1,0,3,0,3,10,3,1,6
2018-12-31,8025,22,0,2,0,1,1,1,2,1,1
2019-01-31,8025,6,7,1,0,0,0,2,5,6,4
2019-02-28,8025,13,2,1,3,5,0,1,2,1,0
2019-03-31,8025,12,3,8,2,1,0,1,2,1,1
2019-04-30,8025,3,1,3,1,1,1,5,3,1,11
2019-05-31,8025,3,5,4,3,0,0,1,0,4,11
2019-06-30,8025,5,5,2,1,0,0,0,0,2,15
2019-07-31,8025,2,2,1,0,0,0,0,0,6,20
2019-08-31,8025,3,3,3,0,0,0,0,0,1,21
2019-09-30,8025,7,3,5,0,0,0,0,0,2,13
2019-10-31,8025,11,1,0,0,1,2,4,4,2,6
2019-11-30,8025,1,0,0,0,0,2,7,14,5,1
2019-12-31,8025,9,1,2,3,0,2,3,5,2,4
2020-01-31,8025,15,3,2,0,0,2,2,3,0,4
2020-02-29,8025,20,0,3,0,1,0,1,2,2,0
2020-03-31,8025,4,1,4,3,0,0,1,3,3,12
2020-04-30,8025,7,1,0,2,2,0,2,1,2,13
2020-05-31,8025,5,3,4,5,0,1,0,2,0,11
2020-06-30,8025,5,2,0,0,0,0,1,3,5,14
2020-07-31,8025,1,5,6,1,0,0,0,0,1,17
2020-08-31,8025,4,3,0,0,0,0,0,0,5,19
2020-09-30,8025,5,1,1,1,1,0,1,2,3,15
2020-10-31,8025,11,3,0,0,1,4,1,6,2,3
2020-11-30,8025,11,1,5,1,3,4,1,0,0,4
2020-12-31,8025,8,2,0,0,0,2,4,13,1,1
2021-01-31,8025,5,2,0,0,0,2,2,10,4,6
2021-02-28,8025,5,0,1,3,3,5,3,4,0,4
2021-03-31,8025,9,7,7,6,1,0,0,1,0,0
2021-04-30,8025,1,5,2,4,4,0,0,0,0,14
2021-05-31,8025,10,0,3,0,1,1,0,3,2,11
2021-06-30,8025,4,4,5,0,0,0,0,2,1,14
2021-07-31,8025,1,3,3,0,0,0,0,0,3,21
2021-08-31,8025,2,2,0,0,0,0,0,0,2,25
2021-09-30,8025,5,4,3,0,1,1,0,0,2,14
2021-10-31,8025,10,1,5,2,1,2,2,0,1,7
2021-11-30,8025,2,8,2,1,0,0,0,8,2,7
2021-12-31,8025,7,0,0,4,2,3,4,7,4,0
1981-01-31,8414A,7,3,4,2,0,0,0,4,8,3
1981-02-28,8414A,4,3,2,3,1,2,0,4,4,5
1981-03-31,8414A,17,1,1,0,0,2,3,2,3,2
1981-04-30,8414A,4,2,4,0,0,1,0,2,3,14
1981-05-31,8414A,11,0,1,0,5,2,1,4,3,4
1981-06-30,8414A,6,0,14,0,0,0,0,0,1,9
1981-07-31,8414A,2,4,9,1,2,0,0,0,2,11
1981-08-31,8414A,2,3,1,3,0,0,0,0,1,21
1981-09-30,8414A,7,0,2,2,0,1,2,2,1,13
1981-10-31,8414A,12,0,2,1,0,2,3,2,2,7
1981-11-30,8414A,15,1,5,3,3,0,0,0,2,1
1981-12-31,8414A,1,3,0,0,0,3,8,12,3,1
1982-01-31,8414A,8,3,0,3,1,0,4,3,7,2
1982-02-28,8414A,7,1,0,3,3,0,0,2,5,7
1982-03-31,8414A,11,3,5,2,1,0,0,0,4,5
1982-04-30,8414A,3,7,6,0,1,1,0,0,0,12
1982-05-31,8414A,8,3,7,3,0,0,0,0,0,10
1982-06-30,8414A,8,1,2,0,1,0,0,2,2,14
1982-07-31,8414A,2,2,1,0,0,0,0,1,0,25
1982-08-31,8414A,4,3,6,0,0,0,0,0,0,18
1982-09-30,8414A,10,1,4,3,1,3,0,1,0,7
1982-10-31,8414A,11,0,6,0,0,0,2,7,1,4
1982-11-30,8414A,7,3,0,2,1,5,2,4,5,1
1982-12-31,8414A,10,1,0,0,0,0,4,9,7,0
1983-01-31,8414A,17,3,3,2,2,0,0,1,3,0
1983-02-28,8414A,8,0,0,2,3,1,0,3,2,9
1983-03-31,8414A,6,4,4,3,2,0,0,3,5,4
1983-04-30,8414A,5,1,1,2,1,6,5,4,2,3
1983-05-31,8414A,7,0,1,0,0,0,3,6,3,11
1983-06-30,8414A,5,6,6,3,1,0,0,0,0,9
1983-07-31,8414A,7,0,0,0,0,0,0,0,0,24
1983-08-31,8414A,1,2,7,0,0,0,0,0,2,19
1983-09-30,8414A,12,2,4,1,1,0,0,0,2,8
1983-10-31,8414A,12,2,2,4,2,1,0,1,1,6
1983-11-30,8414A,8,1,0,2,6,1,0,1,2,9
1983-12-31,8414A,7,1,6,2,1,2,5,3,3,1
1984-01-31,8414A,11,2,0,0,0,0,4,11,3,0
1984-02-29,8414A,6,4,3,0,0,0,1,4,7,4
1984-03-31,8414A,3,4,5,3,1,1,3,4,1,6
1984-04-30,8414A,4,2,0,6,2,0,0,3,2,11
1984-05-31,8414A,0,3,1,0,0,2,1,8,2,14
1984-06-30,8414A,2,2,6,5,0,0,4,3,0,8
1984-07-31,8414A,2,0,7,3,1,0,0,0,0,18
1984-08-31,8414A,2,4,6,2,0,0,0,0,1,16
1984-09-30,8414A,7,0,2,1,0,1,0,2,3,14
1984-10-31,8414A,8,4,2,3,1,4,3,2,1,3
1984-11-30,8414A,8,0,0,0,1,6,4,3,0,8
1984-12-31,8414A,6,6,1,4,3,1,2,4,2,2
1985-01-31,8414A,6,5,1,0,0,3,3,5,3,5
1985-02-28,8414A,5,0,2,3,4,3,4,3,0,4
1985-03-31,8414A,8,8,2,0,0,0,1,8,3,1
1985-04-30,8414A,6,5,2,1,0,1,4,1,1,9
1985-05-31,8414A,6,0,3,1,0,0,0,2,5,14
1985-06-30,8414A,10,1,2,2,0,0,0,0,3,12
1985-07-31,8414A,0,1,7,2,1,0,1,0,1,18
1985-08-31,8414A,4,0,4,1,1,0,0,0,1,20
1985-09-30,8414A,8,0,8,1,1,0,0,0,0,12
1985-10-31,8414A,9,3,2,5,2,1,0,0,0,9
1985-11-30,8414A,4,3,3,0,0,1,2,3,3,11
1985-12-31,8414A,11,2,0,0,2,4,3,2,4,3
1986-01-31,8414A,6,0,0,0,0,0,5,11,5,4
1986-02-28,8414A,1,1,0,2,1,0,6,7,2,8
1986-03-31,8414A,11,3,1,1,1,0,0,4,0,10
1986-04-30,8414A,2,1,0,1,0,1,5,3,9,8
1986-05-31,8414A,11,0,6,2,0,0,2,1,0,9
1986-06-30,8414A,7,5,3,1,0,0,0,0,1,13
1986-07-31,8414A,0,2,11,2,0,0,0,0,0,16
1986-08-31,8414A,5,3,3,0,0,0,0,1,0,19
1986-09-30,8414A,4,2,9,0,0,2,0,0,3,10
1986-10-31,8414A,11,0,5,3,0,0,0,1,1,10
1986-11-30,8414A,11,4,4,0,2,3,0,3,2,1
1986-12-31,8414A,14,4,0,0,0,2,1,5,5,0
1987-01-31,8414A,4,3,1,4,1,4,1,4,4,5
1987-02-28,8414A,8,3,0,0,0,2,2,6,2,5
1987-03-31,8414A,9,0,5,3,0,0,1,1,5,7
1987-04-30,8414A,9,1,1,3,3,4,2,2,2,3
1987-05-31,8414A,5,6,2,1,1,0,0,0,3,13
1987-06-30,8414A,11,0,8,0,0,0,0,2,2,7
1987-07-31,8414A,1,5,7,3,0,0,0,2,0,13
1987-08-31,8414A,1,0,5,2,0,0,0,0,1,22
1987-09-30,8414A,9,0,4,3,0,1,2,0,0,11
1987-10-31,8414A,7,0,0,2,3,3,5,4,0,7
1987-11-30,8414A,8,2,1,5,1,0,1,3,5,4
1987-12-31,8414A,16,0,0,0,2,3,3,0,0,7
1988-01-31,8414A,8,0,0,2,1,4,7,5,2,2
1988-02-29,8414A,6,6,1,4,2,0,5,2,2,1
1988-03-31,8414A,9,4,1,1,0,0,0,4,7,5
1988-04-30,8414A,8,1,0,0,2,0,0,2,5,12
1988-05-31,8414A,8,4,2,2,0,1,1,1,2,10
1988-06-30,8414A,1,4,3,1,2,0,0,0,0,19
1988-07-31,8414A,5,3,8,4,0,0,0,4,1,6
1988-08-31,8414A,3,4,2,2,2,0,0,0,0,18
1988-09-30,8414A,11,4,7,3,0,0,1,0,0,4
1988-10-31,8414A,9,0,2,2,6,1,2,1,0,8
1988-11-30,8414A,7,2,3,8,3,1,1,1,0,4
1988-12-31,8414A,8,11,1,4,0,0,0,4,3,0
1989-01-31,8414A,19,0,3,1,4,0,1,0,1,2
1989-02-28,8414A,10,1,2,5,1,1,3,4,0,1
1989-03-31,8414A,12,5,2,1,3,0,1,2,2,3
1989-04-30,8414A,2,2,0,0,2,3,2,7,5,7
1989-05-31,8414A,7,0,4,3,0,0,0,1,3,13
1989-06-30,8414A,4,0,1,1,0,0,0,1,1,22
1989-07-31,8414A,0,1,7,0,0,0,0,0,0,23
1989-08-31,8414A,2,2,1,0,0,0,0,0,0,26
1989-09-30,8414A,6,2,9,0,0,0,0,0,0,13
1989-10-31,8414A,8,2,5,7,3,1,1,0,1,3
1989-11-30,8414A,4,0,0,4,6,5,3,4,0,4
1989-12-31,8414A,3,0,0,7,5,6,7,0,0,3
1990-01-31,8414A,12,4,5,0,0,1,7,1,0,1
1990-02-28,8414A,16,0,0,2,2,1,0,7,0,0
1990-03-31,8414A,7,5,5,8,3,0,0,0,2,1
1990-04-30,8414A,2,2,2,3,1,0,1,0,6,13
1990-05-31,8414A,3,2,3,8,0,0,0,0,1,14
1990-06-30,8414A,5,1,0,2,0,0,0,0,3,19
1990-07-31,8414A,3,0,9,1,0,0,0,0,0,18
1990-08-31,8414A,2,1,3,2,0,0,0,0,0,23
1990-09-30,8414A,3,0,1,1,1,0,0,2,1,21
1990-10-31,8414A,1,3,2,0,1,6,7,5,0,6
1990-11-30,8414A,4,6,2,1,2,0,4,4,4,3
1990-12-31,8414A,6,1,9,1,0,0,1,5,5,3
1991-01-31,8414A,13,3,7,0,0,0,5,0,3,0
1991-02-28,8414A,10,1,2,0,1,1,4,4,1,4
1991-03-31,8414A,5,2,4,0,2,3,4,2,1,8
1991-04-30,8414A,7,3,4,3,0,0,0,4,3,6
1991-05-31,8414A,1,7,5,5,0,0,0,0,6,7
1991-06-30,8414A,7,4,5,4,0,0,0,2,1,7
1991-07-31,8414A,3,0,4,2,0,0,0,2,2,18
1991-08-31,8414A,4,2,2,0,0,0,0,0,0,23
1991-09-30,8414A,7,1,1,2,1,0,2,1,1,14
1991-10-31,8414A,7,2,6,1,1,0,4,0,2,8
1991-11-30,8414A,7,1,1,2,2,1,3,7,5,1
1991-12-31,8414A,10,3,3,9,2,0,0,0,2,2
1992-01-31,8414A,8,4,4,4,1,2,1,1,1,5
1992-02-29,8414A,11,2,6,5,3,0,1,1,0,0
1992-03-31,8414A,10,5,6,0,1,0,3,2,4,0
1992-04-30,8414A,6,6,1,0,0,1,2,3,4,7
1992-05-31,8414A,7,4,2,3,2,1,1,0,0,11
1992-06-30,8414A,3,2,2,0,0,0,0,3,6,14
1992-07-31,8414A,5,2,2,2,0,0,0,0,0,20
1992-08-31,8414A,14,0,2,2,1,0,0,2,1,9
1992-09-30,8414A,9,0,3,1,1,0,1,0,0,15
1992-10-31,8414A,4,1,1,0,0,1,2,5,6,11
1992-11-30,8414A,15,1,3,0,0,0,2,4,5,0
1992-12-31,8414A,6,1,7,2,3,1,5,2,2,2
1993-01-31,8414A,25,2,0,2,0,0,1,0,0,1
1993-02-28,8414A,6,4,9,5,2,0,0,0,0,2
1993-03-31,8414A,9,2,2,2,4,1,0,0,0,11
1993-04-30,8414A,3,1,1,1,2,0,3,5,3,11
1993-05-31,8414A,8,0,0,3,2,1,2,3,2,10
1993-06-30,8414A,7,1,3,0,0,0,0,1,3,15
1993-07-31,8414A,0,4,9,4,0,0,0,0,1,13
1993-08-31,8414A,2,3,2,2,0,0,0,0,2,20
1993-09-30,8414A,5,0,1,0,0,1,5,2,3,13
1993-10-31,8414A,1,3,7,2,0,4,8,2,1,3
1993-11-30,8414A,6,1,6,3,0,2,0,6,0,6
1993-12-31,8414A,18,1,0,0,0,0,2,8,1,1
1994-01-31,8414A,8,6,2,0,0,0,5,8,2,0
1994-02-28,8414A,3,1,0,1,0,2,6,6,6,3
1994-03-31,8414A,14,5,5,2,0,1,0,0,0,4
1994-04-30,8414A,4,2,4,2,0,2,0,5,8,3
1994-05-31,8414A,4,0,1,1,0,2,4,2,2,15
1994-06-30,8414A,3,5,7,3,0,0,0,0,2,10
1994-07-31,8414A,0,3,1,0,0,0,0,0,0,27
1994-08-31,8414A,5,0,3,0,0,0,1,1,1,20
1994-09-30,8414A,5,1,3,0,0,1,0,2,0,18
1994-10-31,8414A,8,0,2,2,2,0,2,3,0,12
1994-11-30,8414A,9,1,1,2,2,1,5,4,1,4
1994-12-31,8414A,14,3,0,1,2,1,5,1,4,0
1995-01-31,8414A,8,5,0,0,0,2,4,5,7,0
1995-02-28,8414A,14,1,1,0,0,0,2,6,3,1
1995-03-31,8414A,8,4,4,3,3,0,0,4,3,2
1995-04-30,8414A,2,1,10,5,1,0,1,3,1,6
1995-05-31,8414A,5,2,1,4,3,0,1,3,2,10
1995-06-30,8414A,3,2,4,2,0,0,0,0,1,18
1995-07-31,8414A,5,2,5,1,0,0,0,1,2,15
1995-08-31,8414A,0,5,6,0,0,0,0,0,0,20
1995-09-30,8414A,4,5,0,0,0,0,2,2,2,15
1995-10-31,8414A,9,0,4,3,5,2,0,0,0,8
1995-11-30,8414A,5,2,0,2,2,3,4,4,3,5
1995-12-31,8414A,4,2,0,3,0,1,10,1,2,8
1996-01-31,8414A,1,0,0,4,4,7,5,4,1,5
1996-02-29,8414A,3,2,1,0,0,2,1,7,8,5
1996-03-31,8414A,5,2,5,3,2,2,1,4,2,5
1996-04-30,8414A,6,4,0,0,3,0,1,1,4,11
1996-05-31,8414A,6,1,3,1,2,0,3,2,1,12
1996-06-30,8414A,5,2,9,2,1,0,0,1,1,9
1996-07-31,8414A,3,2,8,1,0,0,0,0,1,16
1996-08-31,8414A,5,2,3,0,0,0,0,0,1,20
1996-09-30,8414A,3,0,7,0,0,0,2,4,2,12
1996-10-31,8414A,12,4,1,0,1,1,0,2,4,6
1996-11-30,8414A,9,0,0,0,0,2,2,9,2,6
1996-12-31,8414A,3,3,0,0,0,8,4,3,0,10
1997-01-31,8414A,5,1,2,2,6,2,2,2,2,7
1997-02-28,8414A,23,0,0,2,0,0,0,2,1,0
1997-03-31,8414A,12,3,8,3,0,0,0,0,1,4
1997-04-30,8414A,5,0,6,5,1,0,0,1,1,11
1997-05-31,8414A,8,1,3,3,1,2,2,3,0,8
1997-06-30,8414A,9,3,1,0,0,0,1,2,2,12
1997-07-31,8414A,4,5,7,1,0,0,0,0,1,13
1997-08-31,8414A,5,0,1,0,0,0,1,1,0,23
1997-09-30,8414A,2,1,4,5,0,0,0,0,0,18
1997-10-31,8414A,4,3,2,0,2,2,2,1,1,14
1997-11-30,8414A,3,0,0,1,1,4,12,4,2,3
1997-12-31,8414A,7,3,0,0,0,4,4,6,3,4
1998-01-31,8414A,9,2,0,1,6,1,2,5,1,4
1998-02-28,8414A,8,2,2,6,3,2,0,0,1,4
1998-03-31,8414A,11,5,6,2,2,2,0,1,2,0
1998-04-30,8414A,6,0,0,1,0,1,6,11,2,3
1998-05-31,8414A,3,3,0,1,3,0,1,1,4,15
1998-06-30,8414A,7,1,2,1,2,1,0,1,1,14
1998-07-31,8414A,2,3,5,1,0,0,0,2,1,17
1998-08-31,8414A,1,6,6,1,2,0,0,0,0,15
1998-09-30,8414A,6,0,2,2,0,1,2,6,2,9
1998-10-31,8414A,16,0,1,1,0,0,1,5,4,3
1998-11-30,8414A,7,4,4,0,0,0,2,5,5,3
1998-12-31,8414A,13,1,3,0,0,5,2,2,4,1
1999-01-31,8414A,14,2,1,0,3,0,1,3,3,4
1999-02-28,8414A,1,8,3,1,0,0,1,5,8,1
1999-03-31,8414A,4,6,2,1,3,4,2,5,1,3
1999-04-30,8414A,11,3,2,0,0,1,3,4,2,4
1999-05-31,8414A,7,2,1,3,0,0,0,3,3,12
1999-06-30,8414A,8,5,10,0,0,0,0,0,0,7
1999-07-31,8414A,1,1,7,0,0,0,0,0,1,21
1999-08-31,8414A,4,2,1,0,0,0,1,0,0,23
1999-09-30,8414A,7,0,2,1,0,1,4,3,0,12
1999-10-31,8414A,8,1,5,2,0,2,6,1,0,6
1999-11-30,8414A,10,5,4,2,0,0,0,1,5,3
1999-12-31,8414A,11,3,2,0,0,1,3,6,4,1
2000-01-31,8414A,14,5,4,4,0,0,0,0,1,3
2000-02-29,8414A,18,2,0,1,3,0,1,2,2,0
2000-03-31,8414A,7,3,5,2,2,0,0,2,2,8
2000-04-30,8414A,5,0,1,2,1,3,5,8,1,4
2000-05-31,8414A,4,0,2,3,0,0,0,0,1,21
2000-06-30,8414A,7,3,6,2,2,0,0,0,2,8
2000-07-31,8414A,3,4,3,5,0,0,0,3,3,10
2000-08-31,8414A,3,2,4,1,0,0,0,0,0,21
2000-09-30,8414A,6,0,4,1,0,0,2,3,0,14
2000-10-31,8414A,6,1,2,4,1,0,3,4,3,7
2000-11-30,8414A,5,0,0,1,0,5,8,7,2,2
2000-12-31,8414A,11,0,0,0,3,7,5,5,0,0
2001-01-31,8414A,2,1,0,0,0,5,11,2,6,4
2001-02-28,8414A,6,3,5,0,0,2,4,2,3,3
2001-03-31,8414A,6,1,0,0,1,3,8,9,1,2
2001-04-30,8414A,10,4,3,1,0,0,1,4,2,5
2001-05-31,8414A,4,4,3,2,0,0,2,0,5,11
2001-06-30,8414A,2,3,8,2,0,0,0,0,2,13
2001-07-31,8414A,5,3,4,3,0,0,0,1,2,13
2001-08-31,8414A,4,1,3,0,0,0,0,1,0,22
2001-09-30,8414A,6,3,5,2,0,1,0,2,0,11
2001-10-31,8414A,11,0,1,3,3,4,5,0,0,4
2001-11-30,8414A,8,4,8,2,0,0,0,0,5,3
2001-12-31,8414A,11,2,4,6,0,0,2,0,1,5
2002-01-31,8414A,16,0,0,6,2,3,2,1,1,0
2002-02-28,8414A,13,3,2,0,0,2,1,2,3,2
2002-03-31,8414A,8,2,4,4,2,2,2,0,3,4
2002-04-30,8414A,7,2,4,1,0,1,1,1,2,11
2002-05-31,8414A,10,0,2,4,1,0,0,1,6,7
2002-06-30,8414A,2,1,2,5,1,0,0,5,1,13
2002-07-31,8414A,3,7,2,2,0,0,0,0,2,15
2002-08-31,8414A,1,1,1,0,0,0,0,0,2,26
2002-09-30,8414A,7,0,1,3,0,0,0,0,2,17
2002-10-31,8414A,10,0,1,1,2,3,4,4,1,5
2002-11-30,8414A,3,1,0,0,0,3,8,6,6,3
2002-12-31,8414A,7,2,0,0,1,5,6,3,4,3
2003-01-31,8414A,4,9,0,0,0,0,7,4,5,2
2003-02-28,8414A,8,3,2,1,3,2,0,4,2,3
2003-03-31,8414A,9,0,1,6,6,0,0,2,0,7
2003-04-30,8414A,7,5,2,1,1,3,2,1,1,7
2003-05-31,8414A,7,6,7,2,0,0,0,0,0,9
2003-06-30,8414A,5,0,3,2,0,0,1,0,0,19
2003-07-31,8414A,4,1,5,0,0,0,0,1,1,19
2003-08-31,8414A,3,0,1,0,0,0,1,2,1,23
2003-09-30,8414A,7,0,8,2,1,1,0,1,1,9
2003-10-31,8414A,3,4,1,1,0,4,2,4,1,11
2003-11-30,8414A,9,0,3,0,1,3,2,4,1,7
2003-12-31,8414A,5,5,0,1,4,2,3,4,4,3
2004-01-31,8414A,11,2,0,0,0,0,1,6,8,3
2004-02-29,8414A,13,1,3,3,0,0,1,3,0,5
2004-03-31,8414A,10,2,5,3,0,2,1,1,4,3
2004-04-30,8414A,5,5,2,4,0,1,2,3,1,7
2004-05-31,8414A,6,2,6,1,0,0,1,4,1,10
2004-06-30,8414A,7,2,10,2,0,0,0,1,1,7
2004-07-31,8414A,1,4,4,1,0,0,0,1,1,19
2004-08-31,8414A,6,2,1,2,0,0,2,1,2,15
2004-09-30,8414A,4,5,2,2,2,0,0,0,1,14
2004-10-31,8414A,7,0,0,1,1,3,6,5,0,8
2004-11-30,8414A,11,8,2,0,1,0,0,0,3,5
2004-12-31,8414A,3,9,2,3,0,1,0,4,5,4
2005-01-31,8414A,14,5,1,1,1,0,0,1,8,0
2005-02-28,8414A,5,4,5,1,0,0,0,2,6,5
2005-03-31,8414A,11,2,2,1,2,4,1,2,2,4
2005-04-30,8414A,5,4,2,2,4,0,0,4,2,7
2005-05-31,8414A,8,2,5,3,2,0,0,0,1,10
2005-06-30,8414A,2,0,10,1,0,0,0,0,2,15
2005-07-31,8414A,4,2,8,0,0,0,0,0,3,14
2005-08-31,8414A,1,9,6,1,0,0,0,0,0,14
2005-09-30,8414A,8,2,3,0,0,0,0,3,1,13
2005-10-31,8414A,7,1,1,3,3,3,2,0,1,10
2005-11-30,8414A,4,3,3,3,0,2,1,3,4,7
2005-12-31,8414A,3,5,4,3,0,0,6,4,3,3
2006-01-31,8414A,7,6,2,2,2,1,0,1,2,8
2006-02-28,8414A,4,5,4,0,0,0,6,2,1,6
2006-03-31,8414A,5,1,0,0,1,3,5,6,3,7
2006-04-30,8414A,5,8,3,1,1,2,0,2,1,7
2006-05-31,8414A,6,3,6,6,0,0,0,1,0,9
2006-06-30,8414A,1,2,4,6,2,0,0,0,1,14
2006-07-31,8414A,1,0,4,2,0,0,0,0,0,24
2006-08-31,8414A,3,4,6,1,0,0,2,0,0,15
2006-09-30,8414A,7,0,0,3,1,3,0,3,3,10
2006-10-31,8414A,5,1,2,2,3,4,4,1,1,8
2006-11-30,8414A,11,1,1,2,4,4,3,3,0,1
2006-12-31,8414A,10,7,5,0,0,0,4,3,2,0
2007-01-31,8414A,23,0,2,1,0,0,0,3,0,2
2007-02-28,8414A,10,0,0,1,0,1,6,7,2,1
2007-03-31,8414A,5,4,2,2,0,0,1,5,7,5
2007-04-30,8414A,2,3,5,1,0,0,0,1,3,15
2007-05-31,8414A,9,1,1,1,0,0,1,4,6,8
2007-06-30,8414A,14,3,5,1,0,0,1,0,2,4
2007-07-31,8414A,5,4,6,2,2,0,1,0,1,10
2007-08-31,8414A,2,7,5,2,0,0,0,0,0,15
2007-09-30,8414A,6,3,7,1,0,0,0,0,1,12
2007-10-31,8414A,3,6,8,1,0,0,0,0,0,13
2007-11-30,8414A,4,7,9,0,0,3,1,0,2,4
2007-12-31,8414A,13,3,5,0,4,0,0,4,1,1
2008-01-31,8414A,14,0,4,0,0,1,5,6,1,0
2008-02-29,8414A,9,0,1,10,5,1,2,0,0,1
2008-03-31,8414A,7,4,1,0,1,0,3,8,4,3
2008-04-30,8414A,9,1,3,2,0,3,5,4,0,3
2008-05-31,8414A,4,1,0,2,0,0,0,1,3,20
2008-06-30,8414A,7,4,8,0,0,0,0,0,0,11
2008-07-31,8414A,9,3,6,0,0,0,0,0,0,13
2008-08-31,8414A,3,0,3,1,0,0,0,0,1,23
2008-09-30,8414A,4,3,2,2,0,0,1,1,0,17
2008-10-31,8414A,8,0,4,3,2,0,2,1,2,9
2008-11-30,8414A,4,5,3,0,0,0,2,5,6,5
2008-12-31,8414A,3,1,2,3,2,0,1,7,6,6
2009-01-31,8414A,6,2,1,1,0,1,4,8,2,6
2009-02-28,8414A,3,3,3,5,0,3,2,5,1,3
2009-03-31,8414A,8,2,6,3,0,0,0,2,2,8
2009-04-30,8414A,2,1,0,0,0,1,2,5,9,10
2009-05-31,8414A,3,2,6,3,2,0,0,0,2,13
2009-06-30,8414A,8,1,3,1,0,0,1,2,0,14
2009-07-31,8414A,5,2,2,0,1,0,0,0,1,20
2009-08-31,8414A,1,2,9,1,0,0,0,0,0,18
2009-09-30,8414A,1,2,8,3,0,0,0,1,1,14
2009-10-31,8414A,10,3,5,0,2,4,1,1,0,5
2009-11-30,8414A,8,0,0,0,0,6,3,11,1,1
2009-12-31,8414A,7,2,1,0,0,2,8,4,1,6
2010-01-31,8414A,6,1,4,1,0,1,2,6,3,7
2010-02-28,8414A,4,1,2,1,1,4,7,3,3,2
2010-03-31,8414A,7,5,3,0,5,4,1,2,1,3
2010-04-30,8414A,8,2,6,3,2,0,1,0,1,7
2010-05-31,8414A,5,1,4,1,0,1,0,2,6,11
2010-06-30,8414A,1,4,0,0,0,0,1,0,2,22
2010-07-31,8414A,1,2,8,0,0,0,0,0,0,20
2010-08-31,8414A,7,4,7,2,0,0,0,0,0,11
2010-09-30,8414A,4,2,4,0,1,0,0,2,2,15
2010-10-31,8414A,6,3,0,0,0,3,2,1,1,15
2010-11-30,8414A,3,1,3,0,1,1,5,10,2,4
2010-12-31,8414A,5,3,3,0,2,4,5,2,3,4
2011-01-31,8414A,8,2,5,1,0,4,1,2,1,7
2011-02-28,8414A,10,5,0,0,0,0,4,5,4,0
2011-03-31,8414A,3,4,3,7,3,1,1,3,1,5
2011-04-30,8414A,1,4,3,6,5,0,0,0,1,10
2011-05-31,8414A,3,3,6,2,2,1,0,1,0,13
2011-06-30,8414A,8,2,7,1,0,0,0,0,1,11
2011-07-31,8414A,3,4,6,0,0,0,0,0,3,15
2011-08-31,8414A,0,0,4,1,0,0,0,0,0,26
2011-09-30,8414A,11,2,3,3,0,0,0,0,2,9
2011-10-31,8414A,10,6,2,3,1,4,1,0,0,4
2011-11-30,8414A,6,1,5,1,6,2,0,1,1,7
2011-12-31,8414A,9,3,2,0,0,1,4,7,5,0
2012-01-31,8414A,15,3,2,0,0,0,2,1,3,5
2012-02-29,8414A,8,15,0,0,0,0,0,0,5,1
2012-03-31,8414A,11,7,4,5,0,0,1,1,0,2
2012-04-30,8414A,2,0,0,0,0,2,1,10,4,11
2012-05-31,8414A,6,1,5,3,2,0,2,3,2,7
2012-06-30,8414A,10,0,4,0,0,0,0,2,4,10
2012-07-31,8414A,2,3,5,0,0,0,0,0,0,21
2012-08-31,8414A,7,2,0,1,0,0,0,0,1,20
2012-09-30,8414A,3,5,4,1,0,1,2,1,0,13
2012-10-31,8414A,13,0,0,0,3,1,0,3,3,8
2012-11-30,8414A,4,2,2,1,3,2,4,2,3,7
2012-12-31,8414A,12,1,0,0,0,1,6,5,3,3
2013-01-31,8414A,4,1,1,0,0,0,3,14,7,1
2013-02-28,8414A,3,0,1,1,1,0,1,4,11,6
2013-03-31,8414A,2,1,1,0,3,3,9,7,3,2
2013-04-30,8414A,6,3,7,1,0,0,2,3,1,7
2013-05-31,8414A,3,6,2,0,0,0,1,4,6,9
2013-06-30,8414A,5,3,9,1,0,0,0,1,1,10
2013-07-31,8414A,4,0,6,5,0,0,0,1,0,15
2013-08-31,8414A,1,3,10,0,1,0,0,0,0,16
2013-09-30,8414A,3,1,5,1,0,1,2,1,0,16
2013-10-31,8414A,10,3,2,0,2,5,3,0,1,5
2013-11-30,8414A,4,9,4,0,0,0,0,6,5,2
2013-12-31,8414A,16,3,2,0,2,0,5,2,1,0
2014-01-31,8414A,3,0,0,0,3,2,7,10,4,2
2014-02-28,8414A,4,0,0,0,0,3,10,8,2,1
2014-03-31,8414A,4,3,4,4,2,1,0,7,3,3
2014-04-30,8414A,5,2,1,1,0,2,0,5,4,10
2014-05-31,8414A,4,4,8,3,0,2,0,2,1,7
2014-06-30,8414A,6,6,1,0,0,1,0,0,3,13
2014-07-31,8414A,1,6,1,0,0,0,0,1,2,20
2014-08-31,8414A,7,2,1,1,0,0,0,0,1,19
2014-09-30,8414A,7,0,0,0,0,1,0,0,0,22
2014-10-31,8414A,8,2,1,4,0,2,3,0,1,10
2014-11-30,8414A,1,0,0,1,7,1,10,4,1,5
2014-12-31,8414A,6,4,0,1,0,1,1,1,12,5
2015-01-31,8414A,12,2,0,0,0,2,1,6,7,1
2015-02-28,8414A,4,2,3,1,0,0,1,5,9,3
2015-03-31,8414A,7,5,4,1,1,0,0,1,6,6
2015-04-30,8414A,8,0,6,4,4,0,0,1,0,7
2015-05-31,8414A,9,8,4,3,0,1,0,1,0,5
2015-06-30,8414A,5,3,7,1,0,0,0,0,1,13
2015-07-31,8414A,3,2,0,0,1,0,0,0,0,25
2015-08-31,8414A,5,0,2,2,0,0,1,1,3,17
2015-09-30,8414A,1,2,9,1,0,0,3,2,0,12
2015-10-31,8414A,6,4,1,0,2,3,3,1,0,11
2015-11-30,8414A,18,2,0,1,2,1,0,1,5,0
2015-12-31,8414A,19,0,1,2,5,4,0,0,0,0
2016-01-31,8414A,11,2,0,0,1,2,7,7,0,1
2016-02-29,8414A,7,2,1,0,0,1,3,8,3,4
2016-03-31,8414A,2,3,0,1,0,1,2,7,9,6
2016-04-30,8414A,6,7,2,1,0,5,1,1,1,6
2016-05-31,8414A,5,3,2,1,2,2,0,4,1,11
2016-06-30,8414A,5,4,3,2,0,0,0,3,2,11
2016-07-31,8414A,0,5,8,2,2,0,0,0,0,14
2016-08-31,8414A,0,2,8,7,0,0,0,0,0,14
2016-09-30,8414A,7,3,3,1,1,0,0,1,0,14
2016-10-31,8414A,7,1,5,1,0,2,0,1,0,14
2016-11-30,8414A,5,1,2,2,1,3,2,4,2,8
2016-12-31,8414A,17,1,4,2,2,0,0,0,2,3
2017-01-31,8414A,7,6,4,0,0,3,0,2,7,2
2017-02-28,8414A,4,1,2,6,3,1,4,3,2,2
2017-03-31,8414A,11,1,2,2,2,2,3,1,2,5
2017-04-30,8414A,2,2,9,5,2,0,1,0,1,8
2017-05-31,8414A,9,1,1,5,2,0,2,0,0,11
2017-06-30,8414A,3,0,5,3,1,0,0,3,2,13
2017-07-31,8414A,2,4,5,2,1,0,0,0,0,17
2017-08-31,8414A,2,3,9,2,0,0,0,0,0,15
2017-09-30,8414A,11,0,4,1,0,0,0,1,1,12
2017-10-31,8414A,12,2,5,3,3,2,0,0,0,4
2017-11-30,8414A,6,6,0,0,0,3,0,0,4,11
2017-12-31,8414A,9,5,1,0,0,1,4,6,4,1
2018-01-31,8414A,7,1,1,2,0,1,4,6,5,4
2018-02-28,8414A,3,4,2,0,1,0,0,4,5,9
2018-03-31,8414A,1,1,0,0,0,5,9,11,4,0
2018-04-30,8414A,4,4,1,4,1,3,3,4,0,6
2018-05-31,8414A,2,5,3,0,0,0,0,0,5,16
2018-06-30,8414A,0,1,5,0,0,0,0,1,3,20
2018-07-31,8414A,2,0,1,0,0,0,0,0,2,26
2018-08-31,8414A,1,1,7,0,0,0,0,0,0,22
2018-09-30,8414A,8,1,3,5,0,0,0,0,0,13
2018-10-31,8414A,3,6,3,2,2,3,0,2,0,10
2018-11-30,8414A,3,1,0,6,0,3,9,3,1,4
2018-12-31,8414A,21,1,2,0,1,1,1,2,1,1
2019-01-31,8414A,3,10,2,0,0,0,2,5,5,4
2019-02-28,8414A,13,2,1,4,4,0,1,1,2,0
2019-03-31,8414A,11,2,8,2,1,1,0,2,2,2
2019-04-30,8414A,3,1,5,0,1,1,5,3,1,10
2019-05-31,8414A,3,6,5,3,0,0,1,0,3,10
2019-06-30,8414A,6,5,2,2,0,0,0,0,2,13
2019-07-31,8414A,2,2,1,0,0,0,0,0,4,22
2019-08-31,8414A,5,2,5,0,0,0,0,0,0,19
2019-09-30,8414A,9,1,7,1,0,0,0,0,1,11
2019-10-31,8414A,8,1,0,1,3,0,3,4,2,9
2019-11-30,8414A,1,0,0,0,0,2,8,13,5,1
2019-12-31,8414A,10,0,4,3,0,2,3,5,1,3
2020-01-31,8414A,17,3,2,0,1,0,2,2,0,4
2020-02-29,8414A,19,0,4,0,1,0,1,2,2,0
2020-03-31,8414A,4,1,5,4,0,0,1,3,3,10
2020-04-30,8414A,4,2,1,3,6,0,1,2,2,9
2020-05-31,8414A,4,4,4,5,0,1,0,2,0,11
2020-06-30,8414A,6,1,1,1,0,0,2,4,2,13
2020-07-31,8414A,1,2,9,4,0,0,0,0,0,15
2020-08-31,8414A,6,5,1,0,0,0,0,0,2,17
2020-09-30,8414A,4,1,4,3,0,1,1,1,3,12
2020-10-31,8414A,11,2,1,1,2,2,1,6,2,3
2020-11-30,8414A,10,0,6,1,4,4,1,0,1,3
2020-12-31,8414A,7,2,0,0,0,2,7,10,2,1
2021-01-31,8414A,6,1,2,0,0,1,2,10,5,4
2021-02-28,8414A,5,0,2,2,4,4,3,4,0,4
2021-03-31,8414A,10,8,5,7,1,0,0,0,0,0
2021-04-30,8414A,1,5,3,3,5,0,0,0,0,13
2021-05-31,8414A,10,0,4,1,1,1,0,5,2,7
2021-06-30,8414A,3,2,3,0,0,0,0,1,1,20
2021-07-31,8414A,2,1,6,0,0,0,0,0,6,16
2021-08-31,8414A,3,2,4,0,0,0,0,0,1,21
2021-09-30,8414A,5,2,4,0,3,0,0,0,0,16
2021-10-31,8414A,5,1,11,1,2,2,2,0,1,6
2021-11-30,8414A,2,9,2,1,0,0,0,7,1,8
2021-12-31,8414A,7,0,0,5,1,2,4,8,3,1
1981-01-31,8416Y,7,3,4,2,0,0,0,4,8,3
1981-02-28,8416Y,4,3,2,3,1,2,0,4,4,5
1981-03-31,8416Y,17,1,1,0,0,2,3,2,3,2
1981-04-30,8416Y,4,2,4,0,0,1,0,2,3,14
1981-05-31,8416Y,11,0,1,0,5,2,1,4,3,4
1981-06-30,8416Y,6,0,14,0,0,0,0,0,1,9
1981-07-31,8416Y,2,4,9,1,2,0,0,0,2,11
1981-08-31,8416Y,2,3,1,3,0,0,0,0,1,21
1981-09-30,8416Y,7,0,2,2,0,1,2,2,1,13
1981-10-31,8416Y,12,0,2,1,0,2,3,2,2,7
1981-11-30,8416Y,15,1,5,3,3,0,0,0,2,1
1981-12-31,8416Y,1,3,0,0,0,3,8,12,3,1
1982-01-31,8416Y,8,3,0,3,1,0,4,3,7,2
1982-02-28,8416Y,7,1,0,3,3,0,0,2,5,7
1982-03-31,8416Y,11,3,5,2,1,0,0,0,4,5
1982-04-30,8416Y,3,7,6,0,1,1,0,0,0,12
1982-05-31,8416Y,8,3,7,3,0,0,0,0,0,10
1982-06-30,8416Y,8,1,2,0,1,0,0,2,2,14
1982-07-31,8416Y,2,2,1,0,0,0,0,1,0,25
1982-08-31,8416Y,4,3,6,0,0,0,0,0,0,18
1982-09-30,8416Y,10,1,4,3,1,3,0,1,0,7
1982-10-31,8416Y,11,0,6,0,0,0,2,7,1,4
1982-11-30,8416Y,7,3,0,2,1,5,2,4,5,1
1982-12-31,8416Y,10,1,0,0,0,0,4,9,7,0
1983-01-31,8416Y,17,3,3,2,2,0,0,1,3,0
1983-02-28,8416Y,8,0,0,2,3,1,0,3,2,9
1983-03-31,8416Y,6,4,4,3,2,0,0,3,5,4
1983-04-30,8416Y,5,1,1,2,1,6,5,4,2,3
1983-05-31,8416Y,7,0,1,0,0,0,3,6,3,11
1983-06-30,8416Y,5,6,6,3,1,0,0,0,0,9
1983-07-31,8416Y,7,0,0,0,0,0,0,0,0,24
1983-08-31,8416Y,1,2,7,0,0,0,0,0,2,19
1983-09-30,8416Y,12,2,4,1,1,0,0,0,2,8
1983-10-31,8416Y,12,2,2,4,2,1,0,1,1,6
1983-11-30,8416Y,8,1,0,2,6,1,0,1,2,9
1983-12-31,8416Y,7,1,6,2,1,2,5,3,3,1
1984-01-31,8416Y,11,2,0,0,0,0,4,11,3,0
1984-02-29,8416Y,6,4,3,0,0,0,1,4,7,4
1984-03-31,8416Y,3,4,5,3,1,1,3,4,1,6
1984-04-30,8416Y,4,2,0,6,2,0,0,3,2,11
1984-05-31,8416Y,0,3,1,0,0,2,1,8,2,14
1984-06-30,8416Y,2,2,6,5,0,0,4,3,0,8
1984-07-31,8416Y,2,0,7,3,1,0,0,0,0,18
1984-08-31,8416Y,2,4,6,2,0,0,0,0,1,16
1984-09-30,8416Y,7,0,2,1,0,1,0,2,3,14
1984-10-31,8416Y,8,4,2,3,1,4,3,2,1,3
1984-11-30,8416Y,8,0,0,0,1,6,4,3,0,8
1984-12-31,8416Y,6,6,1,4,3,1,2,4,2,2
1985-01-31,8416Y,6,5,1,0,0,3,3,5,3,5
1985-02-28,8416Y,5,0,2,3,4,3,4,3,0,4
1985-03-31,8416Y,8,8,2,0,0,0,1,8,3,1
1985-04-30,8416Y,6,5,2,1,0,1,4,1,1,9
1985-05-31,8416Y,6,0,3,1,0,0,0,2,5,14
1985-06-30,8416Y,10,1,2,2,0,0,0,0,3,12
1985-07-31,8416Y,0,1,7,2,1,0,1,0,1,18
1985-08-31,8416Y,4,0,4,1,1,0,0,0,1,20
1985-09-30,8416Y,8,0,8,1,1,0,0,0,0,12
1985-10-31,8416Y,9,3,2,5,2,1,0,0,0,9
1985-11-30,8416Y,4,3,3,0,0,1,2,3,3,11
1985-12-31,8416Y,11,2,0,0,2,4,3,2,4,3
1986-01-31,8416Y,6,0,0,0,0,0,5,11,5,4
1986-02-28,8416Y,1,1,0,2,1,0,6,7,2,8
1986-03-31,8416Y,11,3,1,1,1,0,0,4,0,10
1986-04-30,8416Y,2,1,0,1,0,1,5,3,9,8
1986-05-31,8416Y,11,0,6,2,0,0,2,1,0,9
1986-06-30,8416Y,7,5,3,1,0,0,0,0,1,13
1986-07-31,8416Y,0,2,11,2,0,0,0,0,0,16
1986-08-31,8416Y,5,3,3,0,0,0,0,1,0,19
1986-09-30,8416Y,4,2,9,0,0,2,0,0,3,10
1986-10-31,8416Y,11,0,5,3,0,0,0,1,1,10
1986-11-30,8416Y,11,4,4,0,2,3,0,3,2,1
1986-12-31,8416Y,14,4,0,0,0,2,1,5,5,0
1987-01-31,8416Y,4,3,1,4,1,4,1,4,4,5
1987-02-28,8416Y,8,3,0,0,0,2,2,6,2,5
1987-03-31,8416Y,9,0,5,3,0,0,1,1,5,7
1987-04-30,8416Y,9,1,1,3,3,4,2,2,2,3
1987-05-31,8416Y,5,6,2,1,1,0,0,0,3,13
1987-06-30,8416Y,11,0,8,0,0,0,0,2,2,7
1987-07-31,8416Y,1,5,7,3,0,0,0,2,0,13
1987-08-31,8416Y,1,0,5,2,0,0,0,0,1,22
1987-09-30,8416Y,9,0,4,3,0,1,2,0,0,11
1987-10-31,8416Y,7,0,0,2,3,3,5,4,0,7
1987-11-30,8416Y,8,2,1,5,1,0,1,3,5,4
1987-12-31,8416Y,16,0,0,0,2,3,3,0,0,7
1988-01-31,8416Y,8,0,0,2,1,4,7,5,2,2
1988-02-29,8416Y,6,6,1,4,2,0,5,2,2,1
1988-03-31,8416Y,9,4,1,1,0,0,0,4,7,5
1988-04-30,8416Y,8,1,0,0,2,0,0,2,5,12
1988-05-31,8416Y,8,4,2,2,0,1,1,1,2,10
1988-06-30,8416Y,1,4,3,1,2,0,0,0,0,19
1988-07-31,8416Y,5,3,8,4,0,0,0,4,1,6
1988-08-31,8416Y,3,4,2,2,2,0,0,0,0,18
1988-09-30,8416Y,11,4,7,3,0,0,1,0,0,4
1988-10-31,8416Y,9,0,2,2,6,1,2,1,0,8
1988-11-30,8416Y,7,2,3,8,3,1,1,1,0,4
1988-12-31,8416Y,8,11,1,4,0,0,0,4,3,0
1989-01-31,8416Y,19,0,3,1,4,0,1,0,1,2
1989-02-28,8416Y,10,1,2,5,1,1,3,4,0,1
1989-03-31,8416Y,12,5,2,1,3,0,1,2,2,3
1989-04-30,8416Y,2,2,0,0,2,3,2,7,5,7
1989-05-31,8416Y,7,0,4,3,0,0,0,1,3,13
1989-06-30,8416Y,4,0,1,1,0,0,0,1,1,22
1989-07-31,8416Y,0,1,7,0,0,0,0,0,0,23
1989-08-31,8416Y,2,2,1,0,0,0,0,0,0,26
1989-09-30,8416Y,6,2,9,0,0,0,0,0,0,13
1989-10-31,8416Y,8,2,5,7,3,1,1,0,1,3
1989-11-30,8416Y,4,0,0,4,6,5,3,4,0,4
1989-12-31,8416Y,3,0,0,7,5,6,7,0,0,3
1990-01-31,8416Y,12,4,5,0,0,1,7,1,0,1
1990-02-28,8416Y,16,0,0,2,2,1,0,7,0,0
1990-03-31,8416Y,7,5,5,8,3,0,0,0,2,1
1990-04-30,8416Y,2,2,2,3,1,0,1,0,6,13
1990-05-31,8416Y,3,2,3,8,0,0,0,0,1,14
1990-06-30,8416Y,5,1,0,2,0,0,0,0,3,19
1990-07-31,8416Y,3,0,9,1,0,0,0,0,0,18
1990-08-31,8416Y,2,1,3,2,0,0,0,0,0,23
1990-09-30,8416Y,3,0,1,1,1,0,0,2,1,21
1990-10-31,8416Y,1,3,2,0,1,6,7,5,0,6
1990-11-30,8416Y,4,6,2,1,2,0,4,4,4,3
1990-12-31,8416Y,6,1,9,1,0,0,1,5,5,3
1991-01-31,8416Y,13,3,7,0,0,0,5,0,3,0
1991-02-28,8416Y,10,1,2,0,1,1,4,4,1,4
1991-03-31,8416Y,5,2,4,0,2,3,4,2,1,8
1991-04-30,8416Y,7,3,4,3,0,0,0,4,3,6
1991-05-31,8416Y,1,7,5,5,0,0,0,0,6,7
1991-06-30,8416Y,7,4,5,4,0,0,0,2,1,7
1991-07-31,8416Y,3,0,4,2,0,0,0,2,2,18
1991-08-31,8416Y,4,2,2,0,0,0,0,0,0,23
1991-09-30,8416Y,7,1,1,2,1,0,2,1,1,14
1991-10-31,8416Y,7,2,6,1,1,0,4,0,2,8
1991-11-30,8416Y,7,1,1,2,2,1,3,7,5,1
1991-12-31,8416Y,10,3,3,9,2,0,0,0,2,2
1992-01-31,8416Y,8,4,4,4,1,2,1,1,1,5
1992-02-29,8416Y,11,2,6,5,3,0,1,1,0,0
1992-03-31,8416Y,10,5,6,0,1,0,3,2,4,0
1992-04-30,8416Y,6,6,1,0,0,1,2,3,4,7
1992-05-31,8416Y,7,4,2,3,2,1,1,0,0,11
1992-06-30,8416Y,3,2,2,0,0,0,0,3,6,14
1992-07-31,8416Y,5,2,2,2,0,0,0,0,0,20
1992-08-31,8416Y,14,0,2,2,1,0,0,2,1,9
1992-09-30,8416Y,9,0,3,1,1,0,1,0,0,15
1992-10-31,8416Y,4,1,1,0,0,1,2,5,6,11
1992-11-30,8416Y,15,1,3,0,0,0,2,4,5,0
1992-12-31,8416Y,6,1,7,2,3,1,5,2,2,2
1993-01-31,8416Y,25,2,0,2,0,0,1,0,0,1
1993-02-28,8416Y,6,4,9,5,2,0,0,0,0,2
1993-03-31,8416Y,9,2,2,2,4,1,0,0,0,11
1993-04-30,8416Y,3,1,1,1,2,0,3,5,3,11
1993-05-31,8416Y,8,0,0,3,2,1,2,3,2,10
1993-06-30,8416Y,7,1,3,0,0,0,0,1,3,15
1993-07-31,8416Y,0,4,9,4,0,0,0,0,1,13
1993-08-31,8416Y,2,3,2,2,0,0,0,0,2,20
1993-09-30,8416Y,5,0,1,0,0,1,5,2,3,13
1993-10-31,8416Y,1,3,7,2,0,4,8,2,1,3
1993-11-30,8416Y,6,1,6,3,0,2,0,6,0,6
1993-12-31,8416Y,18,1,0,0,0,0,2,8,1,1
1994-01-31,8416Y,8,6,2,0,0,0,5,8,2,0
1994-02-28,8416Y,3,1,0,1,0,2,6,6,6,3
1994-03-31,8416Y,14,5,5,2,0,1,0,0,0,4
1994-04-30,8416Y,4,2,4,2,0,2,0,5,8,3
1994-05-31,8416Y,4,0,1,1,0,2,4,2,2,15
1994-06-30,8416Y,3,5,7,3,0,0,0,0,2,10
1994-07-31,8416Y,0,3,1,0,0,0,0,0,0,27
1994-08-31,8416Y,5,0,3,0,0,0,1,1,1,20
1994-09-30,8416Y,5,1,3,0,0,1,0,2,0,18
1994-10-31,8416Y,8,0,2,2,2,0,2,3,0,12
1994-11-30,8416Y,9,1,1,2,2,1,5,4,1,4
1994-12-31,8416Y,14,3,0,1,2,1,5,1,4,0
1995-01-31,8416Y,8,5,0,0,0,2,4,5,7,0
1995-02-28,8416Y,14,1,1,0,0,0,2,6,3,1
1995-03-31,8416Y,8,4,4,3,3,0,0,4,3,2
1995-04-30,8416Y,2,1,10,5,1,0,1,3,1,6
1995-05-31,8416Y,5,2,1,4,3,0,1,3,2,10
1995-06-30,8416Y,3,2,4,2,0,0,0,0,1,18
1995-07-31,8416Y,5,2,5,1,0,0,0,1,2,15
1995-08-31,8416Y,0,5,6,0,0,0,0,0,0,20
1995-09-30,8416Y,4,5,0,0,0,0,2,2,2,15
1995-10-31,8416Y,9,0,4,3,5,2,0,0,0,8
1995-11-30,8416Y,5,2,0,2,2,3,4,4,3,5
1995-12-31,8416Y,4,2,0,3,0,1,10,1,2,8
1996-01-31,8416Y,1,0,0,4,4,7,5,4,1,5
1996-02-29,8416Y,3,2,1,0,0,2,1,7,8,5
1996-03-31,8416Y,5,2,5,3,2,2,1,4,2,5
1996-04-30,8416Y,6,4,0,0,3,0,1,1,4,11
1996-05-31,8416Y,6,1,3,1,2,0,3,2,1,12
1996-06-30,8416Y,5,2,9,2,1,0,0,1,1,9
1996-07-31,8416Y,3,2,8,1,0,0,0,0,1,16
1996-08-31,8416Y,5,2,3,0,0,0,0,0,1,20
1996-09-30,8416Y,3,0,7,0,0,0,2,4,2,12
1996-10-31,8416Y,12,4,1,0,1,1,0,2,4,6
1996-11-30,8416Y,9,0,0,0,0,2,2,9,2,6
1996-12-31,8416Y,3,3,0,0,0,8,4,3,0,10
1997-01-31,8416Y,5,1,2,2,6,2,2,2,2,7
1997-02-28,8416Y,23,0,0,2,0,0,0,2,1,0
1997-03-31,8416Y,12,3,8,3,0,0,0,0,1,4
1997-04-30,8416Y,5,0,6,5,1,0,0,1,1,11
1997-05-31,8416Y,8,1,3,3,1,2,2,3,0,8
1997-06-30,8416Y,9,3,1,0,0,0,1,2,2,12
1997-07-31,8416Y,4,5,7,1,0,0,0,0,1,13
1997-08-31,8416Y,5,0,1,0,0,0,1,1,0,23
1997-09-30,8416Y,2,1,4,5,0,0,0,0,0,18
1997-10-31,8416Y,4,3,2,0,2,2,2,1,1,14
1997-11-30,8416Y,3,0,0,1,1,4,12,4,2,3
1997-12-31,8416Y,7,3,0,0,0,4,4,6,3,4
1998-01-31,8416Y,9,2,0,1,6,1,2,5,1,4
1998-02-28,8416Y,8,2,2,6,3,2,0,0,1,4
1998-03-31,8416Y,11,5,6,2,2,2,0,1,2,0
1998-04-30,8416Y,6,0,0,1,0,1,6,11,2,3
1998-05-31,8416Y,3,3,0,1,3,0,1,1,4,15
1998-06-30,8416Y,7,1,2,1,2,1,0,1,1,14
1998-07-31,8416Y,2,3,5,1,0,0,0,2,1,17
1998-08-31,8416Y,1,6,6,1,2,0,0,0,0,15
1998-09-30,8416Y,6,0,2,2,0,1,2,6,2,9
1998-10-31,8416Y,16,0,1,1,0,0,1,5,4,3
1998-11-30,8416Y,7,4,4,0,0,0,2,5,5,3
1998-12-31,8416Y,13,1,3,0,0,5,2,2,4,1
1999-01-31,8416Y,14,2,1,0,3,0,1,3,3,4
1999-02-28,8416Y,1,8,3,1,0,0,1,5,8,1
1999-03-31,8416Y,4,6,2,1,3,4,2,5,1,3
1999-04-30,8416Y,11,3,2,0,0,1,3,4,2,4
1999-05-31,8416Y,7,2,1,3,0,0,0,3,3,12
1999-06-30,8416Y,8,5,10,0,0,0,0,0,0,7
1999-07-31,8416Y,1,1,7,0,0,0,0,0,1,21
1999-08-31,8416Y,4,2,1,0,0,0,1,0,0,23
1999-09-30,8416Y,7,0,2,1,0,1,4,3,0,12
1999-10-31,8416Y,8,1,5,2,0,2,6,1,0,6
1999-11-30,8416Y,10,5,4,2,0,0,0,1,5,3
1999-12-31,8416Y,11,3,2,0,0,1,3,6,4,1
2000-01-31,8416Y,14,5,4,4,0,0,0,0,1,3
2000-02-29,8416Y,18,2,0,1,3,0,1,2,2,0
2000-03-31,8416Y,7,3,5,2,2,0,0,2,2,8
2000-04-30,8416Y,5,0,1,2,1,3,5,8,1,4
2000-05-31,8416Y,4,0,2,3,0,0,0,0,1,21
2000-06-30,8416Y,7,3,6,2,2,0,0,0,2,8
2000-07-31,8416Y,3,4,3,5,0,0,0,3,3,10
2000-08-31,8416Y,3,2,4,1,0,0,0,0,0,21
2000-09-30,8416Y,6,0,4,1,0,0,2,3,0,14
2000-10-31,8416Y,6,1,2,4,1,0,3,4,3,7
2000-11-30,8416Y,5,0,0,1,0,5,8,7,2,2
2000-12-31,8416Y,11,0,0,0,3,7,5,5,0,0
2001-01-31,8416Y,2,1,0,0,0,5,11,2,6,4
2001-02-28,8416Y,6,3,5,0,0,2,4,2,3,3
2001-03-31,8416Y,6,1,0,0,1,3,8,9,1,2
2001-04-30,8416Y,10,4,3,1,0,0,1,4,2,5
2001-05-31,8416Y,4,4,3,2,0,0,2,0,5,11
2001-06-30,8416Y,2,3,8,2,0,0,0,0,2,13
2001-07-31,8416Y,5,3,4,3,0,0,0,1,2,13
2001-08-31,8416Y,4,1,3,0,0,0,0,1,0,22
2001-09-30,8416Y,6,3,5,2,0,1,0,2,0,11
2001-10-31,8416Y,11,0,1,3,3,4,5,0,0,4
2001-11-30,8416Y,8,4,8,2,0,0,0,0,5,3
2001-12-31,8416Y,11,2,4,6,0,0,2,0,1,5
2002-01-31,8416Y,16,0,0,6,2,3,2,1,1,0
2002-02-28,8416Y,13,3,2,0,0,2,1,2,3,2
2002-03-31,8416Y,8,2,4,4,2,2,2,0,3,4
2002-04-30,8416Y,7,2,4,1,0,1,1,1,2,11
2002-05-31,8416Y,10,0,2,4,1,0,0,1,6,7
2002-06-30,8416Y,2,1,2,5,1,0,0,5,1,13
2002-07-31,8416Y,3,7,2,2,0,0,0,0,2,15
2002-08-31,8416Y,1,1,1,0,0,0,0,0,2,26
2002-09-30,8416Y,7,0,1,3,0,0,0,0,2,17
2002-10-31,8416Y,10,0,1,1,2,3,4,4,1,5
2002-11-30,8416Y,3,1,0,0,0,3,8,6,6,3
2002-12-31,8416Y,7,2,0,0,1,5,6,3,4,3
2003-01-31,8416Y,4,9,0,0,0,0,7,4,5,2
2003-02-28,8416Y,8,3,2,1,3,2,0,4,2,3
2003-03-31,8416Y,9,0,1,6,6,0,0,2,0,7
2003-04-30,8416Y,7,5,2,1,1,3,2,1,1,7
2003-05-31,8416Y,7,6,7,2,0,0,0,0,0,9
2003-06-30,8416Y,5,0,3,2,0,0,1,0,0,19
2003-07-31,8416Y,4,1,5,0,0,0,0,1,1,19
2003-08-31,8416Y,3,0,1,0,0,0,1,2,1,23
2003-09-30,8416Y,7,0,8,2,1,1,0,1,1,9
2003-10-31,8416Y,3,4,1,1,0,4,2,4,1,11
2003-11-30,8416Y,9,0,3,0,1,3,2,4,1,7
2003-12-31,8416Y,5,5,0,1,4,2,3,4,4,3
2004-01-31,8416Y,11,2,0,0,0,0,1,6,8,3
2004-02-29,8416Y,13,1,3,3,0,0,1,3,0,5
2004-03-31,8416Y,10,2,5,3,0,2,1,1,4,3
2004-04-30,8416Y,5,5,2,4,0,1,2,3,1,7
2004-05-31,8416Y,6,2,6,1,0,0,1,4,1,10
2004-06-30,8416Y,7,2,10,2,0,0,0,1,1,7
2004-07-31,8416Y,1,4,4,1,0,0,0,1,1,19
2004-08-31,8416Y,6,2,1,2,0,0,2,1,2,15
2004-09-30,8416Y,4,5,2,2,2,0,0,0,1,14
2004-10-31,8416Y,7,0,0,1,1,3,6,5,0,8
2004-11-30,8416Y,11,8,2,0,1,0,0,0,3,5
2004-12-31,8416Y,3,9,2,3,0,1,0,4,5,4
2005-01-31,8416Y,14,5,1,1,1,0,0,1,8,0
2005-02-28,8416Y,5,4,5,1,0,0,0,2,6,5
2005-03-31,8416Y,11,2,2,1,2,4,1,2,2,4
2005-04-30,8416Y,5,4,2,2,4,0,0,4,2,7
2005-05-31,8416Y,8,2,5,3,2,0,0,0,1,10
2005-06-30,8416Y,2,0,10,1,0,0,0,0,2,15
2005-07-31,8416Y,4,2,8,0,0,0,0,0,3,14
2005-08-31,8416Y,1,9,6,1,0,0,0,0,0,14
2005-09-30,8416Y,8,2,3,0,0,0,0,3,1,13
2005-10-31,8416Y,7,1,1,3,3,3,2,0,1,10
2005-11-30,8416Y,4,3,3,3,0,2,1,3,4,7
2005-12-31,8416Y,3,5,4,3,0,0,6,4,3,3
2006-01-31,8416Y,7,6,2,2,2,1,0,1,2,8
2006-02-28,8416Y,4,5,4,0,0,0,6,2,1,6
2006-03-31,8416Y,5,1,0,0,1,3,5,6,3,7
2006-04-30,8416Y,5,8,3,1,1,2,0,2,1,7
2006-05-31,8416Y,6,3,6,6,0,0,0,1,0,9
2006-06-30,8416Y,1,2,4,6,2,0,0,0,1,14
2006-07-31,8416Y,1,0,4,2,0,0,0,0,0,24
2006-08-31,8416Y,3,4,6,1,0,0,2,0,0,15
2006-09-30,8416Y,7,0,0,3,1,3,0,3,3,10
2006-10-31,8416Y,5,1,2,2,3,4,4,1,1,8
2006-11-30,8416Y,11,1,1,2,4,4,3,3,0,1
2006-12-31,8416Y,10,7,5,0,0,0,4,3,2,0
2007-01-31,8416Y,23,0,2,1,0,0,0,3,0,2
2007-02-28,8416Y,10,0,0,1,0,1,6,7,2,1
2007-03-31,8416Y,5,4,2,2,0,0,1,5,7,5
2007-04-30,8416Y,2,3,5,1,0,0,0,1,3,15
2007-05-31,8416Y,9,1,1,1,0,0,1,4,6,8
2007-06-30,8416Y,14,3,5,1,0,0,1,0,2,4
2007-07-31,8416Y,5,4,6,2,2,0,1,0,1,10
2007-08-31,8416Y,2,7,5,2,0,0,0,0,0,15
2007-09-30,8416Y,6,3,7,1,0,0,0,0,1,12
2007-10-31,8416Y,3,6,8,1,0,0,0,0,0,13
2007-11-30,8416Y,4,7,9,0,0,3,1,0,2,4
2007-12-31,8416Y,13,3,5,0,4,0,0,4,1,1
2008-01-31,8416Y,14,0,4,0,0,1,5,6,1,0
2008-02-29,8416Y,9,0,1,10,5,1,2,0,0,1
2008-03-31,8416Y,7,4,1,0,1,0,3,8,4,3
2008-04-30,8416Y,9,1,3,2,0,3,5,4,0,3
2008-05-31,8416Y,4,1,0,2,0,0,0,1,3,20
2008-06-30,8416Y,7,4,8,0,0,0,0,0,0,11
2008-07-31,8416Y,9,3,6,0,0,0,0,0,0,13
2008-08-31,8416Y,3,0,3,1,0,0,0,0,1,23
2008-09-30,8416Y,4,3,2,2,0,0,1,1,0,17
2008-10-31,8416Y,8,0,4,3,2,0,2,1,2,9
2008-11-30,8416Y,4,5,3,0,0,0,2,5,6,5
2008-12-31,8416Y,3,1,2,3,2,0,1,7,6,6
2009-01-31,8416Y,6,2,1,1,0,1,4,8,2,6
2009-02-28,8416Y,3,3,3,5,0,3,2,5,1,3
2009-03-31,8416Y,8,2,6,3,0,0,0,2,2,8
2009-04-30,8416Y,2,1,0,0,0,1,2,5,9,10
2009-05-31,8416Y,3,2,6,3,2,0,0,0,2,13
2009-06-30,8416Y,8,1,3,1,0,0,1,2,0,14
2009-07-31,8416Y,5,2,2,0,1,0,0,0,1,20
2009-08-31,8416Y,1,2,9,1,0,0,0,0,0,18
2009-09-30,8416Y,1,2,8,3,0,0,0,1,1,14
2009-10-31,8416Y,10,3,5,0,2,4,1,1,0,5
2009-11-30,8416Y,8,0,0,0,0,6,3,11,1,1
2009-12-31,8416Y,7,2,1,0,0,2,8,4,1,6
2010-01-31,8416Y,6,1,4,1,0,1,2,6,3,7
2010-02-28,8416Y,4,1,2,1,1,4,7,3,3,2
2010-03-31,8416Y,7,5,3,0,5,4,1,2,1,3
2010-04-30,8416Y,8,2,6,3,2,0,1,0,1,7
2010-05-31,8416Y,5,1,4,1,0,1,0,2,6,11
2010-06-30,8416Y,1,4,0,0,0,0,1,0,2,22
2010-07-31,8416Y,1,2,8,0,0,0,0,0,0,20
2010-08-31,8416Y,7,4,7,2,0,0,0,0,0,11
2010-09-30,8416Y,4,2,4,0,1,0,0,2,2,15
2010-10-31,8416Y,6,3,0,0,0,3,2,1,1,15
2010-11-30,8416Y,3,1,3,0,1,1,5,10,2,4
2010-12-31,8416Y,5,3,3,0,2,4,5,2,3,4
2011-01-31,8416Y,8,2,5,1,0,4,1,2,1,7
2011-02-28,8416Y,10,5,0,0,0,0,4,5,4,0
2011-03-31,8416Y,3,4,3,7,3,1,1,3,1,5
2011-04-30,8416Y,1,4,3,6,5,0,0,0,1,10
2011-05-31,8416Y,3,3,6,2,2,1,0,1,0,13
2011-06-30,8416Y,8,2,7,1,0,0,0,0,1,11
2011-07-31,8416Y,3,4,6,0,0,0,0,0,3,15
2011-08-31,8416Y,0,0,4,1,0,0,0,0,0,26
2011-09-30,8416Y,11,2,3,3,0,0,0,0,2,9
2011-10-31,8416Y,10,6,2,3,1,4,1,0,0,4
2011-11-30,8416Y,6,1,5,1,6,2,0,1,1,7
2011-12-31,8416Y,9,3,2,0,0,1,4,7,5,0
2012-01-31,8416Y,15,3,2,0,0,0,2,1,3,5
2012-02-29,8416Y,8,15,0,0,0,0,0,0,5,1
2012-03-31,8416Y,11,7,4,5,0,0,1,1,0,2
2012-04-30,8416Y,2,0,0,0,0,2,1,10,4,11
2012-05-31,8416Y,6,1,5,3,2,0,2,3,2,7
2012-06-30,8416Y,10,0,4,0,0,0,0,2,4,10
2012-07-31,8416Y,2,3,5,0,0,0,0,0,0,21
2012-08-31,8416Y,7,2,0,1,0,0,0,0,1,20
2012-09-30,8416Y,3,5,4,1,0,1,2,1,0,13
2012-10-31,8416Y,13,0,0,0,3,1,0,3,3,8
2012-11-30,8416Y,4,2,2,1,3,2,4,2,3,7
2012-12-31,8416Y,12,1,0,0,0,1,6,5,3,3
2013-01-31,8416Y,4,1,1,0,0,0,3,14,7,1
2013-02-28,8416Y,3,0,1,1,1,0,1,4,11,6
2013-03-31,8416Y,2,1,1,0,3,3,9,7,3,2
2013-04-30,8416Y,6,3,7,1,0,0,2,3,1,7
2013-05-31,8416Y,3,6,2,0,0,0,1,4,6,9
2013-06-30,8416Y,5,3,9,1,0,0,0,1,1,10
2013-07-31,8416Y,4,0,6,5,0,0,0,1,0,15
2013-08-31,8416Y,1,3,10,0,1,0,0,0,0,16
2013-09-30,8416Y,3,1,5,1,0,1,2,1,0,16
2013-10-31,8416Y,10,3,2,0,2,5,3,0,1,5
2013-11-30,8416Y,4,9,4,0,0,0,0,6,5,2
2013-12-31,8416Y,16,3,2,0,2,0,5,2,1,0
2014-01-31,8416Y,3,0,0,0,3,2,7,10,4,2
2014-02-28,8416Y,4,0,0,0,0,3,10,8,2,1
2014-03-31,8416Y,4,3,4,4,2,1,0,7,3,3
2014-04-30,8416Y,5,2,1,1,0,2,0,5,4,10
2014-05-31,8416Y,4,4,8,3,0,2,0,2,1,7
2014-06-30,8416Y,6,6,1,0,0,1,0,0,3,13
2014-07-31,8416Y,1,6,1,0,0,0,0,1,2,20
2014-08-31,8416Y,7,2,1,1,0,0,0,0,1,19
2014-09-30,8416Y,7,0,0,0,0,1,0,0,0,22
2014-10-31,8416Y,8,2,1,4,0,2,3,0,1,10
2014-11-30,8416Y,1,0,0,1,7,1,10,4,1,5
2014-12-31,8416Y,6,4,0,1,0,1,1,1,12,5
2015-01-31,8416Y,12,2,0,0,0,2,1,6,7,1
2015-02-28,8416Y,4,2,3,1,0,0,1,5,9,3
2015-03-31,8416Y,7,5,4,1,1,0,0,1,6,6
2015-04-30,8416Y,8,0,6,4,4,0,0,1,0,7
2015-05-31,8416Y,9,8,4,3,0,1,0,1,0,5
2015-06-30,8416Y,5,3,7,1,0,0,0,0,1,13
2015-07-31,8416Y,3,2,0,0,1,0,0,0,0,25
2015-08-31,8416Y,5,0,2,2,0,0,1,1,3,17
2015-09-30,8416Y,1,2,9,1,0,0,3,2,0,12
2015-10-31,8416Y,6,4,1,0,2,3,3,1,0,11
2015-11-30,8416Y,18,2,0,1,2,1,0,1,5,0
2015-12-31,8416Y,19,0,1,2,5,4,0,0,0,0
2016-01-31,8416Y,11,2,0,0,1,2,7,7,0,1
2016-02-29,8416Y,7,2,1,0,0,1,3,8,3,4
2016-03-31,8416Y,2,3,0,1,0,1,2,7,9,6
2016-04-30,8416Y,6,7,2,1,0,5,1,1,1,6
2016-05-31,8416Y,5,3,2,1,2,2,0,4,1,11
2016-06-30,8416Y,5,4,3,2,0,0,0,3,2,11
2016-07-31,8416Y,0,5,8,2,2,0,0,0,0,14
2016-08-31,8416Y,0,2,8,7,0,0,0,0,0,14
2016-09-30,8416Y,7,3,3,1,1,0,0,1,0,14
2016-10-31,8416Y,7,1,5,1,0,2,0,1,0,14
2016-11-30,8416Y,5,1,2,2,1,3,2,4,2,8
2016-12-31,8416Y,17,1,4,2,2,0,0,0,2,3
2017-01-31,8416Y,7,6,4,0,0,3,0,2,7,2
2017-02-28,8416Y,4,1,2,6,3,1,4,3,2,2
2017-03-31,8416Y,11,1,2,2,2,2,3,1,2,5
2017-04-30,8416Y,2,2,9,5,2,0,1,0,1,8
2017-05-31,8416Y,9,1,1,5,2,0,2,0,0,11
2017-06-30,8416Y,3,0,5,3,1,0,0,3,2,13
2017-07-31,8416Y,2,4,5,2,1,0,0,0,0,17
2017-08-31,8416Y,2,3,9,2,0,0,0,0,0,15
2017-09-30,8416Y,11,0,4,1,0,0,0,1,1,12
2017-10-31,8416Y,12,2,5,3,3,2,0,0,0,4
2017-11-30,8416Y,6,6,0,0,0,3,0,0,4,11
2017-12-31,8416Y,9,5,1,0,0,1,4,6,4,1
2018-01-31,8416Y,7,1,1,2,0,1,4,6,5,4
2018-02-28,8416Y,3,4,2,0,1,0,0,4,5,9
2018-03-31,8416Y,1,1,0,0,0,5,9,11,4,0
2018-04-30,8416Y,4,4,1,4,1,3,3,4,0,6
2018-05-31,8416Y,2,5,3,0,0,0,0,0,5,16
2018-06-30,8416Y,0,1,5,0,0,0,0,1,3,20
2018-07-31,8416Y,2,0,1,0,0,0,0,0,2,26
2018-08-31,8416Y,1,1,7,0,0,0,0,0,0,22
2018-09-30,8416Y,8,1,3,5,0,0,0,0,0,13
2018-10-31,8416Y,3,6,3,2,2,3,0,2,0,10
2018-11-30,8416Y,3,1,0,6,0,3,9,3,1,4
2018-12-31,8416Y,21,1,2,0,1,1,1,2,1,1
2019-01-31,8416Y,3,10,2,0,0,0,2,5,5,4
2019-02-28,8416Y,13,2,1,4,4,0,1,1,2,0
2019-03-31,8416Y,11,2,8,2,1,1,0,2,2,2
2019-04-30,8416Y,3,1,5,0,1,1,5,3,1,10
2019-05-31,8416Y,3,6,5,3,0,0,1,0,3,10
2019-06-30,8416Y,6,5,2,2,0,0,0,0,2,13
2019-07-31,8416Y,2,2,1,0,0,0,0,0,4,22
2019-08-31,8416Y,5,2,5,0,0,0,0,0,0,19
2019-09-30,8416Y,9,1,7,1,0,0,0,0,1,11
2019-10-31,8416Y,8,1,0,1,3,0,3,4,2,9
2019-11-30,8416Y,1,0,0,0,0,2,8,13,5,1
2019-12-31,8416Y,10,0,4,3,0,2,3,5,1,3
2020-01-31,8416Y,17,3,2,0,1,0,2,2,0,4
2020-02-29,8416Y,19,0,4,0,1,0,1,2,2,0
2020-03-31,8416Y,4,1,5,4,0,0,1,3,3,10
2020-04-30,8416Y,4,2,1,3,6,0,1,2,2,9
2020-05-31,8416Y,4,4,4,5,0,1,0,2,0,11
2020-06-30,8416Y,6,1,1,1,0,0,2,4,2,13
2020-07-31,8416Y,1,2,9,4,0,0,0,0,0,15
2020-08-31,8416Y,6,5,1,0,0,0,0,0,2,17
2020-09-30,8416Y,4,1,4,3,0,1,1,1,3,12
2020-10-31,8416Y,11,2,1,1,2,2,1,6,2,3
2020-11-30,8416Y,10,0,6,1,4,4,1,0,1,3
2020-12-31,8416Y,7,2,0,0,0,2,7,10,2,1
2021-01-31,8416Y,6,1,2,0,0,1,2,10,5,4
2021-02-28,8416Y,5,0,2,2,4,4,3,4,0,4
2021-03-31,8416Y,10,8,5,7,1,0,0,0,0,0
2021-04-30,8416Y,1,5,3,3,5,0,0,0,0,13
2021-05-31,8416Y,10,0,4,1,1,1,0,5,2,7
2021-06-30,8416Y,3,2,3,0,0,0,0,1,1,20
2021-07-31,8416Y,2,1,6,0,0,0,0,0,6,16
2021-08-31,8416Y,3,2,4,0,0,0,0,0,1,21
2021-09-30,8416Y,5,2,4,0,3,0,0,0,0,16
2021-10-31,8416Y,5,1,11,1,2,2,2,0,1,6
2021-11-30,8416Y,2,9,2,1,0,0,0,7,1,8
2021-12-31,8416Y,7,0,0,5,1,2,4,8,3,1
1981-01-31,8500A,8,5,4,2,0,0,0,4,5,3
1981-02-28,8500A,4,4,2,3,1,2,0,4,3,5
1981-03-31,8500A,19,1,0,0,0,2,3,2,1,3
1981-04-30,8500A,5,2,4,0,0,1,0,2,3,13
1981-05-31,8500A,11,0,2,0,5,3,1,5,2,2
1981-06-30,8500A,7,1,12,1,0,0,0,0,1,8
1981-07-31,8500A,4,4,7,1,2,0,0,0,0,13
1981-08-31,8500A,3,3,2,2,0,0,0,0,1,20
1981-09-30,8500A,9,0,1,0,1,1,3,2,0,13
1981-10-31,8500A,14,0,2,0,0,2,4,2,2,5
1981-11-30,8500A,19,2,5,1,1,0,0,0,1,1
1981-12-31,8500A,1,3,0,0,0,3,9,11,3,1
1982-01-31,8500A,8,4,0,3,2,0,4,3,5,2
1982-02-28,8500A,7,1,0,1,5,0,0,4,3,7
1982-03-31,8500A,13,3,6,0,0,0,0,0,4,5
1982-04-30,8500A,5,7,7,0,1,0,0,0,0,10
1982-05-31,8500A,9,3,4,4,0,0,0,0,0,11
1982-06-30,8500A,9,0,1,0,1,0,0,1,2,16
1982-07-31,8500A,3,0,1,0,0,1,0,0,0,26
1982-08-31,8500A,5,3,4,1,0,0,0,0,0,18
1982-09-30,8500A,9,1,4,2,1,3,2,0,0,8
1982-10-31,8500A,12,0,4,0,0,0,3,6,1,5
1982-11-30,8500A,10,2,0,1,0,6,2,4,4,1
1982-12-31,8500A,9,2,0,1,0,0,5,8,6,0
1983-01-31,8500A,21,4,2,0,1,0,0,1,2,0
1983-02-28,8500A,9,0,0,2,3,1,0,3,1,9
1983-03-31,8500A,7,3,4,3,2,0,0,3,5,4
1983-04-30,8500A,4,1,1,2,1,8,4,3,2,4
1983-05-31,8500A,7,0,1,0,0,0,4,4,2,13
1983-06-30,8500A,5,3,5,2,1,0,0,0,0,14
1983-07-31,8500A,6,0,0,0,0,0,0,0,0,25
1983-08-31,8500A,1,1,5,0,0,0,0,0,0,24
1983-09-30,8500A,15,1,2,0,2,1,0,1,1,7
1983-10-31,8500A,14,2,2,2,2,1,0,1,1,6
1983-11-30,8500A,8,1,0,2,3,1,0,1,2,12
1983-12-31,8500A,8,1,5,3,0,2,5,3,3,1
1984-01-31,8500A,10,2,0,0,0,0,5,11,3,0
1984-02-29,8500A,6,4,4,0,0,0,1,3,6,5
1984-03-31,8500A,3,4,6,2,1,1,5,2,1,6
1984-04-30,8500A,4,2,2,4,2,0,0,2,2,12
1984-05-31,8500A,0,2,1,0,0,2,4,5,1,16
1984-06-30,8500A,3,2,6,4,0,0,4,1,0,10
1984-07-31,8500A,3,0,7,1,2,1,0,0,0,17
1984-08-31,8500A,5,2,5,1,1,0,0,0,0,17
1984-09-30,8500A,8,0,2,2,0,2,0,1,3,12
1984-10-31,8500A,9,4,1,3,1,4,4,1,1,3
1984-11-30,8500A,8,0,0,0,1,5,5,3,0,8
1984-12-31,8500A,7,6,0,3,3,1,3,3,2,3
1985-01-31,8500A,7,4,1,0,0,3,4,3,3,6
1985-02-28,8500A,7,0,4,1,3,2,6,2,0,3
1985-03-31,8500A,8,8,2,0,0,0,2,7,3,1
1985-04-30,8500A,7,6,2,1,0,1,4,1,0,8
1985-05-31,8500A,6,0,3,2,0,0,0,3,3,14
1985-06-30,8500A,13,1,2,2,0,0,0,0,1,11
1985-07-31,8500A,2,1,4,0,2,0,1,0,0,21
1985-08-31,8500A,8,0,2,0,1,0,0,0,2,18
1985-09-30,8500A,10,0,7,1,0,0,0,0,0,12
1985-10-31,8500A,10,4,2,5,1,2,0,0,0,7
1985-11-30,8500A,4,1,4,0,0,0,3,3,3,12
1985-12-31,8500A,13,2,0,0,0,4,5,2,2,3
1986-01-31,8500A,5,0,0,0,0,0,6,11,5,4
1986-02-28,8500A,1,2,0,1,2,1,6,4,1,10
1986-03-31,8500A,12,5,2,0,1,0,1,2,0,8
1986-04-30,8500A,2,2,0,1,0,1,5,6,4,9
1986-05-31,8500A,12,0,6,1,0,0,2,1,0,9
1986-06-30,8500A,7,2,4,1,0,0,0,0,0,16
1986-07-31,8500A,2,3,7,1,0,0,0,0,0,18
1986-08-31,8500A,3,1,3,0,0,0,0,2,0,22
1986-09-30,8500A,6,4,8,0,0,2,0,0,2,8
1986-10-31,8500A,12,0,1,2,1,0,1,3,0,11
1986-11-30,8500A,13,5,4,0,2,2,0,3,0,1
1986-12-31,8500A,14,4,0,0,0,2,1,5,5,0
1987-01-31,8500A,3,4,3,3,1,4,1,4,3,5
1987-02-28,8500A,8,3,0,0,0,2,2,5,2,6
1987-03-31,8500A,9,1,5,3,0,0,2,2,3,6
1987-04-30,8500A,9,1,1,2,3,4,2,2,2,4
1987-05-31,8500A,6,7,3,2,1,0,0,0,1,11
1987-06-30,8500A,11,0,5,0,0,1,0,2,2,9
1987-07-31,8500A,2,4,4,2,0,0,1,1,0,17
1987-08-31,8500A,2,0,3,2,0,0,0,0,1,23
1987-09-30,8500A,12,0,2,1,1,1,2,0,0,11
1987-10-31,8500A,7,0,0,2,4,3,5,4,0,6
1987-11-30,8500A,7,2,1,5,1,0,2,3,4,5
1987-12-31,8500A,16,0,0,1,1,2,4,0,0,7
1988-01-31,8500A,9,0,0,2,0,5,7,6,0,2
1988-02-29,8500A,8,7,2,2,2,0,5,1,1,1
1988-03-31,8500A,7,5,3,1,0,0,0,7,4,4
1988-04-30,8500A,8,0,0,0,2,0,1,3,2,14
1988-05-31,8500A,10,2,1,1,0,1,1,1,1,13
1988-06-30,8500A,2,2,1,1,2,0,0,0,0,22
1988-07-31,8500A,4,1,6,3,1,0,1,3,1,11
1988-08-31,8500A,4,3,1,0,2,0,0,0,0,21
1988-09-30,8500A,11,4,4,4,0,0,1,0,0,6
1988-10-31,8500A,9,0,2,1,4,3,2,1,0,9
1988-11-30,8500A,6,2,5,9,2,1,1,1,0,3
1988-12-31,8500A,10,11,2,2,0,0,0,4,2,0
1989-01-31,8500A,16,0,10,1,2,0,1,0,1,0
1989-02-28,8500A,12,1,1,4,1,1,4,3,0,1
1989-03-31,8500A,12,4,2,1,3,0,1,2,2,4
1989-04-30,8500A,1,2,0,0,3,2,2,7,5,8
1989-05-31,8500A,12,0,2,2,0,0,0,1,1,13
1989-06-30,8500A,3,0,1,2,0,0,0,0,0,24
1989-07-31,8500A,2,1,6,0,0,0,0,0,0,22
1989-08-31,8500A,5,1,0,0,0,0,0,0,0,25
1989-09-30,8500A,6,3,7,0,0,2,0,1,0,11
1989-10-31,8500A,8,3,5,6,3,1,2,0,1,2
1989-11-30,8500A,4,0,0,4,6,4,2,5,0,5
1989-12-31,8500A,3,0,0,9,3,3,9,0,0,4
1990-01-31,8500A,13,2,6,0,0,1,6,1,0,2
1990-02-28,8500A,15,0,0,2,1,2,1,7,0,0
1990-03-31,8500A,11,5,5,5,3,0,0,0,0,2
1990-04-30,8500A,2,2,3,2,1,0,1,0,5,14
1990-05-31,8500A,5,1,3,5,1,0,0,0,1,15
1990-06-30,8500A,6,0,1,2,1,0,0,0,1,19
1990-07-31,8500A,4,1,8,0,0,0,0,0,0,18
1990-08-31,8500A,5,0,5,1,0,0,0,0,0,20
1990-09-30,8500A,6,0,0,2,1,1,0,2,1,17
1990-10-31,8500A,1,3,3,0,0,7,6,5,0,6
1990-11-30,8500A,5,5,2,1,2,0,5,4,3,3
1990-12-31,8500A,7,2,10,0,0,0,1,5,4,2
1991-01-31,8500A,13,3,7,0,0,0,5,1,2,0
1991-02-28,8500A,10,2,2,1,1,0,4,3,0,5
1991-03-31,8500A,6,2,4,0,2,3,4,2,0,8
1991-04-30,8500A,7,3,4,3,0,0,1,3,2,7
1991-05-31,8500A,1,7,7,4,0,0,0,0,3,9
1991-06-30,8500A,8,1,3,2,0,0,0,1,1,14
1991-07-31,8500A,5,0,2,1,1,0,0,2,1,19
1991-08-31,8500A,3,2,2,0,0,0,1,0,0,23
1991-09-30,8500A,11,0,0,1,1,0,2,1,1,13
1991-10-31,8500A,7,4,6,1,0,1,4,0,1,7
1991-11-30,8500A,7,1,1,2,2,1,6,4,4,2
1991-12-31,8500A,9,3,4,10,1,0,0,0,2,2
1992-01-31,8500A,7,3,8,3,0,2,1,1,1,5
1992-02-29,8500A,12,2,7,4,1,1,1,1,0,0
1992-03-31,8500A,9,6,6,0,1,0,3,2,4,0
1992-04-30,8500A,5,7,2,0,0,1,2,3,3,7
1992-05-31,8500A,7,5,2,1,2,2,1,0,0,11
1992-06-30,8500A,3,2,2,0,0,0,0,4,4,15
1992-07-31,8500A,6,2,0,3,0,0,0,0,0,20
1992-08-31,8500A,15,0,1,1,1,0,0,4,0,9
1992-09-30,8500A,12,0,2,1,2,2,1,1,0,9
1992-10-31,8500A,4,2,1,0,0,1,6,3,5,9
1992-11-30,8500A,15,1,3,0,0,0,2,5,4,0
1992-12-31,8500A,7,1,6,2,3,1,5,2,2,2
1993-01-31,8500A,24,2,0,2,0,0,2,0,0,1
1993-02-28,8500A,7,3,10,5,1,0,0,0,0,2
1993-03-31,8500A,10,2,3,2,5,1,0,0,0,8
1993-04-30,8500A,5,1,0,0,2,2,3,5,2,10
1993-05-31,8500A,9,1,0,3,2,1,2,2,0,11
1993-06-30,8500A,9,0,1,1,0,0,0,2,0,17
1993-07-31,8500A,3,3,8,3,0,0,0,0,1,13
1993-08-31,8500A,3,2,2,2,0,0,0,0,1,21
1993-09-30,8500A,5,0,1,0,0,1,6,2,2,13
1993-10-31,8500A,1,4,7,2,0,4,8,2,0,3
1993-11-30,8500A,5,1,6,3,0,2,1,5,0,7
1993-12-31,8500A,18,1,0,0,0,0,3,6,2,1
1994-01-31,8500A,10,2,4,0,0,0,5,8,2,0
1994-02-28,8500A,2,1,0,1,0,2,7,6,5,4
1994-03-31,8500A,13,5,6,2,0,1,0,0,0,4
1994-04-30,8500A,6,3,4,1,0,2,0,5,6,3
1994-05-31,8500A,2,0,1,1,0,2,5,2,1,17
1994-06-30,8500A,4,5,6,3,0,0,0,1,1,10
1994-07-31,8500A,0,0,2,0,0,0,0,0,0,29
1994-08-31,8500A,5,0,2,0,0,0,1,1,1,21
1994-09-30,8500A,5,1,3,0,0,1,1,2,0,17
1994-10-31,8500A,8,0,2,2,2,0,3,3,0,11
1994-11-30,8500A,10,0,2,1,2,1,5,4,1,4
1994-12-31,8500A,15,2,0,1,2,1,6,0,4,0
1995-01-31,8500A,9,7,0,0,0,2,6,2,5,0
1995-02-28,8500A,16,1,1,0,0,0,4,4,1,1
1995-03-31,8500A,9,3,5,2,1,0,2,3,3,3
1995-04-30,8500A,4,1,9,4,1,0,1,2,1,7
1995-05-31,8500A,4,2,2,4,3,0,0,2,1,13
1995-06-30,8500A,4,3,4,1,0,0,0,0,0,18
1995-07-31,8500A,4,0,7,0,0,0,0,2,1,17
1995-08-31,8500A,1,4,5,1,0,0,0,0,0,20
1995-09-30,8500A,4,3,2,0,0,0,2,2,2,15
1995-10-31,8500A,14,0,3,0,3,4,0,0,0,7
1995-11-30,8500A,6,2,1,2,1,4,4,3,2,5
1995-12-31,8500A,4,2,1,3,0,1,10,1,1,8
1996-01-31,8500A,2,0,0,4,4,7,5,4,0,5
1996-02-29,8500A,2,4,1,0,0,2,1,8,7,4
1996-03-31,8500A,5,2,5,3,1,3,1,4,1,6
1996-04-30,8500A,6,5,0,0,3,0,0,1,3,12
1996-05-31,8500A,8,0,2,0,2,1,4,2,1,11
1996-06-30,8500A,7,2,9,1,1,0,0,1,0,9
1996-07-31,8500A,3,2,7,0,0,0,0,0,1,18
1996-08-31,8500A,6,0,3,0,0,0,0,0,0,22
1996-09-30,8500A,3,0,7,0,0,1,2,4,2,11
1996-10-31,8500A,13,4,1,0,0,1,1,3,2,6
1996-11-30,8500A,8,0,0,1,0,1,4,8,2,6
1996-12-31,8500A,3,3,0,0,0,8,3,2,0,12
1997-01-31,8500A,6,0,3,3,5,2,1,2,2,7
1997-02-28,8500A,23,0,0,2,0,0,0,2,1,0
1997-03-31,8500A,14,2,7,1,0,0,0,0,1,6
1997-04-30,8500A,4,0,7,5,0,0,1,1,1,11
1997-05-31,8500A,8,0,4,3,1,2,2,3,0,8
1997-06-30,8500A,7,2,1,0,0,1,1,3,1,14
1997-07-31,8500A,4,3,7,1,0,0,0,0,2,14
1997-08-31,8500A,5,0,2,1,0,0,1,1,0,21
1997-09-30,8500A,8,0,4,2,0,0,0,0,0,16
1997-10-31,8500A,3,3,2,1,2,1,2,2,1,14
1997-11-30,8500A,3,0,0,1,1,4,13,4,2,2
1997-12-31,8500A,6,3,1,0,0,4,7,5,2,3
1998-01-31,8500A,9,2,0,1,5,1,3,4,1,5
1998-02-28,8500A,10,2,3,3,3,2,0,0,1,4
1998-03-31,8500A,10,5,6,2,2,2,1,1,2,0
1998-04-30,8500A,6,0,0,0,0,1,9,8,2,4
1998-05-31,8500A,3,3,0,0,4,0,0,1,4,16
1998-06-30,8500A,9,0,1,1,2,1,0,0,1,15
1998-07-31,8500A,3,2,4,1,0,0,0,1,1,19
1998-08-31,8500A,2,2,5,1,2,0,0,0,0,19
1998-09-30,8500A,6,0,1,3,0,1,3,6,1,9
1998-10-31,8500A,17,0,1,0,0,0,1,5,4,3
1998-11-30,8500A,10,3,5,0,0,0,4,3,4,1
1998-12-31,8500A,14,1,3,0,0,5,2,2,3,1
1999-01-31,8500A,14,2,1,0,3,0,1,3,3,4
1999-02-28,8500A,4,6,3,1,0,0,1,3,8,2
1999-03-31,8500A,5,5,3,1,2,4,2,5,1,3
1999-04-30,8500A,12,2,1,0,0,1,4,3,2,5
1999-05-31,8500A,8,2,1,3,1,0,0,3,2,11
1999-06-30,8500A,7,4,9,0,0,0,0,0,0,10
1999-07-31,8500A,2,0,5,0,0,0,0,0,1,23
1999-08-31,8500A,4,1,2,0,0,0,2,0,0,22
1999-09-30,8500A,7,0,1,1,0,1,5,3,0,12
1999-10-31,8500A,7,1,6,1,0,1,7,1,0,7
1999-11-30,8500A,9,4,5,2,0,0,0,1,5,4
1999-12-31,8500A,12,3,2,0,0,1,4,5,2,2
2000-01-31,8500A,13,5,5,3,0,1,0,0,1,3
2000-02-29,8500A,19,2,1,1,1,0,1,2,1,1
2000-03-31,8500A,10,2,5,2,2,0,0,2,1,7
2000-04-30,8500A,6,0,1,2,1,2,8,6,1,3
2000-05-31,8500A,8,0,1,2,0,0,0,0,0,20
2000-06-30,8500A,8,3,6,1,2,0,0,0,2,8
2000-07-31,8500A,4,3,2,5,0,0,0,3,1,13
2000-08-31,8500A,5,3,2,0,0,0,0,0,0,21
2000-09-30,8500A,8,0,3,2,0,0,2,3,0,12
2000-10-31,8500A,7,0,2,4,0,1,4,3,3,7
2000-11-30,8500A,6,0,0,0,0,4,10,6,2,2
2000-12-31,8500A,10,0,0,0,3,7,6,5,0,0
2001-01-31,8500A,2,2,0,0,0,5,11,1,5,5
2001-02-28,8500A,6,4,5,0,0,2,4,2,1,4
2001-03-31,8500A,6,0,1,0,0,3,11,8,1,1
2001-04-30,8500A,11,4,3,0,0,0,1,4,2,5
2001-05-31,8500A,4,5,3,2,0,0,2,0,5,10
2001-06-30,8500A,6,1,7,1,0,0,0,0,2,13
2001-07-31,8500A,6,1,4,2,0,0,0,2,1,15
2001-08-31,8500A,5,0,3,0,0,0,0,0,0,23
2001-09-30,8500A,8,2,7,1,0,1,0,0,0,11
2001-10-31,8500A,12,0,1,1,3,5,6,0,0,3
2001-11-30,8500A,8,5,7,2,0,0,0,1,3,4
2001-12-31,8500A,10,2,5,6,0,0,1,1,1,5
2002-01-31,8500A,15,0,0,7,2,3,2,1,1,0
2002-02-28,8500A,15,2,2,0,0,1,2,2,3,1
2002-03-31,8500A,8,2,5,2,2,2,3,0,2,5
2002-04-30,8500A,8,2,3,1,0,1,1,1,2,11
2002-05-31,8500A,9,1,2,3,2,1,0,1,5,7
2002-06-30,8500A,5,1,4,3,2,0,0,6,0,9
2002-07-31,8500A,3,7,1,1,0,0,0,0,1,18
2002-08-31,8500A,1,0,0,0,0,0,0,0,2,28
2002-09-30,8500A,5,1,1,3,2,0,1,0,2,15
2002-10-31,8500A,10,0,1,1,1,3,6,4,1,4
2002-11-30,8500A,3,1,0,0,0,3,8,7,6,2
2002-12-31,8500A,7,2,0,0,1,5,6,3,4,3
2003-01-31,8500A,5,9,1,0,0,0,9,1,3,3
2003-02-28,8500A,7,3,2,0,4,2,0,4,2,4
2003-03-31,8500A,9,0,1,6,5,1,1,2,0,6
2003-04-30,8500A,8,4,1,1,2,3,2,0,1,8
2003-05-31,8500A,8,5,7,1,0,0,0,0,0,10
2003-06-30,8500A,7,0,3,0,0,0,1,0,0,19
2003-07-31,8500A,6,1,2,0,0,0,0,1,1,20
2003-08-31,8500A,4,0,0,0,0,0,1,1,0,25
2003-09-30,8500A,9,0,7,0,2,1,0,1,1,9
2003-10-31,8500A,3,4,1,1,0,4,3,3,1,11
2003-11-30,8500A,9,0,3,0,2,4,3,3,1,5
2003-12-31,8500A,7,5,0,2,3,2,2,4,2,4
2004-01-31,8500A,10,2,0,0,0,0,3,7,6,3
2004-02-29,8500A,12,1,3,3,0,0,1,2,1,6
2004-03-31,8500A,11,2,4,2,0,1,2,1,3,5
2004-04-30,8500A,5,5,2,3,0,1,3,2,1,8
2004-05-31,8500A,6,2,6,1,0,1,1,4,1,9
2004-06-30,8500A,12,2,7,1,0,0,0,2,0,6
2004-07-31,8500A,1,3,5,0,0,0,0,1,1,20
2004-08-31,8500A,6,1,0,0,2,0,3,2,1,16
2004-09-30,8500A,7,5,2,1,3,0,0,0,0,12
2004-10-31,8500A,7,0,0,0,2,4,8,4,0,6
2004-11-30,8500A,11,8,3,0,1,0,0,0,3,4
2004-12-31,8500A,3,8,4,3,0,1,0,4,5,3
2005-01-31,8500A,12,7,1,1,1,0,0,1,7,1
2005-02-28,8500A,5,4,5,1,0,0,0,2,6,5
2005-03-31,8500A,15,3,1,0,0,4,1,2,2,3
2005-04-30,8500A,6,4,1,1,4,0,0,6,0,8
2005-05-31,8500A,6,2,3,3,3,1,0,0,1,12
2005-06-30,8500A,3,0,9,1,0,0,0,0,1,16
2005-07-31,8500A,2,0,8,0,0,0,1,1,0,19
2005-08-31,8500A,2,6,6,2,0,0,0,0,0,15
2005-09-30,8500A,8,1,4,0,0,0,0,2,0,15
2005-10-31,8500A,9,2,0,1,0,6,4,0,0,9
2005-11-30,8500A,5,3,3,3,0,2,1,4,1,8
2005-12-31,8500A,4,5,4,3,0,0,6,2,3,4
2006-01-31,8500A,5,7,2,3,3,1,0,1,2,7
2006-02-28,8500A,6,4,4,0,0,0,7,1,0,6
2006-03-31,8500A,6,1,1,0,1,2,7,5,3,5
2006-04-30,8500A,7,8,3,0,2,2,0,2,0,6
2006-05-31,8500A,7,2,6,4,3,0,0,1,0,8
2006-06-30,8500A,2,1,3,5,3,0,0,0,0,16
2006-07-31,8500A,3,0,4,2,0,0,0,0,0,22
2006-08-31,8500A,4,4,6,1,0,0,2,0,0,14
2006-09-30,8500A,9,0,0,1,1,3,0,3,1,12
2006-10-31,8500A,6,1,2,1,3,5,4,2,0,7
2006-11-30,8500A,11,0,2,3,3,4,3,3,0,1
2006-12-31,8500A,13,7,3,0,0,0,5,2,1,0
2007-01-31,8500A,22,0,2,1,0,0,1,3,0,2
2007-02-28,8500A,8,1,0,1,0,1,9,5,2,1
2007-03-31,8500A,6,4,3,0,0,0,2,4,7,5
2007-04-30,8500A,4,2,5,1,0,0,0,1,3,14
2007-05-31,8500A,11,0,2,1,0,0,1,4,6,6
2007-06-30,8500A,13,2,4,0,0,0,1,1,2,7
2007-07-31,8500A,10,3,3,1,3,0,1,0,0,10
2007-08-31,8500A,2,4,6,2,0,0,0,0,0,17
2007-09-30,8500A,6,3,8,1,0,0,0,0,1,11
2007-10-31,8500A,4,4,8,2,0,0,0,0,0,13
2007-11-30,8500A,4,6,10,0,0,2,2,0,1,5
2007-12-31,8500A,11,3,7,0,4,0,0,4,1,1
2008-01-31,8500A,13,0,4,0,0,2,5,5,1,1
2008-02-29,8500A,9,0,2,8,6,1,2,0,0,1
2008-03-31,8500A,8,4,1,0,0,0,4,7,4,3
2008-04-30,8500A,9,2,2,2,1,2,6,3,0,3
2008-05-31,8500A,4,0,0,2,0,0,0,1,1,23
2008-06-30,8500A,7,3,8,0,0,0,0,0,0,12
2008-07-31,8500A,6,2,5,0,0,0,0,0,0,18
2008-08-31,8500A,3,0,4,1,0,0,0,0,1,22
2008-09-30,8500A,5,4,3,0,0,0,1,1,0,16
2008-10-31,8500A,8,1,4,3,2,0,2,1,1,9
2008-11-30,8500A,4,6,3,0,0,0,3,4,5,5
2008-12-31,8500A,3,2,1,3,1,1,2,6,5,7
2009-01-31,8500A,7,2,1,0,0,1,5,7,2,6
2009-02-28,8500A,2,5,4,4,0,3,4,3,1,2
2009-03-31,8500A,7,3,6,3,0,0,1,2,2,7
2009-04-30,8500A,3,1,0,0,0,0,3,6,5,12
2009-05-31,8500A,3,2,6,3,1,1,0,0,2,13
2009-06-30,8500A,9,0,3,1,0,0,1,2,0,14
2009-07-31,8500A,4,0,2,0,2,1,1,0,1,20
2009-08-31,8500A,0,0,8,1,1,0,0,0,0,21
2009-09-30,8500A,4,3,7,2,0,0,0,0,0,14
2009-10-31,8500A,11,3,6,0,1,4,1,1,0,4
2009-11-30,8500A,7,0,0,0,0,5,6,10,1,1
2009-12-31,8500A,6,2,1,0,0,2,9,4,2,5
2010-01-31,8500A,6,1,4,1,0,1,2,5,3,8
2010-02-28,8500A,4,1,2,1,0,5,7,3,3,2
2010-03-31,8500A,5,5,3,0,4,5,3,3,0,3
2010-04-30,8500A,11,1,7,2,1,0,1,0,1,6
2010-05-31,8500A,3,2,4,1,0,2,0,0,5,14
2010-06-30,8500A,0,3,0,0,0,0,1,0,2,24
2010-07-31,8500A,1,1,10,0,0,0,0,0,0,19
2010-08-31,8500A,7,1,9,1,0,0,1,0,0,12
2010-09-30,8500A,7,0,2,0,1,0,1,1,2,16
2010-10-31,8500A,6,3,0,0,0,4,2,1,1,14
2010-11-30,8500A,4,0,3,0,1,1,5,10,2,4
2010-12-31,8500A,5,2,4,0,2,4,5,3,2,4
2011-01-31,8500A,7,3,6,0,0,4,1,2,0,8
2011-02-28,8500A,11,7,0,0,0,0,4,5,1,0
2011-03-31,8500A,4,4,3,6,3,0,1,2,1,7
2011-04-30,8500A,2,4,4,5,5,0,0,0,0,10
2011-05-31,8500A,6,3,5,1,2,1,0,1,0,12
2011-06-30,8500A,9,1,5,1,0,0,0,0,0,14
2011-07-31,8500A,3,1,5,0,0,0,0,0,3,19
2011-08-31,8500A,0,0,4,0,0,0,0,0,0,27
2011-09-30,8500A,11,1,2,3,0,0,0,1,0,12
2011-10-31,8500A,13,5,3,2,1,4,1,0,0,2
2011-11-30,8500A,7,1,4,1,5,3,0,0,1,8
2011-12-31,8500A,8,4,3,0,0,1,4,8,3,0
2012-01-31,8500A,15,5,2,0,0,0,1,1,1,6
2012-02-29,8500A,7,17,1,0,0,0,0,0,3,1
2012-03-31,8500A,12,6,5,5,0,0,0,1,0,2
2012-04-30,8500A,2,0,0,0,0,2,2,11,3,10
2012-05-31,8500A,7,1,5,3,2,0,2,3,1,7
2012-06-30,8500A,10,0,4,0,0,0,0,2,3,11
2012-07-31,8500A,4,1,5,0,0,0,0,0,0,21
2012-08-31,8500A,7,2,0,2,1,0,0,0,0,19
2012-09-30,8500A,3,4,3,1,0,0,4,0,0,15
2012-10-31,8500A,14,0,0,0,2,2,1,2,3,7
2012-11-30,8500A,6,1,3,1,2,2,5,1,2,7
2012-12-31,8500A,13,1,0,0,0,1,6,5,2,3
2013-01-31,8500A,6,1,1,0,0,0,3,11,8,1
2013-02-28,8500A,3,1,1,2,0,0,2,4,9,6
2013-03-31,8500A,2,1,1,0,3,3,8,8,2,3
2013-04-30,8500A,8,3,6,0,0,0,3,2,1,7
2013-05-31,8500A,3,4,3,0,0,0,2,5,4,10
2013-06-30,8500A,6,2,8,1,0,0,0,1,1,11
2013-07-31,8500A,5,0,5,3,0,0,0,1,0,17
2013-08-31,8500A,1,3,8,1,1,0,0,0,0,17
2013-09-30,8500A,7,0,5,0,0,3,2,1,0,12
2013-10-31,8500A,10,3,2,0,0,7,3,0,1,5
2013-11-30,8500A,3,9,4,0,0,0,2,5,5,2
2013-12-31,8500A,15,4,3,0,1,1,6,1,0,0
2014-01-31,8500A,3,0,0,0,2,3,10,8,3,2
2014-02-28,8500A,5,0,0,0,0,3,11,7,2,0
2014-03-31,8500A,7,3,5,0,3,0,0,7,3,3
2014-04-30,8500A,7,0,1,0,0,2,0,6,1,13
2014-05-31,8500A,8,3,6,1,3,2,1,0,0,7
2014-06-30,8500A,6,6,2,0,0,1,0,0,3,12
2014-07-31,8500A,1,3,2,0,0,0,0,0,1,24
2014-08-31,8500A,4,0,2,1,0,0,1,0,0,23
2014-09-30,8500A,5,0,2,0,0,2,0,0,0,21
2014-10-31,8500A,9,1,2,1,2,2,5,0,1,8
2014-11-30,8500A,2,0,0,0,5,2,9,4,1,7
2014-12-31,8500A,7,6,1,0,0,1,1,1,8,6
2015-01-31,8500A,12,4,0,0,0,2,2,5,4,2
2015-02-28,8500A,4,3,2,1,0,0,3,4,8,3
2015-03-31,8500A,10,4,3,1,0,0,1,1,5,6
2015-04-30,8500A,10,0,4,4,4,0,1,1,0,6
2015-05-31,8500A,9,9,3,1,0,1,1,2,0,5
2015-06-30,8500A,7,2,6,0,0,0,0,0,0,15
2015-07-31,8500A,3,1,2,0,1,0,0,0,0,24
2015-08-31,8500A,5,0,1,1,1,0,1,2,1,19
2015-09-30,8500A,2,2,8,1,0,0,4,1,0,12
2015-10-31,8500A,6,3,1,0,3,3,4,0,0,11
2015-11-30,8500A,17,3,1,1,1,1,0,2,4,0
2015-12-31,8500A,23,0,1,0,1,6,0,0,0,0
2016-01-31,8500A,12,2,0,0,0,2,9,4,0,2
2016-02-29,8500A,7,2,0,0,0,1,7,6,2,4
2016-03-31,8500A,3,5,1,1,0,1,3,5,6,6
2016-04-30,8500A,6,6,3,1,0,4,2,1,1,6
2016-05-31,8500A,7,2,1,1,1,3,0,5,0,11
2016-06-30,8500A,6,3,3,1,1,0,0,4,0,12
2016-07-31,8500A,2,3,7,2,1,0,0,0,0,16
2016-08-31,8500A,3,0,10,2,0,0,0,0,0,16
2016-09-30,8500A,9,2,2,0,1,0,1,1,0,14
2016-10-31,8500A,8,1,4,1,0,2,0,1,0,14
2016-11-30,8500A,4,1,3,1,1,3,3,4,2,8
2016-12-31,8500A,16,2,4,2,3,0,0,0,0,4
2017-01-31,8500A,6,8,5,0,0,3,1,1,5,2
2017-02-28,8500A,6,1,3,3,3,1,4,3,2,2
2017-03-31,8500A,10,1,2,2,1,2,3,2,1,7
2017-04-30,8500A,3,3,9,3,1,0,1,0,1,9
2017-05-31,8500A,11,1,1,5,2,0,2,0,0,9
2017-06-30,8500A,2,0,3,3,2,0,0,3,2,15
2017-07-31,8500A,2,4,4,1,3,0,0,0,0,17
2017-08-31,8500A,3,3,6,1,1,0,0,0,0,17
2017-09-30,8500A,13,1,2,0,0,0,0,2,1,11
2017-10-31,8500A,16,2,5,0,3,2,0,0,0,3
2017-11-30,8500A,4,7,2,0,1,3,0,0,3,10
2017-12-31,8500A,9,4,1,0,0,0,6,6,4,1
2018-01-31,8500A,7,1,1,2,0,1,4,7,4,4
2018-02-28,8500A,3,5,3,0,0,0,2,2,4,9
2018-03-31,8500A,2,1,0,0,0,4,11,9,4,0
2018-04-30,8500A,4,2,2,4,1,2,5,3,0,7
2018-05-31,8500A,1,5,3,0,0,0,0,0,3,19
2018-06-30,8500A,0,0,6,0,0,0,0,0,2,22
2018-07-31,8500A,2,1,1,0,0,0,0,0,1,26
2018-08-31,8500A,1,0,4,0,0,0,0,0,0,26
2018-09-30,8500A,12,1,2,2,0,0,0,0,0,13
2018-10-31,8500A,2,6,5,1,2,4,1,1,0,9
2018-11-30,8500A,4,1,0,5,1,4,8,3,1,3
2018-12-31,8500A,21,0,3,0,1,1,1,1,1,2
2019-01-31,8500A,3,9,3,0,0,0,2,6,4,4
2019-02-28,8500A,17,1,1,1,4,0,2,0,2,0
2019-03-31,8500A,13,2,8,1,1,1,1,1,1,2
2019-04-30,8500A,3,1,4,0,1,1,5,3,1,11
2019-05-31,8500A,3,7,3,3,0,1,1,2,1,10
2019-06-30,8500A,6,3,3,0,2,0,1,1,1,13
2019-07-31,8500A,3,3,2,0,0,0,0,0,1,22
2019-08-31,8500A,5,1,6,0,0,0,0,0,0,19
2019-09-30,8500A,10,1,7,1,0,0,0,0,0,11
2019-10-31,8500A,8,1,0,1,1,2,4,3,1,10
2019-11-30,8500A,0,0,0,0,0,3,9,12,3,3
2019-12-31,8500A,11,0,4,1,0,3,4,5,1,2
2020-01-31,8500A,14,2,3,0,1,2,3,2,0,4
2020-02-29,8500A,20,1,3,0,1,0,1,3,0,0
2020-03-31,8500A,3,1,7,2,0,0,1,5,2,10
2020-04-30,8500A,8,2,1,1,2,1,1,1,2,11
2020-05-31,8500A,4,4,4,4,0,1,0,3,0,11
2020-06-30,8500A,5,1,1,1,1,0,2,3,0,16
2020-07-31,8500A,1,1,10,4,0,0,0,0,0,15
2020-08-31,8500A,6,3,1,0,0,0,0,0,1,20
2020-09-30,8500A,6,0,4,2,0,1,1,1,3,12
2020-10-31,8500A,12,2,1,0,1,3,4,3,1,4
2020-11-30,8500A,10,0,7,1,4,4,1,0,0,3
2020-12-31,8500A,7,3,0,0,0,2,8,9,1,1
2021-01-31,8500A,7,2,2,0,0,1,3,7,3,6
2021-02-28,8500A,7,0,2,1,2,5,3,4,0,4
2021-03-31,8500A,11,6,6,5,3,0,0,0,0,0
2021-04-30,8500A,2,4,5,2,5,0,0,0,0,12
2021-05-31,8500A,11,0,2,2,1,1,1,5,1,7
2021-06-30,8500A,6,1,4,0,0,0,1,0,1,17
2021-07-31,8500A,1,1,5,0,0,0,0,2,3,19
2021-08-31,8500A,2,0,6,0,0,0,0,0,1,22
2021-09-30,8500A,5,1,5,1,3,1,0,0,0,14
2021-10-31,8500A,8,0,10,1,0,4,3,0,0,5
2021-11-30,8500A,2,8,2,1,0,0,1,6,1,9
2021-12-31,8500A,8,0,0,5,0,2,4,8,3,1
1981-01-31,9981A,6,5,3,2,0,0,0,5,7,3
1981-02-28,9981A,6,3,3,1,1,2,2,3,3,4
1981-03-31,9981A,18,1,0,0,0,2,3,2,2,3
1981-04-30,9981A,5,1,5,0,0,1,0,2,3,13
1981-05-31,9981A,14,0,0,0,4,3,1,5,2,2
1981-06-30,9981A,8,4,7,0,0,0,0,0,2,9
1981-07-31,9981A,9,6,2,0,1,0,0,0,0,13
1981-08-31,9981A,3,3,2,0,0,0,0,0,0,23
1981-09-30,9981A,9,0,0,0,3,1,3,1,1,12
1981-10-31,9981A,13,1,1,0,0,3,4,3,2,4
1981-11-30,9981A,20,5,4,0,0,0,0,0,1,0
1981-12-31,9981A,1,2,0,0,0,4,12,7,4,1
1982-01-31,9981A,5,4,0,4,2,2,3,3,6,2
1982-02-28,9981A,7,2,0,0,5,1,0,2,4,7
1982-03-31,9981A,13,5,3,0,0,1,0,0,4,5
1982-04-30,9981A,5,10,5,0,1,0,0,0,0,9
1982-05-31,9981A,13,3,3,1,0,1,0,0,0,10
1982-06-30,9981A,10,0,3,0,0,0,1,1,2,13
1982-07-31,9981A,2,1,1,0,0,1,0,1,0,25
1982-08-31,9981A,6,6,3,0,0,0,0,0,0,16
1982-09-30,9981A,10,4,1,1,1,4,1,0,0,8
1982-10-31,9981A,12,0,4,0,0,0,4,6,1,4
1982-11-30,9981A,10,2,0,1,0,6,1,2,5,3
1982-12-31,9981A,8,4,0,0,0,0,9,4,5,1
1983-01-31,9981A,23,5,0,0,1,0,0,1,1,0
1983-02-28,9981A,7,2,0,2,3,1,2,2,1,8
1983-03-31,9981A,12,3,2,1,1,1,0,3,6,2
1983-04-30,9981A,4,1,1,0,2,8,5,3,2,4
1983-05-31,9981A,7,1,0,0,0,2,7,1,3,10
1983-06-30,9981A,8,6,2,0,0,0,0,0,0,14
1983-07-31,9981A,6,0,0,0,0,0,0,0,0,25
1983-08-31,9981A,2,2,4,1,0,0,0,0,2,20
1983-09-30,9981A,16,3,1,1,1,1,0,1,0,6
1983-10-31,9981A,16,4,2,1,0,1,1,0,1,5
1983-11-30,9981A,6,2,0,1,5,1,0,1,1,13
1983-12-31,9981A,10,4,4,0,0,5,5,0,2,1
1984-01-31,9981A,11,2,0,0,0,1,6,8,3,0
1984-02-29,9981A,4,7,3,0,0,0,2,3,5,5
1984-03-31,9981A,0,6,3,2,0,1,6,2,3,8
1984-04-30,9981A,5,2,2,4,1,0,0,1,2,13
1984-05-31,9981A,3,5,1,0,0,3,5,5,1,8
1984-06-30,9981A,7,2,1,3,0,1,3,3,0,10
1984-07-31,9981A,3,1,6,0,1,1,0,0,0,19
1984-08-31,9981A,6,3,2,0,0,0,0,1,0,19
1984-09-30,9981A,11,2,2,1,0,1,0,1,3,9
1984-10-31,9981A,11,5,1,0,1,4,4,1,1,3
1984-11-30,9981A,6,0,2,0,2,6,7,2,0,5
1984-12-31,9981A,9,6,0,2,3,1,2,3,1,4
1985-01-31,9981A,4,7,2,0,0,3,4,4,2,5
1985-02-28,9981A,8,0,4,1,3,1,6,2,0,3
1985-03-31,9981A,5,9,0,0,0,1,5,5,4,2
1985-04-30,9981A,9,6,0,1,0,1,4,1,0,8
1985-05-31,9981A,8,1,1,0,0,0,0,2,1,18
1985-06-30,9981A,14,2,2,0,0,0,0,1,0,11
1985-07-31,9981A,3,1,4,0,0,0,1,0,0,22
1985-08-31,9981A,13,1,0,0,0,0,0,0,1,16
1985-09-30,9981A,10,2,5,0,0,0,0,0,0,13
1985-10-31,9981A,11,4,2,4,0,3,0,0,0,7
1985-11-30,9981A,4,5,3,2,0,0,4,2,3,7
1985-12-31,9981A,11,5,0,0,0,4,4,2,2,3
1986-01-31,9981A,6,0,0,0,0,1,8,7,6,3
1986-02-28,9981A,1,3,0,1,2,1,4,3,2,11
1986-03-31,9981A,13,4,1,0,0,0,1,2,2,8
1986-04-30,9981A,2,2,0,1,0,2,4,3,5,11
1986-05-31,9981A,14,2,3,1,0,0,2,0,0,9
1986-06-30,9981A,8,7,2,0,0,0,0,0,0,13
1986-07-31,9981A,6,7,2,0,0,0,0,0,0,16
1986-08-31,9981A,3,1,4,0,0,0,0,1,0,22
1986-09-30,9981A,6,4,7,0,0,2,1,0,2,8
1986-10-31,9981A,12,1,0,3,1,0,1,2,1,10
1986-11-30,9981A,13,7,1,0,2,2,2,1,1,1
1986-12-31,9981A,15,4,0,0,0,2,1,5,4,0
1987-01-31,9981A,4,6,5,1,1,3,1,3,2,5
1987-02-28,9981A,7,4,0,0,0,2,2,3,4,6
1987-03-31,9981A,11,2,3,2,0,0,2,2,3,6
1987-04-30,9981A,12,1,1,1,4,4,1,2,2,2
1987-05-31,9981A,6,8,1,1,1,0,0,0,0,14
1987-06-30,9981A,16,0,2,0,0,1,0,3,2,6
1987-07-31,9981A,4,5,3,0,0,0,2,0,0,17
1987-08-31,9981A,8,0,2,0,0,0,0,0,2,19
1987-09-30,9981A,14,0,3,0,0,3,1,0,0,9
1987-10-31,9981A,7,0,0,2,4,4,6,3,0,5
1987-11-30,9981A,7,2,1,5,1,0,2,1,6,5
1987-12-31,9981A,12,2,1,1,1,2,4,0,0,8
1988-01-31,9981A,9,0,1,2,1,4,7,6,0,1
1988-02-29,9981A,7,6,2,2,2,0,5,1,3,1
1988-03-31,9981A,10,6,1,0,0,0,1,4,5,4
1988-04-30,9981A,7,2,0,0,3,0,2,2,1,13
1988-05-31,9981A,9,2,1,0,0,1,2,0,0,16
1988-06-30,9981A,4,4,2,1,1,0,0,0,0,18
1988-07-31,9981A,13,2,4,0,0,0,2,1,1,8
1988-08-31,9981A,8,3,0,0,1,1,0,0,0,18
1988-09-30,9981A,14,6,2,0,0,0,1,0,0,7
1988-10-31,9981A,11,0,2,2,4,3,2,0,0,7
1988-11-30,9981A,7,5,4,8,2,1,1,1,0,1
1988-12-31,9981A,11,12,1,1,0,0,0,3,2,1
1989-01-31,9981A,16,0,6,4,3,0,1,0,1,0
1989-02-28,9981A,12,1,1,4,1,1,4,2,0,2
1989-03-31,9981A,9,3,3,0,5,1,2,2,3,3
1989-04-30,9981A,2,1,0,0,4,1,2,7,5,8
1989-05-31,9981A,10,1,2,0,0,0,0,1,0,17
1989-06-30,9981A,6,1,0,0,0,0,0,0,0,23
1989-07-31,9981A,1,4,1,0,0,0,0,0,0,25
1989-08-31,9981A,4,3,0,0,0,0,0,0,0,24
1989-09-30,9981A,6,5,5,1,0,2,0,0,0,11
1989-10-31,9981A,9,3,4,4,3,1,2,0,2,3
1989-11-30,9981A,3,0,1,6,5,4,1,5,0,5
1989-12-31,9981A,2,0,0,11,1,7,6,0,0,4
1990-01-31,9981A,13,3,5,0,1,3,5,0,0,1
1990-02-28,9981A,16,0,0,0,0,3,3,6,0,0
1990-03-31,9981A,15,6,3,2,2,0,0,0,2,1
1990-04-30,9981A,2,1,2,2,1,0,1,0,9,12
1990-05-31,9981A,8,2,2,1,1,0,1,0,1,15
1990-06-30,9981A,8,0,0,0,1,0,0,0,1,20
1990-07-31,9981A,9,0,3,0,0,0,0,0,0,19
1990-08-31,9981A,6,2,6,0,0,0,0,0,0,17
1990-09-30,9981A,7,0,1,1,0,2,0,2,0,17
1990-10-31,9981A,2,4,1,0,1,6,7,3,0,7
1990-11-30,9981A,5,6,1,1,2,0,4,3,4,4
1990-12-31,9981A,6,2,9,0,0,1,4,3,4,2
1991-01-31,9981A,11,2,8,0,0,0,7,1,2,0
1991-02-28,9981A,9,2,1,1,1,0,3,3,1,7
1991-03-31,9981A,7,2,4,1,1,4,5,1,0,6
1991-04-30,9981A,9,4,1,2,0,0,2,3,4,5
1991-05-31,9981A,2,11,3,1,0,0,0,0,6,8
1991-06-30,9981A,15,3,0,0,0,0,1,0,1,10
1991-07-31,9981A,7,3,1,1,1,0,0,1,0,17
1991-08-31,9981A,6,3,0,0,0,0,1,0,0,21
1991-09-30,9981A,11,0,0,0,0,0,2,1,1,15
1991-10-31,9981A,6,5,4,1,1,1,4,0,1,8
1991-11-30,9981A,7,4,0,2,2,1,6,4,3,1
1991-12-31,9981A,8,4,4,9,2,0,0,0,2,2
1992-01-31,9981A,8,4,10,2,0,2,1,1,1,2
1992-02-29,9981A,15,4,5,1,1,1,1,1,0,0
1992-03-31,9981A,10,6,4,0,1,0,3,2,5,0
1992-04-30,9981A,7,6,0,0,0,1,2,3,5,6
1992-05-31,9981A,9,7,0,0,2,1,0,0,0,12
1992-06-30,9981A,3,1,1,0,0,1,0,4,4,16
1992-07-31,9981A,10,3,0,0,0,0,0,0,0,18
1992-08-31,9981A,18,0,0,0,0,0,0,3,0,10
1992-09-30,9981A,12,0,3,0,1,2,2,0,0,10
1992-10-31,9981A,4,2,1,0,0,1,5,3,6,9
1992-11-30,9981A,14,1,2,0,0,0,4,5,4,0
1992-12-31,9981A,5,3,6,2,3,2,4,2,2,2
1993-01-31,9981A,21,3,0,2,1,0,2,0,2,0
1993-02-28,9981A,5,8,7,4,1,0,0,0,1,2
1993-03-31,9981A,10,4,2,1,5,1,0,1,0,7
1993-04-30,9981A,8,1,0,0,1,4,4,1,2,9
1993-05-31,9981A,9,1,1,1,4,2,1,2,0,10
1993-06-30,9981A,8,1,2,0,0,0,1,1,1,16
1993-07-31,9981A,9,4,5,0,0,0,0,0,1,12
1993-08-31,9981A,5,3,2,0,0,0,0,0,1,20
1993-09-30,9981A,6,0,1,0,0,1,6,0,3,13
1993-10-31,9981A,1,4,5,1,0,5,7,2,1,5
1993-11-30,9981A,9,2,5,2,1,1,0,3,0,7
1993-12-31,9981A,17,1,0,0,0,0,3,6,3,1
1994-01-31,9981A,10,4,2,0,0,0,6,7,2,0
1994-02-28,9981A,2,1,0,1,0,2,6,6,6,4
1994-03-31,9981A,19,4,2,0,0,1,1,0,0,4
1994-04-30,9981A,10,4,0,0,0,2,0,5,6,3
1994-05-31,9981A,4,0,0,1,0,2,5,1,0,18
1994-06-30,9981A,7,7,2,0,0,0,0,1,0,13
1994-07-31,9981A,1,1,2,0,0,0,0,0,0,27
1994-08-31,9981A,8,0,2,0,0,0,2,0,0,19
1994-09-30,9981A,7,3,2,0,0,2,0,1,0,15
1994-10-31,9981A,8,0,2,2,2,1,3,3,0,10
1994-11-30,9981A,9,2,3,0,2,1,5,3,1,4
1994-12-31,9981A,16,2,0,0,2,1,6,0,4,0
1995-01-31,9981A,6,7,1,0,0,2,9,1,5,0
1995-02-28,9981A,14,3,1,0,0,0,5,3,1,1
1995-03-31,9981A,9,4,4,2,1,0,2,3,5,1
1995-04-30,9981A,8,4,5,2,1,0,0,2,1,7
1995-05-31,9981A,8,4,0,1,3,0,1,1,1,12
1995-06-30,9981A,4,1,6,0,0,0,0,0,0,19
1995-07-31,9981A,7,2,6,1,0,0,0,2,0,13
1995-08-31,9981A,1,8,3,0,0,0,0,0,0,19
1995-09-30,9981A,4,4,0,0,0,1,3,1,3,14
1995-10-31,9981A,14,2,1,1,2,4,0,0,0,7
1995-11-30,9981A,4,3,2,1,2,6,4,3,1,4
1995-12-31,9981A,4,2,1,3,1,2,8,1,1,8
1996-01-31,9981A,2,0,0,4,6,6,5,2,0,6
1996-02-29,9981A,4,4,1,0,0,2,1,7,6,4
1996-03-31,9981A,3,5,2,3,1,3,0,3,3,8
1996-04-30,9981A,5,5,1,0,2,2,0,0,3,12
1996-05-31,9981A,10,2,0,0,1,1,4,0,1,12
1996-06-30,9981A,12,6,3,0,0,0,0,1,1,7
1996-07-31,9981A,5,4,3,0,0,0,0,0,1,18
1996-08-31,9981A,7,4,1,0,0,0,0,0,0,19
1996-09-30,9981A,5,3,3,0,0,1,2,2,2,12
1996-10-31,9981A,13,4,1,0,0,1,1,1,4,6
1996-11-30,9981A,9,1,0,0,0,2,4,6,2,6
1996-12-31,9981A,2,2,1,0,0,8,2,0,2,14
1997-01-31,9981A,4,1,4,3,5,3,0,2,1,8
1997-02-28,9981A,25,0,0,0,0,0,1,1,1,0
1997-03-31,9981A,17,4,5,0,0,0,0,0,2,3
1997-04-30,9981A,5,4,5,4,0,0,1,1,0,10
1997-05-31,9981A,8,0,4,3,1,2,3,3,0,7
1997-06-30,9981A,9,3,0,0,1,1,2,2,2,10
1997-07-31,9981A,6,5,2,0,0,0,0,0,2,16
1997-08-31,9981A,6,1,0,0,0,0,1,1,0,22
1997-09-30,9981A,9,1,2,1,0,0,0,0,0,17
1997-10-31,9981A,4,5,1,0,2,3,1,1,1,13
1997-11-30,9981A,4,0,0,0,1,4,11,2,2,6
1997-12-31,9981A,6,3,1,0,0,4,7,4,3,3
1998-01-31,9981A,7,3,1,4,1,2,5,4,1,3
1998-02-28,9981A,12,3,1,2,2,2,0,0,2,4
1998-03-31,9981A,12,7,5,0,1,3,0,1,2,0
1998-04-30,9981A,5,0,0,0,0,2,13,7,1,2
1998-05-31,9981A,4,3,0,0,4,0,0,0,4,16
1998-06-30,9981A,14,0,1,0,1,1,0,0,1,12
1998-07-31,9981A,11,4,1,0,0,0,0,1,1,13
1998-08-31,9981A,3,7,2,1,1,0,0,0,0,17
1998-09-30,9981A,8,0,4,0,0,1,4,4,0,9
1998-10-31,9981A,17,0,0,0,0,1,2,3,4,4
1998-11-30,9981A,8,4,5,0,0,0,4,3,5,1
1998-12-31,9981A,14,1,3,0,0,5,2,2,3,1
1999-01-31,9981A,14,3,0,1,1,0,2,3,4,3
1999-02-28,9981A,5,8,0,1,0,0,1,3,8,2
1999-03-31,9981A,6,6,2,0,4,3,2,5,1,2
1999-04-30,9981A,11,4,0,0,0,3,2,3,1,6
1999-05-31,9981A,7,2,0,0,1,2,2,2,2,13
1999-06-30,9981A,9,7,3,0,0,0,0,0,0,11
1999-07-31,9981A,2,5,2,1,0,0,0,0,1,20
1999-08-31,9981A,7,1,0,0,0,0,1,0,0,22
1999-09-30,9981A,10,1,0,0,0,2,4,2,0,11
1999-10-31,9981A,6,1,6,2,0,5,4,0,0,7
1999-11-30,9981A,9,8,3,1,0,0,0,1,5,3
1999-12-31,9981A,12,5,1,0,0,1,7,3,1,1
2000-01-31,9981A,13,6,5,3,0,0,0,0,2,2
2000-02-29,9981A,16,4,0,0,1,0,3,4,1,0
2000-03-31,9981A,11,6,2,0,2,0,0,3,0,7
2000-04-30,9981A,5,0,0,3,0,3,7,7,1,4
2000-05-31,9981A,10,0,2,1,0,0,0,0,1,17
2000-06-30,9981A,6,5,2,1,3,0,0,0,2,11
2000-07-31,9981A,8,3,2,0,0,0,0,1,3,14
2000-08-31,9981A,3,4,3,0,0,0,0,0,0,21
2000-09-30,9981A,12,1,1,0,0,1,2,2,0,11
2000-10-31,9981A,7,2,0,4,1,0,5,2,3,7
2000-11-30,9981A,6,1,0,0,0,5,12,3,2,1
2000-12-31,9981A,9,0,0,0,4,7,6,5,0,0
2001-01-31,9981A,2,2,0,0,0,6,10,1,5,5
2001-02-28,9981A,5,9,2,0,0,2,5,2,1,2
2001-03-31,9981A,7,0,0,0,0,4,13,2,1,4
2001-04-30,9981A,11,6,1,0,0,1,2,2,3,4
2001-05-31,9981A,7,6,1,0,0,0,2,0,3,12
2001-06-30,9981A,8,5,3,0,0,0,0,1,1,12
2001-07-31,9981A,9,1,4,1,0,0,0,2,1,13
2001-08-31,9981A,5,1,2,0,0,0,0,0,0,23
2001-09-30,9981A,11,4,7,0,0,1,0,0,0,7
2001-10-31,9981A,13,0,1,1,3,7,4,0,0,2
2001-11-30,9981A,8,8,5,2,0,0,0,1,4,2
2001-12-31,9981A,9,3,8,5,0,0,1,0,1,4
2002-01-31,9981A,17,0,0,5,3,3,1,1,1,0
2002-02-28,9981A,13,2,2,0,0,2,4,2,3,0
2002-03-31,9981A,8,4,6,2,2,3,1,0,2,3
2002-04-30,9981A,9,3,1,0,0,1,1,1,2,12
2002-05-31,9981A,11,0,3,1,1,2,0,0,5,8
2002-06-30,9981A,8,2,2,0,1,0,1,5,0,11
2002-07-31,9981A,6,6,4,0,0,0,0,0,1,14
2002-08-31,9981A,3,1,0,0,0,0,0,0,2,25
2002-09-30,9981A,4,4,0,1,2,0,0,0,2,17
2002-10-31,9981A,12,0,0,0,1,7,2,3,2,4
2002-11-30,9981A,3,1,0,0,0,6,5,5,6,4
2002-12-31,9981A,6,2,0,0,2,4,6,3,4,4
2003-01-31,9981A,3,9,0,0,0,0,9,1,5,4
2003-02-28,9981A,7,3,2,0,5,1,0,3,2,5
2003-03-31,9981A,12,0,0,3,3,2,1,2,0,8
2003-04-30,9981A,8,4,3,1,2,3,2,0,1,6
2003-05-31,9981A,13,7,1,0,0,0,0,0,0,10
2003-06-30,9981A,9,1,1,0,0,1,1,0,0,17
2003-07-31,9981A,7,2,1,0,0,0,1,1,0,19
2003-08-31,9981A,4,0,0,0,0,0,1,1,1,24
2003-09-30,9981A,12,2,4,0,0,1,0,1,1,9
2003-10-31,9981A,5,3,0,2,0,3,5,1,1,11
2003-11-30,9981A,9,0,3,0,1,2,3,3,1,8
2003-12-31,9981A,6,5,1,2,2,2,1,4,3,5
2004-01-31,9981A,9,2,0,0,0,0,5,4,7,4
2004-02-29,9981A,10,4,3,0,0,0,1,2,1,8
2004-03-31,9981A,11,3,4,0,0,2,1,1,3,6
2004-04-30,9981A,4,5,1,1,0,2,3,2,3,9
2004-05-31,9981A,7,3,4,1,0,1,0,4,1,10
2004-06-30,9981A,13,7,2,0,0,0,0,1,0,7
2004-07-31,9981A,5,5,2,0,0,0,0,1,0,18
2004-08-31,9981A,10,1,0,1,2,1,3,1,0,12
2004-09-30,9981A,6,9,0,2,0,0,0,0,0,13
2004-10-31,9981A,7,0,0,1,0,7,5,4,0,7
2004-11-30,9981A,8,11,1,0,0,1,0,1,3,5
2004-12-31,9981A,3,10,4,3,0,1,0,4,4,2
2005-01-31,9981A,13,8,0,0,1,0,0,1,7,1
2005-02-28,9981A,4,7,3,1,0,0,0,1,6,6
2005-03-31,9981A,12,3,1,0,0,4,2,2,3,4
2005-04-30,9981A,8,3,1,0,2,3,0,6,2,5
2005-05-31,9981A,12,1,3,0,1,1,0,0,2,11
2005-06-30,9981A,4,1,4,0,1,0,0,0,0,20
2005-07-31,9981A,7,5,4,0,0,0,0,0,0,15
2005-08-31,9981A,6,9,2,2,0,0,0,0,1,11
2005-09-30,9981A,9,4,1,0,0,0,0,1,0,15
2005-10-31,9981A,11,2,0,0,0,6,3,0,0,9
2005-11-30,9981A,5,4,2,3,0,2,1,3,2,8
2005-12-31,9981A,4,8,1,3,0,1,5,3,2,4
2006-01-31,9981A,6,7,3,2,2,1,1,1,2,6
2006-02-28,9981A,5,7,2,0,0,0,6,1,0,7
2006-03-31,9981A,7,1,1,1,1,1,6,5,3,5
2006-04-30,9981A,8,9,2,0,1,3,0,0,0,7
2006-05-31,9981A,12,2,3,0,1,1,1,0,0,11
2006-06-30,9981A,3,4,0,2,3,0,0,0,0,18
2006-07-31,9981A,6,1,4,0,1,0,0,0,0,19
2006-08-31,9981A,8,10,1,0,0,0,2,0,1,9
2006-09-30,9981A,9,0,1,0,0,4,1,2,2,11
2006-10-31,9981A,7,2,1,1,5,6,3,2,0,4
2006-11-30,9981A,9,2,1,3,3,4,5,2,1,0
2006-12-31,9981A,11,8,4,0,0,1,5,2,0,0
2007-01-31,9981A,19,0,2,2,0,0,3,3,0,2
2007-02-28,9981A,8,1,0,1,0,1,10,4,2,1
2007-03-31,9981A,6,4,1,0,0,1,3,4,7,5
2007-04-30,9981A,5,4,1,2,0,0,0,1,2,15
2007-05-31,9981A,10,0,1,1,0,1,1,5,4,8
2007-06-30,9981A,18,1,0,0,0,0,2,0,1,8
2007-07-31,9981A,16,1,0,0,3,0,1,0,0,10
2007-08-31,9981A,3,7,3,2,0,0,0,0,0,16
2007-09-30,9981A,5,2,6,1,1,2,0,0,2,11
2007-10-31,9981A,6,9,6,1,0,0,0,0,0,9
2007-11-30,9981A,6,11,3,0,0,3,1,0,2,4
2007-12-31,9981A,10,4,7,5,0,0,0,3,2,0
2008-01-31,9981A,14,0,2,0,0,3,6,2,1,3
2008-02-29,9981A,12,0,2,7,4,1,2,0,0,1
2008-03-31,9981A,8,5,0,0,0,0,4,7,4,3
2008-04-30,9981A,10,3,1,0,2,2,6,3,0,3
2008-05-31,9981A,3,0,0,1,0,0,0,1,1,25
2008-06-30,9981A,7,6,1,1,0,0,0,0,0,15
2008-07-31,9981A,10,2,4,0,0,0,0,0,0,15
2008-08-31,9981A,13,0,1,0,0,0,0,0,1,16
2008-09-30,9981A,8,6,3,0,0,0,2,0,0,11
2008-10-31,9981A,10,1,3,3,1,0,2,0,2,9
2008-11-30,9981A,5,7,1,0,0,0,3,4,5,5
2008-12-31,9981A,3,3,1,3,2,0,3,4,6,6
2009-01-31,9981A,5,2,3,0,0,2,6,4,4,5
2009-02-28,9981A,2,7,6,1,0,3,2,3,1,3
2009-03-31,9981A,9,4,5,1,0,0,1,2,2,7
2009-04-30,9981A,4,1,0,0,0,2,1,4,5,13
2009-05-31,9981A,3,6,2,0,2,1,0,0,2,15
2009-06-30,9981A,8,3,3,0,0,0,3,0,0,13
2009-07-31,9981A,7,1,3,0,0,2,1,0,2,15
2009-08-31,9981A,3,1,4,0,0,0,0,0,0,23
2009-09-30,9981A,3,5,9,1,0,0,1,0,0,11
2009-10-31,9981A,11,3,5,0,1,4,2,1,1,3
2009-11-30,9981A,7,0,0,0,0,5,7,9,1,1
2009-12-31,9981A,7,4,1,0,0,3,8,4,1,3
2010-01-31,9981A,5,1,3,1,0,1,3,5,4,8
2010-02-28,9981A,3,1,2,1,0,4,7,2,3,5
2010-03-31,9981A,6,5,3,0,4,5,4,0,1,3
2010-04-30,9981A,11,2,6,0,1,0,1,0,1,8
2010-05-31,9981A,4,4,1,0,0,2,0,0,7,13
2010-06-30,9981A,0,4,0,0,0,0,1,0,3,22
2010-07-31,9981A,3,6,2,0,0,0,0,0,0,20
2010-08-31,9981A,10,6,3,0,0,0,1,0,1,10
2010-09-30,9981A,7,2,0,0,0,0,1,1,2,17
2010-10-31,9981A,7,6,0,0,1,5,2,0,0,10
2010-11-30,9981A,7,0,0,0,1,1,6,7,2,6
2010-12-31,9981A,3,4,3,0,2,5,5,2,2,5
2011-01-31,9981A,8,5,4,0,0,4,1,1,0,8
2011-02-28,9981A,11,5,0,0,0,1,3,3,3,2
2011-03-31,9981A,4,4,3,5,4,1,1,2,1,6
2011-04-30,9981A,5,4,5,1,4,1,0,0,2,8
2011-05-31,9981A,7,5,1,1,1,1,0,1,0,14
2011-06-30,9981A,12,4,2,0,0,0,0,0,0,12
2011-07-31,9981A,5,3,0,0,0,0,1,0,3,19
2011-08-31,9981A,4,1,2,0,0,0,0,0,0,24
2011-09-30,9981A,16,0,1,0,0,0,0,0,0,13
2011-10-31,9981A,10,7,4,1,1,4,1,0,0,3
2011-11-30,9981A,5,1,4,1,5,5,0,1,1,7
2011-12-31,9981A,7,4,2,0,0,1,7,4,5,1
2012-01-31,9981A,12,8,2,0,0,0,1,3,1,4
2012-02-29,9981A,7,17,1,0,0,0,0,0,3,1
2012-03-31,9981A,14,8,2,1,0,0,1,1,0,4
2012-04-30,9981A,2,0,0,0,0,2,5,7,4,10
2012-05-31,9981A,10,4,2,0,1,0,2,3,1,8
2012-06-30,9981A,13,0,2,0,0,0,0,3,2,10
2012-07-31,9981A,8,2,1,0,0,0,0,0,0,20
2012-08-31,9981A,8,2,1,0,1,0,0,0,0,19
2012-09-30,9981A,4,8,2,1,0,1,3,0,0,11
2012-10-31,9981A,14,0,0,0,4,1,1,0,4,7
2012-11-30,9981A,6,3,3,0,3,3,5,1,2,4
2012-12-31,9981A,12,2,0,0,0,2,6,5,2,2
2013-01-31,9981A,6,3,1,0,0,0,4,9,6,2
2013-02-28,9981A,3,0,1,2,0,0,2,2,11,7
2013-03-31,9981A,2,1,1,1,2,4,6,4,3,7
2013-04-30,9981A,8,4,4,0,0,0,3,2,1,8
2013-05-31,9981A,7,5,0,0,0,0,0,5,4,10
2013-06-30,9981A,12,3,3,0,0,0,0,0,2,10
2013-07-31,9981A,10,0,2,0,0,0,0,1,0,18
2013-08-31,9981A,3,5,5,0,1,0,0,0,0,17
2013-09-30,9981A,12,2,2,0,0,2,3,0,0,9
2013-10-31,9981A,11,4,1,0,1,6,3,0,0,5
2013-11-30,9981A,4,10,4,0,0,0,2,4,5,1
2013-12-31,9981A,15,6,1,0,1,1,6,1,0,0
2014-01-31,9981A,2,0,0,0,1,4,10,8,3,3
2014-02-28,9981A,4,1,0,0,0,5,10,7,1,0
2014-03-31,9981A,10,4,1,2,2,1,0,7,3,1
2014-04-30,9981A,7,1,3,0,0,2,0,4,2,11
2014-05-31,9981A,10,4,3,0,2,2,2,0,0,8
2014-06-30,9981A,6,5,1,0,1,0,0,0,3,14
2014-07-31,9981A,4,5,0,0,1,0,0,0,2,19
2014-08-31,9981A,10,2,1,0,0,0,0,0,0,18
2014-09-30,9981A,5,1,1,0,1,1,0,0,0,21
2014-10-31,9981A,14,2,0,0,1,3,4,0,0,7
2014-11-30,9981A,1,0,0,0,6,5,7,3,1,7
2014-12-31,9981A,5,7,0,0,0,2,0,1,11,5
2015-01-31,9981A,13,3,0,0,0,2,2,4,4,3
2015-02-28,9981A,4,3,2,1,0,0,3,3,8,4
2015-03-31,9981A,10,6,4,1,0,0,1,2,3,4
2015-04-30,9981A,8,3,2,4,4,1,0,1,0,7
2015-05-31,9981A,10,11,1,0,0,2,2,1,0,4
2015-06-30,9981A,8,4,3,0,0,0,0,0,1,14
2015-07-31,9981A,7,2,2,1,1,0,0,0,0,18
2015-08-31,9981A,9,1,1,0,0,0,1,2,0,17
2015-09-30,9981A,2,5,5,1,0,1,3,1,0,12
2015-10-31,9981A,6,4,0,0,1,3,3,0,0,14
2015-11-30,9981A,18,3,0,1,1,1,0,1,5,0
2015-12-31,9981A,21,0,1,0,1,7,1,0,0,0
2016-01-31,9981A,12,1,0,0,0,2,10,3,1,2
2016-02-29,9981A,8,2,0,0,0,1,7,5,2,4
2016-03-31,9981A,2,4,2,0,0,1,4,3,8,7
2016-04-30,9981A,6,6,2,1,0,6,1,1,1,6
2016-05-31,9981A,8,2,0,0,2,2,0,3,1,13
2016-06-30,9981A,13,3,2,1,0,0,0,1,0,10
2016-07-31,9981A,4,6,4,0,0,0,0,0,0,17
2016-08-31,9981A,6,5,4,0,0,0,0,0,0,16
2016-09-30,9981A,11,3,1,0,1,0,1,0,1,12
2016-10-31,9981A,9,1,3,0,2,1,0,0,0,15
2016-11-30,9981A,4,2,2,3,0,2,2,4,2,9
2016-12-31,9981A,15,3,5,3,3,0,0,0,0,2
2017-01-31,9981A,3,10,5,0,0,5,1,1,5,1
2017-02-28,9981A,9,1,1,1,4,1,5,2,2,2
2017-03-31,9981A,10,1,2,1,1,4,3,1,2,6
2017-04-30,9981A,6,5,5,2,1,0,1,1,1,8
2017-05-31,9981A,13,0,0,1,2,1,2,0,0,12
2017-06-30,9981A,8,1,1,0,0,0,0,2,1,17
2017-07-31,9981A,6,3,2,0,1,1,0,0,0,18
2017-08-31,9981A,7,3,3,0,0,0,0,0,0,18
2017-09-30,9981A,16,3,0,0,0,0,0,0,1,10
2017-10-31,9981A,17,5,2,0,2,2,0,0,0,3
2017-11-30,9981A,4,8,1,0,1,4,1,0,6,5
2017-12-31,9981A,10,6,0,0,0,1,5,4,4,1
2018-01-31,9981A,10,1,1,0,0,1,4,7,3,4
2018-02-28,9981A,3,7,2,0,0,0,2,2,5,7
2018-03-31,9981A,2,1,0,0,0,4,12,7,4,1
2018-04-30,9981A,9,2,1,0,2,3,4,1,0,8
2018-05-31,9981A,2,3,0,0,0,0,0,0,4,22
2018-06-30,9981A,1,3,2,0,0,0,0,0,2,22
2018-07-31,9981A,4,0,0,0,0,0,0,0,2,25
2018-08-31,9981A,1,3,1,0,0,0,0,0,0,26
2018-09-30,9981A,11,1,3,1,0,0,0,0,0,14
2018-10-31,9981A,2,8,4,1,2,4,1,1,0,8
2018-11-30,9981A,2,1,0,6,1,8,4,1,1,6
2018-12-31,9981A,20,2,2,0,1,1,2,0,1,2
2019-01-31,9981A,2,12,2,0,0,0,1,5,4,5
2019-02-28,9981A,18,1,0,1,3,1,2,0,2,0
2019-03-31,9981A,15,4,5,0,1,1,2,0,1,2
2019-04-30,9981A,4,0,3,1,1,2,4,2,3,10
2019-05-31,9981A,4,10,1,0,0,1,1,2,1,11
2019-06-30,9981A,9,3,1,0,0,1,0,0,0,16
2019-07-31,9981A,5,3,2,0,0,0,0,0,1,20
2019-08-31,9981A,7,2,4,0,0,0,0,0,0,18
2019-09-30,9981A,10,6,2,1,0,1,0,0,0,10
2019-10-31,9981A,9,1,1,0,0,4,3,3,3,7
2019-11-30,9981A,0,0,0,0,0,4,9,10,4,3
2019-12-31,9981A,13,0,4,0,0,2,4,4,1,3
2020-01-31,9981A,14,4,4,1,1,2,4,0,0,1
2020-02-29,9981A,21,0,1,0,1,1,1,3,1,0
2020-03-31,9981A,4,1,8,2,0,0,2,4,2,8
2020-04-30,9981A,7,2,1,0,3,2,1,1,0,13
2020-05-31,9981A,6,4,4,1,0,1,0,2,1,12
2020-06-30,9981A,11,0,0,0,0,0,3,2,1,13
2020-07-31,9981A,4,5,3,1,0,0,0,0,0,18
2020-08-31,9981A,8,8,0,0,0,0,0,0,1,14
2020-09-30,9981A,8,2,1,0,0,1,2,0,3,13
2020-10-31,9981A,12,2,0,0,0,4,4,3,2,4
2020-11-30,9981A,13,2,4,2,3,4,1,0,0,1
2020-12-31,9981A,7,4,0,0,0,3,10,7,0,0
2021-01-31,9981A,5,3,2,0,0,1,4,6,5,5
2021-02-28,9981A,7,0,2,1,2,6,3,3,0,4
2021-03-31,9981A,12,9,4,3,3,0,0,0,0,0
2021-04-30,9981A,2,6,4,0,4,0,0,0,0,14
2021-05-31,9981A,16,0,1,0,0,2,1,3,1,7
2021-06-30,9981A,4,2,2,0,0,0,0,0,0,22
2021-07-31,9981A,5,1,3,0,0,0,0,0,2,20
2021-08-31,9981A,7,2,2,1,0,0,0,0,0,19
2021-09-30,9981A,10,2,3,0,1,1,0,0,0,13
2021-10-31,9981A,12,5,2,0,0,5,2,0,1,4
2021-11-30,9981A,2,10,1,1,0,0,1,4,3,8
2021-12-31,9981A,11,0,1,3,0,1,5,6,4,0
1981-01-31,0016A,5,5,3,2,0,0,0,5,8,3
1981-02-28,0016A,5,4,4,1,1,2,2,3,4,2
1981-03-31,0016A,17,1,0,0,0,3,2,2,3,3
1981-04-30,0016A,5,2,5,0,2,0,1,2,1,12
1981-05-31,0016A,14,0,0,0,3,3,3,4,2,2
1981-06-30,0016A,11,7,3,1,0,0,0,1,0,7
1981-07-31,0016A,6,10,1,0,0,0,0,0,1,13
1981-08-31,0016A,2,4,4,0,0,0,0,0,0,21
1981-09-30,0016A,9,1,0,0,2,2,3,0,1,12
1981-10-31,0016A,13,3,0,0,0,4,3,3,2,3
1981-11-30,0016A,19,4,4,0,0,0,0,0,3,0
1981-12-31,0016A,1,2,0,0,0,4,12,6,4,2
1982-01-31,0016A,5,3,1,4,1,1,3,3,7,3
1982-02-28,0016A,7,2,0,0,5,0,0,1,4,9
1982-03-31,0016A,13,5,3,0,0,0,0,1,4,5
1982-04-30,0016A,5,9,7,0,1,1,0,0,0,7
1982-05-31,0016A,12,4,5,0,0,2,0,0,0,8
1982-06-30,0016A,14,0,1,0,0,0,0,2,1,12
1982-07-31,0016A,2,1,1,0,0,1,0,0,0,26
1982-08-31,0016A,8,5,4,0,0,0,0,0,0,14
1982-09-30,0016A,11,4,1,1,0,4,1,0,0,8
1982-10-31,0016A,12,0,4,0,0,1,2,5,1,6
1982-11-30,0016A,11,2,0,0,1,5,1,2,5,3
1982-12-31,0016A,8,4,0,0,0,0,9,4,5,1
1983-01-31,0016A,20,3,0,0,2,0,0,2,4,0
1983-02-28,0016A,7,2,0,2,2,1,2,1,3,8
1983-03-31,0016A,12,3,2,1,1,2,0,3,6,1
1983-04-30,0016A,3,2,1,0,2,8,7,2,2,3
1983-05-31,0016A,6,2,0,0,1,0,7,2,3,10
1983-06-30,0016A,6,7,2,0,0,0,0,0,1,14
1983-07-31,0016A,5,1,1,0,0,0,0,0,0,24
1983-08-31,0016A,3,3,4,0,0,0,0,0,2,19
1983-09-30,0016A,17,2,0,1,1,1,0,1,0,7
1983-10-31,0016A,15,5,2,1,0,2,1,0,1,4
1983-11-30,0016A,3,3,0,2,4,0,1,1,2,14
1983-12-31,0016A,11,5,3,0,0,3,4,3,1,1
1984-01-31,0016A,11,2,0,0,0,1,6,7,4,0
1984-02-29,0016A,4,6,4,0,0,0,2,3,5,5
1984-03-31,0016A,0,7,2,2,0,1,6,1,3,9
1984-04-30,0016A,5,2,2,2,2,0,0,0,3,14
1984-05-31,0016A,3,3,1,0,0,3,5,4,2,10
1984-06-30,0016A,9,4,1,2,0,1,3,1,0,9
1984-07-31,0016A,4,5,3,0,2,0,0,0,0,17
1984-08-31,0016A,7,4,0,0,0,0,0,1,1,18
1984-09-30,0016A,13,3,0,1,0,1,0,1,3,8
1984-10-31,0016A,11,5,1,0,0,6,3,1,1,3
1984-11-30,0016A,6,0,2,0,3,5,6,3,0,5
1984-12-31,0016A,9,6,0,2,3,1,2,3,1,4
1985-01-31,0016A,4,7,1,0,0,3,4,4,5,3
1985-02-28,0016A,8,1,4,1,2,1,4,2,0,5
1985-03-31,0016A,5,9,0,0,0,1,5,3,4,4
1985-04-30,0016A,9,6,0,0,0,2,3,1,0,9
1985-05-31,0016A,8,1,0,0,0,0,0,2,2,18
1985-06-30,0016A,17,1,1,0,0,0,0,0,0,11
1985-07-31,0016A,5,2,4,1,2,0,2,0,0,15
1985-08-31,0016A,15,2,0,0,0,0,0,0,1,13
1985-09-30,0016A,12,4,3,0,0,0,0,0,0,11
1985-10-31,0016A,10,4,3,4,1,3,0,0,0,6
1985-11-30,0016A,4,5,4,0,0,1,5,1,3,7
1985-12-31,0016A,10,5,1,0,0,4,4,2,1,4
1986-01-31,0016A,4,0,0,0,0,1,8,6,8,4
1986-02-28,0016A,0,4,0,1,2,1,2,3,2,13
1986-03-31,0016A,16,5,1,0,0,0,1,1,1,6
1986-04-30,0016A,1,3,0,1,0,2,4,4,4,11
1986-05-31,0016A,15,5,0,0,0,0,1,0,0,10
1986-06-30,0016A,10,7,0,0,1,0,0,0,1,11
1986-07-31,0016A,6,8,1,0,0,0,0,0,0,16
1986-08-31,0016A,3,2,4,0,0,0,0,0,0,22
1986-09-30,0016A,7,4,5,0,0,2,0,0,2,10
1986-10-31,0016A,12,2,0,3,1,0,1,2,1,9
1986-11-30,0016A,14,6,0,0,2,2,3,1,1,1
1986-12-31,0016A,12,4,0,0,0,3,2,2,8,0
1987-01-31,0016A,4,6,5,0,1,2,2,1,5,5
1987-02-28,0016A,5,4,0,0,0,3,1,2,7,6
1987-03-31,0016A,10,3,2,2,0,1,2,2,3,6
1987-04-30,0016A,12,1,2,1,3,4,1,2,2,2
1987-05-31,0016A,5,7,1,2,1,0,0,0,2,13
1987-06-30,0016A,19,0,0,0,0,1,0,1,1,8
1987-07-31,0016A,7,4,3,0,0,0,2,0,0,15
1987-08-31,0016A,7,0,3,0,0,0,0,0,1,20
1987-09-30,0016A,16,1,3,0,0,2,1,0,0,7
1987-10-31,0016A,6,0,0,1,6,6,5,2,0,5
1987-11-30,0016A,6,3,2,3,1,0,2,0,7,6
1987-12-31,0016A,11,4,0,2,3,1,3,1,0,6
1988-01-31,0016A,9,0,1,2,1,3,7,6,0,2
1988-02-29,0016A,7,5,2,3,1,0,5,1,4,1
1988-03-31,0016A,10,7,0,0,0,0,1,4,5,4
1988-04-30,0016A,6,1,1,0,3,0,2,1,1,15
1988-05-31,0016A,9,3,0,0,0,2,2,0,0,15
1988-06-30,0016A,4,4,2,1,1,0,0,0,0,18
1988-07-31,0016A,13,6,1,0,0,0,3,1,0,7
1988-08-31,0016A,9,3,0,0,0,1,0,0,0,18
1988-09-30,0016A,14,5,2,0,0,0,1,0,0,8
1988-10-31,0016A,11,0,2,2,4,3,2,0,0,7
1988-11-30,0016A,6,5,3,10,1,1,1,1,1,1
1988-12-31,0016A,10,13,0,1,0,0,0,4,2,1
1989-01-31,0016A,18,1,6,2,2,0,1,0,1,0
1989-02-28,0016A,13,1,0,3,1,1,3,3,1,2
1989-03-31,0016A,9,5,3,0,5,1,2,2,3,1
1989-04-30,0016A,1,1,0,0,4,1,3,6,4,10
1989-05-31,0016A,10,1,2,0,0,0,0,0,1,17
1989-06-30,0016A,5,1,0,0,0,0,0,0,0,24
1989-07-31,0016A,1,9,0,1,1,0,0,0,0,19
1989-08-31,0016A,6,3,1,0,0,0,0,0,0,21
1989-09-30,0016A,7,7,5,1,2,0,0,0,0,8
1989-10-31,0016A,10,2,5,4,3,1,2,0,2,2
1989-11-30,0016A,4,0,0,7,4,5,0,3,1,6
1989-12-31,0016A,3,0,1,10,1,6,6,0,0,4
1990-01-31,0016A,16,1,5,0,1,3,4,0,1,0
1990-02-28,0016A,15,0,0,0,0,3,4,6,0,0
1990-03-31,0016A,15,6,4,2,2,0,0,0,2,0
1990-04-30,0016A,2,2,3,2,1,0,1,1,8,10
1990-05-31,0016A,8,2,2,1,1,0,1,0,1,15
1990-06-30,0016A,9,0,1,0,0,0,0,0,1,19
1990-07-31,0016A,9,3,2,0,0,0,0,0,0,17
1990-08-31,0016A,10,3,2,0,1,0,0,0,0,15
1990-09-30,0016A,5,0,4,0,2,1,0,2,0,16
1990-10-31,0016A,2,5,1,0,3,4,7,2,0,7
1990-11-30,0016A,3,5,1,2,1,0,4,4,6,4
1990-12-31,0016A,6,3,9,0,0,1,4,2,4,2
1991-01-31,0016A,13,3,7,0,0,0,7,1,0,0
1991-02-28,0016A,9,2,1,2,0,0,3,3,1,7
1991-03-31,0016A,6,2,4,1,2,3,4,2,1,6
1991-04-30,0016A,8,4,1,2,0,0,2,3,4,6
1991-05-31,0016A,3,11,2,0,0,0,0,0,8,7
1991-06-30,0016A,15,4,0,0,0,0,1,0,1,9
1991-07-31,0016A,8,4,0,0,1,0,0,1,0,17
1991-08-31,0016A,6,3,0,0,0,1,0,0,0,21
1991-09-30,0016A,10,0,0,1,0,0,2,1,1,15
1991-10-31,0016A,9,4,4,1,2,1,3,0,0,7
1991-11-30,0016A,7,2,0,2,2,1,5,5,4,2
1991-12-31,0016A,8,3,5,8,2,0,0,0,3,2
1992-01-31,0016A,10,7,7,1,0,2,1,0,0,3
1992-02-29,0016A,13,4,3,2,3,1,1,1,1,0
1992-03-31,0016A,8,7,3,0,1,0,3,2,7,0
1992-04-30,0016A,6,7,0,0,0,1,2,2,6,6
1992-05-31,0016A,10,7,0,0,1,2,0,0,0,11
1992-06-30,0016A,3,2,2,0,0,0,1,1,5,16
1992-07-31,0016A,11,2,0,0,0,0,0,0,1,17
1992-08-31,0016A,20,0,1,0,0,0,2,1,0,7
1992-09-30,0016A,13,0,3,0,2,1,1,0,0,10
1992-10-31,0016A,5,2,1,0,1,0,4,2,7,9
1992-11-30,0016A,14,1,2,0,0,2,2,5,4,0
1992-12-31,0016A,6,4,5,2,3,2,4,2,2,1
1993-01-31,0016A,20,4,0,2,1,0,2,0,2,0
1993-02-28,0016A,7,8,6,4,0,0,0,0,1,2
1993-03-31,0016A,10,5,1,1,3,1,0,1,0,9
1993-04-30,0016A,8,0,0,0,1,4,4,1,3,9
1993-05-31,0016A,9,1,1,2,3,2,1,1,0,11
1993-06-30,0016A,9,2,2,0,0,0,1,1,0,15
1993-07-31,0016A,10,7,3,0,0,0,0,0,1,10
1993-08-31,0016A,4,4,3,0,0,0,0,0,1,19
1993-09-30,0016A,5,0,1,0,0,3,5,0,3,13
1993-10-31,0016A,1,3,5,1,0,6,6,2,2,5
1993-11-30,0016A,9,3,4,2,1,1,0,3,0,7
1993-12-31,0016A,16,1,0,0,0,0,4,6,3,1
1994-01-31,0016A,10,4,2,0,0,1,6,6,2,0
1994-02-28,0016A,2,2,0,1,0,3,5,4,6,5
1994-03-31,0016A,18,5,1,0,1,1,2,0,0,3
1994-04-30,0016A,8,4,0,0,0,2,0,6,7,3
1994-05-31,0016A,5,0,0,2,0,3,4,1,0,16
1994-06-30,0016A,9,7,0,0,1,0,0,0,2,11
1994-07-31,0016A,1,1,2,0,0,0,0,0,0,27
1994-08-31,0016A,8,0,2,1,0,1,1,0,0,18
1994-09-30,0016A,8,4,2,0,0,3,0,2,0,11
1994-10-31,0016A,8,0,3,2,1,1,3,3,0,10
1994-11-30,0016A,10,2,2,0,3,2,4,2,2,3
1994-12-31,0016A,13,4,0,0,2,1,6,0,5,0
1995-01-31,0016A,5,9,0,0,0,2,9,1,5,0
1995-02-28,0016A,14,3,1,0,0,0,5,2,2,1
1995-03-31,0016A,9,4,3,2,1,0,3,2,6,1
1995-04-30,0016A,8,3,4,2,1,0,0,2,2,8
1995-05-31,0016A,8,3,0,1,3,1,1,1,2,11
1995-06-30,0016A,5,2,6,0,0,0,0,0,1,16
1995-07-31,0016A,9,3,3,1,0,1,0,1,0,13
1995-08-31,0016A,2,8,3,0,0,0,0,0,2,16
1995-09-30,0016A,3,5,0,0,0,1,2,1,3,15
1995-10-31,0016A,18,1,0,1,2,3,0,0,0,6
1995-11-30,0016A,4,3,1,1,4,3,4,3,1,6
1995-12-31,0016A,4,2,1,4,1,2,7,0,1,9
1996-01-31,0016A,2,0,0,5,5,6,5,1,0,7
1996-02-29,0016A,4,5,1,0,0,2,2,6,5,4
1996-03-31,0016A,2,5,3,3,1,2,0,0,3,12
1996-04-30,0016A,4,7,0,0,3,1,0,0,4,11
1996-05-31,0016A,10,2,0,0,1,2,3,0,1,12
1996-06-30,0016A,11,9,2,0,1,0,0,1,1,5
1996-07-31,0016A,6,3,1,0,2,0,0,0,2,17
1996-08-31,0016A,9,3,2,0,0,0,0,0,0,17
1996-09-30,0016A,4,3,5,0,0,1,1,1,3,12
1996-10-31,0016A,13,5,0,0,0,1,0,1,5,6
1996-11-30,0016A,9,1,0,0,0,2,4,5,4,5
1996-12-31,0016A,2,2,2,0,1,6,2,0,2,14
1997-01-31,0016A,4,1,4,3,5,3,0,1,1,9
1997-02-28,0016A,25,0,0,0,0,0,1,1,1,0
1997-03-31,0016A,18,5,3,0,0,0,0,0,3,2
1997-04-30,0016A,5,5,5,3,0,0,1,1,1,9
1997-05-31,0016A,8,0,5,2,1,2,3,3,0,7
1997-06-30,0016A,10,2,0,1,0,1,2,2,0,12
1997-07-31,0016A,8,5,2,0,0,0,0,0,2,14
1997-08-31,0016A,6,1,0,0,0,0,1,1,1,21
1997-09-30,0016A,8,2,2,1,0,0,0,0,0,17
1997-10-31,0016A,4,6,1,0,2,2,0,1,1,14
1997-11-30,0016A,4,0,0,0,0,6,9,2,2,7
1997-12-31,0016A,5,4,1,0,0,4,6,4,4,3
1998-01-31,0016A,7,3,2,3,1,3,4,3,2,3
1998-02-28,0016A,14,3,1,2,1,2,0,0,2,3
1998-03-31,0016A,11,8,5,0,1,1,1,1,2,1
1998-04-30,0016A,5,0,0,0,0,2,12,7,1,3
1998-05-31,0016A,4,6,0,0,4,1,0,0,2,14
1998-06-30,0016A,13,0,2,0,1,1,0,1,2,10
1998-07-31,0016A,11,5,0,0,0,0,0,0,1,14
1998-08-31,0016A,3,10,0,1,1,0,0,0,0,16
1998-09-30,0016A,8,1,3,1,0,2,3,3,0,9
1998-10-31,0016A,17,1,0,0,0,1,1,3,3,5
1998-11-30,0016A,6,7,3,0,0,0,3,4,6,1
1998-12-31,0016A,11,4,2,0,1,5,2,2,3,1
1999-01-31,0016A,13,4,0,1,1,2,1,3,3,3
1999-02-28,0016A,2,9,1,1,0,0,1,4,9,1
1999-03-31,0016A,7,5,2,0,4,4,1,5,2,1
1999-04-30,0016A,11,2,0,0,0,2,4,2,3,6
1999-05-31,0016A,8,1,0,0,2,2,0,3,2,13
1999-06-30,0016A,10,7,2,0,0,0,0,0,1,10
1999-07-31,0016A,5,5,0,0,0,0,0,0,0,21
1999-08-31,0016A,7,2,1,0,0,1,1,0,0,19
1999-09-30,0016A,12,1,0,1,0,2,4,2,1,7
1999-10-31,0016A,6,1,5,3,0,5,4,0,0,7
1999-11-30,0016A,8,8,2,1,0,0,1,1,6,3
1999-12-31,0016A,13,4,1,0,0,1,7,3,1,1
2000-01-31,0016A,13,7,5,2,0,0,0,0,2,2
2000-02-29,0016A,16,5,0,0,1,0,2,3,2,0
2000-03-31,0016A,12,6,3,1,1,1,0,3,0,4
2000-04-30,0016A,5,0,0,3,1,2,7,6,0,6
2000-05-31,0016A,14,2,0,1,1,1,0,0,0,12
2000-06-30,0016A,9,4,1,0,2,0,0,0,2,12
2000-07-31,0016A,9,2,2,0,0,0,0,1,4,13
2000-08-31,0016A,5,5,1,0,0,0,0,0,0,20
2000-09-30,0016A,14,1,1,0,0,1,2,2,0,9
2000-10-31,0016A,8,3,0,4,1,0,5,2,3,5
2000-11-30,0016A,6,1,0,0,0,6,10,3,3,1
2000-12-31,0016A,9,0,0,0,4,7,6,4,1,0
2001-01-31,0016A,1,2,0,0,0,6,10,2,5,5
2001-02-28,0016A,5,9,2,0,0,2,5,2,3,0
2001-03-31,0016A,5,1,0,0,0,4,13,2,1,5
2001-04-30,0016A,11,5,1,0,0,2,1,2,3,5
2001-05-31,0016A,7,5,1,0,0,0,2,0,3,13
2001-06-30,0016A,10,5,1,0,0,0,0,0,1,13
2001-07-31,0016A,10,2,5,0,0,0,0,0,1,13
2001-08-31,0016A,5,4,2,0,0,1,0,0,0,19
2001-09-30,0016A,11,9,3,0,1,0,0,0,0,6
2001-10-31,0016A,12,0,2,1,3,7,4,0,0,2
2001-11-30,0016A,7,9,4,1,0,0,0,1,4,4
2001-12-31,0016A,10,5,9,2,0,0,1,0,1,3
2002-01-31,0016A,16,0,0,6,2,3,1,1,2,0
2002-02-28,0016A,13,2,2,0,0,2,3,3,3,0
2002-03-31,0016A,7,5,6,2,2,4,1,0,2,2
2002-04-30,0016A,10,2,1,1,1,0,1,0,2,12
2002-05-31,0016A,11,0,3,1,1,2,0,0,5,8
2002-06-30,0016A,9,2,2,0,1,0,1,4,0,11
2002-07-31,0016A,8,6,4,0,0,0,0,0,2,11
2002-08-31,0016A,2,2,3,0,0,0,0,0,5,19
2002-09-30,0016A,5,4,1,1,1,0,0,0,2,16
2002-10-31,0016A,11,0,0,0,1,6,3,2,2,6
2002-11-30,0016A,3,1,0,0,0,6,4,6,5,5
2002-12-31,0016A,5,2,0,0,3,4,5,3,4,5
2003-01-31,0016A,4,8,0,0,0,0,8,2,5,4
2003-02-28,0016A,7,2,3,0,6,0,0,3,2,5
2003-03-31,0016A,13,1,1,4,2,1,1,2,0,6
2003-04-30,0016A,8,4,3,2,2,3,2,0,1,5
2003-05-31,0016A,14,6,1,0,0,0,0,0,0,10
2003-06-30,0016A,9,1,1,0,0,0,1,0,0,18
2003-07-31,0016A,9,3,0,0,0,0,0,1,0,18
2003-08-31,0016A,5,0,1,0,0,0,0,1,1,23
2003-09-30,0016A,9,3,5,1,1,0,0,1,2,8
2003-10-31,0016A,5,2,1,2,0,3,4,2,2,10
2003-11-30,0016A,9,1,3,0,2,2,2,3,0,8
2003-12-31,0016A,5,4,1,2,2,1,2,3,6,5
2004-01-31,0016A,9,3,0,0,0,0,5,4,7,3
2004-02-29,0016A,10,4,3,1,0,0,0,3,2,6
2004-03-31,0016A,9,5,4,0,0,2,1,1,4,5
2004-04-30,0016A,3,5,1,1,0,2,4,2,3,9
2004-05-31,0016A,9,2,4,0,0,1,0,4,1,10
2004-06-30,0016A,13,7,2,0,0,0,0,0,1,7
2004-07-31,0016A,6,8,0,1,0,0,1,1,0,14
2004-08-31,0016A,13,2,0,0,1,3,0,0,0,12
2004-09-30,0016A,6,8,1,4,0,0,0,0,1,10
2004-10-31,0016A,7,0,0,1,1,7,5,3,0,7
2004-11-30,0016A,9,11,0,0,0,1,0,0,4,5
2004-12-31,0016A,4,10,3,3,0,1,0,4,4,2
2005-01-31,0016A,13,8,0,0,1,0,0,1,8,0
2005-02-28,0016A,4,6,2,2,1,0,0,1,8,4
2005-03-31,0016A,11,3,2,0,1,3,2,2,3,4
2005-04-30,0016A,8,3,0,1,3,2,2,5,2,4
2005-05-31,0016A,10,5,1,0,2,1,0,0,2,10
2005-06-30,0016A,4,6,2,1,1,0,0,0,0,16
2005-07-31,0016A,7,6,2,0,1,1,0,0,0,14
2005-08-31,0016A,7,8,2,3,0,0,0,0,2,9
2005-09-30,0016A,9,7,0,0,0,0,0,0,0,14
2005-10-31,0016A,10,3,0,1,2,4,3,0,0,8
2005-11-30,0016A,5,4,1,3,0,2,1,3,4,7
2005-12-31,0016A,4,8,2,1,0,2,4,3,3,4
2006-01-31,0016A,7,7,2,3,1,1,1,1,2,6
2006-02-28,0016A,5,6,2,0,0,0,5,0,1,9
2006-03-31,0016A,7,1,1,2,0,1,6,5,3,5
2006-04-30,0016A,9,8,3,0,3,1,0,0,0,6
2006-05-31,0016A,14,5,0,1,1,2,0,0,0,8
2006-06-30,0016A,5,4,0,4,1,0,0,0,0,16
2006-07-31,0016A,8,1,4,0,1,0,0,0,0,17
2006-08-31,0016A,7,9,1,1,0,0,2,0,2,9
2006-09-30,0016A,11,0,0,0,1,1,0,2,4,11
2006-10-31,0016A,8,2,1,0,5,6,3,1,1,4
2006-11-30,0016A,9,2,1,4,1,4,5,2,2,0
2006-12-31,0016A,12,8,2,0,0,1,5,2,1,0
2007-01-31,0016A,20,0,4,0,0,0,1,4,0,2
2007-02-28,0016A,8,1,1,0,0,2,9,4,2,1
2007-03-31,0016A,6,6,0,0,0,1,3,4,6,5
2007-04-30,0016A,4,4,1,1,0,0,0,0,2,18
2007-05-31,0016A,9,0,2,2,0,2,0,3,5,8
2007-06-30,0016A,18,2,0,0,0,0,2,1,1,6
2007-07-31,0016A,16,2,0,0,3,0,1,0,0,9
2007-08-31,0016A,4,8,3,1,0,0,0,0,0,15
2007-09-30,0016A,7,3,7,1,2,0,0,0,2,8
2007-10-31,0016A,6,8,7,1,0,0,0,0,0,9
2007-11-30,0016A,5,14,1,0,0,3,1,0,2,4
2007-12-31,0016A,10,3,7,4,0,0,0,4,2,1
2008-01-31,0016A,15,0,1,0,0,4,5,2,1,3
2008-02-29,0016A,13,0,1,7,4,1,2,0,0,1
2008-03-31,0016A,8,5,0,0,0,0,4,6,6,2
2008-04-30,0016A,8,3,1,0,0,5,4,3,1,5
2008-05-31,0016A,3,0,1,1,0,0,0,0,2,24
2008-06-30,0016A,6,4,1,1,0,0,0,0,2,16
2008-07-31,0016A,10,4,2,1,0,0,0,0,0,14
2008-08-31,0016A,16,2,1,0,0,0,1,0,1,10
2008-09-30,0016A,9,5,3,0,0,0,2,0,2,9
2008-10-31,0016A,10,1,3,3,1,1,1,0,2,9
2008-11-30,0016A,5,8,0,0,0,0,3,4,5,5
2008-12-31,0016A,2,3,1,4,2,0,4,2,7,6
2009-01-31,0016A,4,2,3,0,1,1,5,4,5,6
2009-02-28,0016A,2,7,5,0,0,3,1,4,2,4
2009-03-31,0016A,12,5,4,0,0,0,2,1,2,5
2009-04-30,0016A,5,1,0,0,0,2,1,2,6,13
2009-05-31,0016A,3,7,2,0,3,0,0,0,1,15
2009-06-30,0016A,9,4,2,0,0,1,1,1,0,12
2009-07-31,0016A,10,2,1,0,0,2,0,0,1,15
2009-08-31,0016A,4,4,3,0,0,0,0,0,0,20
2009-09-30,0016A,7,4,7,1,0,0,1,0,0,10
2009-10-31,0016A,10,4,3,0,0,4,1,1,3,5
2009-11-30,0016A,7,0,0,0,0,5,5,10,2,1
2009-12-31,0016A,7,5,0,0,0,3,8,3,2,3
2010-01-31,0016A,5,2,2,1,0,0,3,4,4,10
2010-02-28,0016A,2,2,1,1,0,4,7,2,2,7
2010-03-31,0016A,5,7,3,0,4,6,3,0,1,2
2010-04-30,0016A,8,3,5,0,2,1,0,0,1,10
2010-05-31,0016A,5,3,1,0,0,2,0,0,7,13
2010-06-30,0016A,1,5,0,0,0,2,1,0,2,19
2010-07-31,0016A,4,8,2,0,0,0,0,0,0,17
2010-08-31,0016A,13,8,2,0,0,0,0,1,1,6
2010-09-30,0016A,8,3,0,0,0,0,1,1,2,15
2010-10-31,0016A,6,8,0,0,2,5,1,0,1,8
2010-11-30,0016A,7,0,0,1,0,1,5,5,4,7
2010-12-31,0016A,3,4,3,0,2,6,3,2,3,5
2011-01-31,0016A,7,7,3,0,0,4,1,1,0,8
2011-02-28,0016A,11,5,0,0,0,1,3,2,4,2
2011-03-31,0016A,5,3,3,7,2,0,1,2,2,6
2011-04-30,0016A,5,5,5,0,4,1,0,0,1,9
2011-05-31,0016A,9,5,1,0,2,0,0,0,1,13
2011-06-30,0016A,11,4,2,0,1,0,0,0,0,12
2011-07-31,0016A,7,3,1,0,0,0,0,0,3,17
2011-08-31,0016A,6,2,1,0,0,0,0,0,0,22
2011-09-30,0016A,16,0,1,1,0,0,0,0,1,11
2011-10-31,0016A,10,8,3,1,2,3,1,0,1,2
2011-11-30,0016A,8,1,1,1,7,4,0,0,1,7
2011-12-31,0016A,5,3,2,0,0,1,7,4,7,2
2012-01-31,0016A,11,7,3,0,0,0,1,3,4,2
2012-02-29,0016A,7,18,0,0,0,0,0,0,3,1
2012-03-31,0016A,14,6,1,3,0,0,1,1,2,3
2012-04-30,0016A,2,0,0,0,0,3,5,6,4,10
2012-05-31,0016A,10,4,2,0,1,0,2,2,1,9
2012-06-30,0016A,15,1,1,0,0,0,1,0,1,11
2012-07-31,0016A,10,4,0,0,0,0,0,0,0,17
2012-08-31,0016A,8,2,1,0,1,0,0,0,1,18
2012-09-30,0016A,5,9,2,0,0,1,3,0,0,10
2012-10-31,0016A,12,0,0,0,4,1,1,0,4,9
2012-11-30,0016A,7,3,3,0,3,3,5,1,2,3
2012-12-31,0016A,11,2,0,0,0,2,6,5,3,2
2013-01-31,0016A,6,5,0,0,0,0,4,7,6,3
2013-02-28,0016A,1,1,2,1,0,0,2,2,12,7
2013-03-31,0016A,1,2,0,0,2,4,6,3,4,9
2013-04-30,0016A,9,4,4,0,0,0,3,1,1,8
2013-05-31,0016A,9,4,0,1,0,0,0,3,4,10
2013-06-30,0016A,12,5,1,0,0,0,0,0,1,11
2013-07-31,0016A,12,1,2,0,0,0,0,0,0,16
2013-08-31,0016A,4,8,4,0,1,0,0,0,0,14
2013-09-30,0016A,13,3,1,0,0,2,2,0,0,9
2013-10-31,0016A,11,4,1,0,2,4,3,0,0,6
2013-11-30,0016A,4,10,4,0,0,0,2,4,5,1
2013-12-31,0016A,17,6,0,0,1,1,5,1,0,0
2014-01-31,0016A,2,0,0,0,0,5,9,7,3,5
2014-02-28,0016A,5,1,0,0,0,4,10,6,2,0
2014-03-31,0016A,10,4,1,2,3,0,1,6,3,1
2014-04-30,0016A,8,2,2,0,1,1,0,4,2,10
2014-05-31,0016A,10,4,3,0,2,2,2,0,1,7
2014-06-30,0016A,6,5,2,0,1,0,0,0,3,13
2014-07-31,0016A,5,3,3,0,1,0,0,0,5,14
2014-08-31,0016A,9,3,0,0,0,0,0,0,0,19
2014-09-30,0016A,4,2,2,1,1,1,0,0,0,19
2014-10-31,0016A,13,3,0,0,0,4,2,0,1,8
2014-11-30,0016A,1,0,0,0,6,5,7,3,1,7
2014-12-31,0016A,5,7,0,0,0,1,1,1,12,4
2015-01-31,0016A,11,2,0,0,0,1,3,5,6,3
2015-02-28,0016A,5,3,2,0,0,0,2,4,8,4
2015-03-31,0016A,10,6,6,1,0,0,1,2,3,2
2015-04-30,0016A,9,2,2,6,2,0,0,1,1,7
2015-05-31,0016A,10,11,0,0,0,2,2,1,1,4
2015-06-30,0016A,6,5,4,0,0,0,0,0,1,14
2015-07-31,0016A,7,3,2,0,1,0,0,0,0,18
2015-08-31,0016A,8,3,1,0,0,0,2,0,0,17
2015-09-30,0016A,2,7,4,1,0,2,2,1,0,11
2015-10-31,0016A,6,6,1,0,0,3,3,0,0,12
2015-11-30,0016A,18,2,0,1,1,1,0,1,6,0
2015-12-31,0016A,23,0,1,0,0,6,1,0,0,0
2016-01-31,0016A,12,1,0,0,0,2,9,4,1,2
2016-02-29,0016A,7,2,0,0,0,1,6,6,3,4
2016-03-31,0016A,2,6,1,1,0,1,4,3,6,7
2016-04-30,0016A,7,6,1,1,0,5,1,1,2,6
2016-05-31,0016A,8,3,0,0,4,1,2,2,1,10
2016-06-30,0016A,14,4,0,0,0,0,0,2,1,9
2016-07-31,0016A,5,6,3,0,0,1,0,0,0,16
2016-08-31,0016A,7,9,2,0,0,0,0,0,0,13
2016-09-30,0016A,11,2,1,0,1,0,0,0,4,11
2016-10-31,0016A,10,2,3,0,2,1,0,0,0,13
2016-11-30,0016A,4,2,2,3,1,2,2,3,3,8
2016-12-31,0016A,18,3,5,4,0,0,0,0,0,1
2017-01-31,0016A,5,10,5,0,1,3,1,1,5,0
2017-02-28,0016A,9,1,1,1,4,1,5,1,3,2
2017-03-31,0016A,9,1,2,1,1,4,3,1,2,7
2017-04-30,0016A,5,6,5,2,0,1,0,1,1,9
2017-05-31,0016A,13,0,1,2,3,1,1,1,0,9
2017-06-30,0016A,9,2,0,0,0,0,0,2,0,17
2017-07-31,0016A,6,3,1,1,1,0,0,0,1,18
2017-08-31,0016A,6,4,3,0,0,0,0,0,0,18
2017-09-30,0016A,15,5,0,0,0,0,0,1,1,8
2017-10-31,0016A,18,6,1,0,1,2,0,0,0,3
2017-11-30,0016A,5,8,0,0,1,2,1,0,6,7
2017-12-31,0016A,7,7,0,0,0,1,6,4,5,1
2018-01-31,0016A,10,1,1,0,0,1,3,7,3,5
2018-02-28,0016A,3,7,3,0,0,0,2,2,5,6
2018-03-31,0016A,1,1,0,0,0,5,12,4,4,4
2018-04-30,0016A,10,3,2,0,1,3,4,0,1,6
2018-05-31,0016A,2,3,0,0,0,0,0,0,4,22
2018-06-30,0016A,0,4,2,0,0,0,0,0,2,22
2018-07-31,0016A,4,0,0,0,0,0,0,0,2,25
2018-08-31,0016A,3,7,1,0,0,0,0,0,0,20
2018-09-30,0016A,12,1,3,2,0,0,0,0,0,12
2018-10-31,0016A,2,8,5,1,3,3,1,0,0,8
2018-11-30,0016A,2,2,0,5,1,8,4,0,2,6
2018-12-31,0016A,20,1,2,0,1,1,3,0,1,2
2019-01-31,0016A,2,11,2,0,0,1,1,4,6,4
2019-02-28,0016A,16,1,0,0,5,0,2,0,4,0
2019-03-31,0016A,14,5,4,0,1,1,2,0,2,2
2019-04-30,0016A,4,0,3,1,2,3,3,2,3,9
2019-05-31,0016A,4,9,1,0,0,1,1,1,2,12
2019-06-30,0016A,9,3,1,1,1,1,0,0,0,14
2019-07-31,0016A,5,4,3,0,0,0,0,0,2,17
2019-08-31,0016A,8,2,4,0,0,0,0,0,0,17
2019-09-30,0016A,9,7,4,0,0,1,0,0,0,9
2019-10-31,0016A,9,1,1,0,0,6,0,3,2,9
2019-11-30,0016A,0,0,0,0,0,4,9,9,4,4
2019-12-31,0016A,12,1,4,0,0,3,4,3,2,2
2020-01-31,0016A,15,3,3,2,1,2,4,0,0,1
2020-02-29,0016A,22,1,0,0,1,0,1,3,1,0
2020-03-31,0016A,4,2,5,3,1,0,2,4,2,8
2020-04-30,0016A,7,1,1,1,3,2,2,0,0,13
2020-05-31,0016A,5,4,6,1,1,0,1,1,1,11
2020-06-30,0016A,9,2,0,0,0,1,2,2,3,11
2020-07-31,0016A,4,7,2,0,0,0,0,0,0,18
2020-08-31,0016A,8,9,0,1,0,0,0,0,0,13
2020-09-30,0016A,7,2,1,1,1,0,2,0,4,12
2020-10-31,0016A,12,2,0,0,0,4,6,1,3,3
2020-11-30,0016A,13,3,3,3,3,3,1,0,0,1
2020-12-31,0016A,7,3,0,0,0,3,10,7,1,0
2021-01-31,0016A,4,2,2,0,0,1,4,6,7,5
2021-02-28,0016A,8,0,2,1,3,4,4,3,0,3
2021-03-31,0016A,11,9,4,5,1,0,1,0,0,0
2021-04-30,0016A,2,6,4,1,3,0,0,0,0,14
2021-05-31,0016A,15,0,1,0,1,1,2,4,1,6
2021-06-30,0016A,6,3,0,0,0,0,0,0,0,21
2021-07-31,0016A,8,3,0,0,0,0,0,0,2,18
2021-08-31,0016A,8,3,6,0,0,0,0,0,0,14
2021-09-30,0016A,9,1,5,0,1,1,0,0,1,12
2021-10-31,0016A,12,5,3,0,0,5,1,0,0,5
2021-11-30,0016A,2,11,2,1,0,0,1,3,4,6
2021-12-31,0016A,12,0,1,2,0,1,5,6,4,0
1981-01-31,76,6,6,3,0,0,0,0,6,7,3
1981-02-28,76,4,6,4,1,1,2,1,3,3,3
1981-03-31,76,16,0,0,0,0,3,3,2,3,4
1981-04-30,76,5,3,5,0,2,0,1,2,1,11
1981-05-31,76,13,0,0,0,3,3,4,2,2,4
1981-06-30,76,11,8,2,0,0,0,0,1,0,8
1981-07-31,76,8,7,0,0,2,0,0,0,2,12
1981-08-31,76,1,6,5,0,0,0,0,0,0,19
1981-09-30,76,9,2,0,0,2,3,2,0,2,10
1981-10-31,76,11,2,0,0,0,4,4,3,4,3
1981-11-30,76,16,5,5,0,0,0,0,0,4,0
1981-12-31,76,1,2,0,0,0,5,11,5,4,3
1982-01-31,76,5,4,1,4,1,1,3,3,6,3
1982-02-28,76,10,2,0,0,2,1,0,1,2,10
1982-03-31,76,12,5,3,0,0,1,0,1,4,5
1982-04-30,76,5,9,7,0,1,1,0,0,0,7
1982-05-31,76,12,4,5,0,1,1,0,0,0,8
1982-06-30,76,14,0,2,0,0,0,0,1,1,12
1982-07-31,76,2,2,1,0,1,1,0,0,0,24
1982-08-31,76,8,8,1,0,0,0,0,0,0,14
1982-09-30,76,10,5,1,2,0,4,1,0,0,7
1982-10-31,76,10,1,3,1,0,1,3,6,1,5
1982-11-30,76,12,2,0,0,2,3,2,1,5,3
1982-12-31,76,5,7,0,0,0,0,9,3,4,3
1983-01-31,76,20,3,0,0,0,0,0,3,5,0
1983-02-28,76,6,2,0,2,2,1,2,3,2,8
1983-03-31,76,11,4,2,1,0,3,2,1,4,3
1983-04-30,76,3,1,1,0,3,7,7,3,2,3
1983-05-31,76,6,2,0,0,1,3,4,2,2,11
1983-06-30,76,6,6,2,0,0,0,0,0,1,15
1983-07-31,76,4,1,0,2,1,0,0,0,0,23
1983-08-31,76,3,4,3,0,0,0,0,0,2,19
1983-09-30,76,16,2,0,1,1,1,0,0,1,8
1983-10-31,76,14,6,1,1,0,1,1,0,2,5
1983-11-30,76,3,3,0,3,3,0,1,1,2,14
1983-12-31,76,11,5,3,0,0,4,4,1,1,2
1984-01-31,76,10,2,0,0,0,1,7,7,4,0
1984-02-29,76,5,7,4,0,0,0,2,2,5,4
1984-03-31,76,0,7,2,1,0,1,6,1,3,10
1984-04-30,76,5,2,2,2,2,0,0,1,4,12
1984-05-31,76,3,3,1,0,0,4,6,2,2,10
1984-06-30,76,8,5,0,2,0,2,2,1,0,10
1984-07-31,76,5,7,0,0,3,0,0,0,0,16
1984-08-31,76,7,3,0,0,1,0,0,0,1,19
1984-09-30,76,10,2,0,1,0,1,1,1,7,7
1984-10-31,76,11,5,1,0,0,6,3,1,1,3
1984-11-30,76,7,0,2,0,4,4,5,3,0,5
1984-12-31,76,10,6,1,1,1,2,2,1,1,6
1985-01-31,76,4,7,1,0,0,3,5,3,4,4
1985-02-28,76,8,1,4,0,1,1,4,2,2,5
1985-03-31,76,5,9,0,0,0,2,4,3,4,4
1985-04-30,76,9,6,2,0,0,3,2,1,0,7
1985-05-31,76,8,1,0,1,0,0,0,4,0,17
1985-06-30,76,16,2,1,1,0,1,0,0,0,9
1985-07-31,76,7,3,5,0,2,1,0,0,0,13
1985-08-31,76,15,1,0,0,0,0,0,0,1,14
1985-09-30,76,12,4,3,0,0,0,0,0,0,11
1985-10-31,76,10,3,4,3,1,2,0,0,2,6
1985-11-30,76,4,5,5,0,0,1,3,2,3,7
1985-12-31,76,9,5,1,0,0,4,4,2,3,3
1986-01-31,76,2,0,0,0,0,1,8,7,9,4
1986-02-28,76,1,4,0,3,0,1,2,2,2,13
1986-03-31,76,14,6,0,0,0,0,2,2,2,5
1986-04-30,76,0,3,1,0,0,4,3,3,5,11
1986-05-31,76,15,5,0,0,0,2,0,0,0,9
1986-06-30,76,9,7,0,0,2,0,0,0,1,11
1986-07-31,76,5,9,1,0,0,0,0,0,0,16
1986-08-31,76,4,2,3,0,0,0,0,0,0,22
1986-09-30,76,8,5,5,0,0,2,0,0,2,8
1986-10-31,76,9,3,2,5,1,0,1,2,2,6
1986-11-30,76,13,6,1,0,2,2,3,1,1,1
1986-12-31,76,13,3,0,0,0,2,2,3,8,0
1987-01-31,76,2,8,5,1,0,1,1,2,3,8
1987-02-28,76,4,5,0,0,0,4,1,0,10,4
1987-03-31,76,10,4,1,3,0,2,1,2,3,5
1987-04-30,76,13,2,0,1,3,5,0,1,3,2
1987-05-31,76,5,6,1,2,1,0,0,1,3,12
1987-06-30,76,17,0,0,1,1,0,0,1,1,9
1987-07-31,76,7,5,2,0,0,0,2,0,0,15
1987-08-31,76,7,0,2,0,0,0,0,0,0,22
1987-09-30,76,16,1,3,0,0,2,1,0,0,7
1987-10-31,76,7,0,0,1,7,7,3,2,0,4
1987-11-30,76,5,3,4,1,1,0,2,0,8,6
1987-12-31,76,11,4,0,2,3,0,3,1,0,7
1988-01-31,76,6,0,1,2,1,3,8,4,3,3
1988-02-29,76,6,5,2,4,0,0,5,2,4,1
1988-03-31,76,4,7,0,0,0,2,1,7,6,4
1988-04-30,76,5,1,1,0,3,0,3,0,1,16
1988-05-31,76,9,3,1,0,0,2,1,0,0,15
1988-06-30,76,4,5,2,1,1,0,0,0,0,17
1988-07-31,76,13,6,1,0,0,1,4,0,0,6
1988-08-31,76,9,3,1,0,0,1,0,0,0,17
1988-09-30,76,13,6,3,0,0,0,1,0,0,7
1988-10-31,76,10,0,2,2,4,4,1,0,0,8
1988-11-30,76,8,3,5,8,1,1,1,1,1,1
1988-12-31,76,10,13,0,0,0,0,0,4,3,1
1989-01-31,76,22,3,2,1,0,0,1,0,2,0
1989-02-28,76,13,0,1,2,1,1,4,2,2,2
1989-03-31,76,10,4,4,0,3,1,3,2,2,2
1989-04-30,76,1,1,0,0,4,1,5,4,5,9
1989-05-31,76,9,3,1,2,0,0,0,0,1,15
1989-06-30,76,5,1,1,0,0,0,0,0,0,23
1989-07-31,76,3,10,0,1,0,0,0,0,0,17
1989-08-31,76,5,5,0,0,0,0,0,0,0,21
1989-09-30,76,7,8,5,1,2,0,0,0,0,7
1989-10-31,76,11,2,4,4,3,2,1,0,2,2
1989-11-30,76,4,0,2,5,5,4,0,3,1,6
1989-12-31,76,2,0,2,9,1,6,6,0,0,5
1990-01-31,76,14,2,4,0,1,3,5,0,1,1
1990-02-28,76,14,0,0,0,0,4,4,6,0,0
1990-03-31,76,17,6,3,1,1,0,0,0,3,0
1990-04-30,76,3,1,3,1,0,0,2,2,9,9
1990-05-31,76,8,2,3,1,1,0,1,0,1,14
1990-06-30,76,7,0,1,0,1,0,1,0,1,19
1990-07-31,76,9,2,2,0,0,0,0,0,0,18
1990-08-31,76,11,6,0,0,2,0,0,0,0,12
1990-09-30,76,4,3,3,3,0,2,0,3,0,12
1990-10-31,76,1,4,1,0,3,4,8,0,0,10
1990-11-30,76,3,5,2,1,1,0,3,3,4,8
1990-12-31,76,6,5,7,0,0,1,4,2,4,2
1991-01-31,76,13,3,7,0,0,0,7,1,0,0
1991-02-28,76,7,5,1,3,0,0,4,1,0,7
1991-03-31,76,6,2,4,1,2,5,2,2,1,6
1991-04-30,76,9,2,1,2,0,0,3,1,6,6
1991-05-31,76,2,11,2,0,0,0,0,0,8,8
1991-06-30,76,15,4,1,0,0,0,1,0,1,8
1991-07-31,76,9,4,1,0,0,0,0,1,0,16
1991-08-31,76,5,5,1,1,0,0,0,0,0,19
1991-09-30,76,10,0,0,1,0,2,0,1,1,15
1991-10-31,76,6,5,4,1,2,3,2,0,1,7
1991-11-30,76,8,3,0,1,2,0,8,1,4,3
1991-12-31,76,5,2,8,6,2,0,0,2,4,2
1992-01-31,76,11,7,8,0,0,1,1,0,0,3
1992-02-29,76,16,4,3,1,0,1,1,1,2,0
1992-03-31,76,8,6,3,0,1,0,3,2,7,1
1992-04-30,76,6,7,0,0,0,1,3,1,6,6
1992-05-31,76,9,6,0,0,2,2,0,0,1,11
1992-06-30,76,2,2,2,0,1,0,1,0,3,19
1992-07-31,76,12,2,1,0,0,0,0,0,1,15
1992-08-31,76,21,0,1,0,0,0,2,1,0,6
1992-09-30,76,14,1,2,0,2,2,0,0,0,9
1992-10-31,76,2,1,1,0,1,0,4,5,3,14
1992-11-30,76,13,0,1,0,0,1,5,5,5,0
1992-12-31,76,4,6,7,0,3,2,5,1,3,0
1993-01-31,76,20,4,0,2,0,0,2,0,2,1
1993-02-28,76,6,9,6,4,0,0,0,0,1,2
1993-03-31,76,11,7,0,1,3,1,0,0,1,7
1993-04-30,76,6,1,0,0,1,4,3,1,3,11
1993-05-31,76,9,1,1,2,3,2,1,0,0,12
1993-06-30,76,9,4,2,0,0,0,0,1,0,14
1993-07-31,76,11,8,2,0,0,0,0,0,1,9
1993-08-31,76,6,4,4,0,0,0,0,0,2,15
1993-09-30,76,5,1,1,0,0,4,4,0,2,13
1993-10-31,76,1,4,5,2,1,7,5,2,2,2
1993-11-30,76,9,3,4,2,1,1,0,3,0,7
1993-12-31,76,13,1,0,0,0,0,5,8,3,1
1994-01-31,76,8,4,2,0,0,1,6,6,4,0
1994-02-28,76,3,1,0,1,2,4,4,4,5,4
1994-03-31,76,17,5,1,0,1,1,2,0,1,3
1994-04-30,76,6,5,1,0,0,2,0,5,8,3
1994-05-31,76,6,0,0,2,0,5,2,1,0,15
1994-06-30,76,10,7,0,0,1,0,0,0,1,11
1994-07-31,76,1,2,1,1,0,0,0,0,0,26
1994-08-31,76,7,0,2,1,0,1,1,0,1,18
1994-09-30,76,7,4,2,0,0,2,1,2,0,12
1994-10-31,76,8,0,3,3,0,1,3,2,0,11
1994-11-30,76,8,4,1,0,3,3,3,2,3,3
1994-12-31,76,13,3,0,0,2,1,6,0,6,0
1995-01-31,76,4,9,0,0,0,3,9,1,5,0
1995-02-28,76,14,2,1,0,0,0,5,2,3,1
1995-03-31,76,9,5,2,2,1,0,3,2,6,1
1995-04-30,76,7,4,7,1,1,0,1,2,2,5
1995-05-31,76,6,3,1,1,3,1,0,1,2,13
1995-06-30,76,7,2,5,0,0,0,0,0,1,15
1995-07-31,76,9,2,3,2,1,0,0,0,0,14
1995-08-31,76,1,9,2,0,0,0,0,0,3,16
1995-09-30,76,2,4,0,0,0,1,2,1,3,17
1995-10-31,76,18,1,0,1,2,4,0,0,0,5
1995-11-30,76,4,5,2,1,6,2,3,3,1,3
1995-12-31,76,4,2,2,4,0,3,5,0,1,10
1996-01-31,76,2,0,0,5,5,7,3,1,0,8
1996-02-29,76,2,6,1,0,0,2,2,6,5,5
1996-03-31,76,3,6,3,2,2,1,0,0,4,10
1996-04-30,76,4,5,1,0,4,0,0,0,3,13
1996-05-31,76,9,1,0,0,1,3,3,0,3,11
1996-06-30,76,11,9,2,0,1,0,0,0,1,6
1996-07-31,76,6,4,4,0,2,0,0,0,1,14
1996-08-31,76,8,4,3,0,0,0,0,0,0,16
1996-09-30,76,4,4,4,0,0,1,1,0,4,12
1996-10-31,76,13,6,0,0,1,0,0,1,4,6
1996-11-30,76,8,1,0,0,0,2,5,5,3,6
1996-12-31,76,3,1,2,0,2,6,2,0,3,12
1997-01-31,76,5,1,4,2,5,3,0,1,1,9
1997-02-28,76,23,1,0,0,0,0,2,1,1,0
1997-03-31,76,18,5,3,0,0,0,0,0,3,2
1997-04-30,76,4,6,4,4,0,0,1,1,2,8
1997-05-31,76,8,0,6,2,2,2,2,3,0,6
1997-06-30,76,10,2,0,0,0,0,3,0,0,15
1997-07-31,76,7,5,2,0,0,0,0,0,4,13
1997-08-31,76,6,1,0,0,0,0,1,1,0,22
1997-09-30,76,9,3,4,0,0,0,0,0,0,14
1997-10-31,76,4,8,1,0,3,2,0,1,1,11
1997-11-30,76,4,0,0,0,1,5,7,3,3,7
1997-12-31,76,5,3,2,0,0,4,5,4,4,4
1998-01-31,76,8,3,2,4,0,3,4,3,2,2
1998-02-28,76,13,4,0,2,1,2,0,1,2,3
1998-03-31,76,10,8,6,0,1,1,1,1,2,1
1998-04-30,76,5,0,0,0,0,2,11,7,1,4
1998-05-31,76,4,5,0,0,4,1,0,0,3,14
1998-06-30,76,13,0,1,0,1,1,0,0,2,12
1998-07-31,76,10,6,0,1,0,0,0,0,1,13
1998-08-31,76,3,11,0,1,1,0,0,0,0,15
1998-09-30,76,6,1,3,1,0,2,3,3,1,10
1998-10-31,76,16,2,0,0,0,1,1,2,3,6
1998-11-30,76,6,7,2,0,0,0,3,3,7,2
1998-12-31,76,10,4,3,0,2,4,2,2,3,1
1999-01-31,76,13,3,0,1,2,1,2,3,4,2
1999-02-28,76,2,8,1,1,0,1,0,5,9,1
1999-03-31,76,5,5,2,0,5,3,3,4,3,1
1999-04-30,76,10,1,0,0,0,2,4,3,4,6
1999-05-31,76,8,1,0,2,1,1,0,2,2,14
1999-06-30,76,9,7,1,0,0,1,0,0,1,11
1999-07-31,76,5,7,0,0,0,0,0,0,0,19
1999-08-31,76,6,2,0,0,0,1,1,0,1,20
1999-09-30,76,10,1,0,0,0,3,3,1,0,12
1999-10-31,76,6,2,4,3,0,5,4,0,0,7
1999-11-30,76,7,7,2,1,0,0,1,1,6,5
1999-12-31,76,14,4,0,0,0,0,8,3,1,1
2000-01-31,76,13,7,5,2,0,0,0,0,2,2
2000-02-29,76,12,5,0,0,1,0,3,4,4,0
2000-03-31,76,10,8,3,1,1,1,0,3,0,4
2000-04-30,76,5,0,0,3,1,5,4,5,0,7
2000-05-31,76,13,2,0,3,0,0,0,0,0,13
2000-06-30,76,9,6,0,0,3,0,0,0,2,10
2000-07-31,76,9,2,2,0,2,0,0,0,3,13
2000-08-31,76,6,5,2,0,0,0,0,0,0,18
2000-09-30,76,14,2,1,0,0,2,1,2,0,8
2000-10-31,76,7,3,1,3,1,0,4,2,4,6
2000-11-30,76,8,0,1,0,0,4,12,1,3,1
2000-12-31,76,9,0,0,1,3,7,6,3,1,1
2001-01-31,76,1,2,0,0,0,7,10,2,4,5
2001-02-28,76,4,9,2,0,0,2,5,3,3,0
2001-03-31,76,5,1,0,0,0,4,13,2,1,5
2001-04-30,76,10,4,1,0,0,3,1,2,5,4
2001-05-31,76,7,6,0,0,0,2,0,0,4,12
2001-06-30,76,9,7,3,0,0,0,0,0,0,11
2001-07-31,76,8,2,5,0,0,0,1,0,1,14
2001-08-31,76,7,3,1,0,0,0,0,0,0,20
2001-09-30,76,12,10,0,1,1,0,0,0,1,5
2001-10-31,76,15,0,1,1,1,7,3,0,0,3
2001-11-30,76,6,10,3,1,0,0,0,2,4,4
2001-12-31,76,9,6,10,1,0,0,1,0,1,3
2002-01-31,76,17,0,0,5,2,2,2,1,2,0
2002-02-28,76,14,2,0,0,0,1,3,3,4,1
2002-03-31,76,7,4,6,2,3,3,1,0,2,3
2002-04-30,76,9,4,0,0,2,0,0,0,2,13
2002-05-31,76,10,0,3,1,1,2,0,1,4,9
2002-06-30,76,9,3,2,1,1,0,2,2,0,10
2002-07-31,76,8,6,2,0,0,0,0,0,4,11
2002-08-31,76,2,2,1,0,0,0,0,0,4,22
2002-09-30,76,4,6,0,1,1,0,0,0,1,17
2002-10-31,76,9,2,0,1,2,4,2,2,2,7
2002-11-30,76,3,1,0,0,0,6,4,6,5,5
2002-12-31,76,5,3,0,0,3,5,4,3,3,5
2003-01-31,76,4,8,0,0,0,0,8,1,5,5
2003-02-28,76,6,3,4,0,6,0,1,2,2,4
2003-03-31,76,14,1,1,3,2,1,1,1,0,7
2003-04-30,76,8,4,3,1,2,4,2,0,1,5
2003-05-31,76,15,7,0,0,0,0,0,0,0,9
2003-06-30,76,7,2,0,0,2,0,1,0,0,18
2003-07-31,76,9,4,0,1,0,0,0,1,0,16
2003-08-31,76,6,0,1,0,0,0,0,0,0,24
2003-09-30,76,9,1,6,1,1,0,0,0,3,9
2003-10-31,76,5,2,1,2,0,3,3,1,2,12
2003-11-30,76,9,0,3,0,4,1,2,3,0,8
2003-12-31,76,5,5,1,1,1,1,2,3,4,8
2004-01-31,76,7,4,0,0,0,0,6,4,7,3
2004-02-29,76,8,7,4,1,0,0,0,2,2,5
2004-03-31,76,9,5,3,1,0,2,1,1,4,5
2004-04-30,76,3,5,2,1,0,2,4,1,2,10
2004-05-31,76,7,3,6,0,0,1,1,3,0,10
2004-06-30,76,11,7,2,1,0,0,0,0,1,8
2004-07-31,76,6,8,0,1,0,1,0,0,0,15
2004-08-31,76,13,1,0,0,1,3,0,0,0,13
2004-09-30,76,8,8,1,5,0,0,0,0,1,7
2004-10-31,76,7,0,0,0,2,6,7,0,0,9
2004-11-30,76,10,10,0,0,0,0,1,0,4,5
2004-12-31,76,5,10,3,2,0,1,0,4,3,3
2005-01-31,76,13,8,0,0,0,1,0,1,8,0
2005-02-28,76,3,6,3,2,1,0,0,2,6,5
2005-03-31,76,8,6,2,0,2,2,3,1,3,4
2005-04-30,76,8,4,0,0,4,3,1,4,1,5
2005-05-31,76,8,3,1,0,3,1,0,0,4,11
2005-06-30,76,3,5,3,1,1,0,0,0,0,17
2005-07-31,76,7,6,1,0,2,0,0,0,0,15
2005-08-31,76,7,9,3,1,0,0,0,0,3,8
2005-09-30,76,10,7,0,0,0,0,0,0,0,13
2005-10-31,76,11,3,0,0,4,4,1,0,0,8
2005-11-30,76,5,4,2,2,0,2,1,2,4,8
2005-12-31,76,4,8,3,0,0,2,4,3,3,4
2006-01-31,76,6,7,1,4,2,1,1,1,2,6
2006-02-28,76,2,7,2,0,0,1,5,0,3,8
2006-03-31,76,7,1,1,3,0,2,5,4,4,4
2006-04-30,76,8,9,3,1,3,1,0,0,0,5
2006-05-31,76,13,6,0,1,2,1,0,0,0,8
2006-06-30,76,4,4,0,3,2,0,0,0,0,17
2006-07-31,76,7,1,4,0,2,0,0,0,0,17
2006-08-31,76,7,10,0,1,0,2,0,1,3,7
2006-09-30,76,10,0,0,0,1,1,0,2,3,13
2006-10-31,76,10,2,1,0,5,5,2,1,0,5
2006-11-30,76,9,2,2,3,1,4,5,2,2,0
2006-12-31,76,12,9,2,0,0,1,5,2,0,0
2007-01-31,76,18,1,3,0,0,0,1,3,2,3
2007-02-28,76,8,1,1,0,1,1,10,3,1,2
2007-03-31,76,6,7,1,0,0,1,4,3,5,4
2007-04-30,76,5,4,1,3,0,0,0,0,0,17
2007-05-31,76,8,0,2,1,0,2,1,2,6,9
2007-06-30,76,18,2,0,0,0,1,1,0,1,7
2007-07-31,76,15,3,0,0,3,1,0,0,0,9
2007-08-31,76,4,7,4,0,0,0,0,0,0,16
2007-09-30,76,8,6,4,0,1,0,0,0,2,9
2007-10-31,76,7,9,6,0,0,0,0,0,0,9
2007-11-30,76,4,17,0,0,0,3,1,0,3,2
2007-12-31,76,9,5,6,4,0,0,0,4,2,1
2008-01-31,76,15,0,2,0,0,2,6,2,1,3
2008-02-29,76,13,0,2,6,4,1,2,0,0,1
2008-03-31,76,7,5,0,0,0,2,2,7,4,4
2008-04-30,76,8,3,1,0,0,7,2,3,1,5
2008-05-31,76,3,0,1,1,0,0,1,0,1,24
2008-06-30,76,6,3,1,1,0,0,0,0,3,16
2008-07-31,76,10,3,1,1,0,0,0,0,0,16
2008-08-31,76,15,2,3,0,0,0,1,0,1,9
2008-09-30,76,7,4,5,1,0,2,1,0,2,8
2008-10-31,76,9,2,4,2,1,1,1,0,2,9
2008-11-30,76,4,9,0,0,0,0,3,2,4,8
2008-12-31,76,4,3,1,3,2,0,4,2,6,6
2009-01-31,76,5,2,2,0,1,1,5,3,6,6
2009-02-28,76,2,9,4,0,1,2,1,4,1,4
2009-03-31,76,12,4,4,0,0,0,1,1,3,6
2009-04-30,76,4,1,0,0,0,3,2,2,4,14
2009-05-31,76,1,7,3,2,2,2,0,0,1,13
2009-06-30,76,8,4,2,0,0,1,2,0,0,13
2009-07-31,76,11,2,1,0,0,2,0,0,1,14
2009-08-31,76,3,4,2,0,0,0,0,0,0,22
2009-09-30,76,6,5,9,2,0,0,0,0,0,8
2009-10-31,76,10,4,3,0,0,4,0,0,4,6
2009-11-30,76,7,0,0,0,0,5,6,8,2,2
2009-12-31,76,7,5,1,0,0,3,8,2,2,3
2010-01-31,76,6,1,3,0,0,0,3,5,3,10
2010-02-28,76,2,3,1,2,0,6,6,2,2,4
2010-03-31,76,6,7,3,0,2,6,3,1,0,3
2010-04-30,76,8,4,3,0,2,2,0,0,1,10
2010-05-31,76,3,6,0,0,0,2,0,1,5,14
2010-06-30,76,3,5,0,0,1,3,0,0,1,17
2010-07-31,76,5,8,2,0,0,0,0,0,0,16
2010-08-31,76,13,9,1,0,0,0,0,0,1,7
2010-09-30,76,8,4,0,0,0,2,0,0,2,14
2010-10-31,76,6,7,0,0,2,5,1,0,1,9
2010-11-30,76,6,0,0,1,0,2,4,4,5,8
2010-12-31,76,4,6,2,0,1,5,3,2,2,6
2011-01-31,76,7,8,2,0,0,4,0,1,0,9
2011-02-28,76,11,6,0,0,0,1,3,2,3,2
2011-03-31,76,6,2,3,6,2,0,1,1,2,8
2011-04-30,76,5,5,5,1,4,1,0,0,0,9
2011-05-31,76,9,6,1,0,2,0,0,0,1,12
2011-06-30,76,10,5,1,0,1,0,0,0,0,13
2011-07-31,76,5,4,1,1,0,1,0,0,3,16
2011-08-31,76,6,2,1,1,0,0,0,0,0,21
2011-09-30,76,17,0,2,0,0,0,0,0,1,10
2011-10-31,76,11,7,4,0,2,3,1,0,1,2
2011-11-30,76,8,1,1,1,7,4,0,0,0,8
2011-12-31,76,4,3,2,0,0,1,7,5,7,2
2012-01-31,76,7,8,3,0,0,0,1,2,7,3
2012-02-29,76,6,19,1,0,0,0,0,0,2,1
2012-03-31,76,11,6,3,3,0,1,0,2,3,2
2012-04-30,76,2,0,0,0,1,3,7,3,4,10
2012-05-31,76,10,4,2,0,2,0,2,2,1,8
2012-06-30,76,13,1,1,0,0,1,0,0,1,13
2012-07-31,76,10,3,1,0,0,0,1,0,0,16
2012-08-31,76,9,2,1,1,1,0,0,0,0,17
2012-09-30,76,5,8,2,0,0,1,3,0,0,11
2012-10-31,76,10,0,0,0,2,1,1,0,3,14
2012-11-30,76,7,3,3,1,1,4,4,1,1,5
2012-12-31,76,11,2,0,0,0,3,4,5,4,2
2013-01-31,76,6,5,0,0,0,0,4,6,6,4
2013-02-28,76,1,2,2,1,0,0,2,1,12,7
2013-03-31,76,1,2,0,0,2,4,7,2,4,9
2013-04-30,76,8,3,4,0,0,0,4,1,1,9
2013-05-31,76,8,4,0,0,0,1,1,2,5,10
2013-06-30,76,10,7,0,0,1,0,0,1,1,10
2013-07-31,76,11,1,4,0,0,0,0,0,0,15
2013-08-31,76,3,10,2,0,2,0,0,0,0,14
2013-09-30,76,9,3,1,0,1,3,2,2,0,9
2013-10-31,76,12,4,0,0,2,4,3,0,0,6
2013-11-30,76,2,10,3,0,0,0,5,3,5,2
2013-12-31,76,16,7,0,0,0,3,4,1,0,0
2014-01-31,76,3,0,0,0,0,5,7,5,4,7
2014-02-28,76,4,1,0,0,0,5,9,7,2,0
2014-03-31,76,9,5,2,3,2,0,1,6,3,0
2014-04-30,76,6,1,2,0,1,1,0,3,3,13
2014-05-31,76,10,5,3,0,2,3,2,0,1,5
2014-06-30,76,5,6,2,0,1,0,0,0,1,15
2014-07-31,76,5,3,2,1,2,0,0,0,4,14
2014-08-31,76,8,4,1,0,0,0,0,0,0,18
2014-09-30,76,2,3,3,2,2,0,0,0,0,18
2014-10-31,76,11,3,2,0,0,5,2,0,1,7
2014-11-30,76,1,0,0,0,6,5,8,0,2,8
2014-12-31,76,3,6,0,0,0,1,1,1,14,5
2015-01-31,76,9,3,0,0,0,2,2,6,5,4
2015-02-28,76,5,3,2,0,0,0,2,4,8,4
2015-03-31,76,7,6,6,1,0,0,1,3,4,3
2015-04-30,76,9,3,1,6,2,0,0,1,1,7
2015-05-31,76,12,11,0,0,0,2,2,0,1,3
2015-06-30,76,6,5,3,2,1,0,0,0,1,12
2015-07-31,76,9,3,2,0,1,0,0,0,0,16
2015-08-31,76,8,4,1,0,0,0,1,0,0,17
2015-09-30,76,3,8,3,1,1,3,1,0,0,10
2015-10-31,76,7,7,1,0,1,3,2,0,0,10
2015-11-30,76,18,2,0,1,1,1,0,1,6,0
2015-12-31,76,25,1,0,0,0,4,1,0,0,0
2016-01-31,76,11,1,0,0,0,2,9,5,1,2
2016-02-29,76,9,2,0,0,0,1,7,3,3,4
2016-03-31,76,0,8,2,0,0,2,4,4,4,7
2016-04-30,76,7,6,1,1,0,5,1,1,2,6
2016-05-31,76,8,3,0,0,4,1,2,2,2,9
2016-06-30,76,13,4,0,0,1,0,0,2,1,9
2016-07-31,76,5,7,3,0,1,0,0,0,0,15
2016-08-31,76,6,10,1,1,0,0,0,0,0,13
2016-09-30,76,12,2,0,0,1,0,0,0,3,12
2016-10-31,76,9,3,4,2,1,1,0,0,0,11
2016-11-30,76,4,2,3,3,1,2,2,2,4,7
2016-12-31,76,17,1,5,3,0,0,0,0,2,3
2017-01-31,76,4,10,5,0,2,2,1,0,6,1
2017-02-28,76,10,2,0,1,3,2,4,1,3,2
2017-03-31,76,11,1,2,0,1,3,3,1,2,7
2017-04-30,76,7,7,4,2,1,1,0,1,1,6
2017-05-31,76,14,0,1,3,2,1,1,1,0,8
2017-06-30,76,8,2,0,0,2,0,2,0,0,16
2017-07-31,76,6,3,0,1,1,0,0,0,2,18
2017-08-31,76,7,6,4,1,0,0,0,0,0,13
2017-09-30,76,14,5,0,0,0,0,0,1,1,9
2017-10-31,76,19,5,1,0,2,1,0,0,0,3
2017-11-30,76,6,9,0,0,1,1,1,0,8,4
2017-12-31,76,4,6,1,0,0,1,7,6,5,1
2018-01-31,76,8,1,1,0,0,1,3,7,4,6
2018-02-28,76,3,8,2,0,1,0,2,2,4,6
2018-03-31,76,1,3,0,0,0,5,11,4,2,5
2018-04-30,76,10,2,2,1,2,3,4,0,1,5
2018-05-31,76,2,3,0,0,0,0,0,0,4,22
2018-06-30,76,1,4,2,0,0,0,0,0,1,22
2018-07-31,76,6,0,0,0,0,0,0,0,2,23
2018-08-31,76,2,7,2,0,0,0,0,0,1,19
2018-09-30,76,12,2,4,2,0,0,0,0,0,10
2018-10-31,76,1,8,6,1,4,2,1,0,0,8
2018-11-30,76,1,2,2,4,1,6,4,0,2,8
2018-12-31,76,18,2,2,0,0,1,3,1,2,2
2019-01-31,76,2,11,2,0,0,0,2,4,6,4
2019-02-28,76,19,0,0,1,2,0,1,0,4,1
2019-03-31,76,15,6,3,0,1,1,2,0,1,2
2019-04-30,76,3,2,3,1,2,4,1,1,2,11
2019-05-31,76,3,7,3,0,0,3,0,0,3,12
2019-06-30,76,8,2,2,2,1,1,0,0,0,14
2019-07-31,76,5,4,3,0,0,0,0,0,2,17
2019-08-31,76,7,2,4,0,0,0,0,0,0,18
2019-09-30,76,9,5,5,0,1,0,0,0,0,10
2019-10-31,76,10,1,1,0,0,5,0,1,1,12
2019-11-30,76,0,0,0,0,0,4,8,9,3,6
2019-12-31,76,10,1,5,0,1,3,4,3,3,1
2020-01-31,76,16,3,3,2,1,2,4,0,0,0
2020-02-29,76,19,1,0,0,1,1,2,4,1,0
2020-03-31,76,6,2,5,3,1,0,2,4,2,6
2020-04-30,76,7,1,1,2,3,2,2,0,0,12
2020-05-31,76,4,4,8,2,1,1,1,1,0,9
2020-06-30,76,8,2,0,0,0,2,1,2,2,13
2020-07-31,76,4,7,3,0,0,0,0,0,0,17
2020-08-31,76,8,9,0,1,0,0,0,0,0,13
2020-09-30,76,7,2,2,1,1,0,2,0,3,12
2020-10-31,76,12,2,0,0,1,3,6,2,3,2
2020-11-30,76,13,4,2,3,3,3,1,0,0,1
2020-12-31,76,7,4,0,0,0,3,9,5,1,2
2021-01-31,76,3,2,3,0,0,1,4,6,6,6
2021-02-28,76,5,1,2,1,4,4,4,2,0,5
2021-03-31,76,10,9,4,4,1,0,1,0,2,0
2021-04-30,76,2,6,4,1,3,0,0,0,0,14
2021-05-31,76,14,0,0,0,1,1,5,1,1,8
2021-06-30,76,9,1,0,0,0,0,0,0,0,20
2021-07-31,76,7,5,0,0,1,0,0,0,1,17
2021-08-31,76,8,3,6,1,0,0,0,0,0,13
2021-09-30,76,8,3,5,0,1,0,0,0,1,12
2021-10-31,76,9,7,3,0,0,5,1,1,0,5
2021-11-30,76,2,10,3,0,0,0,1,2,4,8
2021-12-31,76,12,0,2,1,0,1,5,5,5,0
1981-01-31,0200E,6,6,3,0,0,0,0,6,7,3
1981-02-28,0200E,4,6,4,1,1,2,1,3,3,3
1981-03-31,0200E,16,0,0,0,0,3,3,2,3,4
1981-04-30,0200E,5,3,5,0,2,0,1,2,1,11
1981-05-31,0200E,13,0,0,0,3,3,4,2,2,4
1981-06-30,0200E,11,8,2,0,0,0,0,1,0,8
1981-07-31,0200E,8,7,0,0,2,0,0,0,2,12
1981-08-31,0200E,1,6,5,0,0,0,0,0,0,19
1981-09-30,0200E,9,2,0,0,2,3,2,0,2,10
1981-10-31,0200E,11,2,0,0,0,4,4,3,4,3
1981-11-30,0200E,16,5,5,0,0,0,0,0,4,0
1981-12-31,0200E,1,2,0,0,0,5,11,5,4,3
1982-01-31,0200E,5,4,1,4,1,1,3,3,6,3
1982-02-28,0200E,10,2,0,0,2,1,0,1,2,10
1982-03-31,0200E,12,5,3,0,0,1,0,1,4,5
1982-04-30,0200E,5,9,7,0,1,1,0,0,0,7
1982-05-31,0200E,12,4,5,0,1,1,0,0,0,8
1982-06-30,0200E,14,0,2,0,0,0,0,1,1,12
1982-07-31,0200E,2,2,1,0,1,1,0,0,0,24
1982-08-31,0200E,8,8,1,0,0,0,0,0,0,14
1982-09-30,0200E,10,5,1,2,0,4,1,0,0,7
1982-10-31,0200E,10,1,3,1,0,1,3,6,1,5
1982-11-30,0200E,12,2,0,0,2,3,2,1,5,3
1982-12-31,0200E,5,7,0,0,0,0,9,3,4,3
1983-01-31,0200E,20,3,0,0,0,0,0,3,5,0
1983-02-28,0200E,6,2,0,2,2,1,2,3,2,8
1983-03-31,0200E,11,4,2,1,0,3,2,1,4,3
1983-04-30,0200E,3,1,1,0,3,7,7,3,2,3
1983-05-31,0200E,6,2,0,0,1,3,4,2,2,11
1983-06-30,0200E,6,6,2,0,0,0,0,0,1,15
1983-07-31,0200E,4,1,0,2,1,0,0,0,0,23
1983-08-31,0200E,3,4,3,0,0,0,0,0,2,19
1983-09-30,0200E,16,2,0,1,1,1,0,0,1,8
1983-10-31,0200E,14,6,1,1,0,1,1,0,2,5
1983-11-30,0200E,3,3,0,3,3,0,1,1,2,14
1983-12-31,0200E,11,5,3,0,0,4,4,1,1,2
1984-01-31,0200E,10,2,0,0,0,1,7,7,4,0
1984-02-29,0200E,5,7,4,0,0,0,2,2,5,4
1984-03-31,0200E,0,7,2,1,0,1,6,1,3,10
1984-04-30,0200E,5,2,2,2,2,0,0,1,4,12
1984-05-31,0200E,3,3,1,0,0,4,6,2,2,10
1984-06-30,0200E,8,5,0,2,0,2,2,1,0,10
1984-07-31,0200E,5,7,0,0,3,0,0,0,0,16
1984-08-31,0200E,7,3,0,0,1,0,0,0,1,19
1984-09-30,0200E,10,2,0,1,0,1,1,1,7,7
1984-10-31,0200E,11,5,1,0,0,6,3,1,1,3
1984-11-30,0200E,7,0,2,0,4,4,5,3,0,5
1984-12-31,0200E,10,6,1,1,1,2,2,1,1,6
1985-01-31,0200E,4,7,1,0,0,3,5,3,4,4
1985-02-28,0200E,8,1,4,0,1,1,4,2,2,5
1985-03-31,0200E,5,9,0,0,0,2,4,3,4,4
1985-04-30,0200E,9,6,2,0,0,3,2,1,0,7
1985-05-31,0200E,8,1,0,1,0,0,0,4,0,17
1985-06-30,0200E,16,2,1,1,0,1,0,0,0,9
1985-07-31,0200E,7,3,5,0,2,1,0,0,0,13
1985-08-31,0200E,15,1,0,0,0,0,0,0,1,14
1985-09-30,0200E,12,4,3,0,0,0,0,0,0,11
1985-10-31,0200E,10,3,4,3,1,2,0,0,2,6
1985-11-30,0200E,4,5,5,0,0,1,3,2,3,7
1985-12-31,0200E,9,5,1,0,0,4,4,2,3,3
1986-01-31,0200E,2,0,0,0,0,1,8,7,9,4
1986-02-28,0200E,1,4,0,3,0,1,2,2,2,13
1986-03-31,0200E,14,6,0,0,0,0,2,2,2,5
1986-04-30,0200E,0,3,1,0,0,4,3,3,5,11
1986-05-31,0200E,15,5,0,0,0,2,0,0,0,9
1986-06-30,0200E,9,7,0,0,2,0,0,0,1,11
1986-07-31,0200E,5,9,1,0,0,0,0,0,0,16
1986-08-31,0200E,4,2,3,0,0,0,0,0,0,22
1986-09-30,0200E,8,5,5,0,0,2,0,0,2,8
1986-10-31,0200E,9,3,2,5,1,0,1,2,2,6
1986-11-30,0200E,13,6,1,0,2,2,3,1,1,1
1986-12-31,0200E,13,3,0,0,0,2,2,3,8,0
1987-01-31,0200E,2,8,5,1,0,1,1,2,3,8
1987-02-28,0200E,4,5,0,0,0,4,1,0,10,4
1987-03-31,0200E,10,4,1,3,0,2,1,2,3,5
1987-04-30,0200E,13,2,0,1,3,5,0,1,3,2
1987-05-31,0200E,5,6,1,2,1,0,0,1,3,12
1987-06-30,0200E,17,0,0,1,1,0,0,1,1,9
1987-07-31,0200E,7,5,2,0,0,0,2,0,0,15
1987-08-31,0200E,7,0,2,0,0,0,0,0,0,22
1987-09-30,0200E,16,1,3,0,0,2,1,0,0,7
1987-10-31,0200E,7,0,0,1,7,7,3,2,0,4
1987-11-30,0200E,5,3,4,1,1,0,2,0,8,6
1987-12-31,0200E,11,4,0,2,3,0,3,1,0,7
1988-01-31,0200E,6,0,1,2,1,3,8,4,3,3
1988-02-29,0200E,6,5,2,4,0,0,5,2,4,1
1988-03-31,0200E,4,7,0,0,0,2,1,7,6,4
1988-04-30,0200E,5,1,1,0,3,0,3,0,1,16
1988-05-31,0200E,9,3,1,0,0,2,1,0,0,15
1988-06-30,0200E,4,5,2,1,1,0,0,0,0,17
1988-07-31,0200E,13,6,1,0,0,1,4,0,0,6
1988-08-31,0200E,9,3,1,0,0,1,0,0,0,17
1988-09-30,0200E,13,6,3,0,0,0,1,0,0,7
1988-10-31,0200E,10,0,2,2,4,4,1,0,0,8
1988-11-30,0200E,8,3,5,8,1,1,1,1,1,1
1988-12-31,0200E,10,13,0,0,0,0,0,4,3,1
1989-01-31,0200E,22,3,2,1,0,0,1,0,2,0
1989-02-28,0200E,13,0,1,2,1,1,4,2,2,2
1989-03-31,0200E,10,4,4,0,3,1,3,2,2,2
1989-04-30,0200E,1,1,0,0,4,1,5,4,5,9
1989-05-31,0200E,9,3,1,2,0,0,0,0,1,15
1989-06-30,0200E,5,1,1,0,0,0,0,0,0,23
1989-07-31,0200E,3,10,0,1,0,0,0,0,0,17
1989-08-31,0200E,5,5,0,0,0,0,0,0,0,21
1989-09-30,0200E,7,8,5,1,2,0,0,0,0,7
1989-10-31,0200E,11,2,4,4,3,2,1,0,2,2
1989-11-30,0200E,4,0,2,5,5,4,0,3,1,6
1989-12-31,0200E,2,0,2,9,1,6,6,0,0,5
1990-01-31,0200E,14,2,4,0,1,3,5,0,1,1
1990-02-28,0200E,14,0,0,0,0,4,4,6,0,0
1990-03-31,0200E,17,6,3,1,1,0,0,0,3,0
1990-04-30,0200E,3,1,3,1,0,0,2,2,9,9
1990-05-31,0200E,8,2,3,1,1,0,1,0,1,14
1990-06-30,0200E,7,0,1,0,1,0,1,0,1,19
1990-07-31,0200E,9,2,2,0,0,0,0,0,0,18
1990-08-31,0200E,11,6,0,0,2,0,0,0,0,12
1990-09-30,0200E,4,3,3,3,0,2,0,3,0,12
1990-10-31,0200E,1,4,1,0,3,4,8,0,0,10
1990-11-30,0200E,3,5,2,1,1,0,3,3,4,8
1990-12-31,0200E,6,5,7,0,0,1,4,2,4,2
1991-01-31,0200E,13,3,7,0,0,0,7,1,0,0
1991-02-28,0200E,7,5,1,3,0,0,4,1,0,7
1991-03-31,0200E,6,2,4,1,2,5,2,2,1,6
1991-04-30,0200E,9,2,1,2,0,0,3,1,6,6
1991-05-31,0200E,2,11,2,0,0,0,0,0,8,8
1991-06-30,0200E,15,4,1,0,0,0,1,0,1,8
1991-07-31,0200E,9,4,1,0,0,0,0,1,0,16
1991-08-31,0200E,5,5,1,1,0,0,0,0,0,19
1991-09-30,0200E,10,0,0,1,0,2,0,1,1,15
1991-10-31,0200E,6,5,4,1,2,3,2,0,1,7
1991-11-30,0200E,8,3,0,1,2,0,8,1,4,3
1991-12-31,0200E,5,2,8,6,2,0,0,2,4,2
1992-01-31,0200E,11,7,8,0,0,1,1,0,0,3
1992-02-29,0200E,16,4,3,1,0,1,1,1,2,0
1992-03-31,0200E,8,6,3,0,1,0,3,2,7,1
1992-04-30,0200E,6,7,0,0,0,1,3,1,6,6
1992-05-31,0200E,9,6,0,0,2,2,0,0,1,11
1992-06-30,0200E,2,2,2,0,1,0,1,0,3,19
1992-07-31,0200E,12,2,1,0,0,0,0,0,1,15
1992-08-31,0200E,21,0,1,0,0,0,2,1,0,6
1992-09-30,0200E,14,1,2,0,2,2,0,0,0,9
1992-10-31,0200E,2,1,1,0,1,0,4,5,3,14
1992-11-30,0200E,13,0,1,0,0,1,5,5,5,0
1992-12-31,0200E,4,6,7,0,3,2,5,1,3,0
1993-01-31,0200E,20,4,0,2,0,0,2,0,2,1
1993-02-28,0200E,6,9,6,4,0,0,0,0,1,2
1993-03-31,0200E,11,7,0,1,3,1,0,0,1,7
1993-04-30,0200E,6,1,0,0,1,4,3,1,3,11
1993-05-31,0200E,9,1,1,2,3,2,1,0,0,12
1993-06-30,0200E,9,4,2,0,0,0,0,1,0,14
1993-07-31,0200E,11,8,2,0,0,0,0,0,1,9
1993-08-31,0200E,6,4,4,0,0,0,0,0,2,15
1993-09-30,0200E,5,1,1,0,0,4,4,0,2,13
1993-10-31,0200E,1,4,5,2,1,7,5,2,2,2
1993-11-30,0200E,9,3,4,2,1,1,0,3,0,7
1993-12-31,0200E,13,1,0,0,0,0,5,8,3,1
1994-01-31,0200E,8,4,2,0,0,1,6,6,4,0
1994-02-28,0200E,3,1,0,1,2,4,4,4,5,4
1994-03-31,0200E,17,5,1,0,1,1,2,0,1,3
1994-04-30,0200E,6,5,1,0,0,2,0,5,8,3
1994-05-31,0200E,6,0,0,2,0,5,2,1,0,15
1994-06-30,0200E,10,7,0,0,1,0,0,0,1,11
1994-07-31,0200E,1,2,1,1,0,0,0,0,0,26
1994-08-31,0200E,7,0,2,1,0,1,1,0,1,18
1994-09-30,0200E,7,4,2,0,0,2,1,2,0,12
1994-10-31,0200E,8,0,3,3,0,1,3,2,0,11
1994-11-30,0200E,8,4,1,0,3,3,3,2,3,3
1994-12-31,0200E,13,3,0,0,2,1,6,0,6,0
1995-01-31,0200E,4,9,0,0,0,3,9,1,5,0
1995-02-28,0200E,14,2,1,0,0,0,5,2,3,1
1995-03-31,0200E,9,5,2,2,1,0,3,2,6,1
1995-04-30,0200E,7,4,7,1,1,0,1,2,2,5
1995-05-31,0200E,6,3,1,1,3,1,0,1,2,13
1995-06-30,0200E,7,2,5,0,0,0,0,0,1,15
1995-07-31,0200E,9,2,3,2,1,0,0,0,0,14
1995-08-31,0200E,1,9,2,0,0,0,0,0,3,16
1995-09-30,0200E,2,4,0,0,0,1,2,1,3,17
1995-10-31,0200E,18,1,0,1,2,4,0,0,0,5
1995-11-30,0200E,4,5,2,1,6,2,3,3,1,3
1995-12-31,0200E,4,2,2,4,0,3,5,0,1,10
1996-01-31,0200E,2,0,0,5,5,7,3,1,0,8
1996-02-29,0200E,2,6,1,0,0,2,2,6,5,5
1996-03-31,0200E,3,6,3,2,2,1,0,0,4,10
1996-04-30,0200E,4,5,1,0,4,0,0,0,3,13
1996-05-31,0200E,9,1,0,0,1,3,3,0,3,11
1996-06-30,0200E,11,9,2,0,1,0,0,0,1,6
1996-07-31,0200E,6,4,4,0,2,0,0,0,1,14
1996-08-31,0200E,8,4,3,0,0,0,0,0,0,16
1996-09-30,0200E,4,4,4,0,0,1,1,0,4,12
1996-10-31,0200E,13,6,0,0,1,0,0,1,4,6
1996-11-30,0200E,8,1,0,0,0,2,5,5,3,6
1996-12-31,0200E,3,1,2,0,2,6,2,0,3,12
1997-01-31,0200E,5,1,4,2,5,3,0,1,1,9
1997-02-28,0200E,23,1,0,0,0,0,2,1,1,0
1997-03-31,0200E,18,5,3,0,0,0,0,0,3,2
1997-04-30,0200E,4,6,4,4,0,0,1,1,2,8
1997-05-31,0200E,8,0,6,2,2,2,2,3,0,6
1997-06-30,0200E,10,2,0,0,0,0,3,0,0,15
1997-07-31,0200E,7,5,2,0,0,0,0,0,4,13
1997-08-31,0200E,6,1,0,0,0,0,1,1,0,22
1997-09-30,0200E,9,3,4,0,0,0,0,0,0,14
1997-10-31,0200E,4,8,1,0,3,2,0,1,1,11
1997-11-30,0200E,4,0,0,0,1,5,7,3,3,7
1997-12-31,0200E,5,3,2,0,0,4,5,4,4,4
1998-01-31,0200E,8,3,2,4,0,3,4,3,2,2
1998-02-28,0200E,13,4,0,2,1,2,0,1,2,3
1998-03-31,0200E,10,8,6,0,1,1,1,1,2,1
1998-04-30,0200E,5,0,0,0,0,2,11,7,1,4
1998-05-31,0200E,4,5,0,0,4,1,0,0,3,14
1998-06-30,0200E,13,0,1,0,1,1,0,0,2,12
1998-07-31,0200E,10,6,0,1,0,0,0,0,1,13
1998-08-31,0200E,3,11,0,1,1,0,0,0,0,15
1998-09-30,0200E,6,1,3,1,0,2,3,3,1,10
1998-10-31,0200E,16,2,0,0,0,1,1,2,3,6
1998-11-30,0200E,6,7,2,0,0,0,3,3,7,2
1998-12-31,0200E,10,4,3,0,2,4,2,2,3,1
1999-01-31,0200E,13,3,0,1,2,1,2,3,4,2
1999-02-28,0200E,2,8,1,1,0,1,0,5,9,1
1999-03-31,0200E,5,5,2,0,5,3,3,4,3,1
1999-04-30,0200E,10,1,0,0,0,2,4,3,4,6
1999-05-31,0200E,8,1,0,2,1,1,0,2,2,14
1999-06-30,0200E,9,7,1,0,0,1,0,0,1,11
1999-07-31,0200E,5,7,0,0,0,0,0,0,0,19
1999-08-31,0200E,6,2,0,0,0,1,1,0,1,20
1999-09-30,0200E,10,1,0,0,0,3,3,1,0,12
1999-10-31,0200E,6,2,4,3,0,5,4,0,0,7
1999-11-30,0200E,7,7,2,1,0,0,1,1,6,5
1999-12-31,0200E,14,4,0,0,0,0,8,3,1,1
2000-01-31,0200E,13,7,5,2,0,0,0,0,2,2
2000-02-29,0200E,12,5,0,0,1,0,3,4,4,0
2000-03-31,0200E,10,8,3,1,1,1,0,3,0,4
2000-04-30,0200E,5,0,0,3,1,5,4,5,0,7
2000-05-31,0200E,13,2,0,3,0,0,0,0,0,13
2000-06-30,0200E,9,6,0,0,3,0,0,0,2,10
2000-07-31,0200E,9,2,2,0,2,0,0,0,3,13
2000-08-31,0200E,6,5,2,0,0,0,0,0,0,18
2000-09-30,0200E,14,2,1,0,0,2,1,2,0,8
2000-10-31,0200E,7,3,1,3,1,0,4,2,4,6
2000-11-30,0200E,8,0,1,0,0,4,12,1,3,1
2000-12-31,0200E,9,0,0,1,3,7,6,3,1,1
2001-01-31,0200E,1,2,0,0,0,7,10,2,4,5
2001-02-28,0200E,4,9,2,0,0,2,5,3,3,0
2001-03-31,0200E,5,1,0,0,0,4,13,2,1,5
2001-04-30,0200E,10,4,1,0,0,3,1,2,5,4
2001-05-31,0200E,7,6,0,0,0,2,0,0,4,12
2001-06-30,0200E,9,7,3,0,0,0,0,0,0,11
2001-07-31,0200E,8,2,5,0,0,0,1,0,1,14
2001-08-31,0200E,7,3,1,0,0,0,0,0,0,20
2001-09-30,0200E,12,10,0,1,1,0,0,0,1,5
2001-10-31,0200E,15,0,1,1,1,7,3,0,0,3
2001-11-30,0200E,6,10,3,1,0,0,0,2,4,4
2001-12-31,0200E,9,6,10,1,0,0,1,0,1,3
2002-01-31,0200E,17,0,0,5,2,2,2,1,2,0
2002-02-28,0200E,14,2,0,0,0,1,3,3,4,1
2002-03-31,0200E,7,4,6,2,3,3,1,0,2,3
2002-04-30,0200E,9,4,0,0,2,0,0,0,2,13
2002-05-31,0200E,10,0,3,1,1,2,0,1,4,9
2002-06-30,0200E,9,3,2,1,1,0,2,2,0,10
2002-07-31,0200E,8,6,2,0,0,0,0,0,4,11
2002-08-31,0200E,2,2,1,0,0,0,0,0,4,22
2002-09-30,0200E,4,6,0,1,1,0,0,0,1,17
2002-10-31,0200E,9,2,0,1,2,4,2,2,2,7
2002-11-30,0200E,3,1,0,0,0,6,4,6,5,5
2002-12-31,0200E,5,3,0,0,3,5,4,3,3,5
2003-01-31,0200E,4,8,0,0,0,0,8,1,5,5
2003-02-28,0200E,6,3,4,0,6,0,1,2,2,4
2003-03-31,0200E,14,1,1,3,2,1,1,1,0,7
2003-04-30,0200E,8,4,3,1,2,4,2,0,1,5
2003-05-31,0200E,15,7,0,0,0,0,0,0,0,9
2003-06-30,0200E,7,2,0,0,2,0,1,0,0,18
2003-07-31,0200E,9,4,0,1,0,0,0,1,0,16
2003-08-31,0200E,6,0,1,0,0,0,0,0,0,24
2003-09-30,0200E,9,1,6,1,1,0,0,0,3,9
2003-10-31,0200E,5,2,1,2,0,3,3,1,2,12
2003-11-30,0200E,9,0,3,0,4,1,2,3,0,8
2003-12-31,0200E,5,5,1,1,1,1,2,3,4,8
2004-01-31,0200E,7,4,0,0,0,0,6,4,7,3
2004-02-29,0200E,8,7,4,1,0,0,0,2,2,5
2004-03-31,0200E,9,5,3,1,0,2,1,1,4,5
2004-04-30,0200E,3,5,2,1,0,2,4,1,2,10
2004-05-31,0200E,7,3,6,0,0,1,1,3,0,10
2004-06-30,0200E,11,7,2,1,0,0,0,0,1,8
2004-07-31,0200E,6,8,0,1,0,1,0,0,0,15
2004-08-31,0200E,13,1,0,0,1,3,0,0,0,13
2004-09-30,0200E,8,8,1,5,0,0,0,0,1,7
2004-10-31,0200E,7,0,0,0,2,6,7,0,0,9
2004-11-30,0200E,10,10,0,0,0,0,1,0,4,5
2004-12-31,0200E,5,10,3,2,0,1,0,4,3,3
2005-01-31,0200E,13,8,0,0,0,1,0,1,8,0
2005-02-28,0200E,3,6,3,2,1,0,0,2,6,5
2005-03-31,0200E,8,6,2,0,2,2,3,1,3,4
2005-04-30,0200E,8,4,0,0,4,3,1,4,1,5
2005-05-31,0200E,8,3,1,0,3,1,0,0,4,11
2005-06-30,0200E,3,5,3,1,1,0,0,0,0,17
2005-07-31,0200E,7,6,1,0,2,0,0,0,0,15
2005-08-31,0200E,7,9,3,1,0,0,0,0,3,8
2005-09-30,0200E,10,7,0,0,0,0,0,0,0,13
2005-10-31,0200E,11,3,0,0,4,4,1,0,0,8
2005-11-30,0200E,5,4,2,2,0,2,1,2,4,8
2005-12-31,0200E,4,8,3,0,0,2,4,3,3,4
2006-01-31,0200E,6,7,1,4,2,1,1,1,2,6
2006-02-28,0200E,2,7,2,0,0,1,5,0,3,8
2006-03-31,0200E,7,1,1,3,0,2,5,4,4,4
2006-04-30,0200E,8,9,3,1,3,1,0,0,0,5
2006-05-31,0200E,13,6,0,1,2,1,0,0,0,8
2006-06-30,0200E,4,4,0,3,2,0,0,0,0,17
2006-07-31,0200E,7,1,4,0,2,0,0,0,0,17
2006-08-31,0200E,7,10,0,1,0,2,0,1,3,7
2006-09-30,0200E,10,0,0,0,1,1,0,2,3,13
2006-10-31,0200E,10,2,1,0,5,5,2,1,0,5
2006-11-30,0200E,9,2,2,3,1,4,5,2,2,0
2006-12-31,0200E,12,9,2,0,0,1,5,2,0,0
2007-01-31,0200E,18,1,3,0,0,0,1,3,2,3
2007-02-28,0200E,8,1,1,0,1,1,10,3,1,2
2007-03-31,0200E,6,7,1,0,0,1,4,3,5,4
2007-04-30,0200E,5,4,1,3,0,0,0,0,0,17
2007-05-31,0200E,8,0,2,1,0,2,1,2,6,9
2007-06-30,0200E,18,2,0,0,0,1,1,0,1,7
2007-07-31,0200E,15,3,0,0,3,1,0,0,0,9
2007-08-31,0200E,4,7,4,0,0,0,0,0,0,16
2007-09-30,0200E,8,6,4,0,1,0,0,0,2,9
2007-10-31,0200E,7,9,6,0,0,0,0,0,0,9
2007-11-30,0200E,4,17,0,0,0,3,1,0,3,2
2007-12-31,0200E,9,5,6,4,0,0,0,4,2,1
2008-01-31,0200E,15,0,2,0,0,2,6,2,1,3
2008-02-29,0200E,13,0,2,6,4,1,2,0,0,1
2008-03-31,0200E,7,5,0,0,0,2,2,7,4,4
2008-04-30,0200E,8,3,1,0,0,7,2,3,1,5
2008-05-31,0200E,3,0,1,1,0,0,1,0,1,24
2008-06-30,0200E,6,3,1,1,0,0,0,0,3,16
2008-07-31,0200E,10,3,1,1,0,0,0,0,0,16
2008-08-31,0200E,15,2,3,0,0,0,1,0,1,9
2008-09-30,0200E,7,4,5,1,0,2,1,0,2,8
2008-10-31,0200E,9,2,4,2,1,1,1,0,2,9
2008-11-30,0200E,4,9,0,0,0,0,3,2,4,8
2008-12-31,0200E,4,3,1,3,2,0,4,2,6,6
2009-01-31,0200E,5,2,2,0,1,1,5,3,6,6
2009-02-28,0200E,2,9,4,0,1,2,1,4,1,4
2009-03-31,0200E,12,4,4,0,0,0,1,1,3,6
2009-04-30,0200E,4,1,0,0,0,3,2,2,4,14
2009-05-31,0200E,1,7,3,2,2,2,0,0,1,13
2009-06-30,0200E,8,4,2,0,0,1,2,0,0,13
2009-07-31,0200E,11,2,1,0,0,2,0,0,1,14
2009-08-31,0200E,3,4,2,0,0,0,0,0,0,22
2009-09-30,0200E,6,5,9,2,0,0,0,0,0,8
2009-10-31,0200E,10,4,3,0,0,4,0,0,4,6
2009-11-30,0200E,7,0,0,0,0,5,6,8,2,2
2009-12-31,0200E,7,5,1,0,0,3,8,2,2,3
2010-01-31,0200E,6,1,3,0,0,0,3,5,3,10
2010-02-28,0200E,2,3,1,2,0,6,6,2,2,4
2010-03-31,0200E,6,7,3,0,2,6,3,1,0,3
2010-04-30,0200E,8,4,3,0,2,2,0,0,1,10
2010-05-31,0200E,3,6,0,0,0,2,0,1,5,14
2010-06-30,0200E,3,5,0,0,1,3,0,0,1,17
2010-07-31,0200E,5,8,2,0,0,0,0,0,0,16
2010-08-31,0200E,13,9,1,0,0,0,0,0,1,7
2010-09-30,0200E,8,4,0,0,0,2,0,0,2,14
2010-10-31,0200E,6,7,0,0,2,5,1,0,1,9
2010-11-30,0200E,6,0,0,1,0,2,4,4,5,8
2010-12-31,0200E,4,6,2,0,1,5,3,2,2,6
2011-01-31,0200E,7,8,2,0,0,4,0,1,0,9
2011-02-28,0200E,11,6,0,0,0,1,3,2,3,2
2011-03-31,0200E,6,2,3,6,2,0,1,1,2,8
2011-04-30,0200E,5,5,5,1,4,1,0,0,0,9
2011-05-31,0200E,9,6,1,0,2,0,0,0,1,12
2011-06-30,0200E,10,5,1,0,1,0,0,0,0,13
2011-07-31,0200E,5,4,1,1,0,1,0,0,3,16
2011-08-31,0200E,6,2,1,1,0,0,0,0,0,21
2011-09-30,0200E,17,0,2,0,0,0,0,0,1,10
2011-10-31,0200E,11,7,4,0,2,3,1,0,1,2
2011-11-30,0200E,8,1,1,1,7,4,0,0,0,8
2011-12-31,0200E,4,3,2,0,0,1,7,5,7,2
2012-01-31,0200E,7,8,3,0,0,0,1,2,7,3
2012-02-29,0200E,6,19,1,0,0,0,0,0,2,1
2012-03-31,0200E,11,6,3,3,0,1,0,2,3,2
2012-04-30,0200E,2,0,0,0,1,3,7,3,4,10
2012-05-31,0200E,10,4,2,0,2,0,2,2,1,8
2012-06-30,0200E,13,1,1,0,0,1,0,0,1,13
2012-07-31,0200E,10,3,1,0,0,0,1,0,0,16
2012-08-31,0200E,9,2,1,1,1,0,0,0,0,17
2012-09-30,0200E,5,8,2,0,0,1,3,0,0,11
2012-10-31,0200E,10,0,0,0,2,1,1,0,3,14
2012-11-30,0200E,7,3,3,1,1,4,4,1,1,5
2012-12-31,0200E,11,2,0,0,0,3,4,5,4,2
2013-01-31,0200E,6,5,0,0,0,0,4,6,6,4
2013-02-28,0200E,1,2,2,1,0,0,2,1,12,7
2013-03-31,0200E,1,2,0,0,2,4,7,2,4,9
2013-04-30,0200E,8,3,4,0,0,0,4,1,1,9
2013-05-31,0200E,8,4,0,0,0,1,1,2,5,10
2013-06-30,0200E,10,7,0,0,1,0,0,1,1,10
2013-07-31,0200E,11,1,4,0,0,0,0,0,0,15
2013-08-31,0200E,3,10,2,0,2,0,0,0,0,14
2013-09-30,0200E,9,3,1,0,1,3,2,2,0,9
2013-10-31,0200E,12,4,0,0,2,4,3,0,0,6
2013-11-30,0200E,2,10,3,0,0,0,5,3,5,2
2013-12-31,0200E,16,7,0,0,0,3,4,1,0,0
2014-01-31,0200E,3,0,0,0,0,5,7,5,4,7
2014-02-28,0200E,4,1,0,0,0,5,9,7,2,0
2014-03-31,0200E,9,5,2,3,2,0,1,6,3,0
2014-04-30,0200E,6,1,2,0,1,1,0,3,3,13
2014-05-31,0200E,10,5,3,0,2,3,2,0,1,5
2014-06-30,0200E,5,6,2,0,1,0,0,0,1,15
2014-07-31,0200E,5,3,2,1,2,0,0,0,4,14
2014-08-31,0200E,8,4,1,0,0,0,0,0,0,18
2014-09-30,0200E,2,3,3,2,2,0,0,0,0,18
2014-10-31,0200E,11,3,2,0,0,5,2,0,1,7
2014-11-30,0200E,1,0,0,0,6,5,8,0,2,8
2014-12-31,0200E,3,6,0,0,0,1,1,1,14,5
2015-01-31,0200E,9,3,0,0,0,2,2,6,5,4
2015-02-28,0200E,5,3,2,0,0,0,2,4,8,4
2015-03-31,0200E,7,6,6,1,0,0,1,3,4,3
2015-04-30,0200E,9,3,1,6,2,0,0,1,1,7
2015-05-31,0200E,12,11,0,0,0,2,2,0,1,3
2015-06-30,0200E,6,5,3,2,1,0,0,0,1,12
2015-07-31,0200E,9,3,2,0,1,0,0,0,0,16
2015-08-31,0200E,8,4,1,0,0,0,1,0,0,17
2015-09-30,0200E,3,8,3,1,1,3,1,0,0,10
2015-10-31,0200E,7,7,1,0,1,3,2,0,0,10
2015-11-30,0200E,18,2,0,1,1,1,0,1,6,0
2015-12-31,0200E,25,1,0,0,0,4,1,0,0,0
2016-01-31,0200E,11,1,0,0,0,2,9,5,1,2
2016-02-29,0200E,9,2,0,0,0,1,7,3,3,4
2016-03-31,0200E,0,8,2,0,0,2,4,4,4,7
2016-04-30,0200E,7,6,1,1,0,5,1,1,2,6
2016-05-31,0200E,8,3,0,0,4,1,2,2,2,9
2016-06-30,0200E,13,4,0,0,1,0,0,2,1,9
2016-07-31,0200E,5,7,3,0,1,0,0,0,0,15
2016-08-31,0200E,6,10,1,1,0,0,0,0,0,13
2016-09-30,0200E,12,2,0,0,1,0,0,0,3,12
2016-10-31,0200E,9,3,4,2,1,1,0,0,0,11
2016-11-30,0200E,4,2,3,3,1,2,2,2,4,7
2016-12-31,0200E,17,1,5,3,0,0,0,0,2,3
2017-01-31,0200E,4,10,5,0,2,2,1,0,6,1
2017-02-28,0200E,10,2,0,1,3,2,4,1,3,2
2017-03-31,0200E,11,1,2,0,1,3,3,1,2,7
2017-04-30,0200E,7,7,4,2,1,1,0,1,1,6
2017-05-31,0200E,14,0,1,3,2,1,1,1,0,8
2017-06-30,0200E,8,2,0,0,2,0,2,0,0,16
2017-07-31,0200E,6,3,0,1,1,0,0,0,2,18
2017-08-31,0200E,7,6,4,1,0,0,0,0,0,13
2017-09-30,0200E,14,5,0,0,0,0,0,1,1,9
2017-10-31,0200E,19,5,1,0,2,1,0,0,0,3
2017-11-30,0200E,6,9,0,0,1,1,1,0,8,4
2017-12-31,0200E,4,6,1,0,0,1,7,6,5,1
2018-01-31,0200E,8,1,1,0,0,1,3,7,4,6
2018-02-28,0200E,3,8,2,0,1,0,2,2,4,6
2018-03-31,0200E,1,3,0,0,0,5,11,4,2,5
2018-04-30,0200E,10,2,2,1,2,3,4,0,1,5
2018-05-31,0200E,2,3,0,0,0,0,0,0,4,22
2018-06-30,0200E,1,4,2,0,0,0,0,0,1,22
2018-07-31,0200E,6,0,0,0,0,0,0,0,2,23
2018-08-31,0200E,2,7,2,0,0,0,0,0,1,19
2018-09-30,0200E,12,2,4,2,0,0,0,0,0,10
2018-10-31,0200E,1,8,6,1,4,2,1,0,0,8
2018-11-30,0200E,1,2,2,4,1,6,4,0,2,8
2018-12-31,0200E,18,2,2,0,0,1,3,1,2,2
2019-01-31,0200E,2,11,2,0,0,0,2,4,6,4
2019-02-28,0200E,19,0,0,1,2,0,1,0,4,1
2019-03-31,0200E,15,6,3,0,1,1,2,0,1,2
2019-04-30,0200E,3,2,3,1,2,4,1,1,2,11
2019-05-31,0200E,3,7,3,0,0,3,0,0,3,12
2019-06-30,0200E,8,2,2,2,1,1,0,0,0,14
2019-07-31,0200E,5,4,3,0,0,0,0,0,2,17
2019-08-31,0200E,7,2,4,0,0,0,0,0,0,18
2019-09-30,0200E,9,5,5,0,1,0,0,0,0,10
2019-10-31,0200E,10,1,1,0,0,5,0,1,1,12
2019-11-30,0200E,0,0,0,0,0,4,8,9,3,6
2019-12-31,0200E,10,1,5,0,1,3,4,3,3,1
2020-01-31,0200E,16,3,3,2,1,2,4,0,0,0
2020-02-29,0200E,19,1,0,0,1,1,2,4,1,0
2020-03-31,0200E,6,2,5,3,1,0,2,4,2,6
2020-04-30,0200E,7,1,1,2,3,2,2,0,0,12
2020-05-31,0200E,4,4,8,2,1,1,1,1,0,9
2020-06-30,0200E,8,2,0,0,0,2,1,2,2,13
2020-07-31,0200E,4,7,3,0,0,0,0,0,0,17
2020-08-31,0200E,8,9,0,1,0,0,0,0,0,13
2020-09-30,0200E,7,2,2,1,1,0,2,0,3,12
2020-10-31,0200E,12,2,0,0,1,3,6,2,3,2
2020-11-30,0200E,13,4,2,3,3,3,1,0,0,1
2020-12-31,0200E,7,4,0,0,0,3,9,5,1,2
2021-01-31,0200E,3,2,3,0,0,1,4,6,6,6
2021-02-28,0200E,5,1,2,1,4,4,4,2,0,5
2021-03-31,0200E,10,9,4,4,1,0,1,0,2,0
2021-04-30,0200E,2,6,4,1,3,0,0,0,0,14
2021-05-31,0200E,14,0,0,0,1,1,5,1,1,8
2021-06-30,0200E,9,1,0,0,0,0,0,0,0,20
2021-07-31,0200E,7,5,0,0,1,0,0,0,1,17
2021-08-31,0200E,8,3,6,1,0,0,0,0,0,13
2021-09-30,0200E,8,3,5,0,1,0,0,0,1,12
2021-10-31,0200E,9,7,3,0,0,5,1,1,0,5
2021-11-30,0200E,2,10,3,0,0,0,1,2,4,8
2021-12-31,0200E,12,0,2,1,0,1,5,5,5,0
1981-01-31,B893,5,7,1,0,0,0,0,6,8,4
1981-02-28,B893,6,3,3,1,2,0,0,3,4,6
1981-03-31,B893,13,0,0,0,0,4,2,2,3,7
1981-04-30,B893,6,2,3,0,2,0,1,2,0,14
1981-05-31,B893,16,0,0,0,2,1,2,4,2,4
1981-06-30,B893,13,6,0,0,1,0,0,1,1,8
1981-07-31,B893,11,2,0,0,1,0,0,1,8,8
1981-08-31,B893,6,3,1,0,0,0,0,0,1,20
1981-09-30,B893,11,0,0,0,1,3,1,2,2,10
1981-10-31,B893,14,1,0,0,2,2,2,7,0,3
1981-11-30,B893,20,4,1,0,0,0,0,1,4,0
1981-12-31,B893,1,2,0,0,0,6,8,8,3,3
1982-01-31,B893,6,2,0,6,0,1,1,3,7,5
1982-02-28,B893,8,1,1,0,3,0,0,1,4,10
1982-03-31,B893,7,2,3,2,0,0,0,7,4,6
1982-04-30,B893,5,7,0,0,1,0,0,0,4,13
1982-05-31,B893,16,2,1,1,2,0,0,0,2,7
1982-06-30,B893,12,1,0,0,0,0,1,4,2,10
1982-07-31,B893,5,0,0,0,0,1,0,0,2,23
1982-08-31,B893,18,3,0,0,0,0,0,0,4,6
1982-09-30,B893,15,5,0,1,0,3,0,1,1,4
1982-10-31,B893,4,3,3,2,0,1,4,7,2,5
1982-11-30,B893,8,1,0,0,6,2,1,1,5,6
1982-12-31,B893,6,2,0,0,0,2,7,5,7,2
1983-01-31,B893,17,2,0,0,0,0,0,6,6,0
1983-02-28,B893,8,0,1,0,3,0,0,4,3,9
1983-03-31,B893,8,3,1,0,2,0,2,2,8,5
1983-04-30,B893,6,1,0,0,4,5,5,4,2,3
1983-05-31,B893,8,0,0,0,1,1,3,4,3,11
1983-06-30,B893,11,3,0,0,0,0,0,0,4,12
1983-07-31,B893,9,0,0,0,0,0,0,0,0,22
1983-08-31,B893,6,1,0,0,0,0,0,3,2,19
1983-09-30,B893,15,2,0,0,0,1,0,2,2,8
1983-10-31,B893,12,2,4,0,2,0,1,0,5,5
1983-11-30,B893,3,2,1,5,1,1,0,2,2,13
1983-12-31,B893,5,6,2,0,1,3,4,3,5,2
1984-01-31,B893,6,1,0,0,0,1,8,8,6,1
1984-02-29,B893,6,5,2,0,0,0,0,3,5,8
1984-03-31,B893,2,8,1,2,1,3,3,4,2,5
1984-04-30,B893,7,3,0,0,0,0,0,3,4,13
1984-05-31,B893,2,2,0,0,1,4,4,3,2,13
1984-06-30,B893,10,2,0,2,0,2,2,1,3,8
1984-07-31,B893,8,4,0,0,4,0,0,0,6,9
1984-08-31,B893,11,3,0,0,0,0,0,0,4,13
1984-09-30,B893,12,0,0,0,0,1,1,5,5,6
1984-10-31,B893,10,7,2,0,0,3,4,0,2,3
1984-11-30,B893,7,0,0,2,6,1,4,4,1,5
1984-12-31,B893,4,7,0,3,2,2,0,0,6,7
1985-01-31,B893,2,4,1,0,0,3,4,3,6,8
1985-02-28,B893,6,1,3,1,1,2,4,2,3,5
1985-03-31,B893,8,8,0,0,0,0,2,4,3,6
1985-04-30,B893,6,3,1,0,2,4,2,2,4,6
1985-05-31,B893,12,0,0,0,0,0,0,4,0,15
1985-06-30,B893,18,0,0,0,0,0,0,0,4,8
1985-07-31,B893,12,3,0,0,0,0,2,0,4,10
1985-08-31,B893,17,1,0,0,0,0,0,0,3,10
1985-09-30,B893,19,2,0,0,0,0,0,0,1,8
1985-10-31,B893,14,2,3,3,1,2,0,0,2,4
1985-11-30,B893,3,2,3,0,0,2,2,3,7,8
1985-12-31,B893,8,4,0,0,0,5,2,2,5,5
1986-01-31,B893,3,0,0,0,1,1,6,7,9,4
1986-02-28,B893,0,0,0,3,0,4,2,5,5,9
1986-03-31,B893,9,5,1,1,0,0,1,4,4,6
1986-04-30,B893,0,0,0,0,0,7,1,3,8,11
1986-05-31,B893,13,4,0,0,0,2,0,0,0,12
1986-06-30,B893,15,3,0,0,1,0,0,0,4,7
1986-07-31,B893,11,7,0,0,0,1,0,0,3,9
1986-08-31,B893,9,2,0,0,0,1,1,0,5,13
1986-09-30,B893,11,5,2,0,0,0,0,0,1,11
1986-10-31,B893,4,4,1,3,2,0,2,4,2,9
1986-11-30,B893,10,7,2,1,5,0,2,1,2,0
1986-12-31,B893,8,2,0,0,1,2,2,8,6,2
1987-01-31,B893,2,6,3,1,0,2,3,5,3,6
1987-02-28,B893,4,2,1,1,2,2,0,5,6,5
1987-03-31,B893,10,3,1,3,0,1,2,1,6,4
1987-04-30,B893,14,1,0,1,1,5,0,3,1,4
1987-05-31,B893,6,0,0,0,0,1,0,1,12,11
1987-06-30,B893,15,1,0,1,0,1,0,1,2,9
1987-07-31,B893,15,1,0,0,0,0,1,0,2,12
1987-08-31,B893,16,0,2,0,0,0,0,0,0,13
1987-09-30,B893,18,0,0,0,0,2,2,1,2,5
1987-10-31,B893,5,0,0,3,8,5,4,2,0,4
1987-11-30,B893,5,2,2,1,2,0,3,4,7,4
1987-12-31,B893,13,1,0,1,4,2,3,0,1,6
1988-01-31,B893,3,1,0,3,3,4,4,7,3,3
1988-02-29,B893,5,1,1,2,0,1,4,5,8,2
1988-03-31,B893,4,3,0,0,0,1,0,10,8,5
1988-04-30,B893,8,1,0,0,2,0,2,2,1,14
1988-05-31,B893,9,2,0,1,1,2,1,0,1,14
1988-06-30,B893,11,0,0,0,1,0,0,0,5,13
1988-07-31,B893,17,2,0,0,0,1,2,1,3,5
1988-08-31,B893,14,0,0,0,1,0,0,0,4,12
1988-09-30,B893,15,1,2,0,0,0,1,1,5,5
1988-10-31,B893,13,0,1,4,4,1,0,1,0,7
1988-11-30,B893,8,5,1,8,2,0,1,1,2,2
1988-12-31,B893,9,9,0,0,0,0,0,5,7,1
1989-01-31,B893,23,3,2,0,0,0,1,0,2,0
1989-02-28,B893,13,1,1,3,0,0,4,1,3,2
1989-03-31,B893,7,3,1,0,2,2,1,2,7,6
1989-04-30,B893,4,0,0,0,4,1,4,6,3,8
1989-05-31,B893,14,0,1,3,0,0,0,1,3,9
1989-06-30,B893,11,0,0,0,0,0,0,4,1,14
1989-07-31,B893,8,3,0,0,1,0,0,0,5,14
1989-08-31,B893,13,1,0,0,0,0,0,0,5,12
1989-09-30,B893,11,5,3,0,0,0,0,0,2,9
1989-10-31,B893,17,1,2,2,1,1,1,0,4,2
1989-11-30,B893,6,0,0,5,6,1,3,3,0,6
1989-12-31,B893,3,0,2,8,1,6,4,0,1,6
1990-01-31,B893,10,5,6,0,1,3,4,0,0,2
1990-02-28,B893,15,0,0,0,1,1,0,9,0,2
1990-03-31,B893,17,3,3,1,1,0,0,1,4,1
1990-04-30,B893,5,1,0,2,0,0,2,2,6,12
1990-05-31,B893,12,2,3,1,0,0,0,0,0,13
1990-06-30,B893,10,0,0,0,1,0,0,1,1,17
1990-07-31,B893,12,3,0,0,0,0,0,0,2,14
1990-08-31,B893,20,2,0,0,0,0,0,0,2,7
1990-09-30,B893,8,0,0,0,0,1,1,3,1,16
1990-10-31,B893,3,3,1,1,3,1,6,2,0,11
1990-11-30,B893,3,4,0,2,1,0,6,4,6,4
1990-12-31,B893,5,8,5,1,0,2,1,3,4,2
1991-01-31,B893,13,2,7,0,0,1,3,1,2,2
1991-02-28,B893,5,3,0,3,1,1,3,1,5,6
1991-03-31,B893,1,2,3,1,4,2,2,5,2,9
1991-04-30,B893,7,1,0,3,0,0,2,3,6,8
1991-05-31,B893,5,2,1,0,1,0,0,1,11,10
1991-06-30,B893,18,0,0,0,0,0,1,0,4,7
1991-07-31,B893,13,0,0,0,0,0,1,1,5,11
1991-08-31,B893,14,3,0,0,0,0,0,0,2,12
1991-09-30,B893,10,0,0,0,0,2,1,2,2,13
1991-10-31,B893,6,1,3,0,3,4,1,1,5,7
1991-11-30,B893,4,2,0,4,1,2,6,4,5,2
1991-12-31,B893,9,3,4,5,1,0,0,3,5,1
1992-01-31,B893,16,3,5,2,0,2,1,0,0,2
1992-02-29,B893,16,1,3,1,0,2,0,1,5,0
1992-03-31,B893,9,4,1,2,0,1,2,4,6,2
1992-04-30,B893,6,2,0,0,0,1,4,1,9,7
1992-05-31,B893,10,6,1,0,0,2,0,0,1,11
1992-06-30,B893,8,0,0,1,0,0,1,3,3,14
1992-07-31,B893,20,2,0,0,0,0,0,0,3,6
1992-08-31,B893,23,0,0,0,0,0,1,1,0,6
1992-09-30,B893,13,1,0,0,1,2,1,0,1,11
1992-10-31,B893,2,1,0,1,1,1,5,5,0,15
1992-11-30,B893,11,2,0,1,0,1,4,7,4,0
1992-12-31,B893,3,5,3,3,5,1,3,2,4,2
1993-01-31,B893,21,3,1,2,0,0,0,1,2,1
1993-02-28,B893,7,6,4,5,0,0,0,0,3,3
1993-03-31,B893,11,2,0,1,2,1,0,1,3,10
1993-04-30,B893,3,0,0,0,5,1,3,3,3,12
1993-05-31,B893,13,1,1,2,1,1,1,2,0,9
1993-06-30,B893,15,0,0,0,0,0,1,0,3,11
1993-07-31,B893,13,3,1,0,1,0,0,0,5,8
1993-08-31,B893,16,1,0,0,0,0,1,1,3,9
1993-09-30,B893,5,0,0,1,1,3,4,3,1,12
1993-10-31,B893,4,0,4,4,1,7,5,1,3,2
1993-11-30,B893,6,4,6,2,1,1,2,1,0,7
1993-12-31,B893,10,0,0,0,0,1,6,9,2,3
1994-01-31,B893,5,5,2,0,0,1,5,6,6,1
1994-02-28,B893,2,1,0,2,3,5,2,3,6,4
1994-03-31,B893,16,3,0,0,1,0,2,0,6,3
1994-04-30,B893,3,3,0,0,0,2,1,5,10,6
1994-05-31,B893,6,0,0,0,0,3,2,1,1,18
1994-06-30,B893,14,6,0,0,1,0,0,0,1,8
1994-07-31,B893,9,0,0,0,0,0,0,0,3,19
1994-08-31,B893,9,0,0,0,0,1,1,2,2,16
1994-09-30,B893,7,1,0,2,1,1,1,2,2,13
1994-10-31,B893,7,0,3,1,2,0,4,2,1,11
1994-11-30,B893,11,1,2,0,3,3,2,3,3,2
1994-12-31,B893,10,4,0,1,2,1,5,1,6,1
1995-01-31,B893,3,6,0,0,0,3,6,5,7,1
1995-02-28,B893,11,1,1,0,0,1,3,7,3,1
1995-03-31,B893,9,3,2,1,1,0,4,4,5,2
1995-04-30,B893,7,3,2,0,0,1,1,3,4,9
1995-05-31,B893,10,3,0,0,1,1,1,2,1,12
1995-06-30,B893,11,1,3,0,0,0,0,0,1,14
1995-07-31,B893,16,1,0,0,0,0,0,1,1,12
1995-08-31,B893,3,2,0,0,0,0,0,0,7,19
1995-09-30,B893,4,3,0,0,0,1,4,4,3,11
1995-10-31,B893,18,2,2,1,2,0,0,0,0,6
1995-11-30,B893,4,0,1,2,6,1,2,4,5,5
1995-12-31,B893,2,0,2,4,2,3,7,2,1,8
1996-01-31,B893,0,0,0,5,8,3,3,1,0,11
1996-02-29,B893,0,5,1,1,2,1,1,6,6,6
1996-03-31,B893,3,3,2,3,3,0,0,2,5,10
1996-04-30,B893,6,6,0,0,3,1,0,1,2,11
1996-05-31,B893,10,0,0,0,0,3,4,1,4,9
1996-06-30,B893,15,5,0,0,0,0,1,0,3,6
1996-07-31,B893,14,1,0,0,0,0,0,1,3,12
1996-08-31,B893,8,3,0,0,0,0,0,0,1,19
1996-09-30,B893,3,2,1,0,0,1,2,5,3,13
1996-10-31,B893,8,4,0,0,1,0,0,4,7,7
1996-11-30,B893,7,0,0,0,1,3,4,5,3,7
1996-12-31,B893,3,1,1,2,4,6,0,1,2,11
1997-01-31,B893,6,3,2,4,4,1,0,1,1,9
1997-02-28,B893,23,1,0,0,0,0,2,2,0,0
1997-03-31,B893,14,6,0,0,0,0,0,0,7,4
1997-04-30,B893,4,2,0,3,0,0,1,1,5,14
1997-05-31,B893,12,0,1,2,1,1,3,2,0,9
1997-06-30,B893,11,0,0,0,1,1,1,3,1,12
1997-07-31,B893,4,3,0,0,0,0,0,0,8,16
1997-08-31,B893,15,0,0,0,0,0,2,1,1,12
1997-09-30,B893,8,4,0,0,0,0,0,0,0,18
1997-10-31,B893,5,3,0,0,2,1,0,3,4,13
1997-11-30,B893,3,0,0,0,0,6,6,4,3,8
1997-12-31,B893,4,2,1,0,5,1,4,7,4,3
1998-01-31,B893,6,2,1,3,2,1,3,5,3,5
1998-02-28,B893,15,4,0,0,1,2,0,0,3,3
1998-03-31,B893,12,8,1,0,2,0,0,2,4,2
1998-04-30,B893,4,1,0,0,0,4,11,5,1,4
1998-05-31,B893,11,2,0,0,1,1,0,0,5,11
1998-06-30,B893,13,1,0,0,1,1,0,0,2,12
1998-07-31,B893,10,2,0,0,1,0,1,1,6,10
1998-08-31,B893,10,7,0,0,1,0,0,1,3,9
1998-09-30,B893,4,0,4,0,0,2,3,5,2,10
1998-10-31,B893,9,0,0,0,1,2,1,6,9,3
1998-11-30,B893,5,5,1,0,0,0,4,4,7,4
1998-12-31,B893,10,3,1,1,4,1,1,2,6,2
1999-01-31,B893,11,4,0,2,1,0,2,7,2,2
1999-02-28,B893,2,5,1,2,0,0,2,6,9,1
1999-03-31,B893,4,5,2,1,5,3,2,3,4,2
1999-04-30,B893,6,1,0,1,0,3,1,6,6,6
1999-05-31,B893,10,0,0,0,3,0,0,2,2,14
1999-06-30,B893,10,9,0,0,0,0,1,0,3,7
1999-07-31,B893,8,4,0,0,0,0,0,0,1,18
1999-08-31,B893,11,1,0,0,1,0,3,0,2,13
1999-09-30,B893,19,0,0,0,0,1,1,1,0,8
1999-10-31,B893,14,0,1,0,2,3,2,0,1,8
1999-11-30,B893,6,5,4,1,0,0,0,3,4,7
1999-12-31,B893,8,5,0,0,0,1,7,4,5,1
2000-01-31,B893,12,4,4,2,0,0,1,1,5,2
2000-02-29,B893,11,1,0,0,0,3,0,9,5,0
2000-03-31,B893,8,5,0,3,2,0,1,2,4,6
2000-04-30,B893,7,0,1,1,2,4,3,6,0,6
2000-05-31,B893,13,0,0,0,1,0,0,1,0,16
2000-06-30,B893,14,2,0,0,0,0,0,0,5,9
2000-07-31,B893,11,0,0,0,0,2,2,2,4,10
2000-08-31,B893,15,2,0,0,0,0,0,0,1,13
2000-09-30,B893,14,2,0,0,0,3,0,3,2,6
2000-10-31,B893,6,2,0,4,1,2,4,1,6,5
2000-11-30,B893,6,0,0,0,0,7,10,5,1,1
2000-12-31,B893,6,0,0,1,4,9,2,5,2,2
2001-01-31,B893,1,1,0,0,2,9,6,2,3,7
2001-02-28,B893,2,3,2,0,0,3,5,4,6,3
2001-03-31,B893,4,1,0,0,1,6,12,4,1,2
2001-04-30,B893,9,3,0,0,1,1,1,3,7,5
2001-05-31,B893,4,5,0,1,1,2,0,0,4,14
2001-06-30,B893,10,2,0,0,0,0,0,0,5,13
2001-07-31,B893,10,2,0,0,2,0,1,1,1,14
2001-08-31,B893,15,2,0,0,0,0,0,0,2,12
2001-09-30,B893,16,0,0,0,0,0,0,0,8,6
2001-10-31,B893,21,0,1,0,2,3,2,0,0,2
2001-11-30,B893,2,4,3,2,0,0,0,2,8,9
2001-12-31,B893,8,4,6,1,0,0,1,3,3,5
2002-01-31,B893,18,1,0,4,1,3,1,2,1,0
2002-02-28,B893,9,1,2,0,0,1,3,5,5,2
2002-03-31,B893,7,4,2,2,2,2,1,3,3,5
2002-04-30,B893,7,2,0,1,2,0,0,1,2,15
2002-05-31,B893,9,0,2,0,0,2,0,4,5,9
2002-06-30,B893,9,1,1,0,0,0,0,4,1,14
2002-07-31,B893,16,3,0,0,0,0,0,0,5,7
2002-08-31,B893,8,0,0,0,0,0,0,2,5,16
2002-09-30,B893,8,0,0,0,0,2,0,1,7,12
2002-10-31,B893,14,0,0,0,1,4,1,3,1,7
2002-11-30,B893,2,0,0,0,1,8,3,5,7,4
2002-12-31,B893,7,3,0,1,2,4,2,6,3,3
2003-01-31,B893,3,8,0,0,0,0,6,7,4,3
2003-02-28,B893,5,3,3,2,4,0,1,2,3,5
2003-03-31,B893,15,0,1,1,2,1,0,2,1,8
2003-04-30,B893,7,5,2,2,3,4,1,1,1,4
2003-05-31,B893,13,3,0,0,0,0,0,0,7,8
2003-06-30,B893,16,2,0,0,1,1,1,0,1,8
2003-07-31,B893,9,1,0,0,0,0,0,2,3,16
2003-08-31,B893,16,1,0,0,0,1,2,0,0,11
2003-09-30,B893,10,3,2,2,1,0,0,1,3,8
2003-10-31,B893,4,1,2,2,0,3,4,2,3,10
2003-11-30,B893,7,1,3,1,7,1,1,5,0,4
2003-12-31,B893,2,5,1,1,5,2,2,1,6,6
2004-01-31,B893,7,2,0,0,0,0,6,5,7,4
2004-02-29,B893,12,4,1,2,1,0,1,4,1,3
2004-03-31,B893,8,4,1,4,3,0,0,2,5,4
2004-04-30,B893,2,5,0,2,1,3,2,5,2,8
2004-05-31,B893,9,1,2,0,1,1,2,4,2,9
2004-06-30,B893,15,3,0,0,0,0,0,3,5,4
2004-07-31,B893,14,0,0,0,0,0,0,0,7,10
2004-08-31,B893,19,0,0,0,0,3,0,1,1,7
2004-09-30,B893,7,3,0,3,0,0,0,0,6,11
2004-10-31,B893,8,0,0,0,1,7,5,0,0,10
2004-11-30,B893,7,7,0,1,0,1,0,1,7,6
2004-12-31,B893,3,7,4,2,1,1,0,3,3,7
2005-01-31,B893,12,1,0,1,0,0,0,1,14,2
2005-02-28,B893,4,4,2,2,1,0,0,2,9,4
2005-03-31,B893,11,1,1,0,3,1,1,6,3,4
2005-04-30,B893,10,1,0,2,3,1,0,5,3,5
2005-05-31,B893,11,2,0,0,1,0,0,1,5,11
2005-06-30,B893,9,5,1,0,0,0,0,0,0,15
2005-07-31,B893,13,3,0,0,0,0,0,0,5,10
2005-08-31,B893,9,0,0,0,0,0,0,0,11,11
2005-09-30,B893,13,2,0,0,1,0,0,0,2,12
2005-10-31,B893,16,1,0,1,6,1,0,0,1,5
2005-11-30,B893,6,3,0,1,2,0,3,2,5,8
2005-12-31,B893,5,8,2,0,0,1,6,4,1,4
2006-01-31,B893,5,5,5,4,3,0,0,2,3,4
2006-02-28,B893,3,6,2,0,0,2,5,1,1,8
2006-03-31,B893,5,1,0,1,1,2,4,6,4,7
2006-04-30,B893,5,2,1,3,1,1,0,0,8,9
2006-05-31,B893,12,4,0,3,1,1,0,0,3,7
2006-06-30,B893,10,3,0,0,2,0,0,0,0,15
2006-07-31,B893,11,1,0,0,0,0,0,0,0,19
2006-08-31,B893,8,2,0,0,0,1,0,2,10,8
2006-09-30,B893,12,0,0,0,3,0,0,4,3,8
2006-10-31,B893,10,0,0,0,4,5,2,1,2,7
2006-11-30,B893,11,2,1,1,3,4,2,3,3,0
2006-12-31,B893,10,6,3,1,1,2,2,3,2,1
2007-01-31,B893,14,1,1,0,0,0,4,3,4,4
2007-02-28,B893,3,0,2,0,2,0,7,9,2,3
2007-03-31,B893,5,5,1,0,0,2,3,6,5,4
2007-04-30,B893,6,4,3,1,1,0,0,1,0,14
2007-05-31,B893,5,0,1,0,0,2,1,4,7,11
2007-06-30,B893,17,1,0,0,0,1,0,0,3,8
2007-07-31,B893,13,0,0,0,2,0,1,1,6,8
2007-08-31,B893,10,3,2,0,0,0,0,0,4,12
2007-09-30,B893,10,5,0,0,0,0,0,0,5,10
2007-10-31,B893,7,11,2,0,0,0,0,0,1,10
2007-11-30,B893,2,12,0,0,4,0,0,1,6,5
2007-12-31,B893,4,10,3,4,0,0,0,5,4,1
2008-01-31,B893,12,2,1,1,1,3,5,2,4,0
2008-02-29,B893,14,1,2,6,2,2,1,0,0,1
2008-03-31,B893,3,2,0,0,0,1,1,12,7,5
2008-04-30,B893,7,1,0,0,0,7,3,4,3,5
2008-05-31,B893,5,1,0,1,2,0,0,1,0,21
2008-06-30,B893,10,3,1,0,0,1,0,0,6,9
2008-07-31,B893,14,1,0,0,0,0,0,2,2,12
2008-08-31,B893,13,1,1,0,0,0,1,0,6,9
2008-09-30,B893,8,3,1,0,0,1,1,0,4,12
2008-10-31,B893,11,2,2,3,1,0,1,2,2,7
2008-11-30,B893,4,5,1,0,2,4,2,2,2,8
2008-12-31,B893,5,0,1,4,1,1,3,3,7,6
2009-01-31,B893,2,3,4,1,0,2,3,5,3,8
2009-02-28,B893,6,2,2,0,2,3,1,4,6,2
2009-03-31,B893,7,5,0,0,0,0,1,2,6,10
2009-04-30,B893,3,2,0,0,1,1,2,2,6,13
2009-05-31,B893,2,5,0,0,6,1,0,0,3,14
2009-06-30,B893,9,1,0,0,0,1,4,1,4,10
2009-07-31,B893,9,0,0,0,0,2,0,0,5,15
2009-08-31,B893,11,3,0,0,0,0,0,0,2,15
2009-09-30,B893,6,7,1,0,0,0,0,0,0,16
2009-10-31,B893,9,7,0,0,2,0,0,0,8,5
2009-11-30,B893,7,0,0,0,1,6,3,10,1,2
2009-12-31,B893,3,1,1,0,0,8,5,6,2,5
2010-01-31,B893,5,1,3,1,0,0,1,10,3,7
2010-02-28,B893,1,1,0,2,2,5,6,2,5,4
2010-03-31,B893,6,3,2,0,1,5,4,2,2,6
2010-04-30,B893,9,4,2,0,3,0,0,1,1,10
2010-05-31,B893,5,2,1,0,0,3,0,2,7,11
2010-06-30,B893,10,0,0,0,1,1,0,1,5,12
2010-07-31,B893,14,4,0,0,0,0,0,0,4,9
2010-08-31,B893,18,3,0,0,0,0,0,0,7,3
2010-09-30,B893,6,2,0,0,0,1,0,3,6,12
2010-10-31,B893,5,1,0,0,4,5,0,0,6,10
2010-11-30,B893,4,1,0,0,1,3,4,8,3,6
2010-12-31,B893,4,5,0,0,6,5,2,3,4,2
2011-01-31,B893,8,6,1,0,0,4,0,1,2,9
2011-02-28,B893,9,5,0,0,0,2,1,3,5,3
2011-03-31,B893,6,2,3,4,4,0,1,3,2,6
2011-04-30,B893,9,2,3,0,3,1,0,1,3,8
2011-05-31,B893,12,4,0,0,2,0,0,1,2,10
2011-06-30,B893,15,4,0,0,0,0,0,1,1,9
2011-07-31,B893,7,1,0,0,0,0,0,1,5,17
2011-08-31,B893,11,1,0,0,0,0,0,0,3,16
2011-09-30,B893,17,2,0,0,0,0,0,0,2,9
2011-10-31,B893,10,3,4,2,3,1,0,1,5,2
2011-11-30,B893,7,4,0,5,6,0,0,0,0,8
2011-12-31,B893,5,3,0,0,0,0,4,9,7,3
2012-01-31,B893,8,4,1,1,0,0,1,5,7,4
2012-02-29,B893,8,11,0,0,0,0,0,0,8,2
2012-03-31,B893,14,4,1,2,1,1,0,2,4,2
2012-04-30,B893,1,0,0,0,3,3,4,6,3,10
2012-05-31,B893,12,1,0,0,2,1,0,3,3,9
2012-06-30,B893,11,1,0,0,0,1,2,2,5,8
2012-07-31,B893,12,2,0,0,0,0,1,0,4,12
2012-08-31,B893,11,0,0,0,0,0,0,0,2,18
2012-09-30,B893,7,4,1,0,1,3,1,0,4,9
2012-10-31,B893,6,0,0,0,5,0,1,3,1,15
2012-11-30,B893,7,1,3,0,2,4,2,2,1,8
2012-12-31,B893,8,1,0,0,0,5,3,8,5,1
2013-01-31,B893,5,2,0,0,0,1,4,7,8,4
2013-02-28,B893,3,0,0,3,0,0,2,3,9,8
2013-03-31,B893,2,1,0,0,5,4,7,3,3,6
2013-04-30,B893,8,2,5,0,0,1,2,1,2,9
2013-05-31,B893,5,3,0,0,0,2,2,6,3,10
2013-06-30,B893,12,5,0,0,2,0,0,1,2,8
2013-07-31,B893,16,1,0,0,1,1,0,0,0,12
2013-08-31,B893,8,5,0,0,0,0,0,0,4,14
2013-09-30,B893,12,2,0,0,0,2,1,5,1,7
2013-10-31,B893,11,3,0,0,5,4,1,1,1,5
2013-11-30,B893,2,7,3,1,0,0,3,6,5,3
2013-12-31,B893,17,3,1,0,0,5,1,1,3,0
2014-01-31,B893,4,0,0,0,1,7,4,7,2,6
2014-02-28,B893,3,0,0,0,1,4,10,6,2,2
2014-03-31,B893,11,3,1,0,3,0,1,7,4,1
2014-04-30,B893,5,2,0,0,2,0,0,4,3,14
2014-05-31,B893,10,4,0,0,3,0,0,1,3,10
2014-06-30,B893,10,4,0,0,1,0,0,2,2,11
2014-07-31,B893,8,0,0,0,0,1,0,1,10,11
2014-08-31,B893,13,0,0,0,0,0,0,0,5,13
2014-09-30,B893,7,0,0,0,3,0,0,0,2,18
2014-10-31,B893,10,1,0,1,0,3,2,1,3,10
2014-11-30,B893,3,0,0,0,8,4,5,3,1,6
2014-12-31,B893,4,4,0,0,1,1,0,1,14,6
2015-01-31,B893,8,2,0,0,0,2,1,5,8,5
2015-02-28,B893,5,2,1,1,0,0,1,3,7,8
2015-03-31,B893,5,2,3,6,0,0,2,3,6,4
2015-04-30,B893,11,2,2,0,2,2,0,1,3,7
2015-05-31,B893,13,4,0,0,0,1,2,1,7,3
2015-06-30,B893,14,0,0,0,1,0,0,0,4,11
2015-07-31,B893,15,0,0,0,0,0,0,1,6,9
2015-08-31,B893,14,2,0,0,0,0,1,0,3,11
2015-09-30,B893,3,1,2,1,1,3,1,0,4,14
2015-10-31,B893,3,2,1,1,3,0,4,0,4,13
2015-11-30,B893,15,1,0,1,2,0,0,3,8,0
2015-12-31,B893,25,1,0,0,3,2,0,0,0,0
2016-01-31,B893,10,0,0,0,0,3,9,5,3,1
2016-02-29,B893,6,1,0,0,0,1,9,3,4,5
2016-03-31,B893,0,3,2,0,1,1,5,6,5,8
2016-04-30,B893,6,4,1,0,1,5,1,3,4,5
2016-05-31,B893,6,0,0,0,3,0,1,3,7,11
2016-06-30,B893,13,0,0,0,0,0,0,3,4,10
2016-07-31,B893,11,8,0,0,0,0,0,0,3,9
2016-08-31,B893,11,5,0,0,0,0,0,0,2,13
2016-09-30,B893,13,2,0,0,0,0,1,0,4,10
2016-10-31,B893,11,2,0,0,3,0,0,0,0,15
2016-11-30,B893,5,3,1,1,3,4,0,5,1,7
2016-12-31,B893,14,2,5,4,0,0,0,0,4,2
2017-01-31,B893,4,6,3,0,2,2,1,1,6,6
2017-02-28,B893,9,2,1,3,2,3,4,0,4,0
2017-03-31,B893,11,1,2,1,1,1,2,2,5,5
2017-04-30,B893,9,5,0,0,0,1,0,1,6,8
2017-05-31,B893,17,1,0,0,0,1,1,1,0,10
2017-06-30,B893,13,2,0,0,0,0,2,2,0,11
2017-07-31,B893,9,3,0,0,2,0,0,0,4,13
2017-08-31,B893,19,3,0,0,0,0,0,0,2,7
2017-09-30,B893,12,0,0,0,0,0,1,2,5,10
2017-10-31,B893,17,4,0,0,0,2,0,0,6,2
2017-11-30,B893,6,5,0,0,0,3,0,1,9,6
2017-12-31,B893,5,5,0,0,0,2,6,7,6,0
2018-01-31,B893,7,1,1,0,1,2,3,9,3,4
2018-02-28,B893,3,4,0,0,1,0,1,5,4,10
2018-03-31,B893,0,1,0,0,1,5,9,7,2,6
2018-04-30,B893,12,3,0,0,4,3,2,0,1,5
2018-05-31,B893,6,2,0,0,0,0,0,0,5,18
2018-06-30,B893,5,2,0,0,0,0,0,1,3,19
2018-07-31,B893,10,0,0,0,0,0,0,0,1,20
2018-08-31,B893,10,3,0,0,0,0,0,0,5,13
2018-09-30,B893,15,1,1,0,0,0,0,0,2,11
2018-10-31,B893,2,6,2,1,4,2,0,0,2,12
2018-11-30,B893,2,1,2,3,4,6,2,1,2,7
2018-12-31,B893,16,3,0,0,0,0,1,4,5,2
2019-01-31,B893,2,6,0,0,0,1,1,5,11,5
2019-02-28,B893,15,3,1,0,1,1,1,0,5,1
2019-03-31,B893,7,8,0,1,1,1,4,2,5,2
2019-04-30,B893,3,0,2,2,1,6,1,4,4,7
2019-05-31,B893,5,4,0,0,0,2,0,2,5,13
2019-06-30,B893,12,0,0,1,0,2,0,0,0,15
2019-07-31,B893,12,1,0,0,0,0,0,3,1,14
2019-08-31,B893,15,1,0,0,0,0,0,0,2,13
2019-09-30,B893,8,4,2,1,1,0,0,1,1,12
2019-10-31,B893,10,0,0,1,2,3,0,2,4,9
2019-11-30,B893,0,0,0,0,0,4,8,8,4,6
2019-12-31,B893,7,1,4,1,2,3,1,8,2,2
2020-01-31,B893,19,1,1,3,1,0,2,1,1,2
2020-02-29,B893,17,1,0,0,0,1,1,6,3,0
2020-03-31,B893,6,2,1,5,1,0,3,3,4,6
2020-04-30,B893,11,1,0,2,2,0,3,0,0,11
2020-05-31,B893,6,3,2,0,2,0,2,1,4,11
2020-06-30,B893,8,1,0,0,0,2,0,5,4,10
2020-07-31,B893,11,4,0,0,0,0,0,0,2,14
2020-08-31,B893,15,0,0,0,0,0,0,0,8,8
2020-09-30,B893,9,2,1,0,0,1,2,3,1,11
2020-10-31,B893,12,0,0,0,3,0,4,5,3,4
2020-11-30,B893,15,4,1,3,4,1,0,0,1,1
2020-12-31,B893,6,0,0,0,2,3,9,5,5,1
2021-01-31,B893,2,1,3,0,0,2,3,8,6,6
2021-02-28,B893,6,1,1,1,7,3,3,4,0,2
2021-03-31,B893,14,6,1,2,0,0,0,1,5,2
2021-04-30,B893,5,5,2,0,2,0,0,0,2,14
2021-05-31,B893,11,0,0,0,0,1,2,4,3,10
2021-06-30,B893,8,1,0,0,1,0,1,0,2,17
2021-07-31,B893,10,0,0,0,0,0,0,0,6,15
2021-08-31,B893,9,0,0,0,0,0,0,1,3,18
2021-09-30,B893,9,0,3,0,1,1,0,0,3,13
2021-10-31,B893,9,9,1,0,0,4,0,1,1,6
2021-11-30,B893,2,8,2,0,0,0,1,7,1,9
2021-12-31,B893,11,0,2,0,0,2,5,7,3,1
1981-01-31,B278,7,5,0,0,0,0,0,6,9,4
1981-02-28,B278,6,3,3,1,2,0,0,4,5,4
1981-03-31,B278,16,0,0,0,0,3,2,3,3,4
1981-04-30,B278,5,2,3,0,1,0,1,1,2,15
1981-05-31,B278,12,0,1,0,4,1,1,5,2,5
1981-06-30,B278,11,6,0,0,0,0,0,0,2,11
1981-07-31,B278,8,3,0,0,0,0,0,0,7,13
1981-08-31,B278,5,3,1,0,0,0,0,0,2,20
1981-09-30,B278,7,0,0,0,1,2,1,4,1,14
1981-10-31,B278,14,0,0,0,1,3,2,6,1,4
1981-11-30,B278,20,3,1,0,0,0,0,1,5,0
1981-12-31,B278,1,2,0,0,0,5,9,10,3,1
1982-01-31,B278,6,2,0,6,0,1,1,3,7,5
1982-02-28,B278,8,1,0,2,3,0,0,1,3,10
1982-03-31,B278,8,2,3,2,0,0,0,7,4,5
1982-04-30,B278,5,7,1,0,1,0,0,1,3,12
1982-05-31,B278,12,2,1,0,2,0,0,0,1,13
1982-06-30,B278,10,0,1,0,0,0,1,4,1,13
1982-07-31,B278,2,0,0,0,0,1,0,0,0,28
1982-08-31,B278,10,4,1,0,0,0,0,0,1,15
1982-09-30,B278,11,4,2,1,0,4,0,2,1,5
1982-10-31,B278,5,3,3,2,0,1,2,9,1,5
1982-11-30,B278,8,1,0,0,5,3,0,2,7,4
1982-12-31,B278,6,2,0,0,0,1,7,6,7,2
1983-01-31,B278,14,2,0,0,0,1,0,8,6,0
1983-02-28,B278,8,0,1,0,4,0,0,4,3,8
1983-03-31,B278,8,5,0,1,2,0,2,2,6,5
1983-04-30,B278,6,1,0,0,5,5,4,5,2,2
1983-05-31,B278,8,0,0,0,1,1,3,6,2,10
1983-06-30,B278,8,3,1,1,0,0,0,0,3,14
1983-07-31,B278,3,0,0,0,2,0,0,0,1,25
1983-08-31,B278,1,0,0,0,0,0,0,3,2,25
1983-09-30,B278,14,1,1,0,0,1,0,3,3,7
1983-10-31,B278,15,2,2,0,1,1,1,0,4,5
1983-11-30,B278,4,1,0,4,2,1,0,2,3,13
1983-12-31,B278,6,6,2,0,0,4,4,3,4,2
1984-01-31,B278,6,1,0,0,0,1,5,11,6,1
1984-02-29,B278,5,5,2,0,0,1,0,3,5,8
1984-03-31,B278,1,7,2,2,1,1,4,4,2,7
1984-04-30,B278,7,1,0,2,1,0,0,2,5,12
1984-05-31,B278,2,2,0,0,1,3,5,4,1,13
1984-06-30,B278,8,2,0,2,0,1,3,1,2,11
1984-07-31,B278,6,1,0,0,4,0,0,0,3,17
1984-08-31,B278,7,1,0,0,0,0,0,1,1,21
1984-09-30,B278,9,1,0,0,0,1,0,5,2,12
1984-10-31,B278,11,6,1,0,0,3,3,1,2,4
1984-11-30,B278,6,0,0,2,7,1,4,5,1,4
1984-12-31,B278,6,6,0,1,3,2,1,4,5,3
1985-01-31,B278,2,3,0,0,0,3,4,4,7,8
1985-02-28,B278,7,1,3,1,1,1,7,2,3,2
1985-03-31,B278,8,8,0,0,0,0,3,5,3,4
1985-04-30,B278,7,2,1,0,2,4,2,1,4,7
1985-05-31,B278,9,1,1,0,0,0,0,4,0,16
1985-06-30,B278,16,2,0,0,0,0,0,1,2,9
1985-07-31,B278,7,2,0,0,0,0,2,0,2,18
1985-08-31,B278,14,0,0,0,0,0,0,0,2,15
1985-09-30,B278,11,3,0,1,0,0,0,0,0,15
1985-10-31,B278,14,1,2,3,2,1,0,0,1,7
1985-11-30,B278,4,1,3,0,0,0,2,4,6,10
1985-12-31,B278,6,4,0,0,0,5,3,4,5,4
1986-01-31,B278,1,0,0,0,1,1,6,10,9,3
1986-02-28,B278,0,0,0,3,0,4,3,6,5,7
1986-03-31,B278,9,4,0,0,1,0,1,4,3,9
1986-04-30,B278,1,0,0,0,0,4,1,3,9,12
1986-05-31,B278,13,4,1,0,1,1,0,0,0,11
1986-06-30,B278,11,3,0,0,1,0,0,0,4,11
1986-07-31,B278,5,7,0,0,0,1,0,0,1,17
1986-08-31,B278,7,1,1,0,0,0,1,1,0,20
1986-09-30,B278,10,5,2,0,0,1,0,0,2,10
1986-10-31,B278,5,3,0,5,1,0,2,4,2,9
1986-11-30,B278,11,7,2,1,4,0,1,2,2,0
1986-12-31,B278,7,1,0,0,0,2,1,10,8,2
1987-01-31,B278,3,4,2,2,0,2,3,5,5,5
1987-02-28,B278,4,1,1,1,1,4,0,5,7,4
1987-03-31,B278,11,3,1,2,0,1,1,2,5,5
1987-04-30,B278,13,1,0,0,3,4,1,4,1,3
1987-05-31,B278,6,0,0,0,0,0,0,2,10,13
1987-06-30,B278,14,2,0,0,0,1,1,2,1,9
1987-07-31,B278,11,1,0,0,0,0,1,0,1,17
1987-08-31,B278,7,0,2,0,0,0,0,0,1,21
1987-09-30,B278,14,0,2,0,0,2,3,1,1,7
1987-10-31,B278,5,0,0,2,7,6,3,3,0,5
1987-11-30,B278,5,1,2,1,1,0,3,4,7,6
1987-12-31,B278,14,0,0,1,3,3,3,0,0,7
1988-01-31,B278,4,0,0,3,3,3,5,7,3,3
1988-02-29,B278,7,1,2,2,0,0,5,4,7,1
1988-03-31,B278,5,2,0,0,0,1,2,10,9,2
1988-04-30,B278,6,1,0,0,4,0,2,2,1,14
1988-05-31,B278,10,2,0,0,1,2,1,0,1,14
1988-06-30,B278,4,2,0,0,1,0,0,0,5,18
1988-07-31,B278,14,2,0,0,0,1,1,2,3,8
1988-08-31,B278,7,1,0,0,0,0,0,0,3,20
1988-09-30,B278,14,1,1,0,0,0,1,2,4,7
1988-10-31,B278,9,0,2,2,5,1,1,1,0,10
1988-11-30,B278,8,5,1,7,1,0,1,1,2,4
1988-12-31,B278,8,9,0,0,0,0,0,6,7,1
1989-01-31,B278,24,2,0,0,0,0,1,0,2,2
1989-02-28,B278,13,1,2,2,0,0,4,2,3,1
1989-03-31,B278,10,2,0,0,2,2,1,2,6,6
1989-04-30,B278,3,0,0,0,3,1,3,7,4,9
1989-05-31,B278,10,0,2,3,0,0,0,1,2,13
1989-06-30,B278,6,0,0,0,0,0,0,1,1,22
1989-07-31,B278,2,1,0,0,0,0,0,0,3,25
1989-08-31,B278,4,0,0,0,0,0,0,0,3,24
1989-09-30,B278,7,5,3,1,2,0,0,0,2,10
1989-10-31,B278,13,1,3,4,1,1,1,0,5,2
1989-11-30,B278,4,0,0,5,8,2,2,4,0,5
1989-12-31,B278,4,0,2,8,2,6,4,0,0,5
1990-01-31,B278,10,5,6,0,1,3,4,0,0,2
1990-02-28,B278,16,0,0,0,1,1,0,10,0,0
1990-03-31,B278,17,2,3,1,0,1,0,1,4,2
1990-04-30,B278,6,1,0,2,1,0,2,2,5,11
1990-05-31,B278,8,2,2,3,1,0,1,0,1,13
1990-06-30,B278,7,0,0,0,0,0,0,1,2,20
1990-07-31,B278,10,4,0,0,0,0,0,0,0,17
1990-08-31,B278,13,2,0,0,0,0,0,0,1,15
1990-09-30,B278,6,0,0,0,0,1,0,4,0,19
1990-10-31,B278,3,4,1,1,4,1,3,4,0,10
1990-11-30,B278,1,5,0,2,1,0,5,8,6,2
1990-12-31,B278,7,7,5,1,0,1,0,3,6,1
1991-01-31,B278,14,2,7,0,0,0,3,1,3,1
1991-02-28,B278,4,3,1,2,2,0,3,2,5,6
1991-03-31,B278,2,2,3,1,5,2,3,3,2,8
1991-04-30,B278,7,2,0,3,0,0,1,5,6,6
1991-05-31,B278,4,4,1,0,1,0,0,1,11,9
1991-06-30,B278,14,2,0,0,0,0,1,0,2,11
1991-07-31,B278,9,1,0,0,0,0,0,2,5,14
1991-08-31,B278,7,3,0,0,0,0,0,0,1,20
1991-09-30,B278,5,1,0,0,1,1,2,2,2,16
1991-10-31,B278,4,2,5,0,3,2,3,1,5,6
1991-11-30,B278,6,1,0,2,2,0,6,5,6,2
1991-12-31,B278,7,2,4,7,2,0,0,3,5,1
1992-01-31,B278,16,3,5,2,0,2,1,0,0,2
1992-02-29,B278,15,3,3,1,0,2,0,3,2,0
1992-03-31,B278,9,4,2,2,0,0,3,4,6,1
1992-04-30,B278,4,3,0,0,1,1,2,2,8,9
1992-05-31,B278,11,4,1,1,1,3,0,0,1,9
1992-06-30,B278,4,0,0,1,0,0,0,3,6,16
1992-07-31,B278,12,3,0,0,0,0,0,0,0,16
1992-08-31,B278,23,0,0,0,0,0,1,1,0,6
1992-09-30,B278,11,0,0,0,2,2,0,0,1,14
1992-10-31,B278,2,1,1,0,1,1,5,6,0,14
1992-11-30,B278,10,2,1,0,0,1,3,9,4,0
1992-12-31,B278,3,4,3,3,3,2,3,2,3,5
1993-01-31,B278,20,3,1,2,0,0,0,3,1,1
1993-02-28,B278,6,5,4,6,0,0,0,0,4,3
1993-03-31,B278,11,2,0,1,2,1,0,1,3,10
1993-04-30,B278,3,0,0,0,4,2,3,4,4,10
1993-05-31,B278,10,1,2,1,3,2,1,2,0,9
1993-06-30,B278,11,1,1,0,0,0,1,0,1,15
1993-07-31,B278,10,3,2,0,0,1,0,0,2,13
1993-08-31,B278,8,1,0,0,0,0,0,1,4,17
1993-09-30,B278,3,0,0,0,1,3,5,4,1,13
1993-10-31,B278,2,1,4,4,1,7,4,3,3,2
1993-11-30,B278,7,3,4,3,1,1,2,2,1,6
1993-12-31,B278,13,0,0,0,0,1,3,11,2,1
1994-01-31,B278,4,5,2,0,0,1,5,8,6,0
1994-02-28,B278,2,1,0,2,3,3,3,4,7,3
1994-03-31,B278,15,4,1,2,1,0,1,1,4,2
1994-04-30,B278,4,2,0,0,0,2,0,6,10,6
1994-05-31,B278,7,0,0,0,0,2,2,1,0,19
1994-06-30,B278,11,7,0,0,1,0,0,0,1,10
1994-07-31,B278,2,0,0,0,0,0,0,0,2,27
1994-08-31,B278,6,0,0,0,0,1,1,2,2,19
1994-09-30,B278,7,1,0,1,1,1,1,2,2,14
1994-10-31,B278,6,0,3,1,2,0,2,3,1,13
1994-11-30,B278,11,0,1,0,3,2,3,4,3,3
1994-12-31,B278,10,4,0,1,2,1,3,4,6,0
1995-01-31,B278,4,5,0,0,0,3,6,5,8,0
1995-02-28,B278,13,1,1,0,0,1,2,8,1,1
1995-03-31,B278,9,4,1,1,1,0,3,5,5,2
1995-04-30,B278,8,2,2,0,0,2,0,2,4,10
1995-05-31,B278,9,3,0,0,2,0,1,2,1,13
1995-06-30,B278,6,0,1,0,0,0,0,0,2,21
1995-07-31,B278,11,2,0,1,0,0,0,1,1,15
1995-08-31,B278,1,2,0,0,0,0,0,0,6,22
1995-09-30,B278,1,4,0,0,0,1,3,6,3,12
1995-10-31,B278,17,1,0,1,3,1,0,0,0,8
1995-11-30,B278,4,0,1,0,5,1,2,4,6,7
1995-12-31,B278,2,0,0,5,2,3,7,3,2,7
1996-01-31,B278,0,2,0,5,8,4,2,2,0,8
1996-02-29,B278,0,5,0,1,2,0,0,8,7,6
1996-03-31,B278,3,3,2,3,3,1,0,3,4,9
1996-04-30,B278,7,5,0,0,4,0,1,1,2,10
1996-05-31,B278,9,0,1,0,1,3,4,1,4,8
1996-06-30,B278,12,6,0,0,0,0,0,1,1,10
1996-07-31,B278,8,1,0,0,1,0,0,1,1,19
1996-08-31,B278,6,3,0,0,0,0,0,0,1,21
1996-09-30,B278,3,2,2,0,0,1,2,5,3,12
1996-10-31,B278,8,4,0,0,1,0,0,4,7,7
1996-11-30,B278,8,0,0,0,0,4,4,6,2,6
1996-12-31,B278,3,1,2,0,4,6,2,1,2,10
1997-01-31,B278,5,3,3,4,4,1,1,1,1,8
1997-02-28,B278,23,0,1,0,0,0,0,3,1,0
1997-03-31,B278,15,4,1,0,0,0,0,1,6,4
1997-04-30,B278,4,2,2,2,0,0,1,1,5,13
1997-05-31,B278,9,0,3,1,3,0,3,3,0,9
1997-06-30,B278,10,0,0,0,0,0,2,2,2,14
1997-07-31,B278,2,1,0,0,0,0,0,0,6,22
1997-08-31,B278,9,0,0,0,0,0,1,1,1,19
1997-09-30,B278,5,2,0,0,0,0,0,0,0,23
1997-10-31,B278,2,2,1,0,2,2,1,3,5,13
1997-11-30,B278,4,0,0,0,0,6,5,4,2,9
1997-12-31,B278,5,2,0,0,4,2,2,10,3,3
1998-01-31,B278,6,0,2,3,2,1,2,6,3,6
1998-02-28,B278,14,3,0,1,1,2,0,0,3,4
1998-03-31,B278,9,7,1,0,1,1,0,4,4,4
1998-04-30,B278,3,0,0,0,0,5,9,7,2,4
1998-05-31,B278,8,2,0,0,3,1,1,0,5,11
1998-06-30,B278,11,1,0,1,0,1,0,0,2,14
1998-07-31,B278,7,2,0,0,1,0,2,1,6,12
1998-08-31,B278,4,5,0,0,2,0,0,1,3,16
1998-09-30,B278,5,0,3,0,0,2,3,6,2,9
1998-10-31,B278,9,0,0,0,0,1,2,7,9,3
1998-11-30,B278,5,5,1,0,0,0,4,4,8,3
1998-12-31,B278,10,3,1,1,4,0,2,4,5,1
1999-01-31,B278,12,4,0,2,2,0,1,7,2,1
1999-02-28,B278,1,6,1,2,0,0,2,5,10,1
1999-03-31,B278,5,5,2,1,5,2,3,3,3,2
1999-04-30,B278,7,1,0,1,0,3,1,7,5,5
1999-05-31,B278,8,0,0,0,2,0,0,4,3,14
1999-06-30,B278,11,5,0,0,0,0,0,1,3,10
1999-07-31,B278,5,3,0,0,0,0,0,0,1,22
1999-08-31,B278,5,0,0,0,0,0,2,0,2,22
1999-09-30,B278,11,2,0,0,0,1,3,1,0,12
1999-10-31,B278,11,1,2,1,2,3,2,0,1,8
1999-11-30,B278,7,5,4,1,0,0,0,3,4,6
1999-12-31,B278,7,6,0,0,0,1,6,5,5,1
2000-01-31,B278,12,2,3,4,0,0,1,1,6,2
2000-02-29,B278,14,0,0,0,1,0,1,9,4,0
2000-03-31,B278,11,3,1,3,2,0,0,3,3,5
2000-04-30,B278,7,0,0,2,1,5,3,6,0,6
2000-05-31,B278,10,0,0,2,1,0,0,1,0,17
2000-06-30,B278,11,2,0,1,1,0,0,0,4,11
2000-07-31,B278,8,0,0,0,0,0,2,1,5,15
2000-08-31,B278,9,2,0,0,0,0,0,0,0,20
2000-09-30,B278,11,3,0,0,0,2,0,2,0,12
2000-10-31,B278,5,0,0,4,1,2,3,1,6,9
2000-11-30,B278,6,0,0,0,0,6,9,5,2,2
2000-12-31,B278,7,0,0,1,3,8,2,7,2,1
2001-01-31,B278,1,1,0,0,2,9,6,2,4,6
2001-02-28,B278,2,4,1,0,0,2,5,5,6,3
2001-03-31,B278,5,1,0,0,0,5,8,8,1,3
2001-04-30,B278,8,2,0,0,1,1,1,3,7,7
2001-05-31,B278,5,4,0,0,0,2,0,0,4,16
2001-06-30,B278,9,4,0,0,0,0,0,1,3,13
2001-07-31,B278,9,0,1,0,0,0,1,0,2,18
2001-08-31,B278,10,1,0,0,1,0,0,1,1,17
2001-09-30,B278,12,0,0,0,1,0,0,2,6,9
2001-10-31,B278,16,0,1,1,2,4,3,0,0,4
2001-11-30,B278,3,5,3,2,0,0,0,2,7,8
2001-12-31,B278,9,3,5,1,0,0,1,4,3,5
2002-01-31,B278,17,0,0,4,2,3,1,2,2,0
2002-02-28,B278,10,2,2,0,0,1,3,5,4,1
2002-03-31,B278,7,4,1,3,3,2,0,3,3,5
2002-04-30,B278,7,2,0,1,1,1,0,1,3,14
2002-05-31,B278,8,0,2,0,1,2,0,3,5,10
2002-06-30,B278,8,1,0,0,0,0,0,4,1,16
2002-07-31,B278,7,2,0,0,0,0,0,1,4,17
2002-08-31,B278,5,0,0,0,0,0,0,2,4,20
2002-09-30,B278,7,0,0,2,0,0,0,1,4,16
2002-10-31,B278,12,0,0,1,1,4,1,4,1,7
2002-11-30,B278,2,0,0,0,1,7,4,6,7,3
2002-12-31,B278,7,2,0,0,3,4,3,6,3,3
2003-01-31,B278,3,8,0,0,0,0,7,6,4,3
2003-02-28,B278,6,3,3,2,4,0,0,3,3,4
2003-03-31,B278,14,0,2,1,3,1,0,2,1,7
2003-04-30,B278,7,5,2,1,3,4,1,1,2,4
2003-05-31,B278,12,3,0,1,0,0,0,0,5,10
2003-06-30,B278,11,2,0,0,0,1,1,1,0,14
2003-07-31,B278,5,2,0,0,0,0,0,2,3,19
2003-08-31,B278,13,0,0,0,0,0,2,2,0,14
2003-09-30,B278,9,3,3,0,0,1,0,1,3,10
2003-10-31,B278,4,1,2,2,0,3,4,2,3,10
2003-11-30,B278,7,1,3,0,7,1,0,6,0,5
2003-12-31,B278,6,3,1,1,4,2,1,4,4,5
2004-01-31,B278,7,1,0,0,0,0,5,6,10,2
2004-02-29,B278,12,4,1,2,0,0,0,4,1,5
2004-03-31,B278,8,4,3,3,2,0,0,2,5,4
2004-04-30,B278,2,6,1,1,0,2,3,5,1,9
2004-05-31,B278,7,2,2,0,1,0,1,5,2,11
2004-06-30,B278,16,3,0,0,0,0,0,2,4,5
2004-07-31,B278,9,2,0,0,0,0,0,0,3,17
2004-08-31,B278,13,0,0,0,0,4,0,1,1,12
2004-09-30,B278,7,2,0,1,1,0,0,0,4,15
2004-10-31,B278,8,0,0,0,1,8,4,2,0,8
2004-11-30,B278,9,8,0,0,0,0,0,2,6,5
2004-12-31,B278,5,7,2,1,1,1,0,3,4,7
2005-01-31,B278,11,1,0,1,1,0,0,1,15,1
2005-02-28,B278,4,3,2,3,0,0,0,3,9,4
2005-03-31,B278,11,1,1,0,3,2,1,3,5,4
2005-04-30,B278,7,2,1,3,2,1,0,5,3,6
2005-05-31,B278,10,2,0,0,1,1,0,1,4,12
2005-06-30,B278,6,2,1,0,0,1,0,0,0,20
2005-07-31,B278,6,2,0,0,0,0,0,0,5,18
2005-08-31,B278,6,1,0,0,1,0,0,0,8,15
2005-09-30,B278,11,2,0,0,1,0,0,0,1,15
2005-10-31,B278,11,1,0,1,6,1,0,0,1,10
2005-11-30,B278,5,3,1,1,1,1,3,2,4,9
2005-12-31,B278,6,8,1,0,0,1,5,6,1,3
2006-01-31,B278,5,7,5,1,4,0,0,2,3,4
2006-02-28,B278,4,3,2,0,0,0,7,1,2,9
2006-03-31,B278,5,1,0,1,3,2,4,7,4,4
2006-04-30,B278,5,2,2,2,3,2,0,0,6,8
2006-05-31,B278,12,4,0,2,0,2,0,0,1,10
2006-06-30,B278,4,3,0,3,3,0,0,0,0,17
2006-07-31,B278,8,0,0,0,0,0,0,0,0,23
2006-08-31,B278,6,0,0,0,0,1,0,2,6,16
2006-09-30,B278,10,0,0,0,3,1,0,4,2,10
2006-10-31,B278,7,0,0,0,5,4,3,1,2,9
2006-11-30,B278,11,2,1,1,3,4,2,3,3,0
2006-12-31,B278,11,6,3,1,1,0,2,4,2,1
2007-01-31,B278,13,1,2,0,0,0,2,7,3,3
2007-02-28,B278,6,0,0,0,1,1,4,11,2,3
2007-03-31,B278,5,6,1,0,0,2,1,8,5,3
2007-04-30,B278,6,4,2,3,0,0,0,1,1,13
2007-05-31,B278,4,0,0,0,1,2,2,5,6,11
2007-06-30,B278,15,2,0,0,0,0,1,1,2,9
2007-07-31,B278,9,0,0,0,3,0,2,0,6,11
2007-08-31,B278,2,2,2,2,0,0,0,0,1,22
2007-09-30,B278,9,4,0,0,0,0,0,0,2,15
2007-10-31,B278,6,10,2,0,0,0,0,0,1,12
2007-11-30,B278,2,12,0,0,4,0,0,1,6,5
2007-12-31,B278,4,9,2,5,0,0,0,5,4,2
2008-01-31,B278,13,2,1,0,1,3,3,3,4,1
2008-02-29,B278,13,1,1,7,3,1,2,0,0,1
2008-03-31,B278,3,3,0,0,0,1,1,12,7,4
2008-04-30,B278,8,1,0,0,0,6,3,5,3,4
2008-05-31,B278,4,1,1,3,0,0,0,1,2,19
2008-06-30,B278,7,3,0,0,0,1,0,0,5,14
2008-07-31,B278,8,1,0,0,0,0,0,0,2,20
2008-08-31,B278,8,0,0,0,0,0,0,0,2,21
2008-09-30,B278,6,2,1,0,1,1,1,0,4,14
2008-10-31,B278,10,1,3,3,2,0,1,3,0,8
2008-11-30,B278,5,5,1,0,1,1,3,4,2,8
2008-12-31,B278,3,0,1,4,1,0,4,3,7,8
2009-01-31,B278,4,2,4,0,0,1,3,7,3,7
2009-02-28,B278,5,2,2,0,2,2,2,5,6,2
2009-03-31,B278,9,3,2,0,0,0,2,1,4,10
2009-04-30,B278,3,2,0,0,1,2,1,3,5,13
2009-05-31,B278,5,5,0,0,2,0,0,0,2,17
2009-06-30,B278,5,3,0,0,0,0,4,2,0,16
2009-07-31,B278,7,0,0,0,0,2,1,0,5,16
2009-08-31,B278,3,0,0,0,1,0,0,0,1,26
2009-09-30,B278,4,6,0,0,0,0,0,2,1,17
2009-10-31,B278,6,7,0,0,1,3,1,1,6,6
2009-11-30,B278,9,0,0,0,0,5,4,10,1,1
2009-12-31,B278,4,0,0,0,0,5,6,8,3,5
2010-01-31,B278,5,1,3,1,0,1,1,11,3,5
2010-02-28,B278,1,1,0,2,1,6,6,2,5,4
2010-03-31,B278,6,4,2,0,1,5,1,5,2,5
2010-04-30,B278,10,3,3,0,2,1,0,1,1,9
2010-05-31,B278,4,2,1,0,0,2,0,1,7,14
2010-06-30,B278,4,0,0,0,0,1,0,1,4,20
2010-07-31,B278,4,3,0,0,0,0,0,0,5,19
2010-08-31,B278,14,1,0,0,0,0,0,1,4,11
2010-09-30,B278,6,3,0,0,0,1,0,2,3,15
2010-10-31,B278,5,1,0,0,3,6,0,0,6,10
2010-11-30,B278,4,1,0,0,1,3,2,10,2,7
2010-12-31,B278,4,4,0,0,6,5,1,5,4,2
2011-01-31,B278,8,6,2,0,0,4,0,1,2,8
2011-02-28,B278,9,6,0,0,0,1,2,3,5,2
2011-03-31,B278,5,2,3,5,4,1,1,4,2,4
2011-04-30,B278,8,3,3,1,2,1,0,1,2,9
2011-05-31,B278,8,5,2,0,2,0,0,1,1,12
2011-06-30,B278,10,3,1,0,0,0,1,1,1,13
2011-07-31,B278,4,0,0,0,0,0,0,0,6,21
2011-08-31,B278,5,2,0,0,0,0,0,0,1,23
2011-09-30,B278,14,1,0,0,0,0,0,0,3,12
2011-10-31,B278,12,2,4,1,4,0,0,0,4,4
2011-11-30,B278,6,4,1,3,7,0,0,0,0,9
2011-12-31,B278,5,3,0,0,0,0,3,10,7,3
2012-01-31,B278,7,4,2,0,0,0,1,5,7,5
2012-02-29,B278,8,9,0,0,0,0,0,0,9,3
2012-03-31,B278,16,4,2,2,0,0,0,2,3,2
2012-04-30,B278,3,0,0,0,3,2,4,6,4,8
2012-05-31,B278,12,0,0,0,2,0,2,3,1,11
2012-06-30,B278,9,1,0,0,0,0,2,2,3,13
2012-07-31,B278,4,2,0,0,0,0,1,0,2,22
2012-08-31,B278,9,0,0,0,0,0,0,0,3,19
2012-09-30,B278,5,3,0,0,1,2,2,0,3,14
2012-10-31,B278,6,0,0,1,4,0,1,4,2,13
2012-11-30,B278,8,1,2,0,2,3,2,4,0,8
2012-12-31,B278,7,0,0,0,0,3,3,9,5,4
2013-01-31,B278,4,2,0,0,0,0,4,9,9,3
2013-02-28,B278,3,0,0,2,0,0,3,4,10,6
2013-03-31,B278,1,1,0,1,4,2,10,3,4,5
2013-04-30,B278,8,3,5,0,0,0,3,1,2,8
2013-05-31,B278,4,3,0,0,1,1,2,6,3,11
2013-06-30,B278,10,5,0,0,0,0,0,1,2,12
2013-07-31,B278,10,2,0,0,0,1,0,0,0,18
2013-08-31,B278,5,3,0,0,0,0,0,0,3,20
2013-09-30,B278,7,2,0,0,0,4,1,4,2,10
2013-10-31,B278,10,3,0,0,4,5,1,1,1,6
2013-11-30,B278,3,7,4,0,0,0,1,8,5,2
2013-12-31,B278,18,4,0,0,0,2,3,1,3,0
2014-01-31,B278,3,0,0,0,3,5,3,9,2,6
2014-02-28,B278,2,0,0,0,0,4,9,8,2,3
2014-03-31,B278,10,3,3,0,2,0,0,8,3,2
2014-04-30,B278,4,1,0,0,1,1,0,4,5,14
2014-05-31,B278,10,4,0,0,2,1,0,1,3,10
2014-06-30,B278,7,5,0,0,1,0,0,3,1,13
2014-07-31,B278,6,0,0,1,1,0,0,0,8,15
2014-08-31,B278,7,1,0,0,0,0,0,0,1,22
2014-09-30,B278,4,0,0,1,1,0,0,0,1,23
2014-10-31,B278,13,0,0,1,0,4,1,1,3,8
2014-11-30,B278,2,0,0,1,8,6,6,3,1,3
2014-12-31,B278,4,3,0,0,1,1,0,1,16,5
2015-01-31,B278,8,2,0,0,0,1,1,6,8,5
2015-02-28,B278,5,2,1,1,0,0,1,3,7,8
2015-03-31,B278,5,2,3,5,0,0,1,5,6,4
2015-04-30,B278,10,1,1,2,3,0,0,1,3,9
2015-05-31,B278,11,6,0,0,0,1,2,1,5,5
2015-06-30,B278,9,1,0,0,0,0,0,1,5,14
2015-07-31,B278,6,0,0,0,0,0,0,1,1,23
2015-08-31,B278,10,0,0,0,0,0,1,0,1,19
2015-09-30,B278,3,2,1,1,1,2,2,1,4,13
2015-10-31,B278,4,3,0,1,2,1,4,0,4,12
2015-11-30,B278,15,1,0,1,2,0,0,4,7,0
2015-12-31,B278,26,1,0,0,3,1,0,0,0,0
2016-01-31,B278,10,0,0,0,0,2,9,4,3,3
2016-02-29,B278,7,1,0,0,0,1,7,6,2,5
2016-03-31,B278,2,3,1,1,1,0,3,7,5,8
2016-04-30,B278,8,5,1,0,0,5,2,2,3,4
2016-05-31,B278,8,0,0,0,3,0,0,4,5,11
2016-06-30,B278,10,1,0,0,0,0,0,3,3,13
2016-07-31,B278,7,6,0,0,0,0,0,0,2,16
2016-08-31,B278,8,8,0,0,0,0,0,0,1,14
2016-09-30,B278,12,1,0,0,0,0,1,0,4,12
2016-10-31,B278,9,2,0,1,4,0,0,0,1,14
2016-11-30,B278,6,3,1,0,2,3,0,6,0,9
2016-12-31,B278,14,2,3,3,1,0,0,1,4,3
2017-01-31,B278,5,6,2,0,2,2,1,1,7,5
2017-02-28,B278,10,2,1,3,2,2,3,2,3,0
2017-03-31,B278,11,0,3,0,1,1,2,2,4,7
2017-04-30,B278,9,6,2,0,0,1,0,2,2,8
2017-05-31,B278,16,1,0,1,1,1,1,0,0,10
2017-06-30,B278,6,3,0,0,1,0,0,4,0,16
2017-07-31,B278,5,1,0,1,1,0,0,0,5,18
2017-08-31,B278,12,1,0,0,0,0,0,0,2,16
2017-09-30,B278,10,0,0,0,0,0,1,2,3,14
2017-10-31,B278,19,2,0,0,0,2,0,0,5,3
2017-11-30,B278,8,4,0,0,0,2,0,1,8,7
2017-12-31,B278,6,4,0,0,0,2,4,7,8,0
2018-01-31,B278,8,1,1,0,1,1,3,10,2,4
2018-02-28,B278,3,3,1,0,1,0,1,5,4,10
2018-03-31,B278,0,1,0,0,1,5,8,9,2,5
2018-04-30,B278,9,2,1,1,2,3,3,0,1,8
2018-05-31,B278,2,3,0,0,1,0,0,0,5,20
2018-06-30,B278,3,2,0,0,0,1,0,1,3,20
2018-07-31,B278,3,0,0,0,0,0,0,0,1,27
2018-08-31,B278,4,3,0,0,0,0,0,0,1,23
2018-09-30,B278,8,2,2,0,0,0,0,0,3,15
2018-10-31,B278,3,6,2,1,3,2,0,1,2,11
2018-11-30,B278,3,1,2,4,1,6,3,1,2,7
2018-12-31,B278,15,2,0,0,0,1,1,4,6,2
2019-01-31,B278,2,5,0,0,0,1,1,7,11,4
2019-02-28,B278,11,3,2,1,2,1,1,1,6,0
2019-03-31,B278,7,6,1,1,1,1,4,3,4,3
2019-04-30,B278,3,0,2,2,1,4,3,5,3,7
2019-05-31,B278,4,5,0,0,0,1,1,1,5,14
2019-06-30,B278,10,0,0,0,0,0,0,0,0,20
2019-07-31,B278,6,1,0,0,0,0,0,2,0,22
2019-08-31,B278,7,2,0,0,0,0,0,0,1,21
2019-09-30,B278,8,4,2,1,1,0,0,1,0,13
2019-10-31,B278,9,0,0,1,2,3,0,2,3,11
2019-11-30,B278,0,0,0,0,0,5,6,11,4,4
2019-12-31,B278,10,0,3,0,2,3,1,7,3,2
2020-01-31,B278,18,1,1,3,0,0,3,1,2,2
2020-02-29,B278,17,1,0,0,0,1,1,6,3,0
2020-03-31,B278,3,4,3,5,1,0,3,4,4,4
2020-04-30,B278,9,1,0,2,2,0,1,2,0,13
2020-05-31,B278,7,3,1,0,1,0,1,2,2,14
2020-06-30,B278,5,0,0,0,0,2,0,5,1,17
2020-07-31,B278,4,3,0,0,0,0,0,0,2,22
2020-08-31,B278,10,0,0,0,0,1,0,0,6,14
2020-09-30,B278,6,1,1,0,0,0,2,3,1,16
2020-10-31,B278,10,0,0,0,4,0,5,6,3,3
2020-11-30,B278,15,5,1,3,3,1,0,0,1,1
2020-12-31,B278,8,0,0,0,1,2,9,5,4,2
2021-01-31,B278,2,1,3,0,0,1,3,12,4,5
2021-02-28,B278,7,1,1,1,5,5,2,4,0,2
2021-03-31,B278,13,8,2,3,0,0,0,1,4,0
2021-04-30,B278,6,5,1,0,3,0,0,0,2,13
2021-05-31,B278,10,0,0,0,1,2,1,7,2,8
2021-06-30,B278,6,1,0,0,0,0,0,0,1,22
2021-07-31,B278,6,2,0,0,0,0,0,1,1,21
2021-08-31,B278,4,0,0,0,0,0,0,1,2,24
2021-09-30,B278,9,0,3,0,1,1,0,0,1,15
2021-10-31,B278,12,7,0,0,0,2,1,1,1,7
2021-11-30,B278,2,10,0,0,0,0,1,7,1,9
2021-12-31,B278,11,0,2,0,0,2,4,8,3,1
1981-01-31,B228,7,5,0,0,0,0,0,6,9,4
1981-02-28,B228,6,3,3,1,2,0,0,4,5,4
1981-03-31,B228,16,0,0,0,0,3,2,3,3,4
1981-04-30,B228,5,2,3,0,1,0,1,1,2,15
1981-05-31,B228,12,0,1,0,4,1,1,5,2,5
1981-06-30,B228,11,6,0,0,0,0,0,0,2,11
1981-07-31,B228,8,3,0,0,0,0,0,0,7,13
1981-08-31,B228,5,3,1,0,0,0,0,0,2,20
1981-09-30,B228,7,0,0,0,1,2,1,4,1,14
1981-10-31,B228,14,0,0,0,1,3,2,6,1,4
1981-11-30,B228,20,3,1,0,0,0,0,1,5,0
1981-12-31,B228,1,2,0,0,0,5,9,10,3,1
1982-01-31,B228,6,2,0,6,0,1,1,3,7,5
1982-02-28,B228,8,1,0,2,3,0,0,1,3,10
1982-03-31,B228,8,2,3,2,0,0,0,7,4,5
1982-04-30,B228,5,7,1,0,1,0,0,1,3,12
1982-05-31,B228,12,2,1,0,2,0,0,0,1,13
1982-06-30,B228,10,0,1,0,0,0,1,4,1,13
1982-07-31,B228,2,0,0,0,0,1,0,0,0,28
1982-08-31,B228,10,4,1,0,0,0,0,0,1,15
1982-09-30,B228,11,4,2,1,0,4,0,2,1,5
1982-10-31,B228,5,3,3,2,0,1,2,9,1,5
1982-11-30,B228,8,1,0,0,5,3,0,2,7,4
1982-12-31,B228,6,2,0,0,0,1,7,6,7,2
1983-01-31,B228,14,2,0,0,0,1,0,8,6,0
1983-02-28,B228,8,0,1,0,4,0,0,4,3,8
1983-03-31,B228,8,5,0,1,2,0,2,2,6,5
1983-04-30,B228,6,1,0,0,5,5,4,5,2,2
1983-05-31,B228,8,0,0,0,1,1,3,6,2,10
1983-06-30,B228,8,3,1,1,0,0,0,0,3,14
1983-07-31,B228,3,0,0,0,2,0,0,0,1,25
1983-08-31,B228,1,0,0,0,0,0,0,3,2,25
1983-09-30,B228,14,1,1,0,0,1,0,3,3,7
1983-10-31,B228,15,2,2,0,1,1,1,0,4,5
1983-11-30,B228,4,1,0,4,2,1,0,2,3,13
1983-12-31,B228,6,6,2,0,0,4,4,3,4,2
1984-01-31,B228,6,1,0,0,0,1,5,11,6,1
1984-02-29,B228,5,5,2,0,0,1,0,3,5,8
1984-03-31,B228,1,7,2,2,1,1,4,4,2,7
1984-04-30,B228,7,1,0,2,1,0,0,2,5,12
1984-05-31,B228,2,2,0,0,1,3,5,4,1,13
1984-06-30,B228,8,2,0,2,0,1,3,1,2,11
1984-07-31,B228,6,1,0,0,4,0,0,0,3,17
1984-08-31,B228,7,1,0,0,0,0,0,1,1,21
1984-09-30,B228,9,1,0,0,0,1,0,5,2,12
1984-10-31,B228,11,6,1,0,0,3,3,1,2,4
1984-11-30,B228,6,0,0,2,7,1,4,5,1,4
1984-12-31,B228,6,6,0,1,3,2,1,4,5,3
1985-01-31,B228,2,3,0,0,0,3,4,4,7,8
1985-02-28,B228,7,1,3,1,1,1,7,2,3,2
1985-03-31,B228,8,8,0,0,0,0,3,5,3,4
1985-04-30,B228,7,2,1,0,2,4,2,1,4,7
1985-05-31,B228,9,1,1,0,0,0,0,4,0,16
1985-06-30,B228,16,2,0,0,0,0,0,1,2,9
1985-07-31,B228,7,2,0,0,0,0,2,0,2,18
1985-08-31,B228,14,0,0,0,0,0,0,0,2,15
1985-09-30,B228,11,3,0,1,0,0,0,0,0,15
1985-10-31,B228,14,1,2,3,2,1,0,0,1,7
1985-11-30,B228,4,1,3,0,0,0,2,4,6,10
1985-12-31,B228,6,4,0,0,0,5,3,4,5,4
1986-01-31,B228,1,0,0,0,1,1,6,10,9,3
1986-02-28,B228,0,0,0,3,0,4,3,6,5,7
1986-03-31,B228,9,4,0,0,1,0,1,4,3,9
1986-04-30,B228,1,0,0,0,0,4,1,3,9,12
1986-05-31,B228,13,4,1,0,1,1,0,0,0,11
1986-06-30,B228,11,3,0,0,1,0,0,0,4,11
1986-07-31,B228,5,7,0,0,0,1,0,0,1,17
1986-08-31,B228,7,1,1,0,0,0,1,1,0,20
1986-09-30,B228,10,5,2,0,0,1,0,0,2,10
1986-10-31,B228,5,3,0,5,1,0,2,4,2,9
1986-11-30,B228,11,7,2,1,4,0,1,2,2,0
1986-12-31,B228,7,1,0,0,0,2,1,10,8,2
1987-01-31,B228,3,4,2,2,0,2,3,5,5,5
1987-02-28,B228,4,1,1,1,1,4,0,5,7,4
1987-03-31,B228,11,3,1,2,0,1,1,2,5,5
1987-04-30,B228,13,1,0,0,3,4,1,4,1,3
1987-05-31,B228,6,0,0,0,0,0,0,2,10,13
1987-06-30,B228,14,2,0,0,0,1,1,2,1,9
1987-07-31,B228,11,1,0,0,0,0,1,0,1,17
1987-08-31,B228,7,0,2,0,0,0,0,0,1,21
1987-09-30,B228,14,0,2,0,0,2,3,1,1,7
1987-10-31,B228,5,0,0,2,7,6,3,3,0,5
1987-11-30,B228,5,1,2,1,1,0,3,4,7,6
1987-12-31,B228,14,0,0,1,3,3,3,0,0,7
1988-01-31,B228,4,0,0,3,3,3,5,7,3,3
1988-02-29,B228,7,1,2,2,0,0,5,4,7,1
1988-03-31,B228,5,2,0,0,0,1,2,10,9,2
1988-04-30,B228,6,1,0,0,4,0,2,2,1,14
1988-05-31,B228,10,2,0,0,1,2,1,0,1,14
1988-06-30,B228,4,2,0,0,1,0,0,0,5,18
1988-07-31,B228,14,2,0,0,0,1,1,2,3,8
1988-08-31,B228,7,1,0,0,0,0,0,0,3,20
1988-09-30,B228,14,1,1,0,0,0,1,2,4,7
1988-10-31,B228,9,0,2,2,5,1,1,1,0,10
1988-11-30,B228,8,5,1,7,1,0,1,1,2,4
1988-12-31,B228,8,9,0,0,0,0,0,6,7,1
1989-01-31,B228,24,2,0,0,0,0,1,0,2,2
1989-02-28,B228,13,1,2,2,0,0,4,2,3,1
1989-03-31,B228,10,2,0,0,2,2,1,2,6,6
1989-04-30,B228,3,0,0,0,3,1,3,7,4,9
1989-05-31,B228,10,0,2,3,0,0,0,1,2,13
1989-06-30,B228,6,0,0,0,0,0,0,1,1,22
1989-07-31,B228,2,1,0,0,0,0,0,0,3,25
1989-08-31,B228,4,0,0,0,0,0,0,0,3,24
1989-09-30,B228,7,5,3,1,2,0,0,0,2,10
1989-10-31,B228,13,1,3,4,1,1,1,0,5,2
1989-11-30,B228,4,0,0,5,8,2,2,4,0,5
1989-12-31,B228,4,0,2,8,2,6,4,0,0,5
1990-01-31,B228,10,5,6,0,1,3,4,0,0,2
1990-02-28,B228,16,0,0,0,1,1,0,10,0,0
1990-03-31,B228,17,2,3,1,0,1,0,1,4,2
1990-04-30,B228,6,1,0,2,1,0,2,2,5,11
1990-05-31,B228,8,2,2,3,1,0,1,0,1,13
1990-06-30,B228,7,0,0,0,0,0,0,1,2,20
1990-07-31,B228,10,4,0,0,0,0,0,0,0,17
1990-08-31,B228,13,2,0,0,0,0,0,0,1,15
1990-09-30,B228,6,0,0,0,0,1,0,4,0,19
1990-10-31,B228,3,4,1,1,4,1,3,4,0,10
1990-11-30,B228,1,5,0,2,1,0,5,8,6,2
1990-12-31,B228,7,7,5,1,0,1,0,3,6,1
1991-01-31,B228,14,2,7,0,0,0,3,1,3,1
1991-02-28,B228,4,3,1,2,2,0,3,2,5,6
1991-03-31,B228,2,2,3,1,5,2,3,3,2,8
1991-04-30,B228,7,2,0,3,0,0,1,5,6,6
1991-05-31,B228,4,4,1,0,1,0,0,1,11,9
1991-06-30,B228,14,2,0,0,0,0,1,0,2,11
1991-07-31,B228,9,1,0,0,0,0,0,2,5,14
1991-08-31,B228,7,3,0,0,0,0,0,0,1,20
1991-09-30,B228,5,1,0,0,1,1,2,2,2,16
1991-10-31,B228,4,2,5,0,3,2,3,1,5,6
1991-11-30,B228,6,1,0,2,2,0,6,5,6,2
1991-12-31,B228,7,2,4,7,2,0,0,3,5,1
1992-01-31,B228,16,3,5,2,0,2,1,0,0,2
1992-02-29,B228,15,3,3,1,0,2,0,3,2,0
1992-03-31,B228,9,4,2,2,0,0,3,4,6,1
1992-04-30,B228,4,3,0,0,1,1,2,2,8,9
1992-05-31,B228,11,4,1,1,1,3,0,0,1,9
1992-06-30,B228,4,0,0,1,0,0,0,3,6,16
1992-07-31,B228,12,3,0,0,0,0,0,0,0,16
1992-08-31,B228,23,0,0,0,0,0,1,1,0,6
1992-09-30,B228,11,0,0,0,2,2,0,0,1,14
1992-10-31,B228,2,1,1,0,1,1,5,6,0,14
1992-11-30,B228,10,2,1,0,0,1,3,9,4,0
1992-12-31,B228,3,4,3,3,3,2,3,2,3,5
1993-01-31,B228,20,3,1,2,0,0,0,3,1,1
1993-02-28,B228,6,5,4,6,0,0,0,0,4,3
1993-03-31,B228,11,2,0,1,2,1,0,1,3,10
1993-04-30,B228,3,0,0,0,4,2,3,4,4,10
1993-05-31,B228,10,1,2,1,3,2,1,2,0,9
1993-06-30,B228,11,1,1,0,0,0,1,0,1,15
1993-07-31,B228,10,3,2,0,0,1,0,0,2,13
1993-08-31,B228,8,1,0,0,0,0,0,1,4,17
1993-09-30,B228,3,0,0,0,1,3,5,4,1,13
1993-10-31,B228,2,1,4,4,1,7,4,3,3,2
1993-11-30,B228,7,3,4,3,1,1,2,2,1,6
1993-12-31,B228,13,0,0,0,0,1,3,11,2,1
1994-01-31,B228,4,5,2,0,0,1,5,8,6,0
1994-02-28,B228,2,1,0,2,3,3,3,4,7,3
1994-03-31,B228,15,4,1,2,1,0,1,1,4,2
1994-04-30,B228,4,2,0,0,0,2,0,6,10,6
1994-05-31,B228,7,0,0,0,0,2,2,1,0,19
1994-06-30,B228,11,7,0,0,1,0,0,0,1,10
1994-07-31,B228,2,0,0,0,0,0,0,0,2,27
1994-08-31,B228,6,0,0,0,0,1,1,2,2,19
1994-09-30,B228,7,1,0,1,1,1,1,2,2,14
1994-10-31,B228,6,0,3,1,2,0,2,3,1,13
1994-11-30,B228,11,0,1,0,3,2,3,4,3,3
1994-12-31,B228,10,4,0,1,2,1,3,4,6,0
1995-01-31,B228,4,5,0,0,0,3,6,5,8,0
1995-02-28,B228,13,1,1,0,0,1,2,8,1,1
1995-03-31,B228,9,4,1,1,1,0,3,5,5,2
1995-04-30,B228,8,2,2,0,0,2,0,2,4,10
1995-05-31,B228,9,3,0,0,2,0,1,2,1,13
1995-06-30,B228,6,0,1,0,0,0,0,0,2,21
1995-07-31,B228,11,2,0,1,0,0,0,1,1,15
1995-08-31,B228,1,2,0,0,0,0,0,0,6,22
1995-09-30,B228,1,4,0,0,0,1,3,6,3,12
1995-10-31,B228,17,1,0,1,3,1,0,0,0,8
1995-11-30,B228,4,0,1,0,5,1,2,4,6,7
1995-12-31,B228,2,0,0,5,2,3,7,3,2,7
1996-01-31,B228,0,2,0,5,8,4,2,2,0,8
1996-02-29,B228,0,5,0,1,2,0,0,8,7,6
1996-03-31,B228,3,3,2,3,3,1,0,3,4,9
1996-04-30,B228,7,5,0,0,4,0,1,1,2,10
1996-05-31,B228,9,0,1,0,1,3,4,1,4,8
1996-06-30,B228,12,6,0,0,0,0,0,1,1,10
1996-07-31,B228,8,1,0,0,1,0,0,1,1,19
1996-08-31,B228,6,3,0,0,0,0,0,0,1,21
1996-09-30,B228,3,2,2,0,0,1,2,5,3,12
1996-10-31,B228,8,4,0,0,1,0,0,4,7,7
1996-11-30,B228,8,0,0,0,0,4,4,6,2,6
1996-12-31,B228,3,1,2,0,4,6,2,1,2,10
1997-01-31,B228,5,3,3,4,4,1,1,1,1,8
1997-02-28,B228,23,0,1,0,0,0,0,3,1,0
1997-03-31,B228,15,4,1,0,0,0,0,1,6,4
1997-04-30,B228,4,2,2,2,0,0,1,1,5,13
1997-05-31,B228,9,0,3,1,3,0,3,3,0,9
1997-06-30,B228,10,0,0,0,0,0,2,2,2,14
1997-07-31,B228,2,1,0,0,0,0,0,0,6,22
1997-08-31,B228,9,0,0,0,0,0,1,1,1,19
1997-09-30,B228,5,2,0,0,0,0,0,0,0,23
1997-10-31,B228,2,2,1,0,2,2,1,3,5,13
1997-11-30,B228,4,0,0,0,0,6,5,4,2,9
1997-12-31,B228,5,2,0,0,4,2,2,10,3,3
1998-01-31,B228,6,0,2,3,2,1,2,6,3,6
1998-02-28,B228,14,3,0,1,1,2,0,0,3,4
1998-03-31,B228,9,7,1,0,1,1,0,4,4,4
1998-04-30,B228,3,0,0,0,0,5,9,7,2,4
1998-05-31,B228,8,2,0,0,3,1,1,0,5,11
1998-06-30,B228,11,1,0,1,0,1,0,0,2,14
1998-07-31,B228,7,2,0,0,1,0,2,1,6,12
1998-08-31,B228,4,5,0,0,2,0,0,1,3,16
1998-09-30,B228,5,0,3,0,0,2,3,6,2,9
1998-10-31,B228,9,0,0,0,0,1,2,7,9,3
1998-11-30,B228,5,5,1,0,0,0,4,4,8,3
1998-12-31,B228,10,3,1,1,4,0,2,4,5,1
1999-01-31,B228,12,4,0,2,2,0,1,7,2,1
1999-02-28,B228,1,6,1,2,0,0,2,5,10,1
1999-03-31,B228,5,5,2,1,5,2,3,3,3,2
1999-04-30,B228,7,1,0,1,0,3,1,7,5,5
1999-05-31,B228,8,0,0,0,2,0,0,4,3,14
1999-06-30,B228,11,5,0,0,0,0,0,1,3,10
1999-07-31,B228,5,3,0,0,0,0,0,0,1,22
1999-08-31,B228,5,0,0,0,0,0,2,0,2,22
1999-09-30,B228,11,2,0,0,0,1,3,1,0,12
1999-10-31,B228,11,1,2,1,2,3,2,0,1,8
1999-11-30,B228,7,5,4,1,0,0,0,3,4,6
1999-12-31,B228,7,6,0,0,0,1,6,5,5,1
2000-01-31,B228,12,2,3,4,0,0,1,1,6,2
2000-02-29,B228,14,0,0,0,1,0,1,9,4,0
2000-03-31,B228,11,3,1,3,2,0,0,3,3,5
2000-04-30,B228,7,0,0,2,1,5,3,6,0,6
2000-05-31,B228,10,0,0,2,1,0,0,1,0,17
2000-06-30,B228,11,2,0,1,1,0,0,0,4,11
2000-07-31,B228,8,0,0,0,0,0,2,1,5,15
2000-08-31,B228,9,2,0,0,0,0,0,0,0,20
2000-09-30,B228,11,3,0,0,0,2,0,2,0,12
2000-10-31,B228,5,0,0,4,1,2,3,1,6,9
2000-11-30,B228,6,0,0,0,0,6,9,5,2,2
2000-12-31,B228,7,0,0,1,3,8,2,7,2,1
2001-01-31,B228,1,1,0,0,2,9,6,2,4,6
2001-02-28,B228,2,4,1,0,0,2,5,5,6,3
2001-03-31,B228,5,1,0,0,0,5,8,8,1,3
2001-04-30,B228,8,2,0,0,1,1,1,3,7,7
2001-05-31,B228,5,4,0,0,0,2,0,0,4,16
2001-06-30,B228,9,4,0,0,0,0,0,1,3,13
2001-07-31,B228,9,0,1,0,0,0,1,0,2,18
2001-08-31,B228,10,1,0,0,1,0,0,1,1,17
2001-09-30,B228,12,0,0,0,1,0,0,2,6,9
2001-10-31,B228,16,0,1,1,2,4,3,0,0,4
2001-11-30,B228,3,5,3,2,0,0,0,2,7,8
2001-12-31,B228,9,3,5,1,0,0,1,4,3,5
2002-01-31,B228,17,0,0,4,2,3,1,2,2,0
2002-02-28,B228,10,2,2,0,0,1,3,5,4,1
2002-03-31,B228,7,4,1,3,3,2,0,3,3,5
2002-04-30,B228,7,2,0,1,1,1,0,1,3,14
2002-05-31,B228,8,0,2,0,1,2,0,3,5,10
2002-06-30,B228,8,1,0,0,0,0,0,4,1,16
2002-07-31,B228,7,2,0,0,0,0,0,1,4,17
2002-08-31,B228,5,0,0,0,0,0,0,2,4,20
2002-09-30,B228,7,0,0,2,0,0,0,1,4,16
2002-10-31,B228,12,0,0,1,1,4,1,4,1,7
2002-11-30,B228,2,0,0,0,1,7,4,6,7,3
2002-12-31,B228,7,2,0,0,3,4,3,6,3,3
2003-01-31,B228,3,8,0,0,0,0,7,6,4,3
2003-02-28,B228,6,3,3,2,4,0,0,3,3,4
2003-03-31,B228,14,0,2,1,3,1,0,2,1,7
2003-04-30,B228,7,5,2,1,3,4,1,1,2,4
2003-05-31,B228,12,3,0,1,0,0,0,0,5,10
2003-06-30,B228,11,2,0,0,0,1,1,1,0,14
2003-07-31,B228,5,2,0,0,0,0,0,2,3,19
2003-08-31,B228,13,0,0,0,0,0,2,2,0,14
2003-09-30,B228,9,3,3,0,0,1,0,1,3,10
2003-10-31,B228,4,1,2,2,0,3,4,2,3,10
2003-11-30,B228,7,1,3,0,7,1,0,6,0,5
2003-12-31,B228,6,3,1,1,4,2,1,4,4,5
2004-01-31,B228,7,1,0,0,0,0,5,6,10,2
2004-02-29,B228,12,4,1,2,0,0,0,4,1,5
2004-03-31,B228,8,4,3,3,2,0,0,2,5,4
2004-04-30,B228,2,6,1,1,0,2,3,5,1,9
2004-05-31,B228,7,2,2,0,1,0,1,5,2,11
2004-06-30,B228,16,3,0,0,0,0,0,2,4,5
2004-07-31,B228,9,2,0,0,0,0,0,0,3,17
2004-08-31,B228,13,0,0,0,0,4,0,1,1,12
2004-09-30,B228,7,2,0,1,1,0,0,0,4,15
2004-10-31,B228,8,0,0,0,1,8,4,2,0,8
2004-11-30,B228,9,8,0,0,0,0,0,2,6,5
2004-12-31,B228,5,7,2,1,1,1,0,3,4,7
2005-01-31,B228,11,1,0,1,1,0,0,1,15,1
2005-02-28,B228,4,3,2,3,0,0,0,3,9,4
2005-03-31,B228,11,1,1,0,3,2,1,3,5,4
2005-04-30,B228,7,2,1,3,2,1,0,5,3,6
2005-05-31,B228,10,2,0,0,1,1,0,1,4,12
2005-06-30,B228,6,2,1,0,0,1,0,0,0,20
2005-07-31,B228,6,2,0,0,0,0,0,0,5,18
2005-08-31,B228,6,1,0,0,1,0,0,0,8,15
2005-09-30,B228,11,2,0,0,1,0,0,0,1,15
2005-10-31,B228,11,1,0,1,6,1,0,0,1,10
2005-11-30,B228,5,3,1,1,1,1,3,2,4,9
2005-12-31,B228,6,8,1,0,0,1,5,6,1,3
2006-01-31,B228,5,7,5,1,4,0,0,2,3,4
2006-02-28,B228,4,3,2,0,0,0,7,1,2,9
2006-03-31,B228,5,1,0,1,3,2,4,7,4,4
2006-04-30,B228,5,2,2,2,3,2,0,0,6,8
2006-05-31,B228,12,4,0,2,0,2,0,0,1,10
2006-06-30,B228,4,3,0,3,3,0,0,0,0,17
2006-07-31,B228,8,0,0,0,0,0,0,0,0,23
2006-08-31,B228,6,0,0,0,0,1,0,2,6,16
2006-09-30,B228,10,0,0,0,3,1,0,4,2,10
2006-10-31,B228,7,0,0,0,5,4,3,1,2,9
2006-11-30,B228,11,2,1,1,3,4,2,3,3,0
2006-12-31,B228,11,6,3,1,1,0,2,4,2,1
2007-01-31,B228,13,1,2,0,0,0,2,7,3,3
2007-02-28,B228,6,0,0,0,1,1,4,11,2,3
2007-03-31,B228,5,6,1,0,0,2,1,8,5,3
2007-04-30,B228,6,4,2,3,0,0,0,1,1,13
2007-05-31,B228,4,0,0,0,1,2,2,5,6,11
2007-06-30,B228,15,2,0,0,0,0,1,1,2,9
2007-07-31,B228,9,0,0,0,3,0,2,0,6,11
2007-08-31,B228,2,2,2,2,0,0,0,0,1,22
2007-09-30,B228,9,4,0,0,0,0,0,0,2,15
2007-10-31,B228,6,10,2,0,0,0,0,0,1,12
2007-11-30,B228,2,12,0,0,4,0,0,1,6,5
2007-12-31,B228,4,9,2,5,0,0,0,5,4,2
2008-01-31,B228,13,2,1,0,1,3,3,3,4,1
2008-02-29,B228,13,1,1,7,3,1,2,0,0,1
2008-03-31,B228,3,3,0,0,0,1,1,12,7,4
2008-04-30,B228,8,1,0,0,0,6,3,5,3,4
2008-05-31,B228,4,1,1,3,0,0,0,1,2,19
2008-06-30,B228,7,3,0,0,0,1,0,0,5,14
2008-07-31,B228,8,1,0,0,0,0,0,0,2,20
2008-08-31,B228,8,0,0,0,0,0,0,0,2,21
2008-09-30,B228,6,2,1,0,1,1,1,0,4,14
2008-10-31,B228,10,1,3,3,2,0,1,3,0,8
2008-11-30,B228,5,5,1,0,1,1,3,4,2,8
2008-12-31,B228,3,0,1,4,1,0,4,3,7,8
2009-01-31,B228,4,2,4,0,0,1,3,7,3,7
2009-02-28,B228,5,2,2,0,2,2,2,5,6,2
2009-03-31,B228,9,3,2,0,0,0,2,1,4,10
2009-04-30,B228,3,2,0,0,1,2,1,3,5,13
2009-05-31,B228,5,5,0,0,2,0,0,0,2,17
2009-06-30,B228,5,3,0,0,0,0,4,2,0,16
2009-07-31,B228,7,0,0,0,0,2,1,0,5,16
2009-08-31,B228,3,0,0,0,1,0,0,0,1,26
2009-09-30,B228,4,6,0,0,0,0,0,2,1,17
2009-10-31,B228,6,7,0,0,1,3,1,1,6,6
2009-11-30,B228,9,0,0,0,0,5,4,10,1,1
2009-12-31,B228,4,0,0,0,0,5,6,8,3,5
2010-01-31,B228,5,1,3,1,0,1,1,11,3,5
2010-02-28,B228,1,1,0,2,1,6,6,2,5,4
2010-03-31,B228,6,4,2,0,1,5,1,5,2,5
2010-04-30,B228,10,3,3,0,2,1,0,1,1,9
2010-05-31,B228,4,2,1,0,0,2,0,1,7,14
2010-06-30,B228,4,0,0,0,0,1,0,1,4,20
2010-07-31,B228,4,3,0,0,0,0,0,0,5,19
2010-08-31,B228,14,1,0,0,0,0,0,1,4,11
2010-09-30,B228,6,3,0,0,0,1,0,2,3,15
2010-10-31,B228,5,1,0,0,3,6,0,0,6,10
2010-11-30,B228,4,1,0,0,1,3,2,10,2,7
2010-12-31,B228,4,4,0,0,6,5,1,5,4,2
2011-01-31,B228,8,6,2,0,0,4,0,1,2,8
2011-02-28,B228,9,6,0,0,0,1,2,3,5,2
2011-03-31,B228,5,2,3,5,4,1,1,4,2,4
2011-04-30,B228,8,3,3,1,2,1,0,1,2,9
2011-05-31,B228,8,5,2,0,2,0,0,1,1,12
2011-06-30,B228,10,3,1,0,0,0,1,1,1,13
2011-07-31,B228,4,0,0,0,0,0,0,0,6,21
2011-08-31,B228,5,2,0,0,0,0,0,0,1,23
2011-09-30,B228,14,1,0,0,0,0,0,0,3,12
2011-10-31,B228,12,2,4,1,4,0,0,0,4,4
2011-11-30,B228,6,4,1,3,7,0,0,0,0,9
2011-12-31,B228,5,3,0,0,0,0,3,10,7,3
2012-01-31,B228,7,4,2,0,0,0,1,5,7,5
2012-02-29,B228,8,9,0,0,0,0,0,0,9,3
2012-03-31,B228,16,4,2,2,0,0,0,2,3,2
2012-04-30,B228,3,0,0,0,3,2,4,6,4,8
2012-05-31,B228,12,0,0,0,2,0,2,3,1,11
2012-06-30,B228,9,1,0,0,0,0,2,2,3,13
2012-07-31,B228,4,2,0,0,0,0,1,0,2,22
2012-08-31,B228,9,0,0,0,0,0,0,0,3,19
2012-09-30,B228,5,3,0,0,1,2,2,0,3,14
2012-10-31,B228,6,0,0,1,4,0,1,4,2,13
2012-11-30,B228,8,1,2,0,2,3,2,4,0,8
2012-12-31,B228,7,0,0,0,0,3,3,9,5,4
2013-01-31,B228,4,2,0,0,0,0,4,9,9,3
2013-02-28,B228,3,0,0,2,0,0,3,4,10,6
2013-03-31,B228,1,1,0,1,4,2,10,3,4,5
2013-04-30,B228,8,3,5,0,0,0,3,1,2,8
2013-05-31,B228,4,3,0,0,1,1,2,6,3,11
2013-06-30,B228,10,5,0,0,0,0,0,1,2,12
2013-07-31,B228,10,2,0,0,0,1,0,0,0,18
2013-08-31,B228,5,3,0,0,0,0,0,0,3,20
2013-09-30,B228,7,2,0,0,0,4,1,4,2,10
2013-10-31,B228,10,3,0,0,4,5,1,1,1,6
2013-11-30,B228,3,7,4,0,0,0,1,8,5,2
2013-12-31,B228,18,4,0,0,0,2,3,1,3,0
2014-01-31,B228,3,0,0,0,3,5,3,9,2,6
2014-02-28,B228,2,0,0,0,0,4,9,8,2,3
2014-03-31,B228,10,3,3,0,2,0,0,8,3,2
2014-04-30,B228,4,1,0,0,1,1,0,4,5,14
2014-05-31,B228,10,4,0,0,2,1,0,1,3,10
2014-06-30,B228,7,5,0,0,1,0,0,3,1,13
2014-07-31,B228,6,0,0,1,1,0,0,0,8,15
2014-08-31,B228,7,1,0,0,0,0,0,0,1,22
2014-09-30,B228,4,0,0,1,1,0,0,0,1,23
2014-10-31,B228,13,0,0,1,0,4,1,1,3,8
2014-11-30,B228,2,0,0,1,8,6,6,3,1,3
2014-12-31,B228,4,3,0,0,1,1,0,1,16,5
2015-01-31,B228,8,2,0,0,0,1,1,6,8,5
2015-02-28,B228,5,2,1,1,0,0,1,3,7,8
2015-03-31,B228,5,2,3,5,0,0,1,5,6,4
2015-04-30,B228,10,1,1,2,3,0,0,1,3,9
2015-05-31,B228,11,6,0,0,0,1,2,1,5,5
2015-06-30,B228,9,1,0,0,0,0,0,1,5,14
2015-07-31,B228,6,0,0,0,0,0,0,1,1,23
2015-08-31,B228,10,0,0,0,0,0,1,0,1,19
2015-09-30,B228,3,2,1,1,1,2,2,1,4,13
2015-10-31,B228,4,3,0,1,2,1,4,0,4,12
2015-11-30,B228,15,1,0,1,2,0,0,4,7,0
2015-12-31,B228,26,1,0,0,3,1,0,0,0,0
2016-01-31,B228,10,0,0,0,0,2,9,4,3,3
2016-02-29,B228,7,1,0,0,0,1,7,6,2,5
2016-03-31,B228,2,3,1,1,1,0,3,7,5,8
2016-04-30,B228,8,5,1,0,0,5,2,2,3,4
2016-05-31,B228,8,0,0,0,3,0,0,4,5,11
2016-06-30,B228,10,1,0,0,0,0,0,3,3,13
2016-07-31,B228,7,6,0,0,0,0,0,0,2,16
2016-08-31,B228,8,8,0,0,0,0,0,0,1,14
2016-09-30,B228,12,1,0,0,0,0,1,0,4,12
2016-10-31,B228,9,2,0,1,4,0,0,0,1,14
2016-11-30,B228,6,3,1,0,2,3,0,6,0,9
2016-12-31,B228,14,2,3,3,1,0,0,1,4,3
2017-01-31,B228,5,6,2,0,2,2,1,1,7,5
2017-02-28,B228,10,2,1,3,2,2,3,2,3,0
2017-03-31,B228,11,0,3,0,1,1,2,2,4,7
2017-04-30,B228,9,6,2,0,0,1,0,2,2,8
2017-05-31,B228,16,1,0,1,1,1,1,0,0,10
2017-06-30,B228,6,3,0,0,1,0,0,4,0,16
2017-07-31,B228,5,1,0,1,1,0,0,0,5,18
2017-08-31,B228,12,1,0,0,0,0,0,0,2,16
2017-09-30,B228,10,0,0,0,0,0,1,2,3,14
2017-10-31,B228,19,2,0,0,0,2,0,0,5,3
2017-11-30,B228,8,4,0,0,0,2,0,1,8,7
2017-12-31,B228,6,4,0,0,0,2,4,7,8,0
2018-01-31,B228,8,1,1,0,1,1,3,10,2,4
2018-02-28,B228,3,3,1,0,1,0,1,5,4,10
2018-03-31,B228,0,1,0,0,1,5,8,9,2,5
2018-04-30,B228,9,2,1,1,2,3,3,0,1,8
2018-05-31,B228,2,3,0,0,1,0,0,0,5,20
2018-06-30,B228,3,2,0,0,0,1,0,1,3,20
2018-07-31,B228,3,0,0,0,0,0,0,0,1,27
2018-08-31,B228,4,3,0,0,0,0,0,0,1,23
2018-09-30,B228,8,2,2,0,0,0,0,0,3,15
2018-10-31,B228,3,6,2,1,3,2,0,1,2,11
2018-11-30,B228,3,1,2,4,1,6,3,1,2,7
2018-12-31,B228,15,2,0,0,0,1,1,4,6,2
2019-01-31,B228,2,5,0,0,0,1,1,7,11,4
2019-02-28,B228,11,3,2,1,2,1,1,1,6,0
2019-03-31,B228,7,6,1,1,1,1,4,3,4,3
2019-04-30,B228,3,0,2,2,1,4,3,5,3,7
2019-05-31,B228,4,5,0,0,0,1,1,1,5,14
2019-06-30,B228,10,0,0,0,0,0,0,0,0,20
2019-07-31,B228,6,1,0,0,0,0,0,2,0,22
2019-08-31,B228,7,2,0,0,0,0,0,0,1,21
2019-09-30,B228,8,4,2,1,1,0,0,1,0,13
2019-10-31,B228,9,0,0,1,2,3,0,2,3,11
2019-11-30,B228,0,0,0,0,0,5,6,11,4,4
2019-12-31,B228,10,0,3,0,2,3,1,7,3,2
2020-01-31,B228,18,1,1,3,0,0,3,1,2,2
2020-02-29,B228,17,1,0,0,0,1,1,6,3,0
2020-03-31,B228,3,4,3,5,1,0,3,4,4,4
2020-04-30,B228,9,1,0,2,2,0,1,2,0,13
2020-05-31,B228,7,3,1,0,1,0,1,2,2,14
2020-06-30,B228,5,0,0,0,0,2,0,5,1,17
2020-07-31,B228,4,3,0,0,0,0,0,0,2,22
2020-08-31,B228,10,0,0,0,0,1,0,0,6,14
2020-09-30,B228,6,1,1,0,0,0,2,3,1,16
2020-10-31,B228,10,0,0,0,4,0,5,6,3,3
2020-11-30,B228,15,5,1,3,3,1,0,0,1,1
2020-12-31,B228,8,0,0,0,1,2,9,5,4,2
2021-01-31,B228,2,1,3,0,0,1,3,12,4,5
2021-02-28,B228,7,1,1,1,5,5,2,4,0,2
2021-03-31,B228,13,8,2,3,0,0,0,1,4,0
2021-04-30,B228,6,5,1,0,3,0,0,0,2,13
2021-05-31,B228,10,0,0,0,1,2,1,7,2,8
2021-06-30,B228,6,1,0,0,0,0,0,0,1,22
2021-07-31,B228,6,2,0,0,0,0,0,1,1,21
2021-08-31,B228,4,0,0,0,0,0,0,1,2,24
2021-09-30,B228,9,0,3,0,1,1,0,0,1,15
2021-10-31,B228,12,7,0,0,0,2,1,1,1,7
2021-11-30,B228,2,10,0,0,0,0,1,7,1,9
2021-12-31,B228,11,0,2,0,0,2,4,8,3,1
1981-01-31,B954,7,5,0,0,0,0,0,5,11,3
1981-02-28,B954,4,3,2,1,0,3,1,4,5,5
1981-03-31,B954,15,1,0,0,0,3,1,3,2,6
1981-04-30,B954,4,2,4,0,1,0,0,1,4,14
1981-05-31,B954,10,0,1,1,3,1,1,4,4,6
1981-06-30,B954,5,10,4,1,0,0,0,0,1,9
1981-07-31,B954,1,11,6,1,1,0,0,0,1,10
1981-08-31,B954,2,4,7,0,0,0,0,0,0,18
1981-09-30,B954,5,0,0,1,0,1,2,2,2,17
1981-10-31,B954,12,1,1,1,0,3,1,4,2,6
1981-11-30,B954,17,2,1,0,3,0,0,1,5,1
1981-12-31,B954,0,2,0,0,0,3,8,14,3,1
1982-01-31,B954,6,0,0,3,1,2,3,3,11,2
1982-02-28,B954,6,1,0,0,5,0,0,2,7,7
1982-03-31,B954,8,3,3,1,2,0,0,2,8,4
1982-04-30,B954,3,8,2,0,1,1,0,0,2,13
1982-05-31,B954,10,5,4,0,2,0,0,0,0,10
1982-06-30,B954,5,0,1,1,0,0,0,0,4,19
1982-07-31,B954,1,3,3,0,1,0,0,0,0,23
1982-08-31,B954,1,7,1,1,0,0,0,0,0,21
1982-09-30,B954,6,5,3,1,2,1,0,0,1,11
1982-10-31,B954,6,1,4,0,0,1,1,7,4,7
1982-11-30,B954,7,2,1,1,1,5,0,3,7,3
1982-12-31,B954,9,0,0,0,0,0,6,8,8,0
1983-01-31,B954,14,2,0,0,0,1,0,6,8,0
1983-02-28,B954,8,1,0,1,3,0,0,3,3,9
1983-03-31,B954,11,3,0,0,2,0,0,3,8,4
1983-04-30,B954,6,2,1,0,4,5,2,5,1,4
1983-05-31,B954,8,0,0,0,1,1,1,3,3,14
1983-06-30,B954,2,7,3,5,0,0,0,0,0,13
1983-07-31,B954,3,0,0,2,0,0,0,0,1,25
1983-08-31,B954,0,4,7,0,0,0,0,0,1,19
1983-09-30,B954,11,4,1,0,1,0,0,0,2,11
1983-10-31,B954,13,3,0,1,2,0,0,1,3,8
1983-11-30,B954,4,1,0,2,3,1,0,1,4,14
1983-12-31,B954,9,4,1,0,0,3,3,6,5,0
1984-01-31,B954,7,2,0,0,0,1,5,10,5,1
1984-02-29,B954,6,5,1,0,1,0,0,2,7,7
1984-03-31,B954,2,8,1,1,1,1,3,4,3,7
1984-04-30,B954,5,1,1,3,2,0,0,3,4,11
1984-05-31,B954,0,4,0,0,0,2,2,5,1,17
1984-06-30,B954,4,4,3,5,0,2,2,1,0,9
1984-07-31,B954,3,5,2,1,3,0,0,0,0,17
1984-08-31,B954,4,3,6,0,0,0,0,0,0,18
1984-09-30,B954,4,1,0,0,0,1,0,2,5,17
1984-10-31,B954,8,4,2,2,0,4,3,2,2,4
1984-11-30,B954,6,0,0,0,5,3,5,4,0,7
1984-12-31,B954,7,4,0,1,3,1,2,4,6,3
1985-01-31,B954,3,2,0,0,0,2,5,4,7,8
1985-02-28,B954,3,1,3,1,3,4,7,2,1,3
1985-03-31,B954,7,7,0,0,0,0,2,6,6,3
1985-04-30,B954,6,6,0,0,1,3,2,1,3,8
1985-05-31,B954,5,2,4,1,0,0,0,2,2,15
1985-06-30,B954,9,7,1,0,0,0,0,0,1,12
1985-07-31,B954,3,1,4,1,0,0,0,0,0,22
1985-08-31,B954,5,2,5,0,0,0,0,0,1,18
1985-09-30,B954,9,1,2,1,0,0,0,0,0,17
1985-10-31,B954,10,2,1,3,2,1,0,0,1,11
1985-11-30,B954,3,2,2,0,0,2,2,4,4,11
1985-12-31,B954,7,3,0,0,0,5,3,3,6,4
1986-01-31,B954,2,0,0,0,0,0,5,11,9,4
1986-02-28,B954,1,0,0,2,1,2,6,6,5,5
1986-03-31,B954,10,5,0,0,0,0,1,4,6,5
1986-04-30,B954,1,1,0,1,1,2,0,3,8,13
1986-05-31,B954,10,5,1,2,0,0,0,0,0,13
1986-06-30,B954,5,7,3,1,0,0,0,0,1,13
1986-07-31,B954,0,8,8,1,0,0,0,0,0,14
1986-08-31,B954,2,3,3,0,0,0,0,0,0,23
1986-09-30,B954,8,5,5,0,1,0,0,0,1,10
1986-10-31,B954,6,3,2,4,1,0,0,2,2,11
1986-11-30,B954,9,7,1,0,3,2,0,4,3,1
1986-12-31,B954,9,0,0,0,0,2,2,7,11,0
1987-01-31,B954,5,2,1,2,0,4,2,5,7,3
1987-02-28,B954,4,2,0,0,0,2,2,5,8,5
1987-03-31,B954,8,2,3,2,0,0,1,2,5,8
1987-04-30,B954,8,2,1,1,4,3,1,3,2,5
1987-05-31,B954,3,8,0,0,1,0,0,0,2,17
1987-06-30,B954,9,1,5,0,1,0,0,0,3,11
1987-07-31,B954,2,5,10,0,0,0,0,0,0,14
1987-08-31,B954,1,2,3,0,0,0,0,0,0,25
1987-09-30,B954,9,4,1,2,0,2,0,0,0,12
1987-10-31,B954,6,0,0,1,6,3,2,5,0,8
1987-11-30,B954,7,0,2,3,1,0,2,5,7,3
1987-12-31,B954,14,0,0,0,3,2,4,1,1,6
1988-01-31,B954,6,0,0,2,1,4,6,5,4,3
1988-02-29,B954,7,0,0,2,2,0,4,2,9,3
1988-03-31,B954,5,3,0,0,0,0,1,11,9,2
1988-04-30,B954,5,2,0,0,2,0,1,1,3,16
1988-05-31,B954,10,5,2,0,0,1,1,0,0,12
1988-06-30,B954,2,5,4,1,1,0,0,0,1,16
1988-07-31,B954,5,4,6,0,0,0,0,0,1,15
1988-08-31,B954,3,5,2,0,0,0,0,0,0,21
1988-09-30,B954,9,5,3,2,0,0,1,1,0,9
1988-10-31,B954,9,0,2,3,5,1,0,0,0,11
1988-11-30,B954,7,4,0,6,5,0,1,1,2,4
1988-12-31,B954,9,8,0,0,0,0,1,5,8,0
1989-01-31,B954,18,3,1,0,3,1,1,0,3,1
1989-02-28,B954,11,2,1,3,1,0,2,4,2,2
1989-03-31,B954,8,5,1,1,4,0,1,2,5,4
1989-04-30,B954,1,0,0,0,4,1,2,7,6,9
1989-05-31,B954,9,3,4,3,0,0,0,0,2,10
1989-06-30,B954,4,1,1,0,0,0,0,0,0,24
1989-07-31,B954,0,5,4,1,0,0,0,0,0,21
1989-08-31,B954,0,1,1,0,0,0,0,0,1,28
1989-09-30,B954,2,6,5,0,0,0,0,0,1,16
1989-10-31,B954,11,1,4,4,4,0,0,0,4,3
1989-11-30,B954,3,0,0,4,7,4,2,5,0,5
1989-12-31,B954,2,0,1,6,4,6,6,1,1,4
1990-01-31,B954,8,7,4,0,0,4,4,1,1,2
1990-02-28,B954,16,0,0,0,2,1,0,8,0,1
1990-03-31,B954,13,3,3,4,3,0,0,0,2,3
1990-04-30,B954,3,1,2,2,1,0,1,0,8,12
1990-05-31,B954,3,3,4,3,1,0,0,0,1,16
1990-06-30,B954,3,0,2,0,1,0,0,0,2,22
1990-07-31,B954,2,6,3,1,0,0,0,0,0,19
1990-08-31,B954,2,3,4,0,0,0,0,0,0,22
1990-09-30,B954,3,1,0,1,1,0,0,2,1,21
1990-10-31,B954,0,4,2,0,1,3,1,8,0,12
1990-11-30,B954,1,5,1,1,2,0,5,6,6,3
1990-12-31,B954,7,5,4,0,0,1,0,5,6,3
1991-01-31,B954,11,2,6,0,0,1,5,1,5,0
1991-02-28,B954,6,3,1,0,1,0,4,4,4,5
1991-03-31,B954,3,3,3,0,2,5,4,2,1,8
1991-04-30,B954,8,2,3,2,0,0,0,4,5,6
1991-05-31,B954,3,7,2,2,0,0,0,0,7,10
1991-06-30,B954,6,4,4,2,0,0,0,1,1,12
1991-07-31,B954,3,3,1,1,0,0,0,0,1,22
1991-08-31,B954,1,3,4,0,0,0,0,0,0,23
1991-09-30,B954,5,0,0,2,0,0,2,0,2,19
1991-10-31,B954,3,3,4,0,2,0,3,0,6,10
1991-11-30,B954,6,1,0,1,2,0,4,7,7,2
1991-12-31,B954,11,2,1,4,2,0,0,2,6,3
1992-01-31,B954,14,4,2,0,1,2,2,0,1,5
1992-02-29,B954,14,2,3,2,2,1,1,2,2,0
1992-03-31,B954,9,5,4,0,1,0,3,2,6,1
1992-04-30,B954,3,3,0,0,1,1,2,2,6,12
1992-05-31,B954,10,5,2,1,1,0,0,0,0,12
1992-06-30,B954,3,3,1,0,0,0,0,1,4,18
1992-07-31,B954,3,6,3,0,0,0,0,0,1,18
1992-08-31,B954,7,2,1,0,0,0,0,1,1,19
1992-09-30,B954,9,0,2,0,1,0,0,0,0,18
1992-10-31,B954,2,0,1,0,1,1,4,4,7,11
1992-11-30,B954,14,2,0,0,0,0,3,5,6,0
1992-12-31,B954,4,5,1,4,2,2,3,3,3,4
1993-01-31,B954,19,3,0,2,0,1,2,1,3,0
1993-02-28,B954,10,7,4,3,1,0,0,0,1,2
1993-03-31,B954,8,2,0,2,4,1,0,2,2,10
1993-04-30,B954,3,1,0,0,2,2,2,4,3,13
1993-05-31,B954,8,3,1,2,2,1,0,3,0,11
1993-06-30,B954,10,0,3,0,0,0,0,0,1,16
1993-07-31,B954,4,7,6,1,0,0,0,0,1,12
1993-08-31,B954,1,3,2,0,0,0,0,0,1,24
1993-09-30,B954,5,1,0,1,0,0,1,2,4,16
1993-10-31,B954,1,3,5,1,0,7,4,3,3,4
1993-11-30,B954,7,4,2,1,1,2,0,5,1,7
1993-12-31,B954,14,0,0,0,0,0,2,10,4,1
1994-01-31,B954,7,5,1,0,0,1,4,8,5,0
1994-02-28,B954,2,1,0,1,1,4,4,4,8,3
1994-03-31,B954,17,3,1,1,1,0,0,0,4,4
1994-04-30,B954,3,1,3,0,0,2,0,3,13,5
1994-05-31,B954,8,0,1,1,0,0,2,1,2,16
1994-06-30,B954,4,8,4,0,0,0,0,0,1,13
1994-07-31,B954,0,4,3,0,0,0,0,0,0,24
1994-08-31,B954,1,2,2,0,0,0,0,0,2,24
1994-09-30,B954,6,6,1,0,0,0,0,1,0,16
1994-10-31,B954,7,0,2,2,1,1,1,3,1,13
1994-11-30,B954,10,0,0,0,3,1,4,4,4,4
1994-12-31,B954,11,2,0,0,2,0,5,3,8,0
1995-01-31,B954,7,3,0,0,0,3,3,5,10,0
1995-02-28,B954,15,1,1,0,0,0,2,7,1,1
1995-03-31,B954,10,3,3,2,2,0,1,4,4,2
1995-04-30,B954,7,2,1,1,1,0,1,3,2,12
1995-05-31,B954,5,4,1,2,3,0,0,2,1,13
1995-06-30,B954,2,2,5,0,0,0,0,0,1,20
1995-07-31,B954,3,3,4,2,0,0,0,0,1,18
1995-08-31,B954,0,7,6,0,0,0,0,0,0,18
1995-09-30,B954,1,6,0,0,0,0,2,4,2,15
1995-10-31,B954,8,3,0,1,4,1,0,0,0,14
1995-11-30,B954,5,1,1,0,3,1,5,3,5,6
1995-12-31,B954,2,1,0,3,1,2,8,2,3,9
1996-01-31,B954,0,0,0,4,5,6,4,2,3,7
1996-02-29,B954,2,3,1,0,0,1,1,8,7,6
1996-03-31,B954,4,4,1,2,2,1,0,4,4,9
1996-04-30,B954,5,5,1,0,4,0,1,1,4,9
1996-05-31,B954,9,2,0,1,1,0,2,2,3,11
1996-06-30,B954,5,7,4,1,1,0,0,0,2,10
1996-07-31,B954,4,4,5,1,0,0,0,0,1,16
1996-08-31,B954,1,4,4,0,0,0,0,0,1,21
1996-09-30,B954,3,1,4,0,0,0,1,6,4,11
1996-10-31,B954,10,4,0,0,1,1,0,3,5,7
1996-11-30,B954,8,0,0,0,0,4,2,9,2,5
1996-12-31,B954,3,0,0,0,1,7,4,3,3,10
1997-01-31,B954,7,1,1,1,6,3,0,2,3,7
1997-02-28,B954,24,0,0,0,0,0,0,3,1,0
1997-03-31,B954,14,4,4,0,0,0,0,0,3,6
1997-04-30,B954,4,1,4,3,0,0,0,1,4,13
1997-05-31,B954,9,0,5,2,1,0,1,3,0,10
1997-06-30,B954,6,7,0,0,0,0,1,1,2,13
1997-07-31,B954,1,13,5,0,0,0,0,0,0,12
1997-08-31,B954,5,1,1,0,0,0,0,1,0,23
1997-09-30,B954,2,2,3,2,0,0,0,0,0,21
1997-10-31,B954,3,5,0,0,3,2,0,3,3,12
1997-11-30,B954,3,0,0,0,1,5,8,6,3,4
1997-12-31,B954,4,1,0,0,1,3,2,12,4,4
1998-01-31,B954,6,1,0,1,6,2,1,5,4,5
1998-02-28,B954,13,2,0,1,4,2,0,0,2,4
1998-03-31,B954,9,6,2,1,2,2,0,1,4,4
1998-04-30,B954,7,1,0,1,0,2,5,6,3,5
1998-05-31,B954,3,6,0,1,3,0,0,0,4,14
1998-06-30,B954,8,2,3,0,1,1,0,0,2,13
1998-07-31,B954,1,8,2,0,0,0,0,0,1,19
1998-08-31,B954,1,10,1,1,1,0,0,0,0,17
1998-09-30,B954,4,0,3,0,0,1,2,6,3,11
1998-10-31,B954,13,0,0,0,0,0,1,3,10,4
1998-11-30,B954,5,4,0,0,0,0,2,6,8,5
1998-12-31,B954,11,1,1,0,0,5,2,3,6,2
1999-01-31,B954,11,2,0,1,3,0,1,3,5,5
1999-02-28,B954,0,7,0,2,0,0,1,6,11,1
1999-03-31,B954,4,5,3,0,5,1,1,5,3,4
1999-04-30,B954,12,1,0,1,0,2,1,3,4,6
1999-05-31,B954,6,1,0,2,1,0,0,2,4,15
1999-06-30,B954,5,10,4,0,0,0,0,0,0,11
1999-07-31,B954,0,8,3,0,0,0,0,0,0,20
1999-08-31,B954,2,3,1,0,0,0,0,0,0,25
1999-09-30,B954,10,1,3,1,0,1,0,1,2,11
1999-10-31,B954,8,1,4,3,0,3,2,1,0,9
1999-11-30,B954,10,5,1,0,0,0,0,3,5,6
1999-12-31,B954,9,5,0,0,0,0,4,6,5,2
2000-01-31,B954,13,3,3,3,1,0,1,0,6,1
2000-02-29,B954,15,1,0,0,0,1,1,6,5,0
2000-03-31,B954,11,3,1,0,2,0,0,1,3,10
2000-04-30,B954,6,0,0,3,0,4,2,7,2,6
2000-05-31,B954,3,2,1,3,1,0,0,0,1,20
2000-06-30,B954,1,5,3,4,0,0,0,0,2,15
2000-07-31,B954,4,5,1,1,0,0,0,0,3,17
2000-08-31,B954,1,3,2,0,0,0,0,0,0,25
2000-09-30,B954,6,2,1,0,0,0,0,1,2,18
2000-10-31,B954,5,2,0,4,1,0,3,4,5,7
2000-11-30,B954,6,0,0,1,0,4,7,7,3,2
2000-12-31,B954,8,0,0,0,2,8,4,7,0,2
2001-01-31,B954,1,1,0,0,0,7,9,2,5,6
2001-02-28,B954,3,4,1,0,0,2,5,5,7,1
2001-03-31,B954,7,1,0,0,1,3,7,7,2,3
2001-04-30,B954,8,5,0,0,1,1,0,3,6,6
2001-05-31,B954,6,11,2,0,0,1,0,0,3,8
2001-06-30,B954,4,8,4,0,0,0,0,0,1,13
2001-07-31,B954,4,5,5,1,0,0,0,0,1,15
2001-08-31,B954,4,3,2,0,0,0,0,0,0,22
2001-09-30,B954,4,5,0,2,1,0,0,0,1,17
2001-10-31,B954,15,0,1,2,4,2,1,0,0,6
2001-11-30,B954,4,7,2,1,0,0,0,2,8,6
2001-12-31,B954,13,4,2,2,0,0,2,0,3,5
2002-01-31,B954,16,0,0,4,2,4,1,2,2,0
2002-02-28,B954,10,3,2,0,0,2,3,3,3,2
2002-03-31,B954,8,3,2,2,2,3,0,1,3,7
2002-04-30,B954,7,3,0,1,1,1,1,1,4,11
2002-05-31,B954,6,1,1,2,2,1,0,1,7,10
2002-06-30,B954,2,1,8,5,0,0,0,2,2,10
2002-07-31,B954,1,11,4,0,0,0,0,0,0,15
2002-08-31,B954,0,2,3,0,0,0,0,0,2,24
2002-09-30,B954,2,2,0,2,1,0,0,0,3,20
2002-10-31,B954,12,0,0,0,1,5,2,5,1,5
2002-11-30,B954,1,0,0,0,0,5,5,7,8,4
2002-12-31,B954,6,0,0,0,1,5,4,5,5,5
2003-01-31,B954,1,7,0,0,0,0,7,4,9,3
2003-02-28,B954,5,3,2,2,4,1,0,3,3,5
2003-03-31,B954,14,1,1,2,3,1,0,2,0,7
2003-04-30,B954,7,5,1,1,1,3,1,1,2,8
2003-05-31,B954,7,8,2,0,0,0,0,0,0,14
2003-06-30,B954,1,2,4,6,0,0,0,0,0,17
2003-07-31,B954,0,4,3,1,0,0,0,1,1,21
2003-08-31,B954,0,1,0,0,0,0,0,0,0,30
2003-09-30,B954,6,2,5,1,0,1,0,0,4,11
2003-10-31,B954,3,1,1,1,0,2,3,3,3,14
2003-11-30,B954,8,0,2,0,1,4,0,6,1,8
2003-12-31,B954,5,2,0,0,3,3,1,5,7,5
2004-01-31,B954,9,0,0,0,0,0,3,7,12,0
2004-02-29,B954,13,0,0,1,0,0,1,4,2,8
2004-03-31,B954,8,4,3,2,2,0,0,2,5,5
2004-04-30,B954,4,6,0,3,0,2,1,4,1,9
2004-05-31,B954,6,4,3,1,0,0,0,5,3,9
2004-06-30,B954,6,5,5,0,0,0,0,1,0,13
2004-07-31,B954,1,5,2,1,0,0,0,0,1,21
2004-08-31,B954,5,3,0,0,0,2,0,0,1,20
2004-09-30,B954,3,6,1,6,0,0,0,0,2,12
2004-10-31,B954,6,0,0,1,1,6,3,4,0,10
2004-11-30,B954,8,8,0,0,1,1,0,2,6,4
2004-12-31,B954,4,6,0,2,0,1,0,4,7,7
2005-01-31,B954,12,2,0,1,1,0,0,1,14,0
2005-02-28,B954,5,5,2,1,1,0,0,5,5,4
2005-03-31,B954,11,1,1,0,2,3,0,2,5,6
2005-04-30,B954,4,1,2,0,5,0,0,4,4,10
2005-05-31,B954,3,5,2,3,2,0,0,0,2,14
2005-06-30,B954,1,4,5,1,1,0,0,0,0,18
2005-07-31,B954,2,7,2,0,0,0,0,0,0,20
2005-08-31,B954,0,10,5,1,0,0,0,0,1,14
2005-09-30,B954,7,4,1,0,0,0,0,0,0,18
2005-10-31,B954,8,2,0,0,6,0,0,0,0,15
2005-11-30,B954,6,3,0,1,0,1,1,5,4,9
2005-12-31,B954,7,8,0,0,0,1,5,5,2,3
2006-01-31,B954,7,6,1,2,2,1,0,2,4,6
2006-02-28,B954,5,4,1,0,0,0,7,1,2,8
2006-03-31,B954,5,0,0,0,1,1,4,7,4,9
2006-04-30,B954,4,7,2,3,3,1,0,1,3,6
2006-05-31,B954,3,7,2,3,0,1,0,0,0,15
2006-06-30,B954,2,5,4,5,1,0,0,0,0,13
2006-07-31,B954,1,1,6,1,0,0,0,0,0,22
2006-08-31,B954,4,9,0,0,0,0,0,0,1,17
2006-09-30,B954,6,0,0,0,3,1,0,2,3,15
2006-10-31,B954,5,1,1,0,4,3,3,1,2,11
2006-11-30,B954,11,2,0,2,2,4,3,3,3,0
2006-12-31,B954,10,9,1,0,1,0,3,4,2,1
2007-01-31,B954,18,1,1,1,0,0,1,4,2,3
2007-02-28,B954,9,0,0,0,0,1,5,8,3,2
2007-03-31,B954,6,4,1,0,0,1,0,7,6,6
2007-04-30,B954,2,4,5,2,0,0,0,0,3,14
2007-05-31,B954,7,1,3,2,0,1,0,3,7,7
2007-06-30,B954,10,5,3,0,0,0,0,0,1,11
2007-07-31,B954,4,4,2,0,3,0,0,0,0,18
2007-08-31,B954,2,6,5,2,0,0,0,0,0,16
2007-09-30,B954,5,4,5,0,0,0,0,0,2,14
2007-10-31,B954,2,12,1,1,0,0,0,1,2,12
2007-11-30,B954,4,11,0,0,0,3,1,1,5,5
2007-12-31,B954,5,6,0,1,3,0,0,5,8,3
2008-01-31,B954,14,1,1,0,0,4,4,4,2,1
2008-02-29,B954,13,0,1,5,6,1,2,0,0,1
2008-03-31,B954,5,2,0,0,1,1,1,8,8,5
2008-04-30,B954,8,2,0,0,0,5,3,3,5,4
2008-05-31,B954,2,2,2,5,0,0,0,1,2,17
2008-06-30,B954,2,7,6,3,0,0,0,0,0,12
2008-07-31,B954,1,5,3,0,0,0,0,0,0,22
2008-08-31,B954,2,1,1,0,0,0,0,0,1,26
2008-09-30,B954,3,3,2,1,0,0,1,0,2,18
2008-10-31,B954,8,1,3,2,1,1,1,2,1,11
2008-11-30,B954,5,6,0,0,1,0,2,6,6,4
2008-12-31,B954,4,0,0,2,2,0,2,6,8,7
2009-01-31,B954,5,3,2,0,0,1,3,9,3,5
2009-02-28,B954,6,2,1,0,0,4,2,4,6,3
2009-03-31,B954,11,2,3,0,0,0,0,2,4,9
2009-04-30,B954,4,1,0,0,1,1,0,3,6,14
2009-05-31,B954,3,6,2,3,3,0,0,0,2,12
2009-06-30,B954,8,2,1,0,0,0,0,0,0,19
2009-07-31,B954,4,2,0,0,3,0,0,0,0,22
2009-08-31,B954,0,5,5,0,0,0,0,0,0,21
2009-09-30,B954,1,5,6,0,0,0,0,0,0,18
2009-10-31,B954,5,6,0,0,1,4,1,1,5,8
2009-11-30,B954,8,0,0,0,0,6,2,11,1,2
2009-12-31,B954,6,1,0,0,0,4,6,7,2,5
2010-01-31,B954,4,3,1,1,0,1,3,10,3,5
2010-02-28,B954,1,1,1,1,1,5,6,4,3,5
2010-03-31,B954,8,6,1,0,3,4,1,2,1,5
2010-04-30,B954,10,4,4,0,1,0,0,0,2,9
2010-05-31,B954,4,3,1,0,1,1,0,1,7,13
2010-06-30,B954,0,6,1,0,0,1,0,0,2,20
2010-07-31,B954,0,8,4,0,0,0,0,0,0,19
2010-08-31,B954,6,5,2,0,0,0,0,0,0,18
2010-09-30,B954,3,4,2,0,1,0,1,0,4,15
2010-10-31,B954,5,0,0,0,0,4,2,0,8,12
2010-11-30,B954,1,1,1,0,1,3,3,11,4,5
2010-12-31,B954,5,4,0,0,2,7,1,5,3,4
2011-01-31,B954,6,5,2,0,0,4,1,2,2,9
2011-02-28,B954,7,2,0,0,0,1,3,6,9,0
2011-03-31,B954,3,0,3,6,4,0,0,3,5,7
2011-04-30,B954,2,6,3,2,4,1,0,0,0,12
2011-05-31,B954,6,5,2,2,2,0,0,1,0,13
2011-06-30,B954,8,3,3,1,0,0,0,0,1,14
2011-07-31,B954,1,4,2,0,0,0,0,0,3,21
2011-08-31,B954,0,2,1,1,1,0,0,0,0,26
2011-09-30,B954,4,3,3,2,0,0,0,0,1,17
2011-10-31,B954,12,5,2,1,1,3,1,0,2,4
2011-11-30,B954,5,5,1,1,6,3,0,0,1,8
2011-12-31,B954,7,2,0,0,0,0,3,7,10,2
2012-01-31,B954,7,2,1,0,0,0,1,4,11,5
2012-02-29,B954,8,8,0,0,0,0,0,0,11,2
2012-03-31,B954,14,5,4,1,0,0,0,2,3,2
2012-04-30,B954,3,0,0,0,1,1,1,9,4,11
2012-05-31,B954,10,3,0,1,1,0,1,1,2,12
2012-06-30,B954,7,2,3,1,0,0,0,1,3,13
2012-07-31,B954,1,7,2,0,0,0,0,0,0,21
2012-08-31,B954,2,4,3,1,0,0,0,0,0,21
2012-09-30,B954,2,5,0,0,0,1,1,1,3,17
2012-10-31,B954,8,0,0,1,4,0,0,0,4,14
2012-11-30,B954,4,3,2,0,4,2,2,3,1,9
2012-12-31,B954,9,0,0,0,0,2,4,9,4,3
2013-01-31,B954,2,1,0,0,0,0,3,13,10,2
2013-02-28,B954,4,0,1,2,0,0,2,5,10,4
2013-03-31,B954,1,2,0,0,2,4,7,8,3,4
2013-04-30,B954,8,6,3,1,0,0,2,3,1,6
2013-05-31,B954,2,9,0,0,0,1,0,3,4,12
2013-06-30,B954,3,9,4,0,0,0,0,0,2,12
2013-07-31,B954,3,1,8,1,0,0,0,0,0,18
2013-08-31,B954,0,6,3,1,0,0,0,0,0,21
2013-09-30,B954,4,2,2,0,1,0,0,2,2,17
2013-10-31,B954,8,4,1,0,2,3,3,0,2,8
2013-11-30,B954,3,8,2,0,0,0,0,5,8,4
2013-12-31,B954,16,4,0,0,1,2,4,1,3,0
2014-01-31,B954,3,0,0,0,2,4,7,9,4,2
2014-02-28,B954,3,0,0,0,0,4,8,8,2,3
2014-03-31,B954,10,3,2,1,1,0,0,8,5,1
2014-04-30,B954,5,1,1,0,2,0,0,2,4,15
2014-05-31,B954,6,6,1,0,3,0,0,0,0,15
2014-06-30,B954,2,5,4,0,1,0,0,0,3,15
2014-07-31,B954,1,6,3,0,1,0,0,0,1,19
2014-08-31,B954,1,3,2,0,0,0,0,0,0,25
2014-09-30,B954,5,1,0,0,0,0,0,0,0,24
2014-10-31,B954,9,0,0,1,1,3,0,1,3,13
2014-11-30,B954,2,0,0,0,6,3,6,5,0,8
2014-12-31,B954,4,2,0,0,0,2,0,2,15,6
2015-01-31,B954,7,2,0,0,0,2,1,7,9,3
2015-02-28,B954,6,1,2,0,0,0,0,4,10,5
2015-03-31,B954,7,3,2,2,0,0,0,2,10,5
2015-04-30,B954,6,2,4,3,5,0,0,1,1,8
2015-05-31,B954,10,8,1,0,0,1,0,0,1,10
2015-06-30,B954,6,5,4,1,0,0,0,0,1,13
2015-07-31,B954,0,4,0,3,0,0,0,0,0,24
2015-08-31,B954,4,2,3,0,0,0,0,0,1,21
2015-09-30,B954,1,9,2,1,0,2,0,0,1,14
2015-10-31,B954,4,3,0,0,1,1,3,1,4,14
2015-11-30,B954,15,1,0,1,1,1,0,3,8,0
2015-12-31,B954,21,0,0,0,2,6,2,0,0,0
2016-01-31,B954,9,0,0,0,1,2,8,5,3,3
2016-02-29,B954,7,0,0,0,0,1,4,7,6,4
2016-03-31,B954,2,3,1,1,1,0,3,6,7,7
2016-04-30,B954,7,5,2,1,0,4,1,1,4,5
2016-05-31,B954,5,5,0,0,3,0,0,3,1,14
2016-06-30,B954,3,5,4,1,1,0,0,0,3,13
2016-07-31,B954,1,6,6,0,0,0,0,0,0,18
2016-08-31,B954,3,9,5,0,0,0,0,0,0,14
2016-09-30,B954,6,3,1,1,0,0,0,0,2,17
2016-10-31,B954,9,1,1,0,1,1,0,0,0,18
2016-11-30,B954,3,3,1,1,2,2,1,4,2,11
2016-12-31,B954,13,2,2,1,2,0,0,1,5,5
2017-01-31,B954,5,3,2,0,0,3,0,3,12,3
2017-02-28,B954,7,0,2,3,3,2,2,3,5,1
2017-03-31,B954,12,1,2,1,2,1,2,1,3,6
2017-04-30,B954,8,5,3,1,0,0,0,0,3,10
2017-05-31,B954,11,0,1,3,1,0,0,0,0,15
2017-06-30,B954,1,2,4,2,1,0,0,1,3,16
2017-07-31,B954,2,7,1,0,1,0,0,0,1,19
2017-08-31,B954,0,7,3,1,0,0,0,0,0,20
2017-09-30,B954,5,2,2,0,0,0,0,2,2,17
2017-10-31,B954,14,1,2,0,3,2,0,0,5,4
2017-11-30,B954,6,3,0,0,0,2,0,0,9,10
2017-12-31,B954,8,3,0,0,0,1,5,6,7,1
2018-01-31,B954,7,1,1,0,0,1,3,7,7,4
2018-02-28,B954,3,4,0,0,1,0,0,5,5,10
2018-03-31,B954,0,0,0,0,0,5,9,11,5,1
2018-04-30,B954,5,4,2,5,1,3,3,1,1,5
2018-05-31,B954,1,8,3,1,0,0,0,0,3,15
2018-06-30,B954,0,5,3,1,0,0,0,0,2,19
2018-07-31,B954,1,5,2,0,0,0,0,0,1,22
2018-08-31,B954,1,4,5,0,0,0,0,0,0,21
2018-09-30,B954,3,3,5,0,0,0,0,0,0,19
2018-10-31,B954,1,6,3,1,4,1,0,1,2,12
2018-11-30,B954,3,1,0,4,1,5,3,3,1,9
2018-12-31,B954,18,2,0,0,0,1,1,3,4,2
2019-01-31,B954,1,5,0,0,0,0,1,6,13,5
2019-02-28,B954,11,2,1,0,6,0,2,1,5,0
2019-03-31,B954,10,8,2,1,1,1,3,1,2,2
2019-04-30,B954,2,2,2,2,1,2,4,3,3,9
2019-05-31,B954,3,7,1,1,0,1,1,0,3,14
2019-06-30,B954,1,5,3,4,2,0,0,0,0,15
2019-07-31,B954,0,4,5,4,0,0,0,0,2,16
2019-08-31,B954,2,4,5,1,0,0,0,0,0,19
2019-09-30,B954,6,6,2,1,0,0,0,0,1,14
2019-10-31,B954,8,0,0,0,3,2,0,3,4,11
2019-11-30,B954,0,0,0,0,0,3,8,12,4,3
2019-12-31,B954,8,0,1,0,1,3,1,6,5,6
2020-01-31,B954,12,2,2,0,0,0,2,5,3,5
2020-02-29,B954,22,1,0,0,1,0,1,2,2,0
2020-03-31,B954,3,1,4,3,0,0,1,5,4,10
2020-04-30,B954,8,2,0,3,2,0,1,0,2,12
2020-05-31,B954,6,4,3,2,1,0,0,2,1,12
2020-06-30,B954,2,1,1,3,0,0,0,2,5,16
2020-07-31,B954,0,4,10,2,0,0,0,0,0,15
2020-08-31,B954,4,7,0,0,0,0,0,0,0,20
2020-09-30,B954,3,2,2,1,0,0,1,1,3,17
2020-10-31,B954,13,0,0,0,3,1,3,3,3,5
2020-11-30,B954,16,3,1,2,4,1,0,0,2,1
2020-12-31,B954,7,0,0,0,0,3,6,10,4,1
2021-01-31,B954,0,1,1,0,0,2,3,11,7,6
2021-02-28,B954,6,0,1,2,4,4,4,4,1,2
2021-03-31,B954,10,8,2,6,1,0,0,1,3,0
2021-04-30,B954,3,5,2,1,5,0,0,0,1,13
2021-05-31,B954,8,2,1,0,1,1,0,2,4,12
2021-06-30,B954,2,4,4,1,0,0,0,0,0,19
2021-07-31,B954,2,5,2,0,0,0,0,0,2,20
2021-08-31,B954,1,3,4,0,0,0,0,0,2,21
2021-09-30,B954,7,3,5,1,1,0,0,0,0,13
2021-10-31,B954,8,7,3,0,1,3,1,0,2,6
2021-11-30,B954,2,6,1,1,0,0,0,8,4,8
2021-12-31,B954,12,0,0,0,0,2,6,7,3,1
