dates,77470,76430,76500,76900,161530,161680,162420,162450,162890,163100,164290,164050,77650,77800,77610,165600,165460,165200,604900,603900,604020,603600,607150,6155A,6325O,7031,8019,8025,8414A,8416Y,8500A,9981A,0016A,76,0200E,B893,B278,B228,B954
1981-01-01,-0.015968546,-0.027765226,-0.041404273,-0.031103615,-0.04843699,-0.028518297,-0.033107776,-0.043787725,-0.016426984,-0.029745137,-0.011993408,-0.010023832,-0.04388654,-0.033949196,-0.034213435,-0.0056159785,-0.0056159785,-0.013065943,-0.022949954,-0.018202577,-0.007364333,-0.020588111,-0.015375468,0.003381929,-0.0146142775,-0.01804087,-0.013436085,-0.014643303,-0.012123413,-0.012123413,-0.013271507,-0.008784887,-0.011341986,-0.011600602,-0.011600602,-0.003148475,0.0029436748,0.0029436748,0.006814109
1981-02-01,-0.015341494,-0.023404244,-0.03459258,-0.023898907,-0.039173294,-0.014607747,-0.020955028,-0.033256978,-0.008538788,-0.020382576,-0.0066522537,-0.0067386627,-0.034420438,-0.01959692,-0.022779576,-0.002188036,-0.002188036,-0.004735886,-0.0113685345,-0.007784299,-0.0012400885,-0.010045814,-0.0053328453,0.004912846,-0.0121363485,-0.013303544,-0.0076646837,-0.008816867,-0.0070772297,-0.0070772297,-0.009682192,-0.008103063,-0.01147594,-0.013006803,-0.013006803,-0.0031773495,0.003660075,0.003660075,0.009500716
1981-03-01,-0.0058870097,-0.012262197,-0.02440747,-0.0062641758,-0.02805807,0.000325369,-0.0065888437,-0.016836599,0.011397119,-2.6486954e-05,0.0072987634,0.0066144466,-0.016353749,0.008299944,-0.0028474696,0.0059899306,0.0059899306,0.007611305,0.007914155,0.010146742,0.018525321,0.009806347,0.010584717,0.012525189,0.00071745843,-0.0012134976,0.00068182434,0.00024326869,0.002467041,0.002467041,-0.0023891437,0.00949713,-0.0001339541,-0.0020857186,-0.0020857186,-0.0011214036,0.02787908,0.02787908,0.024257872
1981-04-01,-0.008413408,-0.008074932,-0.014587296,-0.0011817194,-0.023455223,0.007299167,-0.003918907,-0.011512307,0.009830549,-0.0006346793,0.011869313,0.010279417,-0.0074242484,0.007393108,-0.0037378648,0.012718238,0.012718238,0.007915652,0.0063029323,0.009085879,0.013629458,0.010880947,0.012179566,0.0073750815,-0.003900737,-0.008144379,-0.002836942,-0.0015604655,-0.0005980428,-0.0005980428,-0.0030978608,0.0020394092,-0.0010538547,-0.0038200547,-0.0038200547,-0.004499934,0.014500427,0.014500427,0.01621098
1981-05-01,-0.0074454937,-0.013029049,-0.012047532,-0.0017423568,-0.022033123,0.011334775,-0.00205846,-0.0073188334,0.020210715,0.0061446857,0.015102586,0.013236284,-0.008583351,0.016422512,0.00107745,0.013566031,0.013566031,0.011636863,0.021693157,0.0230447,0.02443201,0.018175984,0.018122965,0.018731399,0.005944529,0.002706104,0.0049008047,0.0060816207,0.0065228273,0.0065228273,-0.00036005143,0.008395316,-0.0017526216,-0.0024372926,-0.0024372926,-0.004255559,0.031554922,0.031554922,0.027100245
1981-06-01,-0.0055461475,-0.008524284,-0.008179243,-0.0018569455,-0.016757088,0.015444779,0.0033417451,-0.0029840549,0.023005018,0.00985617,0.026821336,0.023625255,0.0018689191,0.03201706,0.0041997572,0.017513815,0.017513815,0.01896053,0.028601917,0.027097192,0.028604856,0.021849632,0.020322165,0.030621726,0.017182676,0.014043384,0.016339926,0.018861897,0.019611817,0.019611817,0.013734497,0.018038474,0.011901,0.010147621,0.010147621,-0.002415349,0.03632075,0.03632075,0.027022468
1981-07-01,-0.005710465,-0.008152888,-0.009930973,-0.0039128456,-0.020158377,0.015602833,0.0034795664,-0.0046253363,0.022757735,0.0061183427,0.019912213,0.01840508,-0.0022670606,0.033870324,0.0081246765,0.014824249,0.014824249,0.017784981,0.034524746,0.031303983,0.027035695,0.018222619,0.01877716,0.030206395,0.013872701,0.01373185,0.020595388,0.020541042,0.01821635,0.01821635,0.015603442,0.011938337,0.0063697128,0.0046344628,0.0046344628,-0.0019695575,0.03266042,0.03266042,0.026490318
1981-08-01,-0.005789592,-0.0067809667,-0.010054745,-0.004093687,-0.018939475,0.012627293,0.0040738857,-0.0044762106,0.019807704,0.0042845528,0.017618189,0.015828013,-0.0024747495,0.028981397,0.0039687213,0.020604426,0.020604426,0.019307133,0.023819916,0.021311441,0.021346373,0.012440491,0.016160483,0.020101978,0.01240766,0.007047653,0.014903115,0.015788438,0.014634196,0.014634196,0.010613771,0.010227663,0.0046869675,0.0025895934,0.0025895934,-0.0006326529,0.03339259,0.03339259,0.026023017
1981-09-01,-0.010714652,-0.016617212,-0.017211596,-0.007548277,-0.025266185,0.0022130557,-0.0073209843,-0.012784557,0.013394374,-0.0026800768,0.008538847,0.00765121,-0.0132386945,0.012696343,-0.0067393584,0.010457258,0.010457258,0.011780475,0.015267628,0.012682018,0.012577369,0.0045848847,0.008634745,0.019550238,0.0067042196,0.0016224119,0.0074698483,0.007280138,0.0072017414,0.0072017414,0.0024347801,0.0054852115,-0.0032489337,-0.005015215,-0.005015215,-0.0020273062,0.026181284,0.026181284,0.021791883
1981-10-01,-0.010227663,-0.020654727,-0.022629688,-0.011256163,-0.032091983,-0.004212185,-0.015546104,-0.019451622,0.0094733145,-0.0039318735,0.010726712,0.008607626,-0.026736788,0.0055594784,-0.0069702147,0.0024798138,0.0024798138,0.0069092624,0.011394422,0.009597829,0.009627048,0.0043920516,0.009027202,0.014453513,0.00022907872,-0.0040624407,0.0021551175,0.0009374225,0.0017443848,0.0017443848,-0.0028920772,0.0022891166,-0.008850003,-0.011085056,-0.011085056,-0.0045288084,0.02060547,0.02060547,0.019455591
1981-11-01,-0.004121563,-0.017108427,-0.024922015,-0.019654501,-0.03180178,-0.019340705,-0.02278102,-0.028231196,-0.007017846,-0.019677216,-0.004446599,-0.0048695803,-0.02601002,-0.014549609,-0.021141501,-0.0013402427,-0.0013402427,-0.00624119,-0.0062449486,-0.004138909,-0.0007522871,-0.00610342,-0.003108724,0.010229007,-0.009375098,-0.012719578,-0.0034822843,-0.006627546,-0.005862427,-0.005862427,-0.0069158245,-0.0060757813,-0.009985427,-0.008835174,-0.008835174,-0.0023291954,0.0057314555,0.0057314555,0.011590322
1981-12-01,-0.018087182,-0.030832242,-0.042524382,-0.028691938,-0.051791836,-0.021330573,-0.032177623,-0.041800875,-0.012890535,-0.0218372,-0.011842845,-0.010089636,-0.049320646,-0.029395059,-0.02611084,-0.00678309,-0.00678309,-0.007196901,-0.010711249,-0.011904776,-0.0027799786,-0.009911442,-0.004815674,-0.0018451994,-0.016682187,-0.023913912,-0.01816631,-0.017182752,-0.01718221,-0.01718221,-0.02017016,-0.010300727,-0.021886332,-0.023705078,-0.023705078,-0.002041626,0.003940328,0.003940328,0.009980943
1982-01-01,-0.01238288,-0.022757407,-0.03410419,-0.020263376,-0.04200574,-0.025189452,-0.024391562,-0.032848712,-0.013550104,-0.023247773,-0.0064042076,-0.0050302744,-0.033503216,-0.019182937,-0.020844763,-0.0013950255,-0.0013950255,-0.0054884693,-0.015738126,-0.011966516,-0.005830297,-0.0124229435,-0.006585083,-0.0047466946,-0.015397988,-0.019299826,-0.012967287,-0.015195138,-0.014621786,-0.014621786,-0.015243391,-0.008139545,-0.011871908,-0.014547701,-0.014547701,-0.0034503643,0.007257843,0.007257843,0.011681027
1982-02-01,-0.0132655045,-0.017276177,-0.031186732,-0.014385199,-0.035028968,-0.020651747,-0.021911059,-0.030296389,-0.012322519,-0.023529917,-0.0070242495,-0.007475972,-0.03113245,-0.020818911,-0.024901446,0.00068374263,0.00068374263,-0.005505454,-0.012451382,-0.008006383,-0.0027799786,-0.010080909,-0.005108541,0.001613847,-0.014210264,-0.01754125,-0.010008573,-0.010893516,-0.010541077,-0.010541077,-0.01138539,-0.0094362935,-0.013385713,-0.014494893,-0.014494893,-0.0036231407,0.0044075013,0.0044075013,0.008721882
1982-03-01,-0.014531834,-0.021080017,-0.031128142,-0.013378316,-0.037699066,-0.0069458615,-0.015348092,-0.024909396,-0.0034172207,-0.013285655,-0.0039860876,-0.0045849085,-0.028813398,-0.009975836,-0.017458567,0.0020969298,0.0020969298,-0.00027051553,2.5782092e-05,0.0013939382,0.0067589716,-0.004386234,-0.0009033203,0.011071486,-0.0063666557,-0.0054382747,0.0020759907,0.00016014463,0.0019375611,0.0019375611,-0.001903289,0.00018877159,-0.005542886,-0.007065824,-0.007065824,-0.0026165303,0.010933685,0.010933685,0.01632754
1982-04-01,-0.006014846,-0.01075862,-0.018116808,-0.002791374,-0.026177447,0.005737153,-0.0043236515,-0.012187669,0.0049380134,-0.0065238522,0.005102076,0.003679514,-0.014121162,0.006427362,-0.0083995145,0.008761373,0.008761373,0.007137661,-0.00092152564,0.0031705045,0.007852134,-0.0012324334,0.0030152386,0.011332582,-0.0012057397,-0.0022258759,0.0060452637,0.005280607,0.00570048,0.00570048,0.002794925,0.008949205,0.0031149795,-0.00066784705,-0.00066784705,-0.0011357234,0.022100575,0.022100575,0.020234426
1982-05-01,-0.005089477,-0.007451962,-0.00931892,0.0021041378,-0.022630963,0.014914745,0.0015589279,-0.0065179393,0.020650377,0.0056421533,0.0126044825,0.009972811,1.723678e-05,0.024485849,0.001934994,0.01679345,0.01679345,0.012998417,0.014230136,0.014088344,0.016203778,0.0076102256,0.010391642,0.021751476,0.0066922097,0.00426356,0.011956727,0.012513272,0.012540894,0.012540894,0.00743593,0.012827224,0.004366771,0.0006620114,0.0006620114,-0.00051762507,0.03370412,0.03370412,0.024218878
1982-06-01,-0.0036648926,-0.009183248,-0.010764624,-0.0010248984,-0.020320822,0.020010117,0.003359043,-0.0039499747,0.031012442,0.01197196,0.019646522,0.015879154,0.0011073925,0.03763609,0.008674352,0.019920684,0.019920684,0.020761896,0.031321663,0.03003957,0.030844154,0.01817007,0.020452982,0.026248895,0.01581411,0.011278789,0.015548457,0.015118021,0.015070292,0.015070292,0.008613329,0.014787506,0.004128144,0.0015174602,0.0015174602,-0.00047443097,0.04153824,0.04153824,0.029760996
1982-07-01,-0.0069584055,-0.0071524596,-0.008732706,-0.00045215237,-0.017714696,0.014040818,0.0011368853,-0.0077194087,0.018103506,0.0035968996,0.018034443,0.014083147,0.011283309,0.03663075,0.007398897,0.024953255,0.024953255,0.025379302,0.036870603,0.031365726,0.029739283,0.019443322,0.023748577,0.025542825,0.023808535,0.013712353,0.014927569,0.0163581,0.014384969,0.014384969,0.00965354,0.013843847,0.0038952217,0.0024490596,0.0024490596,-0.0030480018,0.051397197,0.051397197,0.03761334
1982-08-01,-0.0096249655,-0.013424311,-0.012490302,-0.0080365585,-0.023733767,0.008201334,-0.0010679746,-0.008952293,0.014457104,0.0035000208,0.016820826,0.014397025,-0.0045685945,0.024446897,0.0023417752,0.016428879,0.016428879,0.019349525,0.027738374,0.027029408,0.025830826,0.016744995,0.018509217,0.024629138,0.013812453,0.0050554276,0.012510616,0.013421049,0.012615662,0.012615662,0.008281836,0.0060696183,-0.0018282026,-0.0038551642,-0.0038551642,-0.0021566537,0.029857127,0.029857127,0.025919173
1982-09-01,-0.0028977783,-0.01001583,-0.0105821565,-0.004467478,-0.020605242,0.006843681,-0.0037639283,-0.011268936,0.012505774,-0.0011108686,0.00944237,0.00885582,-0.0044128983,0.018670125,-0.0019130931,0.01452339,0.01452339,0.012795427,0.01711089,0.015389823,0.0146521805,0.008200169,0.0073077395,0.015580822,0.003906742,-0.0012395647,0.007731584,0.006259688,0.004940389,0.004940389,-0.0012917242,0.0047363876,-0.003313011,-0.005501487,-0.005501487,-0.003249183,0.022474416,0.022474416,0.02167511
1982-10-01,-0.012857642,-0.020978194,-0.025358407,-0.014909707,-0.03671805,-0.009502961,-0.01764774,-0.024673847,-0.0005588906,-0.012606926,-0.0006820896,-0.00055491924,-0.030180754,-0.01374128,-0.017381556,0.00051061116,0.00051061116,-0.001074053,-0.0036670554,-0.005335641,0.0017690598,-0.0047600744,-0.0033828735,0.011486816,-0.0045037055,-0.013822768,-0.008547407,-0.0076954677,-0.007949422,-0.007949422,-0.011774092,-0.006233936,-0.012087338,-0.014360195,-0.014360195,-0.00498892,0.010092418,0.010092418,0.015510135
1982-11-01,-0.015968645,-0.024123069,-0.030275032,-0.019220365,-0.042876437,-0.016049057,-0.019352926,-0.026417067,-0.0064956066,-0.01708538,-0.011931505,-0.009374142,-0.0344032,-0.024229927,-0.02219687,-0.0017048161,-0.0017048161,-0.0049812696,-0.0144427065,-0.013890937,-0.0091627585,-0.016073322,-0.01070933,0.00029074049,-0.014095774,-0.01827452,-0.01216369,-0.013587201,-0.013905233,-0.013905233,-0.015763495,-0.011932273,-0.016192095,-0.018695699,-0.018695699,-0.0037668082,0.0047813416,0.0047813416,0.009319093
1982-12-01,-0.021064088,-0.029867906,-0.039294306,-0.028625686,-0.051397193,-0.022279046,-0.028112315,-0.035903417,-0.0069446936,-0.018927952,-0.012285711,-0.010345221,-0.049095437,-0.032766476,-0.028661571,-0.007676436,-0.007676436,-0.009015113,-0.025456922,-0.021780184,-0.012019032,-0.020009805,-0.014883423,-0.004883103,-0.019449541,-0.024958823,-0.019304805,-0.01908143,-0.017805278,-0.017805278,-0.018729953,-0.011633957,-0.017536959,-0.019943668,-0.019943668,-0.0033930852,-4.679362e-05,-4.679362e-05,0.007839415
1983-01-01,-0.0131316045,-0.022002488,-0.03386324,-0.0219636,-0.04834411,-0.026007809,-0.024176251,-0.03198473,-0.0075860117,-0.01763182,-0.0054298146,-0.004395008,-0.03741455,-0.010725254,-0.013797536,-0.0057163145,-0.0057163145,-0.0038311298,-0.01658883,-0.008900759,-0.0011578446,-0.010624027,-0.011531677,-0.0002195328,-0.014023418,-0.013913578,-0.008614407,-0.01666066,-0.01330719,-0.01330719,-0.013031472,-0.010465143,-0.011714662,-0.010522538,-0.010522538,-0.001567195,0.006463623,0.006463623,0.011486477
1983-02-01,-0.018507171,-0.028298305,-0.039379053,-0.024128083,-0.044646744,-0.022418577,-0.032444544,-0.039939817,-0.009005977,-0.021713689,-0.0077061947,-0.0073372126,-0.051656652,-0.029572433,-0.027969,-0.0072753904,-0.0072753904,-0.007856412,-0.006547915,-0.0039600334,-0.0010519928,-0.008568192,-0.0031399536,0.0009968106,-0.0153739685,-0.018702826,-0.01142093,-0.011344401,-0.0102357995,-0.0102357995,-0.011716884,-0.0051321224,-0.013013038,-0.015672546,-0.015672546,-0.0072171725,0.0044232686,0.0044232686,0.011330922
1983-03-01,-0.008346508,-0.014975817,-0.024694143,-0.0133240735,-0.031482577,-0.0044074366,-0.010455998,-0.022726236,0.0049564135,-0.005589323,-0.00036317363,-0.0012046099,-0.020351268,0.0025431314,-0.0062555647,0.0025801496,0.0025801496,0.0051588514,0.0051493677,0.006304045,0.0094213905,-0.0045031547,-0.0019748942,0.014702691,-0.0007355721,-0.0012914869,0.0052965395,0.0047644237,0.007444763,0.007444763,0.004469565,0.008285572,0.00065208744,-0.0011952559,-0.0011952559,-0.0016390287,0.021399943,0.021399943,0.020351198
1983-04-01,-0.006587125,-0.018474285,-0.0209626,-0.0045819683,-0.031442013,0.0076061646,-0.0028078984,-0.009470579,0.018552443,0.0055628363,0.014145837,0.010958433,-0.006835655,0.017211204,0.0014512006,0.011505722,0.011505722,0.014207658,0.011742427,0.013823053,0.018983757,0.011663628,0.013892822,0.010009475,-0.0007838095,-0.004893091,-1.2226912e-05,-0.00024917844,0.0011401367,0.0011401367,-0.0038408285,0.008815305,-0.0044367425,-0.0047867633,-0.0047867633,-0.0024583084,0.030885061,0.030885061,0.024686178
1983-05-01,-0.008328317,-0.016695071,-0.019497436,-0.0063485424,-0.03186566,0.013715146,4.3034004e-05,-0.0057403822,0.02450756,0.008895442,0.014269788,0.012586474,-0.008929783,0.02691116,0.0046724207,0.014632806,0.014632806,0.017040685,0.019592075,0.019312894,0.020952621,0.014759064,0.016777344,0.01228783,0.006565611,0.0008371141,0.0038901463,0.004960221,0.005930888,0.005930888,-0.0010173459,0.012005337,-0.0007685486,-0.003802452,-0.003802452,-0.0028033918,0.044559732,0.044559732,0.028242536
1983-06-01,-0.0016681287,-0.003318591,-0.0060954345,0.0024719238,-0.016809309,0.013110868,-0.000482234,-0.0092349015,0.0125241745,-0.0003349736,0.013738406,0.012433171,0.00091722276,0.02135168,-0.0011323816,0.02213611,0.02213611,0.018842049,0.029787786,0.030804424,0.028123004,0.017895604,0.017979635,0.026765078,0.016067307,0.014387237,0.019201223,0.020695278,0.021748759,0.021748759,0.01570638,0.018342854,0.010294026,0.0069486327,0.0069486327,-0.0009199876,0.04807968,0.04807968,0.031785753
1983-07-01,-0.0012053946,0.0036360912,0.00016279586,0.010749669,-0.01027362,0.021293374,0.011920138,0.0011150456,0.021777283,0.007255554,0.018698743,0.015316963,0.013255931,0.038720302,0.0077837775,0.03162693,0.03162693,0.028068716,0.034672916,0.030471249,0.024990346,0.01820507,0.023424683,0.019953651,0.019763086,0.010084788,0.014464934,0.019888354,0.01798584,0.01798584,0.013585921,0.017429711,0.010026118,0.006151827,0.006151827,0.00014390211,0.06155192,0.06155192,0.034485288
1983-08-01,-0.00890656,-0.009890043,-0.012574944,-0.0040153256,-0.023414565,0.006815744,-0.0034107964,-0.011582959,0.010535895,-0.0011459927,0.0059611965,0.0057091713,-0.0137925325,0.0061118854,-0.009355972,0.013748392,0.013748392,0.012812274,0.029704021,0.025647758,0.024949176,0.019022847,0.01785502,0.022012474,0.010014196,0.0026217566,0.010136309,0.010982453,0.009805908,0.009805908,0.00525257,0.0041763354,0.00054731994,-0.00030469746,-0.00030469746,-0.0026022105,0.032380167,0.032380167,0.027048323
1983-09-01,-0.0003470256,-0.010003896,-0.0132456925,-0.0064992597,-0.022230444,0.004379652,-0.004177252,-0.0122505,0.011571248,-0.00016755878,0.0051110433,0.0043586493,-0.009812249,0.009798138,-0.0030452954,0.01129597,0.01129597,0.011569062,0.016440662,0.016031297,0.01689148,0.008661556,0.010397848,0.027215963,0.011997641,0.00856622,0.015116241,0.014198424,0.01462799,0.01462799,0.010705231,0.009302295,0.003085888,0.004997612,0.004997612,-0.0022573618,0.023969777,0.023969777,0.02693155
1983-10-01,-0.0059053004,-0.01812079,-0.021392504,-0.015247369,-0.028533936,-0.0039889966,-0.011282785,-0.018854734,0.0021896362,-0.010570454,-0.0010717311,-0.0008176565,-0.015695926,-0.005322871,-0.012797098,0.004275885,0.004275885,0.0013953852,0.0024039433,0.004108089,0.0063004405,-0.004123497,-0.001781718,0.013290551,-0.0029360864,-0.005347358,0.0039267275,0.0010205465,0.0024546306,0.0024546306,-0.0006515083,0.0014245844,-0.0046287845,-0.0055483636,-0.0055483636,-0.0020991398,0.014718119,0.014718119,0.018092684
1983-11-01,-0.008310026,-0.02272738,-0.02669331,-0.01957614,-0.029305879,-0.020865824,-0.022014424,-0.03053194,-0.015419156,-0.022754021,-0.005722118,-0.0053733587,-0.028034916,-0.02375671,-0.023131426,-0.0010758563,-0.0010758563,-0.00779731,-0.005432971,-0.006112681,-0.0017103279,-0.009981632,-0.0046039834,-0.0014596122,-0.011859032,-0.016120063,-0.009375358,-0.0121692475,-0.011481832,-0.011481832,-0.0131343175,-0.007414976,-0.013571956,-0.015280027,-0.015280027,-0.0034792386,0.0059961956,0.0059961956,0.011278789
1983-12-01,-0.013752593,-0.02378767,-0.03581041,-0.022379624,-0.047572073,-0.022167452,-0.024684502,-0.034144424,-0.013238645,-0.02836105,-0.0069888146,-0.0056215525,-0.035908733,-0.026812654,-0.025847131,-0.003993188,-0.003993188,-0.010681152,-0.016923996,-0.01311994,-0.006747168,-0.016447162,-0.0077625527,-0.005850268,-0.019413315,-0.02150631,-0.015140596,-0.019461205,-0.017157288,-0.017157288,-0.016723726,-0.011055614,-0.017333224,-0.019035507,-0.019035507,-0.004557448,0.0004984538,0.0004984538,0.0056847464
1984-01-01,-0.017533194,-0.029304799,-0.039750155,-0.025038393,-0.050979234,-0.021628156,-0.028715212,-0.03700282,-0.009766373,-0.02050594,-0.007732807,-0.006556034,-0.048628066,-0.027541792,-0.02613292,-0.005916986,-0.005916986,-0.009421094,-0.019540615,-0.014125308,-0.005019182,-0.014163399,-0.008616027,-0.005423022,-0.017695077,-0.022687383,-0.017886283,-0.01829834,-0.01652181,-0.01652181,-0.017992586,-0.008821369,-0.016622953,-0.018133277,-0.018133277,-0.0045428937,0.0025230409,0.0025230409,0.0077614253
1984-02-01,-0.018549817,-0.026351538,-0.037334163,-0.022029951,-0.04216828,-0.019815018,-0.026837608,-0.038494848,-0.015144348,-0.02539883,-0.005279252,-0.0043001175,-0.041446544,-0.028567092,-0.028518498,-0.0040114983,-0.0040114983,-0.008837531,-0.013070047,-0.010547701,-0.0037614354,-0.016902637,-0.008559978,0.00010085333,-0.013559157,-0.016379569,-0.01118345,-0.012370857,-0.010185954,-0.010185954,-0.012059856,-0.008090836,-0.012692841,-0.016428405,-0.016428405,-0.0055495044,0.0020403543,0.0020403543,0.009202321
1984-03-01,-0.015779873,-0.022098346,-0.030795958,-0.015789893,-0.036665734,-0.008368649,-0.018543437,-0.03158428,-0.0049472884,-0.014325988,-0.0013994696,-0.0011973381,-0.031513356,-0.013563904,-0.017293593,0.0004650581,0.0004650581,-0.0010232364,-0.0020751953,0.0006291858,0.004137627,-0.0069327354,-0.0030152386,0.0030199809,-0.010653293,-0.011707094,-0.00743943,-0.008538043,-0.0066722617,-0.0066722617,-0.008676232,-0.002392598,-0.008110641,-0.014090703,-0.014090703,-0.003579712,0.010933431,0.010933431,0.014549468
1984-04-01,-0.00018867219,-0.006823026,-0.018761504,-0.0049618627,-0.029201437,0.00094847416,-0.0070883757,-0.016334085,0.0012093339,-0.009115687,0.0036051238,0.003037095,-0.01753037,0.0020110053,-0.0076627843,0.007448522,0.007448522,0.003340501,0.014687584,0.01522948,0.015939293,0.0060684206,0.007332662,0.01370588,0.0031230312,-0.0012914869,0.0056008208,0.0056425547,0.0076566567,0.0076566567,0.0059556873,0.010233826,0.0042678975,0.0023435396,0.0023435396,-0.00287546,0.021960704,0.021960704,0.022077348
1984-05-01,-0.015950255,-0.020319229,-0.020799803,-0.0075302618,-0.03004304,0.0046213632,-0.0071141114,-0.013302715,0.012972963,0.002494812,0.016245186,0.014221907,-0.023518033,0.00031547705,-0.007333015,0.0059716203,0.0059716203,0.008380872,0.0073792557,0.009813768,0.016674018,0.009566879,0.014434814,0.008816867,-0.0068308185,-0.012914128,-0.008778724,-0.008359976,-0.006516622,-0.006516622,-0.009470622,-0.0017350287,-0.007167353,-0.009878033,-0.009878033,-0.0042412393,0.013409932,0.013409932,0.014718373
1984-06-01,-0.0048825145,-0.007200388,-0.009553384,0.0009646508,-0.019026572,0.01582587,0.0012057959,-0.0056619085,0.02126432,0.00821657,0.021630598,0.01877749,-0.00025968198,0.03387065,0.008959961,0.016884707,0.016884707,0.018275473,0.034498964,0.03385759,0.028475588,0.023911381,0.025829365,0.022398159,0.014837351,0.00803407,0.012194108,0.014566185,0.01450948,0.01450948,0.009396427,0.014610961,0.0067830784,0.0030114823,0.0030114823,-0.0006037785,0.0442482,0.0442482,0.03159099
1984-07-01,-0.0012723941,-0.0052715205,-0.004389215,0.0025984242,-0.01628691,0.017741492,0.004969584,-0.0039657466,0.020540424,0.008683834,0.020665172,0.018229961,0.007233796,0.04094828,0.011378928,0.022747058,0.022747058,0.025210282,0.03728943,0.037688203,0.027899688,0.02453041,0.024035135,0.030787876,0.023476878,0.019981278,0.022525253,0.02523426,0.023773499,0.023773499,0.017666785,0.021849493,0.012337658,0.009327377,0.009327377,-0.0016101544,0.052300517,0.052300517,0.034783892
1984-08-01,-0.008529216,-0.011795044,-0.01192376,-0.0053838915,-0.02384996,0.007578228,-0.0046423282,-0.012423219,0.01214839,-0.0009522348,0.011559364,0.010958433,-0.016163297,0.015003188,-0.0029573329,0.0133017935,0.0133017935,0.014841899,0.027525593,0.026942993,0.024202744,0.017048646,0.015250957,0.023715355,0.009133911,0.0038676793,0.010501626,0.0117835635,0.011675009,0.011675009,0.008327566,0.009223168,-0.0002038308,-0.0038375615,-0.0038375615,-0.00047443097,0.030261993,0.030261993,0.022427877
1984-09-01,-0.008370862,-0.018078828,-0.017765164,-0.008597393,-0.028324956,0.0006508898,-0.014409219,-0.020448957,0.012918061,-0.0021598383,0.008069368,0.006358862,-0.025940789,0.007787455,-0.00429867,0.0047591045,0.0047591045,0.007881959,0.014184991,0.013206256,0.014781448,0.007102108,0.008634745,0.018642463,0.0028396114,-0.00034385256,0.005619111,0.005310349,0.00631724,0.00631724,0.0028234825,0.004967705,-0.0022590614,-0.002906058,-0.002906058,-0.0035365177,0.016260274,0.016260274,0.017820358
1984-10-01,-0.0067210244,-0.015365209,-0.01923692,-0.01162385,-0.028354052,-0.0047144345,-0.012256113,-0.01955369,0.0023728914,-0.007925501,0.0011692138,0.001956582,-0.018465113,-0.0032925503,-0.011257934,0.0051875417,0.0051875417,0.0026217499,-0.0029260044,-0.00696395,-0.0020982274,-0.008334542,-0.0040619913,0.012430246,-0.0046061855,-0.009727796,-0.004024145,-0.0052272254,-0.0052020266,-0.0052020266,-0.0059156506,-0.000858369,-0.0084949145,-0.010428784,-0.010428784,-0.0021709735,0.008176931,0.008176931,0.014588462
1984-11-01,-0.015067533,-0.022218166,-0.027298983,-0.012642743,-0.036189865,-0.016058471,-0.019740654,-0.026754811,-0.00679809,-0.015436713,-0.0036051238,-0.0021829605,-0.034109045,-0.02156833,-0.020910824,-0.0020147557,-0.0020147557,-0.005547847,-0.0076434957,-0.008752704,-0.008575056,-0.010729218,-0.0045603435,-0.0010383727,-0.013022638,-0.020331807,-0.01503105,-0.015770612,-0.016646422,-0.016646422,-0.017906819,-0.011761892,-0.016331753,-0.018139113,-0.018139113,-0.0038386418,0.0066660563,0.0066660563,0.010188633
1984-12-01,-0.01936564,-0.02862187,-0.037601165,-0.024941918,-0.049243715,-0.025319569,-0.026252009,-0.03423072,-0.013641656,-0.026659552,-0.011603622,-0.008965254,-0.046309296,-0.033062316,-0.02974997,-0.007922661,-0.007922661,-0.012423278,-0.019115264,-0.016080648,-0.012019128,-0.019595146,-0.013051758,-0.0029726059,-0.021234032,-0.022797797,-0.015913773,-0.018600803,-0.017176004,-0.017176004,-0.017735379,-0.01588942,-0.018596709,-0.0203889,-0.0203889,-0.0049025314,-0.0033175151,-0.0033175151,0.0056198966
1985-01-01,-0.021855656,-0.034055073,-0.045454815,-0.03654165,-0.053753775,-0.029141402,-0.03381404,-0.043457802,-0.022968367,-0.031411223,-0.009353855,-0.0072642565,-0.058527064,-0.042821184,-0.035268985,-0.012116521,-0.012116521,-0.012761457,-0.016634079,-0.013884793,-0.00938022,-0.01752758,-0.010304362,-0.004841541,-0.02057692,-0.019715203,-0.013740365,-0.0169514,-0.014185588,-0.014185588,-0.016220793,-0.010933842,-0.020250266,-0.021396648,-0.021396648,-0.005621338,-0.0035044353,-0.0035044353,0.0066193473
1985-02-01,-0.004797224,-0.018252544,-0.029200431,-0.015120672,-0.034593664,-0.021107385,-0.02338392,-0.03446627,-0.01073755,-0.021017255,-5.3080337e-05,-0.0009856224,-0.02080112,-0.009975836,-0.0146990605,0.002425031,0.002425031,0.0005834243,0.0012244915,0.002226776,0.0061477567,0.00057239534,0.0028470866,0.002497888,-0.010924505,-0.013563156,-0.006075682,-0.008632987,-0.007569377,-0.007569377,-0.0077445586,0.0009983324,-0.007365289,-0.009362582,-0.009362582,-0.00391071,0.011774699,0.011774699,0.015496995
1985-03-01,-0.01739323,-0.023661882,-0.03274302,-0.019208355,-0.038517352,-0.006704302,-0.015976725,-0.026472075,-0.00093452603,-0.009865095,-7.983745e-05,-0.00017523766,-0.034905046,-0.012518967,-0.01651306,9.080841e-06,9.080841e-06,-0.0006088326,-0.0064513106,-0.005199873,0.0031149043,-0.0076862336,-0.0034140015,0.0068529886,-0.0069333967,-0.0108635165,-0.0053330213,-0.004865277,-0.0027349854,-0.0027349854,-0.005789847,0.0013028124,-0.0072605214,-0.00812045,-0.00812045,-0.003249183,0.008628591,0.008628591,0.014718373
1985-04-01,-0.005339085,-0.013154836,-0.018950352,-0.00356908,-0.030507438,0.0038588794,-0.0057017244,-0.012690184,0.009317435,-0.00039672852,0.009964929,0.0078336,-0.012027317,0.012104983,-0.0021877512,0.009636707,0.009636707,0.009201119,0.011265406,0.014618826,0.017326307,0.0047075273,0.009357401,0.012679424,0.0029542,-0.00072680577,0.0030866493,0.0039931526,0.005451253,0.005451253,-0.00039999493,0.010933941,0.00023282725,-0.0016287203,-0.0016287203,-0.0020845854,0.024546051,0.024546051,0.022908105
1985-05-01,-0.009606775,-0.0124839395,-0.014671938,-0.0037681332,-0.025283528,0.0138732,0.0023255239,-0.004303363,0.020650527,0.007370283,0.015687048,0.013929725,-0.008151019,0.022909107,0.0020118265,0.013319955,0.013319955,0.013548009,0.011136601,0.011793785,0.01707948,0.0072832108,0.009818421,0.014465429,0.0007717009,-0.0030176374,0.002051636,0.0030971952,0.004460653,0.004460653,0.0006058719,0.00566782,-0.0014090375,-0.0035211928,-0.0035211928,-0.003249183,0.020418549,0.020418549,0.017586602
1985-06-01,-0.006179263,-0.011914766,-0.012588022,-0.003062685,-0.022195661,0.013854677,0.000999064,-0.006667065,0.019954158,0.0064092674,0.022064643,0.019916296,-0.00083075627,0.03909469,0.009410903,0.020148598,0.020148598,0.018892866,0.035169195,0.036170784,0.03322443,0.024828339,0.025549011,0.023311943,0.013239707,0.009838104,0.012072337,0.013527909,0.01393636,0.01393636,0.008281836,0.012772451,0.0029403353,0.0008319149,0.0008319149,-0.0026451699,0.036320496,0.036320496,0.027515624
1985-07-01,-0.004218881,-0.005187597,-0.004649624,0.0008922946,-0.016687334,0.021758273,0.0090004355,-0.001397782,0.022858564,0.0077933543,0.016546167,0.014849663,0.012771324,0.049386326,0.011400829,0.027077578,0.027077578,0.027341265,0.037083276,0.03752776,0.031384833,0.021791268,0.023206584,0.02516305,0.016109442,0.011499511,0.016912205,0.018535601,0.01675232,0.01675232,0.011122397,0.013953492,0.0064802794,0.005173351,0.005173351,-0.0004314716,0.048001863,0.048001863,0.033706665
1985-08-01,-0.003488348,-0.0067810644,-0.0057567637,-0.0016096546,-0.018887158,0.021423643,0.005822248,-0.0027170903,0.023124097,0.007828479,0.013313185,0.012476921,0.006074128,0.046665817,0.013368853,0.017048905,0.017048905,0.021675214,0.02804134,0.028762667,0.026124679,0.01820507,0.017437745,0.026622662,0.016103437,0.009753863,0.016772144,0.017473493,0.017711792,0.017711792,0.013580229,0.013588175,0.007079983,0.0032224266,0.0032224266,-0.0015815148,0.03748881,0.03748881,0.02681478
1985-09-01,-0.00016441719,-0.0020966162,-0.0088499915,-0.0027732602,-0.017441934,0.021256328,0.00515058,-0.0053713503,0.015446532,0.0026272468,0.007821322,0.008607507,0.0045513576,0.026142104,0.002176801,0.016109858,0.016109858,0.0140385,0.010769232,0.012213175,0.010796601,0.0040299417,0.006734619,0.024676513,0.0082536265,0.003997591,0.013417793,0.013539826,0.011724751,0.011724751,0.010590906,0.01120174,0.008751035,0.0046636406,0.0046636406,-0.00079087476,0.028206127,0.028206127,0.02320671
1985-10-01,-0.008419571,-0.01580253,-0.019061046,-0.011539483,-0.023339123,-0.0020270655,-0.010912496,-0.020087618,0.00087947474,-0.011601862,0.0007617824,0.00039434433,-0.015488236,-0.0045934105,-0.015985288,0.010147318,0.010147318,0.0038478386,-0.0036220157,-0.002504355,0.0004466315,-0.008831024,-0.0021742757,0.016037714,-0.0026226414,-0.008365101,0.0023255986,0.00053991895,0.000211792,0.000211792,-0.0014002622,0.0003895713,-0.004069866,-0.006673305,-0.006673305,-0.002789072,0.01602656,0.01602656,0.017054452
1985-11-01,-0.016881788,-0.029520474,-0.037399344,-0.029958023,-0.046074625,-0.017797366,-0.027070077,-0.03639811,-0.009683945,-0.018451763,-0.0023472502,-0.0012118816,-0.0482822,-0.029296553,-0.025758991,-0.00741205,-0.00741205,-0.007459131,-0.004717597,-0.005175197,-0.0019336437,-0.00662899,-0.0012023926,-0.0008365692,-0.016447105,-0.021558337,-0.014410063,-0.015189229,-0.0127340695,-0.0127340695,-0.015174796,-0.012638452,-0.016163003,-0.01721928,-0.01721928,-0.008626145,-0.0012616476,-0.0012616476,0.0038159688
1985-12-01,-0.012729806,-0.023056813,-0.032443482,-0.024164213,-0.045302585,-0.022678811,-0.024201987,-0.030759668,-0.009986279,-0.016785676,-0.005270429,-0.004088402,-0.03459337,-0.020917417,-0.020866664,-0.0046222964,-0.0046222964,-0.005564694,-0.019817695,-0.0149580445,-0.010097192,-0.015962314,-0.01029185,-0.0049186586,-0.018840568,-0.022745768,-0.016626017,-0.020036776,-0.01900757,-0.01900757,-0.018695517,-0.012102755,-0.01597077,-0.016387366,-0.016387366,-0.006584754,0.002788035,0.002788035,0.0058405134
1986-01-01,-0.020059692,-0.029652229,-0.04195125,-0.026551671,-0.050125975,-0.023766816,-0.028775545,-0.03697923,-0.010279487,-0.019800583,-0.010593794,-0.007913947,-0.055983085,-0.03471825,-0.028034704,-0.009454494,-0.009454494,-0.009108047,-0.020984203,-0.016364472,-0.0075523327,-0.01817007,-0.011949056,-0.004948401,-0.019437432,-0.023589453,-0.018354982,-0.019087438,-0.017549844,-0.017549844,-0.018827107,-0.0076829745,-0.015761236,-0.018437974,-0.018437974,-0.0038240873,0.0011838278,0.0011838278,0.0071254307
1986-02-01,-0.016674725,-0.029089022,-0.04071396,-0.026877224,-0.047258746,-0.024696616,-0.030885758,-0.041023448,-0.016811745,-0.022709973,-0.006519336,-0.0057456493,-0.046724673,-0.030321853,-0.029892866,-0.0067466176,-0.0067466176,-0.0062667364,-0.009931367,-0.0072292415,0.0013811603,-0.00650053,-0.0024047852,-0.0010799348,-0.017761428,-0.022778299,-0.016005129,-0.01492823,-0.013649801,-0.013649801,-0.015420523,-0.0059662363,-0.016611354,-0.019023836,-0.019023836,-0.005635658,0.004890442,0.004890442,0.0092669595
1986-03-01,-0.010489498,-0.017845253,-0.026211409,-0.01180479,-0.033647526,-0.008071064,-0.014030351,-0.024846565,-0.0026936252,-0.01034114,-0.0012844863,-0.0011463165,-0.026961716,-0.006013057,-0.011488791,0.002370397,0.002370397,0.0018520441,-0.007714423,-0.005249225,0.00076994504,-0.008556461,-0.002610372,0.0071614585,-0.0053778864,-0.00950061,-0.002916069,-0.0031623961,-0.0015512086,-0.0015512086,-0.0040409192,0.001905609,-0.0032313457,-0.004903955,-0.004903955,-0.0029759333,0.016338093,0.016338093,0.019092347
1986-04-01,-0.019042969,-0.024141068,-0.022851074,-0.012594605,-0.033310883,0.0036356912,-0.004900673,-0.010782066,0.017178254,0.004064164,0.008211109,0.007899284,-0.02239312,0.004081243,-0.0029135311,0.007266161,0.007266161,0.008888348,0.004066625,0.008253141,0.011860398,0.004578972,0.009326274,0.0056543746,-0.008241616,-0.013186667,-0.008224736,-0.008377802,-0.0062736003,-0.0062736003,-0.009413506,-0.0017046105,-0.007272215,-0.009620308,-0.009620308,-0.006196477,0.022505697,0.022505697,0.018014908
1986-05-01,-0.0034762206,-0.0077335653,-0.007580056,0.0018629505,-0.0219229,0.019554632,0.005917035,-0.001405732,0.02539616,0.006823558,0.014889975,0.014170766,0.014813459,0.044023536,0.013104786,0.021233387,0.021233387,0.021776708,0.031108882,0.031822078,0.025378246,0.014221859,0.016478272,0.02534112,0.014795218,0.008365101,0.012900188,0.01210986,0.0134193925,0.0134193925,0.007287355,0.017484484,0.0075982115,0.005542528,0.005542528,-0.0026165303,0.048780568,0.048780568,0.030773375
1986-06-01,-0.002964877,-0.0035043375,-0.0048840884,0.0022005143,-0.01643201,0.012329709,-0.0028077578,-0.009706128,0.020091636,0.0021510574,0.016369138,0.014689088,-0.005589803,0.02645758,0.0021658505,0.014550781,0.014550781,0.01409774,0.025991822,0.025629126,0.025936583,0.01707201,0.016864521,0.025008816,0.014379095,0.008975029,0.013259539,0.016915845,0.01741272,0.01741272,0.012465637,0.016644407,0.010771469,0.010663167,0.010663167,-0.0027747522,0.04675598,0.04675598,0.03020244
1986-07-01,-0.005710465,-0.005289518,-0.0070916684,-0.0009646508,-0.020454453,0.010191049,-0.003505443,-0.011009794,0.016793344,0.0003437546,0.0141105475,0.013082981,-0.0035649051,0.030578097,0.00323235,0.01807891,0.01807891,0.01565386,0.029265726,0.028966218,0.02795842,0.017171288,0.015730591,0.029251147,0.017447883,0.010915439,0.017843638,0.018108454,0.01735667,0.01735667,0.013791612,0.014623089,0.01017747,0.0069721662,0.0069721662,-0.0017251822,0.034732055,0.034732055,0.028839536
1986-08-01,-0.0074577206,-0.011106148,-0.009924486,-0.0046242992,-0.023344904,0.013110716,-0.0020154258,-0.008536074,0.024122799,0.0052983984,0.0180787,0.016163826,-0.0035476685,0.03343703,0.005507884,0.021224305,0.021224305,0.020068277,0.031560123,0.030532887,0.026659504,0.018695641,0.018384604,0.023638237,0.013752107,0.0039456687,0.010970323,0.010822308,0.009980367,0.009980367,0.0089733815,0.0099842185,0.0032080535,0.0017694455,0.0017694455,-0.0051612267,0.03301875,0.03301875,0.027762307
1986-09-01,-0.0056130476,-0.010237474,-0.012711688,-0.0066620857,-0.020448579,0.004556229,-0.0038757324,-0.011834409,0.0127713075,-0.0013928683,0.009380467,0.0080235,0.0016959861,0.017132336,-0.0028144387,0.013183296,0.013183296,0.01030058,0.012747824,0.011411258,0.0118368855,0.0040708543,0.005550944,0.016702222,0.0052814116,-0.0008956061,0.007080277,0.005802796,0.004354757,0.004354757,0.0011545351,0.0021369264,-0.0015894809,-0.0027361545,-0.0027361545,-0.0036085863,0.022692617,0.022692617,0.0235441
1986-10-01,-0.0097284475,-0.016647143,-0.018136267,-0.011666083,-0.027872311,-0.0017481562,-0.007906584,-0.01617701,0.0024461932,-0.009300952,0.0007972175,0.0010002851,-0.013861762,-0.0017151651,-0.011609605,0.009655017,0.009655017,0.0021987846,-0.0052912217,-0.0039106817,-0.0014928662,-0.009111309,-0.002716268,0.008983019,-0.007928171,-0.011226866,-0.0019176372,-0.006004406,-0.0065663657,-0.0065663657,-0.0067214267,-0.0053147306,-0.007528335,-0.0089992415,-0.0089992415,-0.004844783,0.011431885,0.011431885,0.011966918
1986-11-01,-0.014063037,-0.02309271,-0.025983538,-0.018846672,-0.040003236,-0.016588353,-0.019361645,-0.027540063,-0.009381612,-0.017543865,-0.008078336,-0.006519556,-0.02966139,-0.02273141,-0.023923088,0.00024622475,0.00024622475,-0.0045667277,-0.017188342,-0.014020461,-0.00823418,-0.016937638,-0.010933635,0.0016672285,-0.014535818,-0.018255128,-0.011932273,-0.014868842,-0.014366353,-0.014366353,-0.015346236,-0.011731374,-0.0145326415,-0.014078936,-0.014078936,-0.003996864,0.0035977683,0.0035977683,0.0095784925
1986-12-01,-0.017247004,-0.02587832,-0.03691085,-0.024839438,-0.050723817,-0.030508164,-0.033710673,-0.039861213,-0.016216204,-0.025248978,-0.012365549,-0.010352492,-0.04928589,-0.035940565,-0.030442541,-0.008433272,-0.008433272,-0.012194879,-0.022937011,-0.019442417,-0.0113432305,-0.020523835,-0.014596761,-0.0047406876,-0.020070525,-0.023102866,-0.018068891,-0.020279948,-0.019562073,-0.019562073,-0.020158773,-0.013783011,-0.01590099,-0.016703734,-0.016703734,-0.0049457257,-0.0018534343,-0.0018534343,0.005697886
1987-01-01,-0.018677652,-0.03270731,-0.04077914,-0.037590764,-0.04834989,-0.028155731,-0.03256521,-0.040622998,-0.0128996605,-0.023529772,-0.0073961015,-0.007089019,-0.05515261,-0.034698613,-0.031948674,-0.008214439,-0.008214439,-0.008651527,-0.01756855,-0.014859442,-0.0093213925,-0.016639804,-0.010323079,-0.004989963,-0.019588249,-0.021941185,-0.015481558,-0.01817966,-0.01685201,-0.01685201,-0.017615361,-0.01525024,-0.022311391,-0.024279268,-0.024279268,-0.005333768,-0.0043764752,-0.0043764752,0.0065025752
1987-02-01,-0.016644407,-0.025416937,-0.032762695,-0.020215238,-0.03822725,-0.017248657,-0.023418374,-0.03379091,-0.008373784,-0.018143276,-0.0062270323,-0.0045263767,-0.034835815,-0.016698394,-0.018030144,-0.0023522354,-0.0023522354,-0.0028752806,-0.014358941,-0.009024239,-0.0023568592,-0.01323471,-0.006871643,-2.3735895e-05,-0.0139691755,-0.01696364,-0.010885133,-0.0121335955,-0.009986674,-0.009986674,-0.012048377,-0.0048033874,-0.008500714,-0.011231521,-0.011231521,-0.0031055156,0.0036913555,0.0036913555,0.007930332
1987-03-01,-0.008072546,-0.020474948,-0.031596966,-0.013830468,-0.036636826,-0.010349103,-0.01735494,-0.028317492,-0.008868498,-0.018284347,-0.0028433416,-0.0046504736,-0.026442634,-0.011651726,-0.017997293,0.0014313489,0.0014313489,-0.003002184,0.00072189857,0.0022884156,0.007822769,-0.003860569,-0.003326823,0.009783936,-0.0031592585,-0.004075474,0.0023924985,0.0012875511,0.0021431479,0.0021431479,-0.0016517756,0.0025203344,-0.0033071167,-0.0040309033,-0.0040309033,-0.0023291954,0.012101491,0.012101491,0.017937131
1987-04-01,-0.0016498379,-0.0046126535,-0.01283546,0.0007536857,-0.02694361,0.0069832113,-0.0007578766,-0.009007302,0.013504327,0.0006964342,0.007245683,0.005920887,-0.0037898312,0.019123383,0.0008354636,0.015507991,0.015507991,0.012144063,0.018812299,0.021009186,0.019295266,0.008673191,0.009351094,0.0131185865,0.0041238107,0.0022648706,0.006331453,0.0062951464,0.006553955,0.006553955,0.0011259773,0.01192621,0.0029053495,-0.00014646525,-0.00014646525,-0.00208482,0.03185069,0.03185069,0.02552965
1987-05-01,-0.008157835,-0.011693221,-0.015889663,-0.0047086654,-0.029392976,0.010451435,-0.003608809,-0.010766294,0.015245026,0.0017720348,0.009380323,0.0080161095,-0.009016249,0.02732482,0.0026275634,0.013520627,0.013520627,0.015696116,0.016260292,0.019127874,0.02027087,0.009158039,0.009457093,0.020185005,0.009543929,0.0075733396,0.012328008,0.013160052,0.013226217,0.013226217,0.006281488,0.009710156,0.0035108526,0.0022439507,0.0022439507,-0.0006615272,0.030230712,0.030230712,0.022012498
1987-06-01,-0.0037561473,-0.009836148,-0.009449071,-0.0020016578,-0.023176584,0.018476041,0.005357171,-0.0025992515,0.027292738,0.009944412,0.019992052,0.017091036,0.005018729,0.04692174,0.012994924,0.020950839,0.020950839,0.024795877,0.031650413,0.033647995,0.029733334,0.023823738,0.023418477,0.02653363,0.016398868,0.00996791,0.016199864,0.018945022,0.019350281,0.019350281,0.011465464,0.016887851,0.006037822,0.0037320415,0.0037320415,-0.001984112,0.037395224,0.037395224,0.027437845
1987-07-01,-0.009046722,-0.009057363,-0.009488309,-0.0029963339,-0.022578837,0.019768406,0.0055551836,-0.0021830327,0.03263391,0.010103189,0.020736044,0.01840508,0.0027513858,0.04246611,0.0066293157,0.023941264,0.023941264,0.024153074,0.026165772,0.028941542,0.028105346,0.019285584,0.02138743,0.022902522,0.015343746,0.008559651,0.014020392,0.01676752,0.015369364,0.015369364,0.008464755,0.008608343,0.0026084448,7.615045e-05,7.615045e-05,-0.0027029184,0.040058646,0.040058646,0.030306075
1987-08-01,-0.00015825401,-0.00504391,-0.0071893884,-0.0031291347,-0.021563038,0.015407581,0.004151375,-0.004923716,0.022638507,0.006444535,0.020000873,0.017558217,0.008479648,0.04575866,0.010114603,0.022272771,0.022272771,0.026047513,0.033570915,0.03013203,0.025584,0.020617295,0.022446595,0.022487191,0.01709821,0.0068918862,0.0136551745,0.016731868,0.015680745,0.015680745,0.012214124,0.013685593,0.0049722735,0.0037438085,0.0037438085,-0.002789072,0.0451828,0.0451828,0.029514313
1987-09-01,-0.001558484,-0.006852957,-0.010705928,-0.0030084425,-0.020837441,0.010181787,-0.0001551193,-0.007962908,0.020128287,0.004355089,0.01677657,0.013469815,-0.0037033646,0.01673799,-0.0031223074,0.016611239,0.016611239,0.017463649,0.017581386,0.015389823,0.015674807,0.008393002,0.0114319865,0.020926727,0.00824772,0.0018170675,0.010501626,0.012406509,0.009849548,0.009849548,0.0054411814,0.009509257,0.00033189054,-0.0015585012,-0.0015585012,-0.0016244742,0.035666402,0.035666402,0.027840085
1987-10-01,-0.012766387,-0.021038055,-0.021568166,-0.010586843,-0.032045636,-0.008126785,-0.015279181,-0.021454114,0.0059459913,-0.008251838,0.0041098935,0.00347507,-0.019693729,-0.011415119,-0.016282205,0.007074868,0.007074868,0.004972708,0.0083008865,0.004219181,0.0026624189,-0.00054321287,0.005955912,0.00068824406,-0.008946966,-0.014530076,-0.010702524,-0.011599586,-0.013369446,-0.013369446,-0.016300773,-0.008084772,-0.017478777,-0.019023836,-0.019023836,-0.006196477,0.016836293,0.016836293,0.019027285
1987-11-01,-0.017131396,-0.02747169,-0.031473193,-0.022578578,-0.040711395,-0.019350119,-0.02631234,-0.03470977,-0.009793749,-0.020973206,-0.0074050687,-0.0054756403,-0.043488678,-0.026733462,-0.024384802,-0.00564337,-0.00564337,-0.0046005594,-0.011259092,-0.012928676,-0.008016623,-0.013988209,-0.009326172,-0.0010561988,-0.016911365,-0.019702276,-0.013216895,-0.01552744,-0.014546916,-0.014546916,-0.015546232,-0.011207904,-0.014526937,-0.01621153,-0.01621153,-0.005247615,0.0020248413,0.0020248413,0.0073981816
1987-12-01,-0.01104955,-0.02087637,-0.02939587,-0.02005251,-0.04482672,-0.028629892,-0.026027977,-0.03228324,-0.015996298,-0.02269241,-0.0052261716,-0.0043367147,-0.03400534,-0.028902207,-0.026022878,-0.0056070467,-0.0056070467,-0.008220276,-0.010053858,-0.006587768,-0.004983962,-0.010016632,-0.004697469,-0.0035422673,-0.01870196,-0.019617822,-0.013959555,-0.018974667,-0.019163411,-0.019163411,-0.01864988,-0.014391871,-0.017321626,-0.017916497,-0.017916497,-0.0046870303,0.003753662,0.003753662,0.0077226427
1988-01-01,-0.015566749,-0.0257405,-0.03368088,-0.01713434,-0.04637648,-0.020586763,-0.024245162,-0.03132514,-0.012725531,-0.020708768,-0.009743641,-0.007870197,-0.043782834,-0.029158773,-0.025583245,-0.00451288,-0.00451288,-0.0069685024,-0.015551232,-0.011775252,-0.006294682,-0.011383343,-0.0058810427,-0.0053280783,-0.016205916,-0.020039665,-0.015347558,-0.0159605,-0.01611684,-0.01611684,-0.017781109,-0.009247522,-0.015697159,-0.018683933,-0.018683933,-0.004054378,0.004018148,0.004018148,0.010539161
1988-02-01,-0.015024887,-0.024800032,-0.036376845,-0.02051057,-0.045076262,-0.013399038,-0.022686234,-0.03150581,-0.006862117,-0.017587913,-0.007723985,-0.0066947937,-0.03926595,-0.017211204,-0.0186019,-0.004558582,-0.004558582,-0.0041270535,-0.01047921,-0.005915374,0.00051140937,-0.007446766,-0.0052766926,2.3735895e-05,-0.014005403,-0.014718268,-0.00838309,-0.011142694,-0.010460103,-0.010460103,-0.011842687,-0.0069585047,-0.011609799,-0.012836803,-0.012836803,-0.003781128,0.009080251,0.009080251,0.0144587625
1988-03-01,-0.0118470825,-0.0225297,-0.03154486,-0.016983623,-0.040810056,-0.006304385,-0.017742386,-0.026801871,-0.0040311627,-0.014810814,-0.0007617824,-0.001277566,-0.035787795,-0.0010053416,-0.0071791704,0.0009755204,0.0009755204,0.0033659094,0.000947413,0.0027449706,0.008545689,-0.0025756836,0.00012461345,0.011973451,-0.00273723,-0.002251837,0.0016802561,0.00086030504,0.0035448202,0.0035448202,0.00012571002,0.0068427967,-0.0015836817,-0.0013709951,-0.0013709951,-0.0046006422,0.016151173,0.016151173,0.018534131
1988-04-01,-0.00757333,-0.009003468,-0.0152189145,-0.00061488,-0.025933592,0.006257774,-0.0037982431,-0.0109862,0.007017846,-0.0032090961,0.010381184,0.007636547,-0.015332823,0.008004426,-0.0061676027,0.008861709,0.008861709,0.009226527,0.009428669,0.011466854,0.014040965,0.00926323,0.010011597,0.013361855,-0.0029964324,-0.004166285,-0.00039573445,-0.0014536055,-0.0008348592,-0.0008348592,-0.004235224,0.0023437897,-0.0035691306,-0.006040567,-0.006040567,-0.0038386418,0.024421437,0.024421437,0.018573126
1988-05-01,-0.0073784944,-0.010734656,-0.010569184,0.0004160235,-0.019612757,0.011604423,0.00018957464,-0.0066436,0.019532746,0.0076698447,0.020230984,0.017842889,-0.004049513,0.023303133,0.0010664996,0.01713093,0.01713093,0.01389475,0.017903611,0.017561104,0.023885475,0.015804673,0.017288106,0.013587298,0.0035932972,-0.0009993447,0.0019907004,0.002343653,0.0020933023,0.0020933023,-0.001726063,0.0046329065,-0.00097228435,-0.003380563,-0.003380563,-0.0026022105,0.026368205,0.026368205,0.023946337
1988-06-01,-0.008510825,-0.008140857,-0.011090215,-0.0009104083,-0.020535676,0.0100516705,-0.004711239,-0.011104039,0.02304167,0.0077932104,0.021568697,0.01901114,-0.0073027434,0.025393005,-0.000538725,0.019118443,0.019118443,0.0189858,0.023807079,0.021212738,0.021087743,0.012878513,0.015213521,0.014857023,0.0055828462,0.00016880035,0.004797224,0.0035599966,0.002423401,0.002423401,-0.0021204583,0.002045473,-0.0026550293,-0.005038653,-0.005038653,-0.0029186541,0.02942098,0.02942098,0.026308695
1988-07-01,-0.005832237,-0.008446424,-0.0067335386,-0.0027130127,-0.018463515,0.021107385,0.011472359,0.0026307947,0.036875855,0.019271707,0.03183475,0.027684331,0.009171663,0.045305405,0.0100815715,0.024643317,0.024643317,0.026715584,0.037154205,0.0369726,0.032289997,0.024781609,0.02604126,0.030313255,0.016603924,0.01486757,0.019590894,0.018149918,0.015238444,0.015238444,0.008281836,0.011445285,0.004518218,0.0023201013,0.0023201013,-0.0036804199,0.038127135,0.038127135,0.031967375
1988-08-01,-0.005345248,-0.006379739,-0.00826399,-0.0029904274,-0.022178223,0.016328119,0.0052107708,-0.004201296,0.025093827,0.008516275,0.017874911,0.015791535,0.0029246013,0.03605903,0.0070691276,0.020385593,0.020385593,0.023899406,0.028002614,0.02805331,0.024132302,0.016195964,0.017537333,0.024421426,0.012413665,0.0101885265,0.016376508,0.016494606,0.01473999,0.01473999,0.00932214,0.010227663,0.004925784,0.0025310456,0.0025310456,-0.003249183,0.036616515,0.036616515,0.026529312
1988-09-01,-0.0058078826,-0.011297764,-0.014040106,-0.0073372135,-0.023199804,0.0062579256,-0.0061323456,-0.014300178,0.010994107,-0.004945719,0.007396246,0.0063370466,-0.009569804,0.01344544,-0.0056949393,0.01131428,0.01131428,0.0077466317,0.013385747,0.013884793,0.012959414,0.0042344094,0.007301432,0.025038462,0.0048533776,0.0016418033,0.010465143,0.008911811,0.0070648193,0.0070648193,0.004669563,0.0070315683,0.00113533,-0.0023435396,-0.0023435396,-0.003292377,0.019406382,0.019406382,0.020727582
1988-10-01,-0.0037258286,-0.015155597,-0.017081337,-0.010617065,-0.026844949,-2.7784661e-05,-0.008690478,-0.015022598,0.0069629443,-0.006541414,0.0032153379,0.0022559166,-0.011698405,0.0024249884,-0.009762753,0.010402624,0.010402624,0.00892218,0.002584418,0.004502904,0.004813524,0.0003329277,0.0038376872,0.010193355,-0.0025261664,-0.009513643,-0.0024777888,-0.0045270645,-0.0071021523,-0.0071021523,-0.008224627,-0.001071495,-0.007644796,-0.010153457,-0.010153457,-0.0038529616,0.016711934,0.016711934,0.022181192
1988-11-01,-0.007737747,-0.022433843,-0.030164234,-0.021511447,-0.034819987,-0.024101598,-0.02784525,-0.037199132,-0.015254152,-0.027637985,-0.0102838455,-0.009483695,-0.035926253,-0.030913211,-0.030211683,-0.0029811952,-0.0029811952,-0.00894745,-0.009448032,-0.008456693,-0.006564926,-0.011897278,-0.0059621176,-0.00035594153,-0.017188681,-0.019857936,-0.011140904,-0.014607747,-0.014652812,-0.014652812,-0.014311718,-0.011865274,-0.015190624,-0.016346324,-0.016346324,-0.003996629,0.0019780477,0.0019780477,0.00854026
1988-12-01,-0.017843638,-0.024434604,-0.03563443,-0.024966037,-0.04957467,-0.02429685,-0.026958272,-0.035879824,-0.014228222,-0.025725022,-0.010682454,-0.0091404915,-0.041844685,-0.028448949,-0.02539619,-0.006318032,-0.006318032,-0.009818513,-0.023123905,-0.019090708,-0.00945661,-0.019828701,-0.014696553,-0.004218595,-0.020148886,-0.020266851,-0.014988406,-0.02026813,-0.018484294,-0.018484294,-0.016929416,-0.014324872,-0.01513244,-0.013293802,-0.013293802,-0.00472999,-0.00037358602,-0.00037358602,0.007436964
1989-01-01,-0.013381212,-0.019516481,-0.028725123,-0.018997291,-0.04655627,-0.025514973,-0.019396242,-0.026181517,-0.012230817,-0.01883971,-0.005553765,-0.0055412054,-0.027879221,-0.016087398,-0.019525506,-0.0009116568,-0.0009116568,-0.0037042263,-0.020416996,-0.014581762,-0.010103046,-0.014490509,-0.00948822,-0.003702412,-0.020233253,-0.019851472,-0.011329576,-0.017823622,-0.01755605,-0.01755605,-0.016489385,-0.017076524,-0.017548652,-0.017137295,-0.017137295,-0.0020273062,0.0023516337,0.0023516337,0.010032866
1989-02-01,-0.010166827,-0.016024174,-0.024140574,-0.01140688,-0.03618399,-0.011046452,-0.014529883,-0.020990709,0.0012917612,-0.009856314,-0.0038709596,-0.0036139488,-0.027706005,-0.0071764593,-0.015314618,-0.00038303284,-0.00038303284,-0.0007779911,-0.01238698,-0.007963174,-0.0019453516,-0.01102705,-0.004329732,0.0028361003,-0.012546367,-0.01623037,-0.008358635,-0.010436624,-0.009450887,-0.009450887,-0.0103166215,-0.0049859956,-0.011068374,-0.0132646235,-0.0132646235,-0.003364211,0.014749399,0.014749399,0.016522301
1989-03-01,-0.0048825145,-0.007649642,-0.01644972,-0.0032677436,-0.02675207,0.0066763656,-0.0016795918,-0.012360517,0.0116354255,-0.00016755878,0.0049957708,0.0041395426,-0.0019381488,0.01681718,9.891285e-05,0.011469251,0.011469251,0.011103979,0.001830318,0.009270898,0.011431424,0.00016937256,0.003675639,0.012543015,-0.0011636057,-0.004776319,0.0016254835,0.001940143,0.0030838014,0.0030838014,0.0015088936,0.0074333665,0.0029927192,0.0008553532,0.0008553532,-0.002832266,0.022646077,0.022646077,0.019689135
1989-04-01,-0.015372012,-0.01915115,-0.02545602,-0.010665303,-0.034744546,0.00506774,-0.0058652814,-0.012140483,0.016023822,0.0020893025,0.01019533,0.009155154,-0.022202669,0.004297892,-0.0067393584,0.0055796555,0.0055796555,0.007881959,0.00083786534,0.0044905157,0.009961974,0.003440094,0.008678284,0.008852423,-0.0062460625,-0.01056491,-0.0050347047,-0.0052272254,-0.005251872,-0.005251872,-0.008664752,-0.00096185046,-0.008541499,-0.010276483,-0.010276483,-0.0029040996,0.020948283,0.020948283,0.017508825
1989-05-01,-0.0009193048,0.00082671334,-0.0062907683,0.0054442375,-0.020036496,0.011855547,-0.0013350386,-0.0092664445,0.017425537,0.0030768053,0.014553269,0.012951493,-0.0012286151,0.026142104,0.0008026123,0.01693934,0.01693934,0.015696116,0.017749023,0.020540344,0.021610957,0.011546898,0.012995707,0.020754665,0.0070660007,0.0031085545,0.010130345,0.01176564,0.012777608,0.012777608,0.008178991,0.014160454,0.008832605,0.0047164485,0.0047164485,-0.00033052886,0.03610255,0.03610255,0.024426566
1989-06-01,-0.0043162988,-0.007811424,-0.011005468,0.001615758,-0.020796876,0.011846286,-0.0057190224,-0.0132713,0.016729169,4.4048957e-05,0.017369999,0.015236616,-0.011300264,0.03047927,0.00096740725,0.017167402,0.017167402,0.01734517,0.017136673,0.018597392,0.021093693,0.008322907,0.014011129,0.026676044,0.012070096,0.0077096093,0.01229759,0.014886571,0.014615479,0.014615479,0.008853457,0.016394699,0.007755363,0.0024080186,0.0024080186,-0.0013371394,0.037177276,0.037177276,0.02767139
1989-07-01,-0.0039632097,-0.006086203,-0.008257397,0.0009646508,-0.02022794,0.012710951,-0.0004048853,-0.008402592,0.02002746,0.0033413868,0.018317923,0.016660333,0.0030630606,0.032510232,0.0019680248,0.024269514,0.024269514,0.026884744,0.028982228,0.030095065,0.026447896,0.014011478,0.017636923,0.03260343,0.018273827,0.013452742,0.01931693,0.02141927,0.019125976,0.019125976,0.014054512,0.017040042,0.0114293555,0.009210186,0.009210186,-0.0002300556,0.04155375,0.04155375,0.030916214
1989-08-01,-0.0057470463,-0.007985139,-0.010549725,-0.0022850775,-0.022956043,0.011530027,0.00043062132,-0.01008311,0.018021079,0.00044077748,0.011922538,0.011133671,-0.003374453,0.032904256,0.005243997,0.01922786,0.01922786,0.024415167,0.021403136,0.02346419,0.02311553,0.01189146,0.016073303,0.023341587,0.013541043,0.0052110883,0.010288599,0.013011727,0.011774597,0.011774597,0.007333085,0.008072546,0.0014032382,0.00026949222,0.00026949222,-0.000992056,0.031180827,0.031180827,0.027113385
1989-09-01,-0.008955369,-0.011819008,-0.015420734,-0.0055527226,-0.024999203,0.004649148,-0.006304622,-0.014708447,0.011617024,-0.0020805215,0.011346754,0.009403348,-0.010383324,-0.0002366078,-0.011038029,0.006919749,0.006919749,0.004313059,0.015847778,0.013317247,0.014228965,0.007715416,0.008410441,0.014572192,-0.0027311263,-0.0052889716,0.0018811552,0.0007653615,0.00071014406,0.00071014406,-0.0011488422,0.0015949659,-0.0018805864,-0.0031579474,-0.0031579474,-0.004399461,0.011525472,0.011525472,0.011499405
1989-10-01,-0.0034945111,-0.011201908,-0.014404829,-0.006571616,-0.024058845,-0.008721954,-0.014340449,-0.021831095,-0.0031974644,-0.012245466,0.0023206377,0.00089788437,-0.015626978,-0.005934188,-0.013478717,0.0079045,0.0079045,0.0014884569,0.004724016,0.0051011695,0.0059066867,-0.0023830414,-0.00048594156,0.008941457,-0.0074217767,-0.010071754,-0.00052963407,-0.0021834115,-0.0031959026,-0.0031959026,-0.004235224,-0.0009557867,-0.0067074024,-0.006854975,-0.006854975,-0.0018402099,0.012709046,0.012709046,0.014887068
1989-11-01,-0.008590052,-0.020181509,-0.02800227,-0.016869133,-0.03793117,-0.023934284,-0.025631811,-0.0329586,-0.01359588,-0.023882596,-0.005863859,-0.0051834583,-0.03507826,-0.028685234,-0.026957434,-0.001422268,-0.001422268,-0.0055140154,-0.0049173287,-0.0016406975,-0.002368567,-0.004415512,9.9690755e-05,-0.0012518988,-0.014421426,-0.020201895,-0.012656743,-0.012335302,-0.013369446,-0.013369446,-0.015254869,-0.010215536,-0.018014498,-0.019099986,-0.019099986,-0.0025446964,0.006136576,0.006136576,0.00905927
1989-12-01,-0.00853518,-0.020247435,-0.029988466,-0.01872598,-0.04306798,-0.02536618,-0.026320778,-0.034089416,-0.0144297285,-0.023115626,-0.009017149,-0.007848263,-0.038383484,-0.035211105,-0.031014297,-0.0036832483,-0.0036832483,-0.007907229,-0.009828344,-0.007414261,-0.0071409214,-0.008649921,-0.0020620727,-0.0033701095,-0.016893152,-0.02130519,-0.013673466,-0.014785815,-0.01538798,-0.01538798,-0.016586537,-0.011664375,-0.016867474,-0.020728802,-0.020728802,-0.0030480018,0.0041275024,0.0041275024,0.006995731
1990-01-01,-0.015238013,-0.022535667,-0.028041294,-0.020034298,-0.046010748,-0.027886081,-0.02491697,-0.031301674,-0.013989916,-0.022225145,-0.010204008,-0.00899446,-0.041411787,-0.031524528,-0.029266179,-0.0052877287,-0.0052877287,-0.00820329,-0.02225384,-0.018899648,-0.013888185,-0.02107277,-0.014690246,-0.004651654,-0.019093765,-0.022629103,-0.016571244,-0.018684024,-0.018023275,-0.018023275,-0.019118562,-0.014799733,-0.017216858,-0.018883206,-0.018883206,-0.0038672814,0.0005762736,0.0005762736,0.0046723685
1990-02-01,-0.0050834133,-0.015083704,-0.022766432,-0.009314752,-0.03456457,-0.012153132,-0.015124062,-0.021509122,0.00073302025,-0.008057793,0.000106305306,-0.0012046099,-0.02640816,-0.006584779,-0.012731216,0.002789902,0.002789902,0.001868891,-0.0024167816,0.0031396847,0.006470878,-0.0016762733,0.0017879232,0.0036904956,-0.003924954,-0.0070347255,-0.001728965,-0.004562717,-0.004691162,-0.004691162,-0.006549987,0.002636043,-0.0046462775,-0.005513254,-0.005513254,-0.003205989,0.016166687,0.016166687,0.01679484
1990-03-01,-0.006112164,-0.009692363,-0.019464793,-0.0065837246,-0.028092852,0.0014598334,-0.006270167,-0.012918039,0.010975706,0.0002644377,0.0052260268,0.0040299892,-0.02007435,5.923243e-05,-0.010048541,0.00355567,0.00355567,0.006080593,0.0026488206,0.004268432,0.005501225,-0.0029961586,-0.0006292725,0.011202083,-0.008012538,-0.00793669,0.0015401933,-0.0031150212,-0.0021369425,-0.0021369425,-0.0017774856,0.0047546783,0.001438129,-0.0009315993,-0.0009315993,-0.0024439886,0.018207042,0.018207042,0.018014908
1990-04-01,-0.013484694,-0.017995004,-0.023215795,-0.010550714,-0.033345763,-0.00027906123,-0.010800551,-0.018509168,0.0052404962,-0.0055364934,0.0011337786,0.0011242628,-0.026114004,-0.0017940344,-0.010961017,0.0034371724,0.0034371724,0.0038818084,0.0028550774,0.003478903,0.007910866,0.00025701523,0.0011960856,0.008834694,-0.006752457,-0.007852342,-0.002380371,-0.0034354073,-0.0026041667,-0.0026041667,-0.005846963,0.000700115,-0.003749574,-0.0047749965,-0.0047749965,-0.0022860013,0.018393962,0.018393962,0.016781913
1990-05-01,-0.005186895,-0.0054751667,-0.009149638,0.0032316146,-0.020111937,0.012701689,-0.0029627364,-0.0107348785,0.01842409,0.0027065638,0.012276889,0.010870814,-0.0077181216,0.012775212,-0.0080914665,0.015462438,0.015462438,0.011425312,0.0105695,0.011294022,0.01268322,0.004333782,0.006472982,0.020262219,0.0055828462,0.0030111736,0.010495562,0.0095644025,0.009151713,0.009151713,0.005509776,0.014470998,0.0069752154,0.001740076,0.001740076,0.0002300556,0.03149236,0.03149236,0.025101556
1990-06-01,-0.0068185413,-0.011777046,-0.010959958,-0.0023754488,-0.021609383,0.017295117,0.0,-0.007051869,0.024379207,0.008886517,0.024234863,0.020697594,-0.00399752,0.027896864,0.0019789753,0.018544119,0.018544119,0.020330507,0.033280786,0.03387008,0.03099703,0.021504974,0.023449605,0.021472652,0.016025076,0.009993871,0.014817924,0.017977856,0.017680563,0.017680563,0.013340102,0.011293095,0.001665252,-0.0007206549,-0.0007206549,-0.00020118126,0.0374733,0.0374733,0.027892007
1990-07-01,-0.0013088761,-0.0035762298,-0.0066098734,0.0005366172,-0.016327472,0.017109126,0.0045991535,-0.0056540864,0.018470015,0.0063650743,0.018433051,0.017499924,-0.0007267705,0.032786116,0.0032652013,0.019364519,0.019364519,0.020119093,0.027673867,0.023741769,0.02410284,0.013818741,0.016746115,0.029191855,0.01591659,0.012732506,0.01995621,0.020475842,0.017998353,0.017998353,0.01553494,0.015877292,0.008960664,0.007352919,0.007352919,-0.00074768066,0.036803436,0.036803436,0.027360069
1990-08-01,-0.0027212335,-0.0061161336,-0.009644512,-0.0022427468,-0.021742921,0.013854677,-0.00079233194,-0.010106704,0.01377001,0.00047604542,0.009982719,0.0091769695,-0.009639033,0.018946007,-0.0042877197,0.013456764,0.013456764,0.01381024,0.020984307,0.020133242,0.017155869,0.0028910637,0.0062485756,0.022611782,0.010568828,0.008949067,0.0141361,0.015847826,0.014422404,0.014422404,0.010442331,0.011104323,0.0066142334,0.0038434928,0.0038434928,-0.00077632023,0.028984834,0.028984834,0.026568307
1990-09-01,-0.0025569159,-0.011064187,-0.015401275,-0.008965178,-0.025631828,0.006397304,-0.0074845417,-0.014590608,0.009015102,-0.00408187,0.012799448,0.010892749,-0.012044554,0.013248749,-0.0030562456,0.012946152,0.012946152,0.012761457,0.019121682,0.01827046,0.019295266,0.009818077,0.015531311,0.01371179,0.0028818438,-0.0008825726,0.0048946417,0.0063368054,0.0070896405,0.0070896405,0.002794925,0.003616184,-0.003330409,-0.006263183,-0.006263183,-0.002156419,0.022396851,0.022396851,0.020091798
1990-10-01,-0.011731474,-0.017839285,-0.019289024,-0.010804011,-0.028516497,-0.0051699206,-0.01483984,-0.021893797,0.0016216204,-0.008137109,0.00473008,0.0041321516,-0.02505804,-0.015831476,-0.019569486,0.0039293244,0.0039293244,0.00071046577,0.003918457,0.0036022828,0.0070350696,0.0014835357,0.006036784,0.005986677,-0.009049545,-0.015062226,-0.01039208,-0.009789942,-0.010647074,-0.010647074,-0.012465637,-0.0065506427,-0.013123699,-0.016035791,-0.016035791,-0.0041694054,0.0067128497,0.0067128497,0.013368394
1990-11-01,-0.017697511,-0.026537284,-0.03480099,-0.024730854,-0.046544805,-0.017016206,-0.024589574,-0.032102697,-0.008163153,-0.018390007,-0.0034988187,-0.0020295382,-0.04658621,-0.032825388,-0.02754014,-0.0082326,-0.0082326,-0.008972858,-0.011484606,-0.01028251,-0.0052484474,-0.013024521,-0.007918193,-0.00031447638,-0.014475669,-0.017528215,-0.012382781,-0.014002531,-0.012721557,-0.012721557,-0.015283427,-0.009740674,-0.015196423,-0.016891144,-0.016891144,-0.0058081993,-0.00073216757,-0.00073216757,0.0073591867
1990-12-01,-0.02098506,-0.030442948,-0.04059678,-0.031597998,-0.050735474,-0.029262107,-0.03535581,-0.046135783,-0.020980386,-0.030644255,-0.0087072,-0.0072495937,-0.054788943,-0.04424083,-0.03856722,-0.012216708,-0.012216708,-0.015129538,-0.018677073,-0.015698323,-0.010802455,-0.019571781,-0.013799438,-0.004521155,-0.021017062,-0.023920484,-0.016887851,-0.019425552,-0.018297425,-0.018297425,-0.018832706,-0.0154632665,-0.020745203,-0.020904541,-0.020904541,-0.0050032395,-0.0055290223,-0.0055290223,0.0049451194
1991-01-01,-0.020364072,-0.024338746,-0.033993497,-0.02274731,-0.04566254,-0.021488778,-0.024727395,-0.035652097,-0.013046265,-0.022251632,-0.006032067,-0.0048037767,-0.03928347,-0.026634956,-0.024252858,-0.0064275973,-0.0064275973,-0.008169459,-0.01844493,-0.0145385545,-0.009203833,-0.015366649,-0.010946045,-0.0033701095,-0.019051632,-0.020922236,-0.014318808,-0.016992962,-0.016783549,-0.016783549,-0.017706728,-0.012979414,-0.016279465,-0.01812151,-0.01812151,-0.0038529616,0.0009501139,0.0009501139,0.009838104
1991-02-01,-0.0139229745,-0.021691054,-0.033361774,-0.017188681,-0.03986401,-0.019666227,-0.024598293,-0.0350788,-0.011067259,-0.021458032,-0.0048628533,-0.004840374,-0.038868092,-0.023421597,-0.023054415,-0.0056161275,-0.0056161275,-0.005886026,-0.016518008,-0.014384455,-0.0073465793,-0.014613152,-0.010098775,-0.0026165675,-0.015645182,-0.01832644,-0.0125289075,-0.013391501,-0.011905416,-0.011905416,-0.013883072,-0.009557966,-0.012908175,-0.015338575,-0.015338575,-0.0042701135,0.0051086424,0.0051086424,0.009098265
1991-03-01,-0.00912575,-0.012933193,-0.01925638,-0.0052694012,-0.028325051,0.0019156233,-0.0065372307,-0.015454461,0.001685797,-0.006717754,0.0024359103,0.0026720762,-0.015263311,0.0,-0.007893641,0.006828643,0.006828643,0.0050742035,-0.0072568697,-0.0039106817,0.0010167728,-0.0074058534,-0.00082855223,0.0059036496,-0.0066378685,-0.010818058,-0.004852096,-0.004823715,-0.003582255,-0.003582255,-0.0061498987,0.00038350755,-0.003522546,-0.0048569827,-0.0048569827,-0.0042123646,0.017957814,0.017957814,0.01641867
1991-04-01,-0.010154699,-0.0128193395,-0.018891763,-0.006083236,-0.029654177,-0.0015806891,-0.013246598,-0.022145119,-0.00024743174,-0.011072842,0.0036495263,0.0031758547,-0.023673728,9.8506105e-05,-0.010114423,0.0029539526,0.0029539526,0.002207208,-0.00023203883,0.0013817514,0.007822769,-0.0049469946,-0.00077870686,0.01027648,-0.0016700006,-0.0036212073,0.0020882175,0.0018215603,0.0021368407,0.0021368407,-0.0008058694,0.002922232,-0.0013449601,-0.002577922,-0.002577922,-0.0017108624,0.017677562,0.017677562,0.017962985
1991-05-01,-0.011207804,-0.0110881515,-0.017003288,-0.0032918623,-0.027663331,0.0026035593,-0.009612053,-0.017276412,0.009940353,-0.0013135514,0.013623133,0.011418343,-0.01533254,0.010843076,-0.003979851,0.008132414,0.008132414,0.008905195,0.007359998,0.012928676,0.016703287,0.0046841623,0.008410441,0.019977387,0.0041841567,0.0053344304,0.010185118,0.009671262,0.011363423,0.011363423,0.0064242766,0.009503194,0.0080582565,0.0047515584,0.0047515584,-0.0010206957,0.021010589,0.021010589,0.017911064
1991-06-01,-0.0056921747,-0.010291369,-0.0088499915,0.00024108887,-0.01990874,0.018308572,0.004547541,-0.0021517456,0.03346776,0.015410369,0.02291494,0.01961708,-0.0010901557,0.042367924,0.012335384,0.018662615,0.018662615,0.02183581,0.025269922,0.027862146,0.029433629,0.01602068,0.01953715,0.026320104,0.016989628,0.01456907,0.018854296,0.022469366,0.021879578,0.021879578,0.014306025,0.017350486,0.0102066565,0.006696743,0.006696743,-0.0015958346,0.03370412,0.03370412,0.027762095
1991-07-01,-0.0016071928,-0.0011621133,-0.00027348855,0.0054261237,-0.0138723245,0.02214893,0.0070023076,-0.0031175374,0.02271181,0.005227863,0.019416267,0.017448783,0.01287531,0.054058604,0.0168098,0.02504451,0.02504451,0.028356077,0.03393828,0.034647223,0.031537708,0.02168026,0.021885782,0.02692532,0.01947366,0.014289962,0.019895274,0.021982828,0.02015391,0.02015391,0.0143803125,0.016175508,0.008710249,0.0071361386,0.0071361386,-0.001250986,0.045556642,0.045556642,0.03266843
1991-08-01,0.003537057,0.0022463675,-0.001712706,0.004594077,-0.015538091,0.015435518,0.0017569406,-0.008528253,0.017425537,0.003147341,0.013871179,0.011943936,0.0033919723,0.037044734,0.005332139,0.019647216,0.019647216,0.0176074,0.025289286,0.024586795,0.023209482,0.014525604,0.015194906,0.025151232,0.018623598,0.011849933,0.017819284,0.018327985,0.017474975,0.017474975,0.013734497,0.019895274,0.012599672,0.0075931367,0.0075931367,-0.0017251822,0.030044047,0.030044047,0.029125001
1991-09-01,-0.0068427967,-0.010243538,-0.015179784,-0.006354547,-0.023710642,0.0031428551,-0.00911238,-0.016381016,0.011177362,-0.0021863254,0.0038265572,0.0028984547,-0.0197282,0.003114853,-0.011675666,0.0131285135,0.0131285135,0.011129388,0.011239729,0.010085204,0.010861283,0.0021260262,0.0073202513,0.015924944,0.0028758387,-0.0052500833,0.0023316622,0.0031684027,0.002286377,0.002286377,-0.0018004437,0.0021428906,-0.0055895653,-0.006655702,-0.006655702,-0.0025590162,0.017443847,0.017443847,0.020636877
1991-10-01,-0.014050909,-0.021691054,-0.022714436,-0.0151569,-0.032881457,-0.013817479,-0.021480437,-0.028914379,-0.002253813,-0.013276874,0.004924901,0.0035407543,-0.03746626,-0.022415932,-0.021966193,-0.0026712557,-0.0026712557,-0.00093872624,-0.0057873954,-0.005643939,-0.002315689,-0.005344105,-0.0013768513,0.005144198,-0.00935098,-0.0152829485,-0.008650889,-0.010935078,-0.010273234,-0.010273234,-0.013260121,-0.006520125,-0.012203704,-0.014307482,-0.014307482,-0.0071307844,0.00761617,0.00761617,0.0152373845
1991-11-01,-0.014757088,-0.025782462,-0.029591205,-0.019527903,-0.0429171,-0.022688074,-0.027173443,-0.033398412,-0.008666992,-0.01995936,-0.0053058644,-0.0045775175,-0.04513239,-0.0307162,-0.025638176,-0.009709503,-0.009709503,-0.009048945,-0.010852998,-0.011448322,-0.0045843543,-0.010764217,-0.005775248,0.002818371,-0.011418989,-0.016678069,-0.011299158,-0.012987991,-0.012522176,-0.012522176,-0.014843302,-0.009162331,-0.015947573,-0.016756447,-0.016756447,-0.005865948,0.001822408,0.001822408,0.012576633
1991-12-01,-0.012650679,-0.024566356,-0.036324743,-0.02628036,-0.05077035,-0.031902865,-0.03292692,-0.041604564,-0.01954187,-0.02893412,-0.012515968,-0.011615515,-0.04592839,-0.037537586,-0.032091748,-0.009417874,-0.009417874,-0.014376817,-0.020107716,-0.018350633,-0.013476677,-0.019431686,-0.013518982,-0.002367389,-0.018744094,-0.020695051,-0.013454276,-0.018227035,-0.016154276,-0.016154276,-0.016026394,-0.013843847,-0.016069833,-0.01649279,-0.01649279,-0.0037954478,-0.0050153094,-0.0050153094,0.005918503
1992-01-01,-0.020059692,-0.025560819,-0.036012232,-0.029138183,-0.04885485,-0.02857417,-0.024865357,-0.034002993,-0.0150619205,-0.020867402,-0.005669038,-0.0057895184,-0.039439168,-0.026299842,-0.025945865,-0.005752787,-0.005752787,-0.008854517,-0.017678097,-0.013428339,-0.0119367875,-0.017913152,-0.01095225,-0.0053519113,-0.022494212,-0.023018412,-0.016126899,-0.020048596,-0.017730407,-0.017730407,-0.018021144,-0.018275954,-0.019237103,-0.021531442,-0.021531442,-0.0066852276,-0.0013394674,-0.0013394674,0.0064116586
1992-02-01,-0.008395216,-0.016413469,-0.026491491,-0.01664606,-0.03518563,-0.015258789,-0.018586611,-0.025247013,-0.006697112,-0.0151370065,-0.0035342537,-0.0035846233,-0.029488457,-0.013879381,-0.016084379,-0.0020422959,-0.0020422959,-0.0036195782,-0.009293339,-0.006328721,-0.0014106223,-0.009759617,-0.0063982136,0.002907308,-0.012696986,-0.016197946,-0.008474343,-0.01046036,-0.009126892,-0.009126892,-0.008773384,-0.004602488,-0.007994085,-0.010089073,-0.010089073,-0.0049457257,0.0042831423,0.0042831423,0.009968016
1992-03-01,-0.011530476,-0.01631771,-0.022525482,-0.010050325,-0.031993415,-0.003942537,-0.011472359,-0.019467266,0.0032432408,-0.004857621,0.00046947895,-0.00075924397,-0.019451283,-0.00017737538,-0.007970832,0.0033094452,0.0033094452,0.0019197075,-0.008358975,-0.0065629915,0.00038789952,-0.007767963,-0.0038564047,0.013563562,-0.0047991355,-0.008144379,-0.0005479247,-0.00089595735,0.0022614542,0.0022614542,2.2864851e-05,0.0025021432,-0.0028645643,-0.0042125736,-0.0042125736,-0.0022282526,0.014796194,0.014796194,0.016418457
1992-04-01,-0.009314521,-0.010375292,-0.017498162,-0.0036114107,-0.026868168,0.0042958427,-0.00632192,-0.0145749645,0.009830549,-0.0010049208,0.008051723,0.0073736906,-0.012425458,0.01468771,-0.0019459444,0.008825237,0.008825237,0.009843783,0.0038153287,0.003947645,0.011637082,-0.0021492958,0.004834493,0.018233042,0.003418461,-0.00026607513,0.005710465,0.0069003636,0.010192159,0.010192159,0.005424103,0.011037324,0.0033071167,-0.00020501307,-0.00020501307,-0.0012077919,0.026025645,0.026025645,0.020506965
1992-05-01,-0.0018873183,-0.0030430525,-0.0067595905,0.0015373968,-0.019775296,0.011511504,-8.6208645e-05,-0.009258623,0.0144297285,0.0022480802,0.010620407,0.010403514,-0.0009519789,0.029040307,0.0011214312,0.019173078,0.019173078,0.017472073,0.011078618,0.009406565,0.013893943,0.0029670715,0.0073762005,0.022878787,0.010381982,0.00480228,0.01087907,0.013094851,0.015344442,0.015344442,0.010276585,0.015980674,0.008145532,0.0016580898,0.0016580898,-0.00053194485,0.030931855,0.030931855,0.025685629
1992-06-01,-0.012857642,-0.010195512,-0.013252178,-0.004829259,-0.022839943,0.0043889135,-0.005874001,-0.012886625,0.017947776,0.0027681747,0.015288439,0.014659762,-0.01960726,0.012972546,-0.005870864,0.012307962,0.012307962,0.011611455,0.0159508,0.015284976,0.019753702,0.011979008,0.0129521685,0.014898488,0.0021342617,-0.0052695805,-0.00035925253,0.0007713681,0.0012398275,0.0012398275,-0.0019433257,0.0028552325,-0.0023756176,-0.006356936,-0.006356936,-0.005003005,0.023907471,0.023907471,0.023375405
1992-07-01,-0.004596325,-0.005007915,-0.006010687,1.2108588e-05,-0.016844092,0.012199592,0.000499532,-0.008897284,0.017828697,0.0039583603,0.01734353,0.0153387785,-0.005295365,0.03217512,0.0035730698,0.018635225,0.018635225,0.021370728,0.025921,0.023346955,0.024114644,0.013433361,0.014659119,0.030289423,0.017176572,0.011330711,0.017904473,0.020339336,0.017568562,0.017568562,0.013334315,0.013490758,0.005542886,0.001230461,0.001230461,-0.00035940317,0.0384079,0.0384079,0.030851364
1992-08-01,-0.0043224622,-0.005241492,-0.004004927,0.0023693454,-0.015085351,0.015426104,0.00588258,-0.0034552822,0.023005018,0.009292027,0.013862357,0.012199521,-0.0064375135,0.032589104,0.005552045,0.01823403,0.01823403,0.020279828,0.024612637,0.022643741,0.02203993,0.01227684,0.013188884,0.025892857,0.01761071,0.00703462,0.011841019,0.0144119505,0.01115153,0.01115153,0.0074816598,0.010471207,-0.0011236363,-0.003128578,-0.003128578,-0.00018686148,0.040058646,0.040058646,0.03135745
1992-09-01,-0.0059844274,-0.011471479,-0.012672664,-0.007837702,-0.024668343,0.007280644,-0.0048317625,-0.01274532,0.013311947,0.0009961398,0.009982719,0.008768201,-0.012909783,0.009857693,-0.004694501,0.012125601,0.012125601,0.012736186,0.01924407,0.017536428,0.015286908,0.007884788,0.009401042,0.019781591,0.006505265,0.00090206997,0.0065931887,0.0073513454,0.005700378,0.005700378,0.0028863843,0.0003226712,-0.008547299,-0.010522538,-0.010522538,-0.0036085863,0.021820324,0.021820324,0.02112982
1992-10-01,-0.019067323,-0.026794825,-0.029246047,-0.020860242,-0.040368974,-0.008535964,-0.019809565,-0.026103044,0.005964242,-0.005800931,0.005553765,0.0053952932,-0.043973003,-0.019419545,-0.019481344,-0.0041118343,-0.0041118343,-0.00042282726,0.0048529264,0.005921518,0.0102735795,0.0009986877,0.0041615805,0.0057671443,-0.0069755306,-0.01410177,-0.010733042,-0.010531568,-0.010597229,-0.010597229,-0.013185834,-0.009119686,-0.0152547015,-0.016516227,-0.016516227,-0.0054487963,0.011136118,0.011136118,0.015055763
1992-11-01,-0.0076220385,-0.01865387,-0.02440109,-0.016579807,-0.03814593,-0.013101455,-0.02021445,-0.026754811,-0.0024553186,-0.0112139145,0.0045529045,0.0041395426,-0.028519241,-0.016422834,-0.015589636,-0.0035738316,-0.0035738316,-0.0023933514,-0.0129668135,-0.0076486315,-0.0020805695,-0.007090473,-0.004554138,0.006158738,-0.004762908,-0.0111750495,-0.0071837585,-0.010312035,-0.009158121,-0.009158121,-0.0100879725,-0.0040119183,-0.0077903485,-0.008964132,-0.008964132,-0.0073751598,0.009017944,0.009017944,0.014926063
1992-12-01,-0.017685285,-0.024877891,-0.035243656,-0.02322368,-0.05008541,-0.027039789,-0.031032158,-0.038432017,-0.017837824,-0.026007166,-0.008848941,-0.0070670843,-0.045167144,-0.036019433,-0.030750409,-0.006071956,-0.006071956,-0.0103850905,-0.01578969,-0.01254635,-0.009468415,-0.015039539,-0.009014791,-0.002735247,-0.018056856,-0.021240234,-0.013454276,-0.01665475,-0.016646422,-0.016646422,-0.017512424,-0.013350794,-0.017758284,-0.019580422,-0.019580422,-0.004557448,0.00105896,0.00105896,0.008877648
1993-01-01,-0.006581061,-0.018042931,-0.024407577,-0.016012967,-0.037890512,-0.025942674,-0.02609689,-0.03306849,-0.014026567,-0.021608029,-0.0034898515,-0.0026938915,-0.03627212,-0.026299842,-0.025528133,-0.0063091,-0.0063091,-0.010139983,-0.017201075,-0.010572377,-0.006911752,-0.01309452,-0.009176738,-0.004497419,-0.015627166,-0.014614423,-0.008449989,-0.016488599,-0.0140298465,-0.0140298465,-0.013494369,-0.011073805,-0.013042129,-0.012620023,-0.012620023,-0.0056499774,0.0029904684,0.0029904684,0.008955638
1993-02-01,-0.014988504,-0.020930266,-0.030489825,-0.02264493,-0.041228015,-0.01777869,-0.019637289,-0.028694473,-0.015080172,-0.024975758,-0.0052702846,-0.005731106,-0.03514749,-0.02456504,-0.023747163,-0.0016411013,-0.0016411013,-0.006325838,-0.013965791,-0.013163148,-0.008063646,-0.016108323,-0.013805644,0.0052153086,-0.014523808,-0.0145755345,-0.0047850967,-0.009623791,-0.007232971,-0.007232971,-0.0076760575,-0.00818219,-0.007802042,-0.010094909,-0.010094909,-0.0044278656,0.0043144226,0.0043144226,0.008501265
1993-03-01,-0.0063070985,-0.011848939,-0.021542113,-0.007150367,-0.030066354,-0.0042029233,-0.013126074,-0.023770628,-0.00019238042,-0.010420457,0.0027370362,0.0015404224,-0.018049452,-0.005066948,-0.011972585,0.0030176674,0.0030176674,0.001031798,-0.0011471453,0.00162841,0.005830297,-0.0070729256,-0.0018815104,0.011030021,-0.0033461049,-0.0024140675,0.005935719,0.0021181137,0.0037753296,0.0037753296,0.00044003176,0.0028187507,-0.0014439282,-0.0047632293,-0.0047632293,-0.0026022105,0.01976471,0.01976471,0.019896826
1993-04-01,-0.010854814,-0.012118511,-0.015928794,-0.0010188933,-0.027315034,0.0056440816,-0.0052969796,-0.012336924,0.013449426,0.0018776947,0.012090891,0.010279417,-0.01862081,0.0006109954,-0.008806296,0.0070019234,0.0070019234,0.006444318,0.0038345864,0.00811123,0.015022422,0.0068392754,0.0094072465,0.010359604,-0.0003135435,-0.0027125676,0.0012176215,0.0002550882,0.0024484254,0.0024484254,-0.0012345153,0.0072810766,-0.0016418648,-0.0060228687,-0.0060228687,-0.0016965426,0.02882894,0.02882894,0.022012498
1993-05-01,-0.0054183113,-0.008224781,-0.0075345454,0.0008742794,-0.019229677,0.015156456,0.0009128553,-0.0062194313,0.019560272,0.0075641847,0.01732574,0.015798688,-0.004239965,0.022357022,0.0005936567,0.020795869,0.020795869,0.016144212,0.016627556,0.019084666,0.020670572,0.012387943,0.015412902,0.0099560935,0.0038042623,-0.0011486477,0.0017959644,0.0033048114,0.0042550657,0.0042550657,-5.6928816e-06,0.009387486,-0.00037258066,-0.003556398,-0.003556398,-0.001739502,0.040775046,0.040775046,0.030721452
1993-06-01,-0.0044990066,-0.0062838825,-0.008146705,3.6128873e-05,-0.017668352,0.019303506,0.0029973325,-0.0057561537,0.024186976,0.0084897885,0.023721125,0.021471381,0.0006230672,0.034698293,0.007552921,0.019109214,0.019109214,0.021785133,0.033235747,0.03258079,0.02926319,0.024676418,0.021225484,0.021988835,0.013607493,0.009954982,0.012626325,0.01210986,0.013830567,0.013830567,0.006304353,0.013856074,0.0033071167,0.0015761037,0.0015761037,-0.0014376127,0.041102093,0.041102093,0.028995302
1993-07-01,-0.0039267275,-0.006852957,-0.008400628,-0.0010490172,-0.018637711,0.021256328,0.008027107,-0.00029055812,0.02659637,0.012483417,0.019655345,0.018441677,0.0069568777,0.04195362,0.01075206,0.025673471,0.025673471,0.0258952,0.0381596,0.036966454,0.031061616,0.024378587,0.022882588,0.03154132,0.017019851,0.019144164,0.025246587,0.023098223,0.023169149,0.023169149,0.017735379,0.014416127,0.009112016,0.0059350473,0.0059350473,-0.0029043343,0.038500976,0.038500976,0.028566785
1993-08-01,-0.0029282959,-0.0052835513,-0.0061800755,-0.0013624622,-0.019856518,0.02341336,0.012049381,0.0013507234,0.028337067,0.013259168,0.01923909,0.017981648,0.007164284,0.04633038,0.011840641,0.024615925,0.024615925,0.026461778,0.029542804,0.028269248,0.024714151,0.018105889,0.019088643,0.020861428,0.0122930715,0.008274185,0.015785938,0.015468053,0.013244934,0.013244934,0.010853806,0.012121045,0.004861707,0.0016346516,0.0016346516,-0.002415114,0.039606985,0.039606985,0.028112624
1993-09-01,-0.009698029,-0.016293649,-0.017719548,-0.009537826,-0.026432771,0.007392238,-0.008104738,-0.015470232,0.014292399,0.0012872084,0.011284706,0.010732055,-0.011577182,0.012223449,-0.0052111456,0.01096772,0.01096772,0.013463499,0.014777875,0.010831525,0.011108111,0.0050403597,0.008528748,0.015740966,0.0051789316,-0.004899555,-0.0004017982,0.00050426665,-0.00025543213,-0.00025543213,-0.0044181426,0.0018020282,-0.008739436,-0.012250942,-0.012250942,-0.005405602,0.024328105,0.024328105,0.02225897
1993-10-01,-0.016065964,-0.020858373,-0.024772191,-0.014716757,-0.03355474,-0.0050770016,-0.01469344,-0.022168713,0.0064131794,-0.0012430155,0.004473067,0.005037427,-0.026996471,-0.008970493,-0.013016825,0.0036923292,0.0036923292,0.00777204,0.009454451,0.010041995,0.008004914,0.0051864623,0.0064604697,0.0035719129,-0.010201042,-0.016139455,-0.0117131835,-0.011961535,-0.012048746,-0.012048746,-0.016083604,-0.009010141,-0.015039177,-0.01797514,-0.01797514,-0.007317646,0.009827677,0.009827677,0.01500384
1993-11-01,-0.0121454,-0.023578057,-0.029734435,-0.023880892,-0.039811697,-0.025347658,-0.030196652,-0.039217267,-0.016271254,-0.023230067,-0.005908116,-0.004395008,-0.04146378,-0.032667648,-0.02967278,-0.0063363425,-0.0063363425,-0.009843783,-0.011967942,-0.0094497735,-0.005219082,-0.01089859,-0.0057128905,-0.0004272461,-0.01578389,-0.018650902,-0.01037379,-0.014293271,-0.013157654,-0.013157654,-0.014294639,-0.010848651,-0.014165861,-0.016193928,-0.016193928,-0.006943923,0.0010279338,0.0010279338,0.006087197
1993-12-01,-0.013941364,-0.026525253,-0.035751715,-0.021059196,-0.04670147,-0.021014465,-0.02961963,-0.037159897,-0.012010911,-0.019448046,-0.005730941,-0.0039715767,-0.051276032,-0.031760816,-0.025902065,-0.0074212793,-0.0074212793,-0.009488758,-0.018483656,-0.0141438395,-0.0053835693,-0.014817524,-0.008971049,-0.0030022515,-0.015820017,-0.018683434,-0.014537998,-0.019384088,-0.017275697,-0.017275697,-0.018238407,-0.009594548,-0.01429972,-0.015637342,-0.015637342,-0.0041118916,0.0019002279,0.0019002279,0.006749047
1994-01-01,-0.017362712,-0.02548883,-0.034625117,-0.023669828,-0.044188127,-0.02029844,-0.026691208,-0.037505463,-0.010307013,-0.020523503,-0.004676855,-0.003278017,-0.04073701,-0.024387343,-0.02251569,-0.0048228195,-0.0048228195,-0.0069346707,-0.01609255,-0.01471753,-0.0052778134,-0.016014863,-0.010447592,-0.0020350865,-0.015181018,-0.018715858,-0.01339334,-0.015924944,-0.013481649,-0.013481649,-0.015666343,-0.006903633,-0.012849992,-0.016580611,-0.016580611,-0.0053051286,0.0067125955,0.0067125955,0.009254243
1994-02-01,-0.013758755,-0.022649521,-0.032026764,-0.013348192,-0.037995048,-0.018001879,-0.021015361,-0.031230895,-0.0122676175,-0.022392562,-0.0041897306,-0.0028765202,-0.0304232,-0.018788591,-0.022076057,0.00021883336,0.00021883336,-0.0032137358,-0.0065671722,-0.0037687698,0.0022451533,-0.0072482107,-0.0016259765,0.0013587589,-0.009417331,-0.014964845,-0.010124181,-0.009178815,-0.008024191,-0.008024191,-0.01087107,-9.731827e-05,-0.009368231,-0.013879662,-0.013879662,-0.004629282,0.012709046,0.012709046,0.016029146
1994-03-01,-0.0031961945,-0.006978744,-0.013317361,-0.00088028447,-0.024227167,0.006731935,-0.0007235619,-0.00633727,0.010279487,0.003226658,0.011816232,0.009396076,0.0005707917,0.02411146,0.0069481344,0.011323213,0.011323213,0.01389475,-6.4402615e-05,0.007685696,0.011131623,0.0011797905,0.005357666,0.015515621,0.0052814116,0.0032252206,0.009606675,0.009487285,0.012079875,0.012079875,0.0063670683,0.012869869,0.006340526,0.0037497398,0.0037497398,-0.0036661,0.025916545,0.025916545,0.022077348
1994-04-01,-0.01634599,-0.017869215,-0.025579685,-0.010803912,-0.034030605,0.0010506549,-0.010189074,-0.018202966,0.006541383,-0.0036849976,0.006439643,0.005439043,-0.029004132,0.0029967101,-0.007234102,0.0027625107,0.0027625107,0.003416726,0.0010441222,0.0041018445,0.011308011,0.0007884979,0.0035511272,0.014127119,-0.0012902045,-0.003095521,0.0026543334,0.0009493389,0.003426412,0.003426412,-0.0015832743,0.0048338054,-0.0038543416,-0.0030993996,-0.0030993996,-0.002314641,0.022879537,0.022879537,0.01827452
1994-05-01,-0.0017898013,-0.0050977073,-0.008771943,0.0021886025,-0.019444436,0.016169913,0.0029542984,-0.0040442203,0.023527257,0.009247978,0.02347308,0.020580769,0.0038245872,0.03390992,0.008487477,0.020212462,0.020212462,0.018850612,0.027332384,0.032167543,0.031120349,0.023292255,0.025642497,0.015622384,0.013293851,0.007988612,0.008474343,0.010537574,0.012241822,0.012241822,0.004498123,0.01643128,0.0045822,0.0010546263,0.0010546263,-0.0009059026,0.04379654,0.04379654,0.02728208
1994-06-01,-0.004389362,-0.0055410923,-0.0058414047,0.0030686902,-0.015097008,0.018978138,0.0008440853,-0.005928873,0.02207064,0.008604374,0.017812865,0.016623735,-0.0016439932,0.034264673,0.006233664,0.021871725,0.021871725,0.024102397,0.035774916,0.03368496,0.031778682,0.02498598,0.0238856,0.028307717,0.019425424,0.015198601,0.019919628,0.019971382,0.019213257,0.019213257,0.013014394,0.018014118,0.011371078,0.009028611,0.009028611,0.00024437538,0.038454436,0.038454436,0.029618157
1994-07-01,-0.004724161,-0.0015215751,-0.002995614,0.0042444044,-0.015114352,0.01708119,0.0028250557,-0.005866171,0.01857997,0.004989912,0.01573145,0.015638232,0.0017652159,0.041164927,0.008025764,0.025728105,0.025728105,0.025971288,0.033964064,0.03385759,0.030938203,0.021458339,0.019873556,0.029619005,0.023561342,0.020597776,0.02323153,0.025768267,0.022826537,0.022826537,0.017203888,0.019335123,0.013187777,0.007534589,0.007534589,0.0007474459,0.05202001,0.05202001,0.03386243
1994-08-01,-0.0043894616,-0.0074220314,-0.008817454,0.00047026604,-0.020175815,0.020614548,0.004254741,-0.0033846302,0.024260128,0.009750366,0.016812004,0.015236616,0.0014363042,0.03838519,0.009234978,0.025728254,0.025728254,0.028322384,0.03363532,0.030853674,0.02673004,0.019133758,0.021138305,0.025145225,0.021059196,0.013426887,0.01730794,0.017888824,0.015182495,0.015182495,0.010836727,0.014099618,0.008192115,0.0037262058,0.0037262058,-0.0020413913,0.04508947,0.04508947,0.03039699
1994-09-01,-0.011615765,-0.016898815,-0.01848153,-0.009308747,-0.029381415,0.007104067,-0.00499546,-0.011245214,0.02182306,0.008419253,0.013038527,0.011688471,-0.017201459,0.013366892,-0.0055629956,0.012918761,0.012918761,0.012888361,0.012225763,0.010646505,0.009668218,0.004135132,0.010970968,0.019289143,0.0045458395,-0.0030242072,0.0034945111,0.0018273732,0.0005732218,0.0005732218,-0.0031264185,0.00027396236,-0.005048045,-0.008214203,-0.008214203,-0.0055492693,0.017210389,0.017210389,0.016561296
1994-10-01,-0.0077985832,-0.014664381,-0.017719548,-0.008934956,-0.026386332,-0.0044540484,-0.0119029805,-0.020087747,0.0016489964,-0.009873876,0.006421853,0.0062202215,-0.018949438,-0.009542216,-0.015512624,0.009901093,0.009901093,0.0024525914,-0.0016885692,-0.0037318063,-0.0014105263,-0.0073824883,-0.002579244,0.011581857,-0.006812803,-0.012154897,-0.0045902613,-0.0048297215,-0.005650635,-0.005650635,-0.0076303277,-0.005868719,-0.010736483,-0.012397408,-0.012397408,-0.005621338,0.0080833435,0.0080833435,0.011616177
1994-11-01,-0.009734511,-0.016695071,-0.022440841,-0.016139565,-0.035214823,-0.016783757,-0.01999042,-0.026040213,-0.005103167,-0.015075251,-0.00077942765,-0.0003796816,-0.027706005,-0.018315375,-0.018074306,0.00128546,0.00128546,-0.0017843808,-0.011574896,-0.008357989,-0.0022980312,-0.008252812,-0.0030526733,0.0032810755,-0.0097730085,-0.014082273,-0.008456153,-0.0119199725,-0.011544088,-0.011544088,-0.013220084,-0.0077864556,-0.013018837,-0.013323075,-0.013323075,-0.0054344763,0.004734802,0.004734802,0.008721882
1994-12-01,-0.01644957,-0.025464963,-0.030541928,-0.022476098,-0.041819982,-0.026054269,-0.029214745,-0.036170382,-0.010765076,-0.018813223,-0.005199559,-0.0050594807,-0.04335022,-0.031603396,-0.02790294,-0.004595054,-0.004595054,-0.008211714,-0.018064722,-0.015019684,-0.008545689,-0.014788342,-0.00816742,-0.004135471,-0.016597822,-0.01873525,-0.014361453,-0.017983766,-0.017350363,-0.017350363,-0.018798549,-0.012967287,-0.017519562,-0.018285578,-0.018285578,-0.004658156,-0.0014795939,-0.0014795939,0.006450653
1995-01-01,-0.016583372,-0.0276814,-0.041853637,-0.025617145,-0.05155964,-0.021395708,-0.031058034,-0.041157056,-0.014860265,-0.02331831,-0.006572561,-0.0058187246,-0.045686226,-0.02878374,-0.028815415,-0.0060627265,-0.0060627265,-0.009454926,-0.016724158,-0.015790783,-0.007446577,-0.017346572,-0.010242004,-0.0024266804,-0.0142887235,-0.017937131,-0.014178745,-0.014500984,-0.012821249,-0.012821249,-0.014986184,-0.0054425667,-0.012756823,-0.013967675,-0.013967675,-0.0039823093,0.0018689473,0.0018689473,0.00826772
1995-02-01,-0.01067817,-0.017360002,-0.029812697,-0.015108663,-0.034732986,-0.009902878,-0.01543416,-0.02311104,0.00021990608,-0.00809306,0.0033394329,0.0025041103,-0.027359856,-0.004376761,-0.010092522,0.0033368366,0.0033368366,0.0035857463,-0.0023201779,-0.00111646,0.005677517,-0.0035219193,0.0008472697,0.0040642633,-0.006004875,-0.008533795,-0.006240099,-0.0075234063,-0.0064106244,-0.0064106244,-0.009785037,-0.00022525352,-0.007400275,-0.0075755343,-0.0075755343,-0.0034792386,0.01697642,0.01697642,0.01695082
1995-03-01,-0.008419571,-0.01748579,-0.029096331,-0.01298641,-0.03719979,-0.01108365,-0.020024875,-0.027877808,-0.005588756,-0.014431791,0.00011512793,-0.0006862879,-0.028882626,-0.003331824,-0.011071059,0.0040113498,0.0040113498,0.0028669953,-0.0044275746,-0.0030471247,0.0038614334,-0.007020378,-0.0015699259,0.015610468,-0.0011333835,-0.0037899017,0.0033179666,0.003292992,0.0057751467,0.0057751467,0.0010688618,0.005460857,-0.0011411293,-0.0016755968,-0.0016755968,-0.0036661,0.015715027,0.015715027,0.017508825
1995-04-01,-0.0074211396,-0.010027861,-0.017452545,-0.0029964324,-0.024929449,0.0030778723,-0.0072951075,-0.015823621,0.006651336,-0.0022745673,0.0078036776,0.0061910152,-0.013498094,0.010271354,-0.0049804687,0.014824249,0.014824249,0.014892716,-0.00036094929,0.0057919947,0.012277759,0.003194809,0.005500997,0.020339336,0.005709445,0.0004737642,0.0070436955,0.00975429,0.010453796,0.010453796,0.0048868256,0.009174459,0.0067655854,0.0033630563,0.0033630563,-0.0025158222,0.028221639,0.028221639,0.024776883
1995-05-01,-0.0009496235,-0.0027375834,-0.009683643,0.001133482,-0.019914616,0.010841939,-0.0004909533,-0.0072168945,0.021493351,0.0090539325,0.021586342,0.018332124,0.0006575408,0.031898916,0.004694501,0.020704763,0.020704763,0.020313522,0.026165772,0.027615387,0.025172587,0.017358303,0.022539979,0.027043903,0.013752107,0.01057148,0.016321635,0.016209776,0.017014058,0.017014058,0.010202297,0.014921505,0.0052343826,0.0027829353,0.0027829353,-0.0012361966,0.04300232,0.04300232,0.028554069
1995-06-01,-0.006574898,-0.007451962,-0.010224133,-0.0007717009,-0.019752076,0.014124325,-0.00045649798,-0.0073189614,0.02839212,0.012210198,0.023225034,0.020412803,-0.0014365867,0.03528965,0.0059037153,0.017431641,0.017431641,0.022275623,0.026114207,0.028152013,0.026871111,0.018351078,0.018957723,0.02285505,0.0109185,0.0077614253,0.013959555,0.01664293,0.018571472,0.018571472,0.014294639,0.016486052,0.012465717,0.0046109287,0.0046109287,-0.0017538217,0.034747567,0.034747567,0.028177686
1995-07-01,-0.0036892472,-0.0024440472,-0.0050209393,0.0026708788,-0.016356569,0.019192064,0.007889287,-0.00236383,0.025652718,0.008436958,0.019035304,0.017981648,0.004845513,0.035290293,0.0043207505,0.029083252,0.029083252,0.026639499,0.03277167,0.03095248,0.027629253,0.020039082,0.019636841,0.030817522,0.020124767,0.013524162,0.019237705,0.021377709,0.02093272,0.02093272,0.014517501,0.018817715,0.013863062,0.0076867943,0.0076867943,-0.0019838773,0.041647084,0.041647084,0.032317903
1995-08-01,-0.010726879,-0.01109402,-0.017296342,-0.0064992597,-0.027344035,0.0018040292,-0.010102865,-0.017535554,0.010691774,-0.0038348504,0.012321147,0.01066637,-0.023777714,-0.0005717217,-0.014743042,0.016921178,0.016921178,0.014021654,0.023098124,0.02163223,0.021816613,0.01043129,0.013855387,0.024326483,0.011786676,0.007093006,0.014397935,0.014382305,0.013213704,0.013213704,0.0075216033,0.0104650445,0.009263368,0.0037438085,0.0037438085,-0.0018834041,0.028066,0.028066,0.025179334
1995-09-01,-0.010458981,-0.016677171,-0.018748533,-0.0100925565,-0.02903321,0.00014879217,-0.012617823,-0.019875662,0.0069629443,-0.004619526,0.010345893,0.0086295605,-0.02140695,0.00270087,-0.008564309,0.009117015,0.009117015,0.011577485,0.009454556,0.009394278,0.012301175,0.005274105,0.008890177,0.01577662,0.0034546882,-0.0037639407,0.0012419759,0.0021537659,0.0018129476,0.0018129476,-0.0029034629,0.002088118,-0.003103381,-0.0051675155,-0.0051675155,-0.0066709076,0.014391073,0.014391073,0.021311654
1995-10-01,-0.002995196,-0.008488288,-0.013115434,-0.0035630749,-0.019160016,-0.003198728,-0.0090004355,-0.016326135,0.008648592,-0.0035351447,0.0016120803,0.0015258789,-0.010660242,0.0007490971,-0.010521384,0.018917773,0.018917773,0.007839565,0.0010441222,-0.00046259814,0.0017161819,-0.00560112,-0.0012647501,0.015485879,-0.0015675207,-0.004412863,0.0046450337,0.0027767122,0.0011836751,0.0011836751,-0.00068015937,0.006507998,-0.0015545902,-0.0061459914,-0.0061459914,-0.0031196007,0.017973581,0.017973581,0.019481447
1995-11-01,-0.009332812,-0.021008125,-0.029408844,-0.019889684,-0.039428618,-0.021060925,-0.026639596,-0.034607705,-0.009940353,-0.021017255,-0.008281979,-0.0076584816,-0.036289357,-0.026575724,-0.025528133,9.1106136e-05,9.1106136e-05,-0.006757089,-0.00552968,-0.006754255,-0.0036380216,-0.01121397,-0.006111552,0.0031743126,-0.0094413515,-0.01583449,-0.008876242,-0.009030393,-0.009594116,-0.009594116,-0.0127285365,-0.0040910454,-0.010672406,-0.012696269,-0.012696269,-0.0038818358,0.0041740416,0.0041740416,0.0124600725
1995-12-01,-0.01730794,-0.027441759,-0.037236445,-0.022602696,-0.046707246,-0.02136777,-0.0254338,-0.033594597,-0.010526769,-0.019492095,-0.007502407,-0.006512165,-0.043246236,-0.03268761,-0.030200735,-0.00612659,-0.00612659,-0.010342835,-0.014848801,-0.0135578625,-0.008522082,-0.014169216,-0.0062798057,-0.0041355677,-0.01840643,-0.022531722,-0.015627684,-0.017538792,-0.017531026,-0.017531026,-0.018644188,-0.014397935,-0.01963887,-0.022310646,-0.022310646,-0.0060528093,-0.00032730104,-0.00032730104,0.0061649745
1996-01-01,-0.013819492,-0.021439381,-0.03251515,-0.014330857,-0.045128483,-0.02253928,-0.024848059,-0.03277793,-0.014310501,-0.022366218,-0.0071393778,-0.006607175,-0.03172076,-0.02442726,-0.024582628,0.0011488007,0.0011488007,-0.0054377904,-0.015680142,-0.013496223,-0.010396994,-0.014794159,-0.007226766,-0.0061942935,-0.017737309,-0.022512224,-0.014994568,-0.015693495,-0.01533193,-0.01533193,-0.017215181,-0.010045054,-0.017228456,-0.020066695,-0.020066695,-0.004658156,0.0045010885,0.0045010885,0.009189182
1996-02-01,-0.017825447,-0.02825644,-0.03672849,-0.023537125,-0.04354972,-0.017843673,-0.023349322,-0.035220236,-0.013715108,-0.025777852,-0.0056068455,-0.0047308207,-0.03774318,-0.021607926,-0.02542922,-0.0050964355,-0.0050964355,-0.0042622425,-0.016801504,-0.013736738,-0.0069881417,-0.015991593,-0.009363607,-0.002171592,-0.016356634,-0.01946216,-0.012376717,-0.012910874,-0.0112138875,-0.0112138875,-0.012208431,-0.007074213,-0.01248901,-0.013616006,-0.013616006,-0.0040255035,0.00697759,0.00697759,0.010084788
1996-03-01,-0.008267381,-0.012663621,-0.02319623,-0.008325983,-0.030873079,-0.0064067175,-0.01608867,-0.025553215,-0.0061842976,-0.017623182,-0.0010008608,-0.0017302036,-0.023431566,-0.008615743,-0.014435174,0.0020147557,0.0020147557,3.3831704e-05,-0.0032482278,-0.0015729143,0.003332366,-0.0039774897,0.0015138753,0.008087061,-0.007855815,-0.009825177,-0.0022768897,-0.0030497233,-0.0016571045,-0.0016571045,-0.0032921655,0.004121563,-0.0015080057,-0.003978191,-0.003978191,-0.0042412393,0.015901947,0.015901947,0.016820908
1996-04-01,-0.006489707,-0.008955638,-0.015948253,-0.0024960425,-0.02656631,0.006462439,-0.004099622,-0.01225845,0.010517644,-0.0019218876,0.0033835461,0.0033437014,-0.01708052,0.0021883806,-0.007256003,0.009773366,0.009773366,0.008017147,0.0018754631,0.0034110192,0.010179436,-0.002546501,0.003071289,0.012014916,0.00061497843,-0.0021544562,0.003135358,0.0044143917,0.0055135093,0.0055135093,0.0016746405,0.009424067,0.0019913432,-0.0012830776,-0.0012830776,-0.002113225,0.022645824,0.022645824,0.020870421
1996-05-01,-0.005107768,-0.010956397,-0.010614906,-0.00274924,-0.019926177,0.01312013,0.0,-0.0063608633,0.020650527,0.0060742935,0.013596666,0.011914849,-0.004378425,0.025097165,0.0039577708,0.013857809,0.013857809,0.013471923,0.013405214,0.012046588,0.017173527,0.010028267,0.01382426,0.014186508,0.0041479296,-0.00041537813,0.0034152847,0.004343184,0.004161682,0.004161682,-0.00011432426,0.014081327,0.003330409,-0.00074409315,-0.00074409315,-0.0010925293,0.034280397,0.034280397,0.026594162
1996-06-01,-0.0061731,-0.0065534543,-0.009598895,4.8237463e-05,-0.018010773,0.01577941,0.001119728,-0.0056619085,0.025093976,0.009715098,0.016085802,0.014849782,-0.0028728908,0.025846586,0.0013302073,0.017632313,0.017632313,0.018351559,0.018058304,0.016086893,0.017919865,0.007557678,0.012983195,0.028260246,0.015434216,0.010791991,0.01580423,0.017906649,0.016179198,0.016179198,0.010276585,0.016327798,0.00900145,0.004089547,0.004089547,-0.0013944185,0.032411195,0.032411195,0.028112624
1996-07-01,-0.004535489,-0.006193992,-0.010315261,-0.0022006128,-0.021388842,0.012943401,0.0027734432,-0.006407922,0.022794386,0.008939492,0.02137373,0.019266605,0.0026304456,0.037596818,0.008267571,0.024834758,0.024834758,0.026546426,0.026803905,0.02757218,0.026953354,0.0177145,0.023162944,0.027797444,0.018828558,0.011350208,0.017581902,0.019063702,0.017605895,0.017605895,0.0136430375,0.015792001,0.008564792,0.00472812,0.00472812,-0.0021134596,0.04132029,0.04132029,0.029579375
1996-08-01,-0.009631029,-0.012322059,-0.014919374,-0.007047887,-0.026647627,0.005960341,-0.00065465126,-0.009651248,0.021511601,0.006576682,0.014269933,0.013199806,-0.006074128,0.028823337,0.0020888385,0.02274691,0.02274691,0.023400353,0.02690051,0.026067149,0.026201067,0.018841743,0.021244202,0.020902991,0.0154161025,0.0058146585,0.010288499,0.0135338195,0.012603251,0.012603251,0.009242066,0.0063862256,-0.002270755,-0.0020565405,-0.0020565405,-0.0028895452,0.031476848,0.031476848,0.024478488
1996-09-01,-0.007737747,-0.013765776,-0.019015536,-0.010888376,-0.027436914,-0.0032357743,-0.0129279215,-0.021634655,0.0032890171,-0.008040086,0.007927628,0.007563472,-0.018551297,0.0015970222,-0.008993171,0.006509474,0.006509474,0.011010908,0.011922902,0.010251691,0.012694929,0.0056770323,0.0066411337,0.017111642,-0.0005666425,-0.0056393943,-1.8290666e-05,0.00033821227,8.7178545e-05,8.7178545e-05,-0.0014803358,0.0033848665,-0.0030044129,-0.0030583588,-0.0030583588,-0.0040111835,0.011073812,0.011073812,0.012083477
1996-10-01,-0.0075429115,-0.016305776,-0.01929551,-0.011913275,-0.028383054,-0.004556229,-0.011748002,-0.019954264,0.0015940947,-0.009671049,0.0016653052,0.0016354322,-0.019762674,-0.0041205166,-0.009993609,0.0052423244,0.0052423244,0.005091188,0.0028872786,0.004175872,0.007993206,-0.0007825851,0.0019873048,0.014578102,-0.00033766223,-0.004886627,8.519076e-05,0.00096716505,0.0010279338,0.0010279338,-0.0020975936,0.0028735232,-0.0041047568,-0.0035797406,-0.0035797406,-0.002616765,0.008005524,0.008005524,0.010850483
1996-11-01,-0.01767922,-0.027375832,-0.032801613,-0.022295257,-0.04116992,-0.011641621,-0.020998063,-0.029110692,0.000861224,-0.010755431,-0.00022143323,0.00031387806,-0.03727581,-0.01579188,-0.017436488,-0.0022154273,-0.0022154273,0.00031290876,-0.0055618812,-0.0040217736,-0.0009050669,-0.007931518,-0.0014578247,0.0034710597,-0.012473912,-0.017898135,-0.013411631,-0.013124497,-0.011687418,-0.011687418,-0.013482983,-0.008663115,-0.015563299,-0.017014267,-0.017014267,-0.0045720027,0.0035509744,0.0035509744,0.0075147417
1996-12-01,-0.018568108,-0.024422573,-0.038662583,-0.023687843,-0.044321664,-0.025812557,-0.028508622,-0.03759958,-0.0148052145,-0.021898953,-0.0055803778,-0.0049499273,-0.03982007,-0.031839684,-0.029617848,-0.0048137386,-0.0048137386,-0.009201257,-0.0132439975,-0.008981031,-0.007499455,-0.012504769,-0.0027411906,-0.0036251976,-0.019286716,-0.02264203,-0.016455635,-0.017633734,-0.017294312,-0.017294312,-0.018758418,-0.01479357,-0.020512281,-0.022082195,-0.022082195,-0.0032062237,-0.0020248413,-0.0020248413,0.004711363
1997-01-01,-0.019067323,-0.025614714,-0.03704111,-0.026551671,-0.04618485,-0.020261394,-0.020377867,-0.030641956,-0.011113185,-0.017420355,-0.0044555664,-0.002964139,-0.03061337,-0.02302725,-0.021658326,-0.00012757836,-0.00012757836,-0.0049050446,-0.015860511,-0.01327414,-0.0097974865,-0.0134859085,-0.0068093874,-0.0037795294,-0.019805318,-0.022713343,-0.014903215,-0.016731868,-0.016459554,-0.016459554,-0.016615188,-0.012930705,-0.020326039,-0.025609223,-0.025609223,-0.0048593376,0.0025388082,0.0025388082,0.0064377254
1997-02-01,-0.002788233,-0.013969519,-0.026400257,-0.012763436,-0.03360118,-0.015435366,-0.01940482,-0.025419861,-0.003472272,-0.012236541,-0.00072634727,-0.0003796816,-0.025231255,-0.0057964083,-0.011598654,0.00289917,0.00289917,-0.00017758193,-0.004466195,-0.0012891914,0.0053189835,-0.0057003973,-0.0017381795,0.0063782707,-0.0055889497,-0.0058146585,2.4354418e-05,-0.0043787397,-0.003220927,-0.003220927,-0.004520988,0.00085230527,-0.0039068204,-0.0059819235,-0.0059819235,-0.0030623216,0.017272694,0.017272694,0.017430834
1997-03-01,-0.00017654468,-0.0054212715,-0.016339026,-0.002520063,-0.02672885,0.0021665962,-0.005116124,-0.014841929,0.004076939,-0.007617015,0.003667027,0.0027815104,-0.0065932097,0.010290991,-0.003155338,0.008952815,0.008952815,0.006714834,0.001972067,0.0048359786,0.008398668,-0.003930664,-0.0006915283,0.019858709,0.0042685233,0.0025244819,0.011871438,0.009416174,0.010572204,0.010572204,0.007738866,0.011804438,0.007854331,0.006356936,0.006356936,-0.0015958346,0.024374899,0.024374899,0.022518793
1997-04-01,-0.0008644328,-0.0067571006,-0.016671104,-0.0011757143,-0.026455991,-0.0013017796,-0.009715278,-0.019577283,0.0023727417,-0.010041435,0.0021081716,0.0007519722,-0.0047242907,0.0067425175,-0.0066844267,0.011578518,0.011578518,0.006943094,0.002584418,0.0009807927,0.0060771247,-0.0014659881,0.0032457479,0.01929515,0.003786247,0.0011421839,0.008395216,0.008176095,0.009319967,0.009319967,0.006607196,0.009357067,0.006433695,0.005853061,0.005853061,-0.0024583084,0.026259359,0.026259359,0.021194883
1997-05-01,-0.00082795083,-0.0027734805,-0.008283449,0.0038162724,-0.022230444,0.018029664,0.004900673,-0.0027720989,0.027494244,0.011936836,0.020337434,0.017777324,0.009639033,0.036808126,0.009531717,0.027843345,0.027843345,0.025125634,0.017645895,0.019220334,0.021146666,0.014753342,0.02042806,0.016719952,0.0057576825,0.001920912,0.0071411133,0.007944646,0.009382324,0.009382324,0.0025719693,0.011396576,0.002666628,-0.00024605394,-0.00024605394,-0.001365779,0.037395477,0.037395477,0.027697245
1997-06-01,-0.0075064297,-0.011159946,-0.010028693,-0.00085006224,-0.021063859,0.015519024,0.0047801496,-0.0019160679,0.03475952,0.016124366,0.027095849,0.02420199,-6.922969e-05,0.031958148,0.004815315,0.026694544,0.026694544,0.027620342,0.029401056,0.028571403,0.031202689,0.02536564,0.028583068,0.020274037,0.011509262,0.0041208267,0.005996555,0.0053043426,0.005756531,0.005756531,-0.0009430585,0.008042128,-0.00023862654,-0.0030759615,-0.0030759615,-0.0033353365,0.03850123,0.03850123,0.028579924
1997-07-01,-0.0073907212,-0.0060921693,-0.010113334,-0.0031893821,-0.022578742,0.020809952,0.008096018,-0.0015548578,0.026926227,0.010270605,0.025793718,0.023946404,0.0030978168,0.034777485,0.0062665152,0.027341964,0.027341964,0.028060153,0.039667696,0.03714533,0.032413412,0.025260543,0.02654592,0.027696688,0.020239258,0.013894187,0.01901255,0.018915376,0.016789755,0.016789755,0.008533256,0.008163899,0.0028529658,0.0012714063,0.0012714063,-0.0006326529,0.03825175,0.03825175,0.030786302
1997-08-01,-0.004949414,-0.0038817967,-0.0101328995,0.0011877244,-0.020791,0.01322231,0.0010679746,-0.009187843,0.014328901,-0.000899117,0.010956967,0.010629773,-0.0026824386,0.0162255,-0.005552045,0.02049501,0.02049501,0.017962702,0.020552432,0.020583453,0.019906482,0.011710358,0.015145061,0.022202458,0.013022638,0.008163876,0.010994678,0.012465898,0.012086079,0.012086079,0.0057498105,0.009338876,0.0003842743,-0.0028474145,-0.0028474145,-0.0002732497,0.03714625,0.03714625,0.027853224
1997-09-01,-0.005241767,-0.0071225287,-0.012783356,-0.005540614,-0.019630196,0.010981469,-0.0011799192,-0.009926035,0.012670629,-0.0018689138,0.004172086,0.0045702457,-0.0011769048,0.013701684,-0.0053651696,0.022409728,0.022409728,0.012330206,0.009725111,0.0043054963,0.0070997514,-0.0016996383,0.0041802977,0.018114362,0.0053597726,-0.0008371141,0.006988923,0.008472745,0.008609823,0.008609823,0.0054640463,0.0035796026,-0.0011121328,-0.003450878,-0.003450878,-0.0018113357,0.022412363,0.022412363,0.021947648
1997-10-01,-0.0051504127,-0.016425597,-0.021255653,-0.015211143,-0.028789354,-0.0063323216,-0.016286964,-0.024877852,-0.0018689025,-0.013206338,-0.00015056302,-0.0003504753,-0.01687283,-0.0071565006,-0.016249174,0.005451928,0.005451928,0.0024101983,-0.003138575,-0.0039106817,0.0018572537,-0.0074934005,1.2410482e-05,0.009232197,-0.0027251213,-0.0074175727,-0.00021302661,-0.0017739916,-0.0014141846,-0.0014141846,-0.0051668035,0.0009131416,-0.004291095,-0.0065912227,-0.0065912227,-0.0017254169,0.018627675,0.018627675,0.018845664
1997-11-01,-0.014580543,-0.022409879,-0.02891397,-0.014921717,-0.03802405,-0.015946876,-0.024675783,-0.033673197,-0.010426091,-0.018927809,-0.00723686,-0.005687356,-0.03161706,-0.025530785,-0.025956996,-0.0040570516,-0.0040570516,-0.0064357566,-0.013843405,-0.012607889,-0.007405407,-0.014005661,-0.0071831257,-0.0017325265,-0.016814793,-0.021584298,-0.016948687,-0.017621916,-0.017755432,-0.017755432,-0.02103893,-0.011615765,-0.018189142,-0.020189721,-0.020189721,-0.004140531,0.0028348288,0.0028348288,0.007722431
1997-12-01,-0.016632179,-0.024889922,-0.03651359,-0.022886017,-0.048599433,-0.021702552,-0.027492119,-0.035761986,-0.012230966,-0.021511005,-0.008910843,-0.008424997,-0.04250223,-0.030439995,-0.02682549,-0.0054793195,-0.0054793195,-0.008592148,-0.01962438,-0.014939513,-0.010761381,-0.017428303,-0.0095131425,-0.0053933766,-0.018285936,-0.021311654,-0.015566749,-0.018577164,-0.018247578,-0.018247578,-0.02095895,-0.012401071,-0.017618624,-0.020365557,-0.020365557,-0.0050750733,-4.6539306e-05,-4.6539306e-05,0.0037379796
1998-01-01,-0.013673466,-0.025716538,-0.036474567,-0.020974929,-0.046602804,-0.020447234,-0.023728332,-0.031081641,-0.009408988,-0.018213812,-0.0046858224,-0.00435853,-0.034247503,-0.021745706,-0.023175407,-0.0011030989,-0.0011030989,-0.005285617,-0.018496493,-0.014902549,-0.009203833,-0.015302372,-0.00944458,-0.004900832,-0.0168269,-0.02000724,-0.013606466,-0.014803545,-0.01428538,-0.01428538,-0.015734844,-0.010933842,-0.015487623,-0.016979063,-0.016979063,-0.0040830174,0.006447856,0.006447856,0.008254793
1998-02-01,-0.0012663304,-0.0098421145,-0.022382252,-0.011828909,-0.02865013,-0.008256903,-0.0079151625,-0.018807676,0.0013741886,-0.006462097,0.0049515134,0.0038329363,-0.01285779,-0.0012026759,-0.009103035,0.0053426605,0.0053426605,0.0015221505,-0.011851975,-0.006088005,-0.0010813588,-0.0074700355,-0.0025916544,0.0034946986,-0.01050858,-0.010837449,-0.0024777888,-0.005962941,-0.0050088502,-0.0050088502,-0.0052925134,-0.004164208,-0.0058048996,-0.0060756765,-0.0060756765,-0.002041626,0.010481771,0.010481771,0.008306716
1998-03-01,-0.004462525,-0.013376383,-0.021092856,-0.007156372,-0.028661598,-0.0040261946,-0.0117394235,-0.021556182,-0.0030233345,-0.012245323,-0.0010452633,-0.0011316538,-0.013290405,0.0033714196,-0.0072669536,0.0077493805,0.0077493805,0.0029091123,0.0005155366,0.0031951803,0.008328132,-0.0034050941,0.0007350667,0.01369997,0.0034968222,0.0029657152,0.0072993673,0.0058739074,0.006510315,0.006510315,0.0028635194,0.007987355,0.0014032382,0.0008495175,0.0008495175,-0.0019552377,0.021228535,0.021228535,0.020662732
1998-04-01,-0.010854715,-0.017461825,-0.022440841,-0.00661375,-0.031244598,0.0054395683,-0.0072863884,-0.016066993,0.015813041,0.004125775,0.011196336,0.009775758,-0.020057114,0.008181801,-0.0022868437,0.009271985,0.009271985,0.011002485,0.008629529,0.009338782,0.01335336,0.0057646753,0.010877482,0.008567689,-0.0013986895,-0.0077096093,-0.0056799473,-0.005725582,-0.0046725464,-0.0046725464,-0.009676405,0.003001359,-0.008413345,-0.009631979,-0.009631979,-0.0031196007,0.024577077,0.024577077,0.021402571
1998-05-01,-0.006660188,-0.0046844482,-0.00882394,0.0031169276,-0.019061355,0.011027929,-0.0010335193,-0.009509816,0.017233158,0.0009256039,0.014420351,0.01307559,-0.0031498095,0.022928745,0.00024198645,0.017850997,0.017850997,0.015028043,0.011239729,0.010806748,0.014375891,0.007207298,0.010977275,0.015058633,0.0015856343,-0.00360171,0.00046879772,0.0017028808,0.0020621745,0.0020621745,-0.0010745547,0.0065567065,0.0029169482,-0.0013768306,-0.0013768306,0.0,0.029109446,0.029109446,0.024751028
1998-06-01,-0.005594757,-0.005864559,-0.0055744024,0.00264676,-0.016136028,0.020279918,0.005865422,-0.0018296442,0.03665595,0.014290576,0.027290814,0.024953961,0.012650101,0.048538398,0.0121373795,0.028271781,0.028271781,0.027121566,0.03113477,0.030915415,0.02818759,0.01760931,0.023100687,0.025833566,0.018533127,0.013232231,0.01367953,0.016625104,0.017580973,0.017580973,0.009773651,0.014641479,0.0065210643,0.0031345093,0.0031345093,-0.0022425726,0.044964854,0.044964854,0.030773375
1998-07-01,-0.0063010347,-0.005624918,-0.004030979,0.0015555104,-0.018312631,0.027383985,0.015124062,0.0057326886,0.033880048,0.015701294,0.025324238,0.024939299,0.016630666,0.05539906,0.01828308,0.028654816,0.028654816,0.03035201,0.036271192,0.036022726,0.030556252,0.025424099,0.027119039,0.028106011,0.021921465,0.016905256,0.018068891,0.020635987,0.02120046,0.02120046,0.012997222,0.013904783,0.006835462,0.003884438,0.003884438,-0.001365779,0.04083735,0.04083735,0.029112075
1998-08-01,-0.0035066388,-0.0024799444,-0.007938292,-0.0020016578,-0.019833298,0.023571564,0.011084772,0.0020103133,0.027091231,0.009697536,0.023260469,0.022800207,0.008375662,0.038444422,0.0077067656,0.025564054,0.025564054,0.025430119,0.026339827,0.026252167,0.02353865,0.015617752,0.019643046,0.025483534,0.014819237,0.011512439,0.01594429,0.017793976,0.017935995,0.017935995,0.012465544,0.011652347,0.0051703053,0.0019392534,0.0019392534,-0.0011070839,0.03765996,0.03765996,0.027645536
1998-09-01,-0.005138186,-0.013106909,-0.014867271,-0.0047146706,-0.02540541,0.009242575,-0.005417503,-0.013420554,0.014722787,-0.0015692081,0.010903887,0.010600567,-0.00399752,0.016580252,-0.00085754396,0.015043082,0.015043082,0.014359833,0.021035766,0.0155378785,0.0154044675,0.012563134,0.015163777,0.017681208,0.006649977,-0.0016872617,0.0016985468,0.002586922,0.0022365316,0.0022365316,-0.0030920745,0.0046450337,-0.006206667,-0.005858992,-0.005858992,-0.0032921424,0.022786204,0.022786204,0.022337172
1998-10-01,-0.009271877,-0.019121218,-0.020819368,-0.0129381735,-0.030867299,-0.0023339116,-0.014779649,-0.020205457,0.00909753,-0.004178749,0.0061119045,0.0071401596,-0.020506965,0.0012419495,-0.007289034,0.0051875417,0.0051875417,0.0074421465,-0.0018368425,-0.0010116124,0.00488406,-0.002114296,0.0017693074,0.015521531,-0.0004461473,-0.0062558916,-0.004115499,-0.005405196,-0.0049901325,-0.0049901325,-0.008436197,-0.0022160534,-0.008896587,-0.010194497,-0.010194497,-0.002573571,0.012226359,0.012226359,0.016249975
1998-11-01,-0.0138682015,-0.025890252,-0.034501344,-0.02575585,-0.04754307,-0.016300183,-0.022918701,-0.03150581,-0.010105208,-0.022754021,-0.0015678225,0.00020444393,-0.03639334,-0.02024719,-0.0225708,-0.002042147,-0.002042147,-0.0013277218,-0.005052764,-0.0032692081,0.001680866,-0.007738781,-0.003675639,0.0071139866,-0.0109185,-0.014367845,-0.009886702,-0.01085796,-0.009506938,-0.009506938,-0.012511367,-0.007749974,-0.012523901,-0.013141501,-0.013141501,-0.0013946533,-0.0021804809,-0.0021804809,0.0051267412
1998-12-01,-0.015518039,-0.023715777,-0.036012124,-0.022017842,-0.049185712,-0.02512447,-0.027595485,-0.0384006,-0.015235901,-0.02603351,-0.008521058,-0.0069355965,-0.035857026,-0.02572812,-0.024802534,-0.004832049,-0.004832049,-0.0078649735,-0.018522276,-0.013625746,-0.0064768284,-0.015512657,-0.009862061,-0.0004924471,-0.018225688,-0.020519892,-0.014233517,-0.01808462,-0.016098225,-0.016098225,-0.016300773,-0.012754161,-0.015184729,-0.016486954,-0.016486954,-0.0016965426,0.0009343465,0.0009343465,0.0054382747
1999-01-01,-0.014519608,-0.022931123,-0.03197466,-0.017043969,-0.0436716,-0.018736426,-0.021773238,-0.030853912,-0.009381612,-0.017808303,-0.004030345,-0.0036357641,-0.030561376,-0.015338302,-0.018349143,-0.00029177783,-0.00029177783,-0.0043807225,-0.019708147,-0.014828522,-0.009045103,-0.015074539,-0.009351094,-0.0022487096,-0.014867475,-0.01833937,-0.012571552,-0.0143407425,-0.012484843,-0.012484843,-0.014351754,-0.011658311,-0.013053822,-0.01656894,-0.01656894,-0.0021277794,0.004547882,0.004547882,0.008696026
1999-02-01,-0.016163383,-0.025830392,-0.037301518,-0.024809215,-0.04252814,-0.01554696,-0.024072884,-0.03440357,-0.0076593137,-0.01779074,-0.002462378,-0.0015769005,-0.031357378,-0.013051415,-0.018524889,0.001094018,0.001094018,-0.0027991938,-0.017684516,-0.012799153,-0.0045607467,-0.0124463085,-0.008971151,0.004930575,-0.008488809,-0.011823972,-0.007427203,-0.0072445823,-0.0029654948,-0.0029654948,-0.005229705,-0.0033848665,-0.0061600823,-0.006005362,-0.006005362,-0.0028468205,0.010357157,0.010357157,0.015730752
1999-03-01,-0.010398144,-0.012837239,-0.024733167,-0.0067705708,-0.03021136,-0.0006880879,-0.009835942,-0.022137297,0.0064772065,-0.0036849976,0.004978126,0.0043439865,-0.013359917,0.0053624664,-0.0058818143,0.013411061,0.013411061,0.0090827765,-0.0023200726,0.00037003824,0.0058891247,-0.0015301704,0.0015386962,0.010062857,-0.0028999576,-0.0058146585,-0.0007244694,-0.00044507225,0.0014079793,0.0014079793,-0.0030978608,0.0025812702,-0.003901021,-0.0059351427,-0.0059351427,-0.0024871826,0.020885976,0.020885976,0.019611359
1999-04-01,-0.00691586,-0.013202667,-0.021008216,-0.0061798096,-0.030269457,0.0064530256,-0.005426082,-0.012635303,0.018131033,0.00083750597,0.014633106,0.013382316,-0.008116545,0.017566279,-0.0009126551,0.01274548,0.01274548,0.011357786,0.012818646,0.017721446,0.02065282,0.011558533,0.013413086,0.017799886,0.006481146,0.0034330157,0.004913032,0.005808706,0.007961833,0.007961833,0.00034287944,0.008358735,-0.0017758189,-0.0030232493,-0.0030232493,-0.0002157358,0.035619862,0.035619862,0.023569955
1999-05-01,-0.002721333,-0.0019408984,-0.005978149,0.0064208,-0.018353196,0.019852215,0.006683631,-0.0007694789,0.026743121,0.011549032,0.02974437,0.026771784,0.013688829,0.042722356,0.010059492,0.024962485,0.024962485,0.026148869,0.030619234,0.031550743,0.031173225,0.026481247,0.028333843,0.021365792,0.016435094,0.012687047,0.011731474,0.01382456,0.015107625,0.015107625,0.006315739,0.013502984,0.0039708028,0.0017987194,0.0017987194,0.00053194485,0.04681829,0.04681829,0.028489007
1999-06-01,-0.008042128,-0.010129684,-0.010562697,-0.0031893821,-0.021412157,0.01884802,0.0070196055,-0.0018924745,0.028318817,0.009882657,0.028380191,0.026282668,0.007926093,0.0494256,0.012324255,0.026931688,0.026931688,0.031290736,0.033377603,0.035597194,0.03488188,0.027287196,0.025935363,0.026735432,0.020185016,0.016334215,0.017606257,0.019651093,0.0208019,0.0208019,0.01109384,0.013137768,0.0061659766,0.0037028634,0.0037028634,-0.0017251822,0.040603638,0.040603638,0.02955352
1999-07-01,-0.0052356035,-0.0039057608,-0.006968003,-0.00013870731,-0.0205008,0.015398168,0.0027302685,-0.0070676403,0.023344003,0.004778304,0.020594303,0.019960165,0.004049513,0.03355485,0.0054640826,0.027141292,0.027141292,0.027552817,0.03425409,0.031772826,0.028863488,0.020763302,0.02189209,0.026978701,0.022958374,0.019371351,0.019511767,0.023400879,0.022689514,0.022689514,0.016112162,0.013819492,0.009013048,0.007739602,0.007739602,0.00053194485,0.039326478,0.039326478,0.027827157
1999-08-01,-0.006349644,-0.008781824,-0.012529433,-0.0029963339,-0.022363983,0.019796344,0.0069850096,-0.0021203305,0.026889578,0.009177442,0.026050586,0.023449898,0.008081507,0.03363404,0.0074868593,0.030149879,0.030149879,0.027950235,0.03701235,0.033900797,0.030203573,0.0246706,0.027536418,0.025525097,0.022524238,0.014815543,0.015110177,0.017734589,0.015599874,0.015599874,0.009173472,0.00919275,-0.0003435842,-0.0026247988,-0.0026247988,-0.00053194485,0.040416718,0.040416718,0.02974807
1999-09-01,-0.007670747,-0.0131308725,-0.015511968,-0.004033341,-0.022601962,0.00563482,-0.004099622,-0.013208598,0.013302822,-0.0021157893,0.015846578,0.013885975,-0.007960284,0.0054609724,-0.0074868593,0.016501822,0.016501822,0.009446503,0.019147465,0.012922533,0.0136999935,0.007984066,0.013076681,0.014174592,0.0049557593,-0.0015445285,0.00014612652,0.0012459891,0.00068522134,0.00068522134,-0.003789406,0.0023316622,-0.007062585,-0.008776626,-0.008776626,-0.001466487,0.026742045,0.026742045,0.024906794
1999-10-01,-0.010769524,-0.018737793,-0.023560952,-0.013221495,-0.03200498,-0.0047514807,-0.011523972,-0.0186506,0.008254706,-0.0046460135,0.014889975,0.0129003525,-0.010088885,0.0017743976,-0.009773883,0.010530202,0.010530202,0.010511993,0.013920751,0.008364133,0.007987256,0.0033174516,0.00796814,0.008134533,-0.0059566377,-0.009572135,-0.00382931,-0.0050136023,-0.006423136,-0.006423136,-0.009945091,-0.0052112495,-0.011347786,-0.012373969,-0.012373969,-0.0044424203,0.019079082,0.019079082,0.018183602
1999-11-01,-0.021155441,-0.02787908,-0.035627943,-0.025719624,-0.04806547,-0.018215654,-0.02299633,-0.03348471,-0.008547914,-0.019403998,0.0012312613,0.0024164915,-0.038504425,-0.023046887,-0.025253296,-0.005023491,-0.005023491,-0.0045752893,-0.011233205,-0.010640361,-0.0052954718,-0.012551499,-0.0064169313,0.0010680184,-0.016658168,-0.019540045,-0.012060209,-0.013883948,-0.012802531,-0.012802531,-0.014568924,-0.012462007,-0.015394455,-0.017072815,-0.017072815,-0.006354699,0.003831482,0.003831482,0.008072959
1999-12-01,-0.01763061,-0.026860751,-0.038910124,-0.02262081,-0.049394596,-0.020549566,-0.027897004,-0.03778807,-0.0088318465,-0.019571556,-0.005199559,-0.0033291578,-0.04061579,-0.022337064,-0.02360427,-0.0056252084,-0.0056252084,-0.007983454,-0.021338627,-0.017591923,-0.010849575,-0.015132904,-0.009052124,-0.0010798379,-0.01671241,-0.02046797,-0.014970214,-0.017449757,-0.016634014,-0.016634014,-0.018089738,-0.011110387,-0.016989734,-0.01753565,-0.01753565,-0.0036374605,0.0015419007,0.0015419007,0.0073462594
2000-01-01,-0.017411422,-0.025830392,-0.037373293,-0.023024725,-0.04779849,-0.022837017,-0.026717085,-0.03803939,-0.0104809925,-0.02161681,-0.0060498565,-0.0051834583,-0.03526843,-0.019360313,-0.0207568,-0.002890089,-0.002890089,-0.0067656506,-0.018238673,-0.013767557,-0.00949778,-0.014735794,-0.009587911,-0.0031268408,-0.018876698,-0.019215478,-0.012455943,-0.018405102,-0.016465759,-0.016465759,-0.01596928,-0.014032619,-0.01480055,-0.015221383,-0.015221383,-0.0045863227,0.002351888,0.002351888,0.008345498
2000-02-01,-0.005503502,-0.014712309,-0.02837348,-0.015403993,-0.03500584,-0.010823416,-0.016493555,-0.024453813,-0.0045350017,-0.015348614,-0.00021261061,-0.00050377846,-0.021337721,-0.001616659,-0.009828635,0.004221102,0.004221102,0.002959929,-0.006161183,-0.0014001827,0.00499567,-0.0062436103,-0.003569743,0.009386432,-0.0015555104,-0.0030761296,0.002465562,0.0,0.0027848308,0.0027848308,-0.0010059602,0.0042615263,-0.00089080905,-0.0005097105,-0.0005097105,-0.0020127518,0.019452922,0.019452922,0.01927397
2000-03-01,-0.0068489597,-0.012148344,-0.022610122,-0.0072950795,-0.029369757,-0.0004648996,-0.010490453,-0.016805056,0.008978451,-0.0038790433,0.007936451,0.0065779686,-0.012477168,0.004376761,-0.0059369258,0.010994962,0.010994962,0.010858734,0.0054715914,0.009332638,0.0104910415,0.0033992766,0.0078122965,0.013527909,-0.00085016066,-0.0012200674,0.0044015893,0.00253945,0.0059994506,0.0059994506,0.0016632547,0.0049251593,0.00036678137,-1.7602615e-05,-1.7602615e-05,-0.0025160569,0.02750524,0.02750524,0.02067566
2000-04-01,-0.006581061,-0.010896438,-0.015609688,0.00027131112,-0.026090445,0.008694017,-0.0022823492,-0.009525588,0.020907084,0.0042933337,0.013649746,0.011111736,-0.0126328645,0.011592494,-0.0018908333,0.012070968,0.012070968,0.013438091,0.0142817,0.01481009,0.016862018,0.009543514,0.013543905,0.005233232,-0.0039911084,-0.008871185,-0.006416644,-0.007001314,-0.0065912884,-0.0065912884,-0.009899361,0.0032996759,-0.005490502,-0.006878318,-0.006878318,-0.0025446964,0.03677241,0.03677241,0.022882037
2000-05-01,-0.0024534343,-0.0052355253,-0.0076973415,0.0025562902,-0.020158377,0.016058318,0.0019379365,-0.004719582,0.024965623,0.007519992,0.019106174,0.018098474,0.0020590888,0.033732545,0.0057389205,0.026886135,0.026886135,0.022258637,0.022331186,0.024198122,0.02711794,0.014105034,0.018752238,0.014981515,0.009935834,0.004412863,0.009819801,0.010276383,0.012422485,0.012422485,0.0060355742,0.011609701,0.0053856396,0.0027067848,0.0027067848,-0.0009343074,0.04569677,0.04569677,0.028813468
2000-06-01,-0.003950983,-0.0058345306,-0.005893508,-0.0014348184,-0.016994974,0.015798084,0.002911124,-0.0048924293,0.025891023,0.0072202864,0.022463396,0.021756291,0.0026304456,0.03430427,0.0064645205,0.021288319,0.021288319,0.019349525,0.027970307,0.026893742,0.025431123,0.014759064,0.015431519,0.026148042,0.019232472,0.01696364,0.020881578,0.020208837,0.022932434,0.022932434,0.014769015,0.01643118,0.0094846925,0.006831537,0.006831537,-0.00040259727,0.039420065,0.039420065,0.027204089
2000-07-01,-0.00345793,-0.009704394,-0.01051708,-0.002912066,-0.022195661,0.017239396,0.006218414,-0.0025365492,0.026935354,0.011892786,0.02590899,0.023450017,0.007060581,0.048794646,0.014512186,0.023695188,0.023695188,0.029387875,0.037811488,0.0363558,0.029098608,0.026002312,0.025760906,0.027928041,0.018442659,0.016282294,0.01921345,0.016975136,0.018490499,0.018490499,0.011391083,0.01383172,0.005362442,0.007089262,0.007089262,-0.00086270843,0.038485464,0.038485464,0.027450562
2000-08-01,-0.005917428,-0.005049877,-0.008498348,-0.00040401335,-0.020558802,0.022864955,0.010662729,0.000738192,0.029857859,0.012562734,0.023331339,0.021427631,0.014432836,0.045186937,0.008652272,0.029757913,0.029757913,0.030757852,0.028795334,0.026517458,0.024108695,0.016248513,0.02209137,0.028734963,0.017104216,0.013952573,0.018823778,0.016743688,0.018559061,0.018559061,0.012751401,0.010355499,0.006445389,0.0052203233,0.0052203233,0.0003882775,0.043656413,0.043656413,0.029163996
2000-09-01,-0.0046206797,-0.007631644,-0.011448451,-0.0025622952,-0.021412157,0.006964688,-0.003298711,-0.013648282,0.012853884,-0.0019483747,0.014703832,0.013601303,-0.002041852,0.02450613,0.0015610639,0.017377006,0.017377006,0.017649654,0.015196807,0.01245369,0.014076281,0.008328629,0.013026835,0.022605872,0.009507703,0.0053539276,0.0105321435,0.010068863,0.01060964,0.01060964,0.006327125,0.0076281023,0.0028704586,-0.0008729558,-0.0008729558,-0.003407405,0.022163136,0.022163136,0.020961337
2000-10-01,-0.013143732,-0.018300472,-0.020617548,-0.013444667,-0.03203976,-0.0047701555,-0.0136686405,-0.019286597,0.0053687003,-0.005924297,0.006209387,0.0062348843,-0.024764167,-0.009344881,-0.013027954,0.005397294,0.005397294,0.005573117,-0.0037186195,-0.0042931084,-0.0009109209,-0.006261158,-0.00079121906,0.014738247,-0.0020559004,-0.010156102,-0.0042919447,-0.0040642633,-0.002392273,-0.002392273,-0.005098302,-0.0043406533,-0.008098852,-0.009661349,-0.009661349,-0.0028611403,0.011463165,0.011463165,0.014822219
2000-11-01,-0.014525771,-0.02560865,-0.032840744,-0.015530593,-0.046411265,-0.014468368,-0.023866294,-0.029990189,-0.0014109892,-0.012351126,8.96725e-06,0.0013580322,-0.043298226,-0.026299842,-0.023197308,-0.0026257026,-0.0026257026,-0.0026892752,-0.004543541,-0.005076493,-0.004748938,-0.006740093,-0.0018440755,0.0020114474,-0.012769342,-0.01799541,-0.012912415,-0.013521903,-0.01368103,-0.01368103,-0.016889473,-0.008979623,-0.016733615,-0.01927582,-0.01927582,-0.0056788516,0.011758932,0.011758932,0.011590322
2000-12-01,-0.012376717,-0.022679452,-0.03211789,-0.01621202,-0.04699167,-0.021990875,-0.025709443,-0.031709943,-0.009528067,-0.018883903,-0.0065015457,-0.004446149,-0.03646257,-0.024072187,-0.023505177,-0.002561839,-0.002561839,-0.004972708,-0.01083374,-0.0072292415,-0.00657673,-0.010904407,-0.004298706,-0.004266067,-0.014439441,-0.019468626,-0.0134969205,-0.015094382,-0.015973613,-0.015973613,-0.018404152,-0.009399712,-0.016745213,-0.019662505,-0.019662505,-0.004456975,0.0068061827,0.0068061827,0.011356566
2001-01-01,-0.017387068,-0.025411068,-0.034787912,-0.019425424,-0.0435555,-0.017797213,-0.021652713,-0.031411562,-0.00789747,-0.018152056,-0.0072633284,-0.0054682493,-0.034749348,-0.027068576,-0.027606022,-0.0033094452,-0.0033094452,-0.0075858966,-0.015190387,-0.011238527,-0.007952036,-0.0123586655,-0.004043172,-0.0031565833,-0.0147710005,-0.01993582,-0.014483126,-0.013682145,-0.013612468,-0.013612468,-0.01663796,-0.008821369,-0.016075633,-0.020025749,-0.020025749,-0.0033210167,0.0075228373,0.0075228373,0.010214488
2001-02-01,-0.015122404,-0.019612337,-0.026589105,-0.0151026575,-0.03689215,-0.013417562,-0.01917207,-0.027375165,-0.0055610808,-0.01563954,-0.003303998,-0.0030882359,-0.025715863,-0.008792796,-0.013643691,0.0016046291,0.0016046291,-0.0009133179,-0.009480339,-0.006754356,-0.00064653123,-0.009631157,-0.0055944826,0.0032751658,-0.010074443,-0.012881703,-0.007250758,-0.007843792,-0.0058561196,-0.0058561196,-0.009053455,-0.0023560168,-0.0066491244,-0.008524736,-0.008524736,-0.005592698,0.009812418,0.009812418,0.013667
2001-03-01,-0.00426759,-0.015365307,-0.021079885,-0.0051065753,-0.032585382,4.6459598e-05,-0.010326754,-0.016436152,0.013165343,0.0031649033,0.010921678,0.009213567,-0.017720822,0.0077085854,-0.0030014936,0.010311369,0.010311369,0.011112403,0.009725111,0.011485387,0.015292762,0.009771347,0.014135743,0.0065918937,0.0008260419,-0.0023881064,-0.0007061787,-0.0005043635,-0.0003737386,-0.0003737386,-0.005424103,0.00934494,-0.0031848564,-0.005495651,-0.005495651,-0.0018402099,0.03954468,0.03954468,0.03046184
2001-04-01,-0.010270308,-0.01745586,-0.021418449,-0.00855516,-0.031639338,0.0028732072,-0.00977561,-0.016977903,0.007127799,-0.0050250357,0.009973897,0.008454323,-0.013186985,0.012381187,-0.0037820255,0.008478825,0.008478825,0.009590252,0.010318099,0.011139923,0.01641529,0.007867241,0.009999084,0.017349001,0.006083236,0.004646513,0.0056496286,0.006752135,0.009600322,0.009600322,0.0015489304,0.0091013955,0.00044245736,0.00056825834,0.00056825834,-0.0029327392,0.031570435,0.031570435,0.021246804
2001-05-01,-0.0076646837,-0.0050798072,-0.00791224,0.0024175828,-0.018248754,0.014301053,0.0037637877,-0.004468261,0.02185986,0.008692616,0.01884945,0.018120527,-0.0031322902,0.03193819,0.005123183,0.023366788,0.023366788,0.01990768,0.014056081,0.015661258,0.021440517,0.014058304,0.015406698,0.020291865,0.008506824,0.002517912,0.005436503,0.007915097,0.009145609,0.009145609,0.0037493692,0.013320376,0.005903868,0.0020564448,0.0020564448,-0.0006037785,0.03565089,0.03565089,0.027139239
2001-06-01,-0.002757815,-0.005505195,-0.009103915,-0.00061488,-0.019566316,0.016997531,0.0047887284,-0.0043583717,0.02431518,0.0088072,0.02506737,0.023172498,0.008756567,0.052284207,0.015083762,0.024588535,0.024588535,0.02989535,0.035833005,0.03554774,0.03204317,0.025920486,0.026963297,0.0327162,0.024513885,0.018242095,0.018902905,0.022789752,0.02594157,0.02594157,0.016380753,0.020711098,0.012314365,0.01035847,0.01035847,-0.00053194485,0.04683355,0.04683355,0.03126653
2001-07-01,-0.0067332513,-0.0066013825,-0.006668463,0.0010491156,-0.01877106,0.020233458,0.0068730647,-0.0031175374,0.029537424,0.012977168,0.023100939,0.0231359,0.0105390195,0.04818365,0.009520946,0.029302085,0.029302085,0.029168038,0.03855917,0.034418993,0.03408257,0.029092025,0.029966125,0.02865184,0.02284989,0.012128936,0.013929137,0.01578253,0.017562255,0.017562255,0.012111279,0.012121045,0.0027307053,0.00060346356,0.00060346356,-0.00033052886,0.03737971,0.03737971,0.025490867
2001-08-01,-0.004444234,-0.0065114927,-0.007072103,-0.0012178483,-0.020657558,0.023859736,0.013281053,0.0024423038,0.028309692,0.010182506,0.02016026,0.019420028,0.017028244,0.05536011,0.014171465,0.030751744,0.030751744,0.029666953,0.032133747,0.029286904,0.026195215,0.019571781,0.019873556,0.028094191,0.02075776,0.013167275,0.015938127,0.017325168,0.017007854,0.017007854,0.011642596,0.012705452,0.0053973333,0.0063921413,0.0063921413,0.00020118126,0.039310966,0.039310966,0.028242324
2001-09-01,-0.0063984524,-0.015616784,-0.020089924,-0.011744542,-0.03217908,0.0006508898,-0.011299942,-0.01810872,0.010847503,-0.0034647528,0.017060049,0.016207576,-0.01507314,0.012243086,-0.0034411263,0.010530202,0.010530202,0.015518395,0.01667912,0.016487852,0.014669742,0.010437107,0.01194285,0.016719952,0.00520305,0.0013368395,0.0075368476,0.005939205,0.007195638,0.007195638,0.0031035538,0.0029282959,2.3292232e-05,0.0010897359,0.0010897359,-0.0031055156,0.0080678305,0.0080678305,0.013667
2001-10-01,-0.0027821693,-0.009452722,-0.010738572,-0.0015916394,-0.020175815,0.00013953062,-0.0073725968,-0.0140959155,0.011552998,-0.0022568612,0.013428313,0.012235999,-0.004049513,0.011927608,-0.005178115,0.016109858,0.016109858,0.016736336,0.015680142,0.01229949,0.0118193235,0.0039833067,0.009369812,0.008081151,-0.0013745708,-0.0072617,-0.002587334,-0.0032039583,-0.004535421,-0.004535421,-0.009110664,0.0014062937,-0.008296884,-0.010001156,-0.010001156,-0.0038386418,0.016088868,0.016088868,0.021311654
2001-11-01,-0.02267138,-0.027459756,-0.031681605,-0.028420726,-0.042249598,-0.020856412,-0.026372531,-0.033940163,-0.01038944,-0.019474532,-0.0023826852,-0.0009199381,-0.038919803,-0.023283495,-0.023912137,-0.0033459174,-0.0033459174,-0.0026808518,-0.009576942,-0.007155214,-0.004355089,-0.012090015,-0.00642924,-0.00067642453,-0.018557148,-0.020234426,-0.01273587,-0.015764702,-0.012042541,-0.012042541,-0.013883072,-0.010763361,-0.011842722,-0.013938306,-0.013938306,-0.0069298376,0.0022117614,0.0022117614,0.002881368
2001-12-01,-0.019322995,-0.02875959,-0.034397244,-0.02925868,-0.04812347,-0.028797358,-0.034425516,-0.044015452,-0.019450318,-0.030688448,-0.008414897,-0.007914066,-0.04821297,-0.038542926,-0.036610145,-0.0070839487,-0.0070839487,-0.011484552,-0.012554405,-0.011053608,-0.0086573,-0.014449596,-0.009886983,-0.0055654375,-0.021155769,-0.019883897,-0.012388844,-0.020137629,-0.018583985,-0.018583985,-0.019598724,-0.015085823,-0.018439557,-0.023734353,-0.023734353,-0.0053912825,-0.00034281414,-0.00034281414,0.0034395854
2002-01-01,-0.009685902,-0.01869593,-0.032254633,-0.016953597,-0.049562916,-0.025356768,-0.026923677,-0.03562863,-0.0132844215,-0.018769175,-0.0035164638,-0.0038912296,-0.03206691,-0.02018828,-0.023450246,-0.0039111627,-0.0039111627,-0.007137661,-0.013269779,-0.009573152,-0.0069469716,-0.010477925,-0.005469869,-0.00027301122,-0.016000956,-0.015678724,-0.008870078,-0.013931323,-0.014752503,-0.014752503,-0.015363407,-0.008797015,-0.013414805,-0.01570182,-0.01570182,-0.0030048077,0.003130595,0.003130595,0.011019177
2002-02-01,-0.009862446,-0.019169148,-0.02670639,-0.012371432,-0.035528146,-0.010469958,-0.014159453,-0.020715922,0.002537746,-0.004628307,0.006076469,0.005511999,-0.028848154,-0.0052440013,-0.010565186,0.000100186975,0.000100186975,0.0008118228,-0.003061229,-3.0819734e-05,0.005871467,-0.003627014,0.0012460328,0.0039752293,-0.00530553,-0.006547928,-0.0016072922,-0.0039931526,-0.002286377,-0.002286377,-0.0066415397,0.002179472,-0.0053507485,-0.005806089,-0.005806089,-0.0037665735,0.014624787,0.014624787,0.018611908
2002-03-01,-0.0053147306,-0.01053101,-0.018233987,-0.0049437494,-0.028603595,0.0027058918,-0.0035313198,-0.0131771825,0.009912977,-0.0025125179,0.0102662,0.009593248,-0.0052608913,0.014707347,-0.0028914507,0.014085723,0.014085723,0.009175848,0.0039377147,0.007778155,0.01169591,0.0025698661,0.0062736003,0.007980201,-0.0034063524,-0.006100231,-0.00024960795,-0.00082474964,0.00051086425,0.00051086425,-0.003886558,0.0064471615,-0.0005240277,-0.001617049,-0.001617049,-0.0030620869,0.018783314,0.018783314,0.018443214
2002-04-01,-0.008370862,-0.009087293,-0.013082896,-9.046985e-05,-0.025846587,0.005235055,-0.0065285116,-0.014763456,0.0076500387,-0.004108213,0.009096987,0.008819342,-0.01432885,0.008773159,-0.0054201013,0.012900599,0.012900599,0.009251935,0.006270731,0.010985724,0.01526925,0.0049118996,0.009482015,0.012821839,0.0031049175,-0.0004866918,0.0039022737,0.0075055803,0.009089559,0.009089559,0.0026234852,0.008316089,0.002462892,-5.854783e-05,-5.854783e-05,-0.002932974,0.02345581,0.02345581,0.020428976
2002-05-01,-0.006282645,-0.007859254,-0.012145252,-0.0053597726,-0.024447707,0.014617161,0.0032298004,-0.004672395,0.022528704,0.008278325,0.017618043,0.016419291,-0.006455033,0.025038255,0.002638514,0.017057838,0.017057838,0.017641231,0.019463269,0.022859579,0.021810759,0.015734483,0.016814677,0.019740028,0.006981536,0.0062493216,0.008377026,0.0063663544,0.008192342,0.008192342,0.0014002622,0.010264245,0.0031440712,0.0009726402,0.0009726402,-0.0036517803,0.02809728,0.02809728,0.023582883
2002-06-01,-0.0028917145,-0.0014077211,-0.0014326249,0.0044373544,-0.012728862,0.024213042,0.0076912735,-0.002183161,0.03169041,0.014863644,0.023340162,0.021062613,0.0137057835,0.056759473,0.013522698,0.023366937,0.023366937,0.030284347,0.037908304,0.0352332,0.030709032,0.021563435,0.025368348,0.026954966,0.022741305,0.01970217,0.021654658,0.021187821,0.021611633,0.021611633,0.015917763,0.015883256,0.009828276,0.0076810545,0.0076810545,-0.0009777362,0.04906082,0.04906082,0.033096526
2002-07-01,-0.0067758965,-0.0071284953,-0.0061344584,-0.0026828889,-0.020895442,0.014923855,0.0015503492,-0.006965445,0.025726018,0.008480864,0.024863582,0.023340344,0.007648892,0.04108606,0.008707204,0.023366937,0.023366937,0.026495747,0.033603117,0.033758987,0.030203477,0.023303986,0.024570923,0.028901018,0.020209134,0.017820358,0.021831201,0.022332957,0.023430888,0.023430888,0.01479188,0.012674934,0.008739436,0.007563863,0.007563863,-0.0016533484,0.039544422,0.039544422,0.027139239
2002-08-01,-0.00807861,-0.008787889,-0.010478056,-0.005160818,-0.02485979,0.010674624,-0.0031437324,-0.010318788,0.02107179,0.0037291904,0.018495098,0.016609192,0.001972905,0.031524207,0.0044964957,0.015070325,0.015070325,0.020406732,0.02348475,0.024290582,0.023221381,0.014029121,0.016459554,0.023021104,0.01475899,0.010331366,0.015055405,0.015503705,0.01703898,0.01703898,0.01112249,0.0069645685,0.0045706015,0.002501676,0.002501676,-0.0027458777,0.024810791,0.024810791,0.021376504
2002-09-01,-0.005795656,-0.013771839,-0.018188477,-0.009959854,-0.02798841,-0.0011529875,-0.013806321,-0.02088082,0.0057443357,-0.00750243,0.010726712,0.00992167,-0.014311331,0.0020306422,-0.011323817,0.008569932,0.008569932,0.0056577655,0.014055976,0.0128978565,0.015451491,0.0043162345,0.007955729,0.013694061,0.005830039,-0.0021675958,0.00242908,0.0036014616,0.0050461832,0.0050461832,0.0010916333,0.0049251593,-0.0042504044,-0.0045874906,-0.0045874906,-0.002199848,0.017568462,0.017568462,0.02227211
2002-10-01,-0.006678479,-0.016605278,-0.018826688,-0.009320856,-0.030246237,-0.00103198,-0.012230236,-0.018069483,0.006862117,-0.0071321884,0.0055272975,0.0050230026,-0.01753037,-0.0020702376,-0.010938936,0.0050872057,0.0050872057,0.003797298,0.007791769,0.008129762,0.007928428,0.00046720504,0.008603516,0.008496481,-0.003798257,-0.009098265,-0.004754579,-0.0059452117,-0.0067844647,-0.0067844647,-0.010916707,-0.0017229011,-0.009385724,-0.010880043,-0.010880043,-0.0022428073,0.013409932,0.013409932,0.015964083
2002-11-01,-0.015645875,-0.022571564,-0.030092672,-0.016380753,-0.041680757,-0.007243598,-0.018681258,-0.025859544,0.002006381,-0.013144583,-0.0025244257,-0.00031387806,-0.028467532,-0.016462108,-0.019184606,0.0012763791,0.0012763791,-0.0019535392,-0.010685362,-0.01088702,-0.0046077706,-0.01642952,-0.007295227,0.0015129937,-0.013119015,-0.01707395,-0.013356858,-0.013498167,-0.013762004,-0.013762004,-0.017483959,-0.005436503,-0.01488792,-0.016750611,-0.016750611,-0.0043273927,0.007553609,0.007553609,0.010162777
2002-12-01,-0.013192441,-0.023428207,-0.031167166,-0.017399745,-0.042162497,-0.022065273,-0.027586905,-0.035589267,-0.015098572,-0.022833338,-0.008193463,-0.006431937,-0.03739703,-0.027384052,-0.026968384,-0.003792665,-0.003792665,-0.009074354,-0.013894969,-0.010782173,-0.0052367398,-0.014291858,-0.0064915973,-0.0020173572,-0.013040752,-0.018190172,-0.01249839,-0.012851485,-0.012939555,-0.012939555,-0.015752017,-0.008072645,-0.015836911,-0.018602042,-0.018602042,-0.004255559,0.0016820271,0.0016820271,0.009812249
2003-01-01,-0.017472258,-0.027873015,-0.039359383,-0.028679928,-0.051472634,-0.022372117,-0.02588158,-0.03697923,-0.0104901185,-0.02185476,-0.0069711693,-0.005358815,-0.041931152,-0.02878374,-0.028936408,-0.0072298376,-0.0072298376,-0.009970824,-0.018773677,-0.017480932,-0.008921689,-0.019122124,-0.010273234,-0.002622574,-0.018062862,-0.024582334,-0.017435776,-0.015699502,-0.0141793825,-0.0141793825,-0.016998105,-0.009698029,-0.015068268,-0.017225116,-0.017225116,-0.005304894,0.0021649678,0.0021649678,0.0084883375
2003-02-01,-0.016753951,-0.02158923,-0.036142487,-0.019292818,-0.040502418,-0.017899547,-0.025769634,-0.039460767,-0.015749015,-0.02692399,-0.010239443,-0.009344935,-0.039023787,-0.031524528,-0.032949112,-0.0029448718,-0.0029448718,-0.012076537,-0.013701551,-0.012700449,-0.007358383,-0.014023209,-0.00907074,0.0013764881,-0.015223251,-0.01687283,-0.0095154205,-0.010353597,-0.00892751,-0.00892751,-0.012048377,-0.0074333665,-0.014165861,-0.019012164,-0.019012164,-0.005204421,0.0028035482,0.0028035482,0.007917192
2003-03-01,0.0014124569,-0.0024320162,-0.014958398,0.00014471238,-0.023530664,0.0025848844,-0.004814605,-0.016648108,0.0018140008,-0.0071497504,0.0016032576,0.0013068914,-0.006437796,0.0092267385,-0.006948314,0.011733636,0.011733636,0.005581541,0.0031708817,0.0033740557,0.0063768304,-0.0024647713,0.002429708,0.010341681,-0.00081993843,-0.0048801634,0.0039693727,0.004129561,0.0037878419,0.0037878419,0.0013660116,0.008066482,0.0006345945,-0.0015526655,-0.0015526655,-0.00208482,0.020512136,0.020512136,0.020104514
2003-04-01,-0.0021611813,-0.0066912724,-0.014222467,0.0028638286,-0.025480852,0.0062299888,-0.0030662431,-0.01340491,0.0073385797,-0.0052808365,0.003401336,0.00347507,-0.0010904382,0.01322879,-0.004793414,0.01693934,0.01693934,0.009624084,0.009235461,0.009141475,0.012859608,0.0017112732,0.0091518145,0.009641617,0.0023754488,-0.0010123783,0.0033299946,0.004343184,0.0039186603,0.0039186603,-0.0011488422,0.008151673,0.00033189054,-0.0014353784,-0.0014353784,-0.0028895452,0.028751373,0.028751373,0.022324033
2003-05-01,-0.0048460322,-0.005828564,-0.0054962477,0.0020739154,-0.017836671,0.026007809,0.0101373205,0.00132713,0.025267957,0.009018664,0.0158554,0.016981483,0.015332823,0.045522053,0.0101253735,0.02712313,0.02712313,0.025227128,0.021254862,0.022032985,0.02342704,0.009999084,0.012285462,0.024379961,0.011467128,0.009254138,0.016126899,0.01636401,0.014559428,0.014559428,0.008047588,0.0120784,0.006759786,0.005765144,0.005765144,-0.0029327392,0.0398407,0.0398407,0.027801089
2003-06-01,-0.0003591531,0.0043249866,-7.815477e-05,0.010026205,-0.016118588,0.028127793,0.0068213115,-0.0027642772,0.025845246,0.007185018,0.020293033,0.020347118,0.02793093,0.05918446,0.008883308,0.03374202,0.03374202,0.03145147,0.033732027,0.02976189,0.026712477,0.012755871,0.019375103,0.027482968,0.024284707,0.015711255,0.021526821,0.02541223,0.021873372,0.021873372,0.0135401925,0.019688211,0.011761246,0.008202532,0.008202532,-0.0009059026,0.06390381,0.06390381,0.038560867
2003-07-01,-0.0067636697,-0.005445236,-0.0067466176,0.0042082756,-0.020611117,0.027235193,0.011257049,-5.488035e-05,0.021859711,0.007255554,0.022799958,0.021048069,0.02126821,0.053881552,0.011972585,0.02791629,0.02791629,0.03052117,0.03828199,0.03480142,0.031355564,0.021744538,0.026533406,0.0287587,0.024140093,0.013329506,0.017959347,0.020072332,0.017612102,0.017612102,0.0106709795,0.014263936,0.008139732,0.005993691,0.005993691,-0.004097337,0.04644445,0.04644445,0.03194152
2003-08-01,-0.0033544484,-0.00017968203,-0.006141051,0.006782581,-0.02121474,0.025923999,0.009422338,-0.003502341,0.019413667,0.005069229,0.01814957,0.016244173,0.022912202,0.048735734,0.0102574965,0.029730523,0.029730523,0.028068578,0.025701798,0.022242783,0.019977018,0.0075694085,0.015724385,0.029494416,0.018056856,0.0059638554,0.013375149,0.016008068,0.012671712,0.012671712,0.008664752,0.013210732,0.0063755116,0.0039430815,0.0039430815,-0.00020118126,0.0462265,0.0462265,0.03239589
2003-09-01,-0.0066357343,-0.011213841,-0.015394789,-0.004744794,-0.023669984,0.006118395,-0.0056328136,-0.016813135,0.0044801002,-0.00484884,0.0065812385,0.005869746,-0.006178114,0.004317529,-0.01071921,0.016529214,0.016529214,0.010165254,0.015364338,0.011189275,0.012506929,0.0049586296,0.0068467204,0.023418706,0.0062039285,-0.00044780306,0.008364699,0.00790909,0.00861613,0.00861613,0.0047095995,0.0024838524,-0.0040872637,-0.0055483636,-0.0055483636,-0.0050607533,0.016306814,0.016306814,0.01672999
2003-10-01,-0.011871438,-0.020504976,-0.025325762,-0.013752107,-0.036392972,-0.0061835293,-0.019706199,-0.026990362,-0.00251037,-0.01411438,0.0040037325,0.0030808449,-0.027931213,-0.0151213305,-0.01932768,-0.0012489877,-0.0012489877,-0.000515899,0.0032030828,0.0032382878,0.0051133255,-0.0018398284,0.005881144,0.005144101,-0.008663645,-0.01386812,-0.009454585,-0.009208461,-0.0071332804,-0.0071332804,-0.010539483,-0.006008782,-0.012966453,-0.014899179,-0.014899179,-0.007317646,0.00811437,0.00811437,0.010188633
2003-11-01,-0.011633957,-0.020199409,-0.028979046,-0.014180238,-0.038697332,-0.013743083,-0.018767325,-0.026597736,-0.0065964344,-0.017235234,-0.0025244257,-0.0009344816,-0.030543856,-0.025274863,-0.024011051,0.0015044422,0.0015044422,-0.0060297763,-0.011832613,-0.009092023,-0.00688229,-0.011920643,-0.0058935545,0.0010146368,-0.011340627,-0.016626252,-0.010708588,-0.011836945,-0.011905416,-0.011905416,-0.013757361,-0.009478939,-0.013700016,-0.015502547,-0.015502547,-0.006728187,0.006323242,0.006323242,0.010616726
2003-12-01,-0.018421981,-0.026752863,-0.035224196,-0.02300661,-0.04709033,-0.023013594,-0.027164863,-0.037042055,-0.018011803,-0.02692399,-0.0092032915,-0.007052541,-0.040979173,-0.030578097,-0.028903378,-0.0040024174,-0.0040024174,-0.010748816,-0.018915426,-0.015852422,-0.011308011,-0.017813778,-0.012584432,-0.0048534577,-0.015795996,-0.01887809,-0.012833288,-0.014744253,-0.014409891,-0.014409891,-0.016397925,-0.011146968,-0.015656468,-0.017723156,-0.017723156,-0.0037522537,0.0033640543,0.0033640543,0.010344399
2004-01-01,-0.016309509,-0.025866289,-0.039137997,-0.025002263,-0.047937714,-0.026342591,-0.03307332,-0.04224851,-0.015712364,-0.024781713,-0.0059613413,-0.0053879023,-0.047036346,-0.032805752,-0.02927713,-0.006546095,-0.006546095,-0.010723407,-0.015357919,-0.012188499,-0.003285438,-0.012200927,-0.0070835366,-0.0015604655,-0.0109185,-0.013634469,-0.009886702,-0.0122404555,-0.011450704,-0.011450704,-0.013431561,-0.0044259434,-0.010125086,-0.012086874,-0.012086874,-0.0042125997,0.009718577,0.009718577,0.014108234
2004-02-01,-0.011414867,-0.016419534,-0.030594138,-0.017472003,-0.039318394,-0.017946007,-0.02241917,-0.033343405,-0.0053871004,-0.013823455,0.002046124,0.0018616915,-0.036410578,-0.015357939,-0.01646908,-0.00058355567,-0.00058355567,-0.0016491921,-0.0032932677,0.0018998451,0.004384455,-0.0011330604,0.0033828735,0.0020054409,-0.009121901,-0.00930606,-0.0025204339,-0.0063189794,-0.0053888955,-0.0053888955,-0.0075045247,-0.0069280867,-0.009397322,-0.01025888,-0.01025888,-0.0078066313,0.0016822815,0.0016822815,0.00913726
2004-03-01,-0.009844156,-0.014856094,-0.022076119,-0.008633521,-0.03206298,-0.0059138816,-0.012678155,-0.020480372,-0.00021975648,-0.009785778,0.00056696165,0.00021910667,-0.016509445,-0.0011041698,-0.009443754,0.006172143,0.006172143,0.003839415,0.007044194,0.008851508,0.00873369,0.003358364,0.0043858844,0.007084341,-0.008151245,-0.0068529975,-0.0020029272,-0.0053339885,-0.0036508178,-0.0036508178,-0.0054583536,-0.0017350287,-0.004256204,-0.005067927,-0.005067927,-0.0044137808,0.010170491,0.010170491,0.014302995
2004-04-01,-0.012687162,-0.015095637,-0.017459031,-0.003900737,-0.027547233,0.004537554,-0.0070280437,-0.014622151,0.0072377524,-0.0027153448,0.0078745475,0.0073007345,-0.013325161,0.006486273,-0.006343527,0.007393888,0.007393888,0.004152462,0.009744578,0.008401197,0.009938558,0.002628231,0.0052767945,0.014127216,0.00085006224,-0.0011357202,0.0040484,0.0025454566,0.004373474,0.004373474,-9.1459406e-05,0.002264762,-0.0012053017,-0.0032224266,-0.0032224266,-0.0039247954,0.026352692,0.026352692,0.021934722
2004-05-01,-0.005101605,-0.0071884547,-0.012138659,0.00086207234,-0.023611981,0.009326233,-0.0016708726,-0.009564824,0.014264724,-0.00013229082,0.011621412,0.011199355,-0.00861839,0.013031778,-0.0040566837,0.012499553,0.012499553,0.008440113,0.0058647417,0.00552066,0.012618635,0.0042518615,0.009108276,0.01606736,0.0018026044,-0.0029073292,0.003116968,0.0032633464,0.003613383,0.003613383,0.00044012506,0.010227762,0.00622416,0.003368892,0.003368892,-0.001250986,0.023253378,0.023253378,0.022168478
2004-06-01,-0.000858369,-0.005019946,-0.008713247,0.0028155912,-0.01856805,0.013798956,0.0042891963,-0.0055520195,0.019349491,0.0035440696,0.021152297,0.020069718,0.004845513,0.041263435,0.009421853,0.024296904,0.024296904,0.023763942,0.028202346,0.026610019,0.02826993,0.015360737,0.017855123,0.03396219,0.021318497,0.01793056,0.021825237,0.023863778,0.02419098,0.02419098,0.015757803,0.02179472,0.01766521,0.013944142,0.013944142,0.00020141601,0.04068146,0.04068146,0.0322272
2004-07-01,-0.0032813852,-0.0064336336,-0.007879702,0.0016337733,-0.021394718,0.0210796,0.0120752575,0.0010287501,0.027686624,0.0061446857,0.021364909,0.020938516,0.01593837,0.04729645,0.01214851,0.024141787,0.024141787,0.029218717,0.032269076,0.035041936,0.030661913,0.01984625,0.02117564,0.032010034,0.018273827,0.017456902,0.021514693,0.02174547,0.020832926,0.020832926,0.013923109,0.014367417,0.009822382,0.007786479,0.007786479,-0.00043123684,0.037846882,0.037846882,0.026749717
2004-08-01,-0.0037500835,-0.0101596145,-0.01015895,-0.0025019492,-0.022897946,0.018727165,0.008044406,0.00076960714,0.023884492,0.0052896175,0.01813178,0.017689586,0.009760539,0.044161636,0.010774141,0.021151362,0.021151362,0.026284195,0.029774949,0.028269148,0.02735306,0.018906021,0.024035238,0.027304998,0.01890692,0.011745983,0.014373581,0.013498167,0.012578328,0.012578328,0.0063614687,0.010964359,0.0056535476,0.0041833,0.0041833,-0.00094886194,0.04026108,0.04026108,0.028385162
2004-09-01,-0.0050469316,-0.010489048,-0.014476497,-0.006903175,-0.024209727,0.0046957596,-0.002394294,-0.011692977,0.009079278,-0.0047341115,0.006740769,0.0062931776,0.0029593573,0.021252852,-0.0016601563,0.018425472,0.018425472,0.011518246,0.014526578,0.01462497,0.01476379,0.0027100563,0.0059807333,0.022611782,0.010828129,0.007021692,0.01148783,0.010519749,0.01095225,0.01095225,0.00881342,0.00494345,0.004657971,0.0013006802,0.0013006802,-0.0025015024,0.025932312,0.025932312,0.027126312
2004-10-01,-0.007268949,-0.016497392,-0.019653639,-0.007789464,-0.02917253,-0.0009020146,-0.01043884,-0.016114179,0.013650931,0.000828725,0.013906759,0.011987805,-0.00640304,0.00987733,-0.006772389,0.01242646,0.01242646,0.015044889,0.009982931,0.009147518,0.010696699,0.007960701,0.01448466,0.011664787,0.0010671308,-0.005340894,-0.002380371,-0.0035006085,-0.004441935,-0.004441935,-0.007841711,0.0009253685,-0.0056244563,-0.0103760725,-0.0103760725,-0.001466487,0.030308787,0.030308787,0.021558337
2004-11-01,-0.017052168,-0.02539307,-0.028041294,-0.02488167,-0.03887731,-0.016588505,-0.0230824,-0.031953443,-0.010645998,-0.022163391,-0.008042901,-0.003957033,-0.0333478,-0.022179326,-0.021163581,-0.0039111627,-0.0039111627,-0.0048035495,-0.0137918405,-0.008432017,-0.002380371,-0.014210129,-0.009843241,0.0025217207,-0.010942619,-0.012583203,-0.0067880237,-0.013367668,-0.011363423,-0.011363423,-0.012174088,-0.011110387,-0.010940314,-0.011852588,-0.011852588,-0.005247615,0.0037691751,0.0037691751,0.0073981816
2004-12-01,-0.020090109,-0.027855115,-0.035452176,-0.028342266,-0.049684893,-0.022130255,-0.026346656,-0.03508675,-0.013825062,-0.02233095,-0.010345893,-0.00737381,-0.035233673,-0.0277784,-0.026363777,-0.0033733088,-0.0033733088,-0.008296362,-0.019250594,-0.017345164,-0.011390254,-0.01970606,-0.014173177,-0.0023614792,-0.019582145,-0.021850267,-0.015067533,-0.017526971,-0.01603597,-0.01603597,-0.016289387,-0.015938228,-0.016122123,-0.017406786,-0.017406786,-0.0043273927,0.0015576681,0.0015576681,0.007982254
2005-01-01,-0.017819284,-0.024422573,-0.03579733,-0.021782758,-0.04884907,-0.026509907,-0.026725663,-0.03368897,-0.014099869,-0.02238378,-0.009247549,-0.0075781345,-0.032897666,-0.021529056,-0.025286147,-0.0059990115,-0.0059990115,-0.007958045,-0.020036895,-0.013995784,-0.0053835693,-0.01583376,-0.01240387,0.00070006354,-0.013456775,-0.012992011,-0.007329885,-0.014317104,-0.012123515,-0.012123515,-0.013082895,-0.012967287,-0.0130071435,-0.01339339,-0.01339339,-0.002199613,0.0026944478,0.0026944478,0.007657581
2005-02-01,-0.022245128,-0.02772336,-0.03611633,-0.02308507,-0.046771128,-0.022557955,-0.027492119,-0.037261963,-0.013073641,-0.02545166,-0.010000365,-0.00848341,-0.042709634,-0.023500467,-0.027386116,-0.004941317,-0.004941317,-0.00820329,-0.014487852,-0.012028156,-0.0047254264,-0.015127182,-0.011562806,0.004562717,-0.014156021,-0.01410834,-0.007762002,-0.010561214,-0.007538249,-0.007538249,-0.00952783,-0.009259749,-0.010550145,-0.011670916,-0.011670916,-0.0054776706,0.0030838014,0.0030838014,0.0053344304
2005-03-01,-0.005606984,-0.011555305,-0.020357031,-0.006668091,-0.03009526,-0.0027151534,-0.010860742,-0.020158399,0.0052497713,-0.004258066,0.0049515134,0.004482627,-0.013688547,0.00790592,-0.0072450526,0.007175055,0.007175055,0.007095406,0.008519982,0.010529169,0.013946821,0.0024589538,0.0053826906,0.011617412,0.00033165715,0.0014081531,0.0063983533,0.00396341,0.005108541,0.005108541,0.0028349617,0.007652556,0.0021252022,0.0005624227,0.0005624227,-0.0017108624,0.019998169,0.019998169,0.015821457
2005-04-01,-0.005710465,-0.009434822,-0.018090757,-0.0034485848,-0.027071366,0.004556229,-0.0039103283,-0.011080317,0.009619769,-0.0020187665,0.002799084,0.0032123327,-0.012667621,0.0064074034,-0.0054201013,0.00725708,0.00725708,0.0048626517,0.01486164,0.015735287,0.018395958,0.0065473556,0.009332479,0.020012943,0.007108233,0.0054706996,0.010209372,0.008567689,0.010073853,0.010073853,0.0038465215,0.009131913,0.0025792583,0.0027243875,0.0027243875,-0.002314641,0.03058904,0.03058904,0.023414187
2005-05-01,-0.002234344,-0.0041393377,-0.00872622,-2.4118732e-05,-0.022271102,0.016402515,0.006140924,-0.0031881894,0.026486415,0.009953337,0.019123819,0.018120408,0.0051569054,0.042071763,0.010796222,0.021579947,0.021579947,0.0190536,0.033345293,0.033136047,0.02899861,0.021972274,0.023486938,0.02497917,0.014481674,0.014056312,0.01823321,0.016702222,0.017998353,0.017998353,0.012945706,0.013296022,0.00958946,0.00902268,0.00902268,-0.00051762507,0.047472127,0.047472127,0.027165307
2005-06-01,-0.0023986618,-0.0033845168,-0.0066098734,0.003900737,-0.017192295,0.014496305,0.0025924472,-0.008426186,0.022354426,0.0028562725,0.014181273,0.014302015,0.0073547363,0.036788166,0.005233226,0.027660985,0.027660985,0.023138262,0.032056294,0.029737316,0.028128859,0.01660471,0.018671162,0.035457358,0.022186771,0.02070162,0.025197877,0.023952715,0.021842245,0.021842245,0.017621055,0.01886036,0.016209492,0.014248839,0.014248839,-0.0002300556,0.04963735,0.04963735,0.034083262
2005-07-01,-0.0036771197,-0.0056968103,-0.009410154,0.00047636955,-0.022810942,0.020103188,0.010490453,-0.001138639,0.02557029,0.009327294,0.02259617,0.022172332,0.016509445,0.052737787,0.016194243,0.026257027,0.026257027,0.02842388,0.039744936,0.038576335,0.03338316,0.026218414,0.026047464,0.031387087,0.021909356,0.019611359,0.023468912,0.02243972,0.020029398,0.020029398,0.016552193,0.0145256715,0.0138455685,0.0109737,0.0109737,-0.0015094464,0.045167033,0.045167033,0.029371686
2005-08-01,-0.0050529954,-0.0077275983,-0.014098802,-0.007072006,-0.02741957,0.010990731,-0.0007235619,-0.009117191,0.017398011,0.0034910957,0.015793353,0.015528679,0.009898716,0.034166165,0.00715709,0.016082317,0.016082317,0.019586347,0.027822139,0.027646307,0.027306035,0.018905926,0.020328369,0.031571064,0.014843455,0.01672999,0.022056455,0.018393187,0.016920572,0.016920572,0.015077643,0.010970423,0.0073304935,0.0037203701,0.0037203701,-0.0014951266,0.03509013,0.03509013,0.026399612
2005-09-01,-0.008413508,-0.010525043,-0.013304388,-0.005227169,-0.024267824,0.0023061268,-0.007010886,-0.015886324,0.01054517,-0.0052982545,0.011834023,0.011469483,-0.005675987,0.011277017,-0.005431052,0.008734131,0.008734131,0.011416889,0.0098991655,0.008691165,0.013341459,0.0047426224,0.0069651287,0.024854582,0.005799915,0.0015769535,0.006818442,0.005921476,0.00476593,0.00476593,0.0030692099,0.0023072085,0.003673898,0.00053314876,0.00053314876,-0.0017683763,0.024654897,0.024654897,0.022765478
2005-10-01,-0.0045781336,-0.009279006,-0.013356385,-0.00254428,-0.020674996,-0.009847157,-0.01521899,-0.02106931,-0.00032073376,-0.012130737,0.002400475,0.0015696287,-0.009743019,-0.0028392936,-0.013852467,0.008989288,0.008989288,0.0053362953,0.0071923616,0.005896842,0.0042140167,-0.00022783279,0.002896932,0.009244113,-0.0026647751,-0.0050877463,-0.00012177209,-0.002349563,-0.0039434815,-0.0039434815,-0.006978726,-0.002234344,-0.006963617,-0.010335127,-0.010335127,-0.0039823093,0.016166687,0.016166687,0.019546509
2005-11-01,-0.015390203,-0.025614714,-0.029024662,-0.022367613,-0.035626903,-0.020763492,-0.025924753,-0.033783216,-0.011873581,-0.023230067,-0.0026485207,-0.0019857883,-0.03694718,-0.02537337,-0.026330747,-0.0041118343,-0.0041118343,-0.0075266566,-0.01007964,-0.0071860338,-0.0031972441,-0.008673286,-0.004529114,0.000474621,-0.015982844,-0.01813825,-0.013143832,-0.015592739,-0.015568644,-0.015568644,-0.017061006,-0.012766289,-0.015021779,-0.016756447,-0.016756447,-0.0062826304,0.005155436,0.005155436,0.008098815
2005-12-01,-0.018683717,-0.02839416,-0.03826532,-0.028643701,-0.051611952,-0.027486317,-0.03396916,-0.0420522,-0.01324792,-0.025680974,-0.009336065,-0.008038163,-0.052833557,-0.038424462,-0.032388486,-0.010602998,-0.010602998,-0.012803712,-0.019566398,-0.01443985,-0.00865135,-0.017556762,-0.011967774,-0.0007654584,-0.018382313,-0.020078553,-0.014026555,-0.016755603,-0.014235535,-0.014235535,-0.015717858,-0.013028123,-0.018521033,-0.019545313,-0.019545313,-0.0053912825,-0.0012926738,-0.0012926738,0.0038937463
2006-01-01,-0.018769007,-0.026004106,-0.037373293,-0.022023946,-0.047287747,-0.024752337,-0.02632092,-0.0353223,-0.015886344,-0.027320718,-0.011134287,-0.009439945,-0.03647981,-0.028310526,-0.029409071,-0.0039567156,-0.0039567156,-0.012896784,-0.021931615,-0.01763503,-0.012048493,-0.018958569,-0.013033041,-0.004544891,-0.02099895,-0.021759458,-0.014562352,-0.017734686,-0.016353557,-0.016353557,-0.016786534,-0.014519707,-0.017304132,-0.019527711,-0.019527711,-0.0036372258,0.003161621,0.003161621,0.005321291
2006-02-01,-0.013338568,-0.023566026,-0.028666534,-0.021523556,-0.040345754,-0.013017949,-0.019663164,-0.028113358,-0.0061750226,-0.017773034,-0.0041985535,-0.004037261,-0.029505977,-0.012893677,-0.017315675,-0.00089334627,-0.00089334627,-0.004710478,-0.015299935,-0.01107204,-0.0039613354,-0.010010814,-0.004784648,0.0006823343,-0.011642062,-0.014763726,-0.009491066,-0.009783936,-0.007868347,-0.007868347,-0.010013592,-0.0057470463,-0.009275062,-0.01140726,-0.01140726,-0.0026165303,0.010404205,0.010404205,0.00953971
2006-03-01,-0.0029161684,-0.016084036,-0.027338007,-0.011774568,-0.036636826,-0.009140395,-0.016304122,-0.024037594,-0.005148794,-0.013991014,0.0026485207,0.0017740726,-0.019693445,0.001182717,-0.009114165,0.0037654226,0.0037654226,0.0020296262,0.0057809763,0.008672632,0.012113079,0.0059690475,0.008771769,0.0074818446,0.0011454921,-0.00083065033,0.0010592681,0.0017562624,0.0025168865,0.0025168865,-0.0017717928,0.007500266,-0.0019446637,-0.0027947023,-0.0027947023,-0.0023721547,0.022801463,0.022801463,0.022129271
2006-04-01,-0.006282645,-0.008961506,-0.016443126,-0.003918851,-0.028377272,0.010535093,-0.0011713406,-0.008481194,0.010645848,-0.00023809468,0.013756196,0.011265039,0.0021113644,0.023914449,0.0034411263,0.013374589,0.013374589,0.012431702,0.018193632,0.019349856,0.020059358,0.015092087,0.014509583,0.013563465,0.008380324,0.007294231,0.00927794,0.010347591,0.011874288,0.011874288,0.004726678,0.009424166,0.0052284882,0.005841294,0.005841294,-0.003105281,0.033112336,0.033112336,0.024815878
2006-05-01,-0.0017837376,-0.007853386,-0.009566357,-2.4118732e-05,-0.020901319,0.013873352,0.0022650512,-0.007468087,0.01931284,0.0061094174,0.020337434,0.01822269,0.0029593573,0.03369295,0.0065085017,0.022902029,0.022902029,0.018275473,0.024026174,0.023254395,0.023321187,0.017796326,0.01962443,0.024611216,0.014445446,0.012271775,0.016607825,0.017722769,0.019094747,0.019094747,0.012528539,0.017648902,0.011918398,0.012157285,0.012157285,-0.0012364314,0.04046351,0.04046351,0.02728208
2006-06-01,-0.00066969683,0.0010242951,-0.004460883,0.008717888,-0.015445307,0.02257648,0.008500904,-0.0014371471,0.025020674,0.0071057016,0.025094127,0.021726966,0.019935608,0.037379526,0.006497372,0.029785305,0.029785305,0.023780927,0.0349823,0.03335803,0.030385815,0.021832084,0.023923034,0.026260715,0.015548805,0.016392602,0.02058326,0.022410074,0.022253316,0.022253316,0.016946683,0.018988097,0.015464236,0.014418647,0.014418647,0.0008049598,0.052191418,0.052191418,0.032304976
2006-07-01,-0.0067270882,-0.004354917,-0.007892675,0.0031712686,-0.02057624,0.018085385,0.0077343076,-0.005347885,0.016674265,0.0003174116,0.015323874,0.013572097,0.007544906,0.031524528,-0.0029133516,0.024971567,0.024971567,0.021362305,0.03585226,0.030674798,0.026624283,0.016739082,0.017138671,0.03241364,0.023314051,0.01929336,0.020924125,0.023531377,0.021867065,0.021867065,0.016037874,0.01769761,0.013152791,0.01057525,0.01057525,-0.0003739577,0.055073038,0.055073038,0.035225127
2006-08-01,-0.007835165,-0.015928317,-0.017817162,-0.009266613,-0.030536532,0.012906203,-0.0010420979,-0.009297731,0.016142901,0.004143481,0.021542083,0.01947105,-0.0075796624,0.03523106,0.00823454,0.01305542,0.01305542,0.017083077,0.026610486,0.025888273,0.02511376,0.018099975,0.017911173,0.02739994,0.016230036,0.012635125,0.015079759,0.014631484,0.015730591,0.015730591,0.011265373,0.008133481,0.0055602835,0.0054780487,0.0054780487,-0.0023864745,0.028097026,0.028097026,0.024517484
2006-09-01,-0.0022281809,-0.0068289926,-0.009703208,0.0015976444,-0.018544735,0.012971337,2.5876656e-05,-0.008708794,0.014365551,-0.0023361782,0.008016288,0.007687688,0.0054510613,0.017073104,-0.0018251307,0.011104379,0.011104379,0.010012941,0.010118366,0.00795703,0.008962955,0.0039307596,0.00911438,0.023246644,0.009115896,0.0013563368,0.0072506582,0.008775305,0.007556966,0.007556966,0.0032863792,0.007500266,0.00033768982,-0.0026951134,-0.0026951134,-0.0006615272,0.026259104,0.026259104,0.020974053
2006-10-01,-0.004559843,-0.012160375,-0.013265258,-0.0029662102,-0.021017417,0.0008461416,-0.0071917414,-0.015054014,0.003692178,-0.008868812,0.0041012154,0.0040591955,-0.004222446,0.005796086,-0.006750488,0.008706739,0.008706739,0.0057338523,0.011510284,0.011405114,0.011895713,0.00605669,0.008080241,0.009617881,0.0015132781,-0.003660202,0.0020759907,0.00032639276,-0.0011525472,-0.0011525472,-0.005824098,0.003037841,-0.008587989,-0.0100362655,-0.0100362655,-0.0032205435,0.02326889,0.02326889,0.022986094
2006-11-01,-0.010337308,-0.021337656,-0.026380692,-0.015042409,-0.035330825,-0.016932549,-0.023840416,-0.029409071,-0.0037930058,-0.015375101,-0.0025422154,-0.0031101704,-0.023535552,-0.010626426,-0.015545654,0.0025983113,0.0025983113,-0.0006680726,-0.008487781,-0.0044719833,-0.0052073738,-0.009409237,-0.0042426554,-0.0008781312,-0.012118235,-0.017722977,-0.010653915,-0.012542918,-0.013543905,-0.013543905,-0.015180582,-0.008930914,-0.014061093,-0.015367849,-0.015367849,-0.0038672814,0.015979767,0.015979767,0.0128103895
2006-12-01,-0.019170804,-0.024859892,-0.031811863,-0.023163432,-0.046684124,-0.02225111,-0.0260194,-0.033241335,-0.013467677,-0.024376204,-0.009282985,-0.007914066,-0.0338666,-0.024229927,-0.02502244,-0.0035647508,-0.0035647508,-0.008634541,-0.019946605,-0.018344387,-0.012830147,-0.018841743,-0.012204488,-0.0045034257,-0.01779155,-0.022142304,-0.015091887,-0.017354911,-0.015805358,-0.015805358,-0.01812968,-0.015968546,-0.01963887,-0.021232678,-0.021232678,-0.0056931716,0.001822408,0.001822408,0.0042959847
2007-01-01,-0.013082895,-0.025231386,-0.029434895,-0.019341057,-0.040804278,-0.01921985,-0.025554324,-0.03258944,-0.003985237,-0.014140723,-0.004304859,-0.0038621426,-0.03113245,-0.010488325,-0.013050035,-0.0018599348,-0.0018599348,-0.0028247403,-0.013269779,-0.006939375,-0.004795866,-0.007896518,-0.0043795775,-0.003892299,-0.014590159,-0.015828026,-0.010842588,-0.018820336,-0.01686442,-0.01686442,-0.016420884,-0.009801609,-0.013181883,-0.013411089,-0.013411089,-0.005865713,0.0069152834,0.0069152834,0.007969326
2007-02-01,-0.010690397,-0.01933093,-0.025768533,-0.013125118,-0.03512763,-0.011269792,-0.022505378,-0.031105362,-0.0021896362,-0.014713936,-0.0039152172,-0.003562808,-0.024556478,-0.0046130475,-0.010917215,0.0016227908,0.0016227908,-0.0007019043,-0.0052846973,-0.0052245487,-0.00035853355,-0.008287812,-0.0040370687,0.0022665358,-0.009007312,-0.013984998,-0.008803179,-0.009427994,-0.009101969,-0.009101969,-0.011425333,-0.0027761057,-0.010032012,-0.010598783,-0.010598783,-0.0045288084,0.014780681,0.014780681,0.012732612
2007-03-01,-0.012468071,-0.015580886,-0.021535734,-0.0091279065,-0.031285256,0.0006880879,-0.01029244,-0.020872997,0.0060557947,-0.007519992,-0.001089521,-0.00083231926,-0.015851904,0.0068802973,-0.0073550954,0.005406375,0.005406375,0.0039663184,-0.004485558,-0.0045151915,0.004919376,-0.0048768995,-0.0023860678,0.010519652,-0.002580409,-0.004815208,-0.00048698898,-0.0007594517,0.0004236857,0.0004236857,-0.0034465266,0.001107977,-0.0038660353,-0.0052554333,-0.0052554333,-0.004499934,0.019562023,0.019562023,0.018664042
2007-04-01,-0.0034700574,0.0019827622,-0.0046106,0.008603398,-0.017540595,0.018373707,0.003669141,-0.01201495,0.01826851,0.0011636986,0.0054386375,0.0050593615,0.007977803,0.029335827,0.0045295265,0.02033096,0.02033096,0.011611455,0.0051493677,0.0031890366,0.006059563,-0.0005023003,-3.112793e-05,0.012459891,-0.001241967,-0.0056587853,0.0003226712,0.0014951676,0.0018004354,0.0018004354,-0.00029714976,0.0058991374,0.003726377,0.00010542436,0.00010542436,-0.0025878907,0.02833074,0.02833074,0.021960577
2007-05-01,-0.0075246207,-0.0085781785,-0.01056929,-0.0016579905,-0.022445206,0.015174979,-0.0008872599,-0.011496664,0.02471834,0.0046284515,0.019885601,0.019047618,0.0030630606,0.04171701,0.011741549,0.01725851,0.01725851,0.019831454,0.01680161,0.013052056,0.021781297,0.011243057,0.013338318,0.019674828,0.01085215,0.004412863,0.00700115,0.006698657,0.007831115,0.007831115,0.001548837,0.008864014,0.0026725223,0.0009022297,0.0009022297,-0.0011645977,0.04502716,0.04502716,0.031136831
2007-06-01,-0.005369503,-0.008362501,-0.0079708295,0.0026707803,-0.01679187,0.021237502,0.0071314094,-0.0005262359,0.036884982,0.015419151,0.030842714,0.0261513,0.0057799728,0.05121963,0.013027954,0.02261025,0.02261025,0.024668835,0.03389314,0.03295707,0.033159845,0.023987293,0.024328003,0.024724083,0.020878354,0.014828576,0.014519608,0.014969695,0.015986124,0.015986124,0.0060413606,0.015292886,0.0053274566,0.0026891823,0.0026891823,-0.0009199876,0.044684347,0.044684347,0.02893024
2007-07-01,-0.0045293253,-0.010405223,-0.007847165,0.0006572108,-0.018573737,0.032944407,0.018328127,0.0085438965,0.040476333,0.019527363,0.027228622,0.024771333,0.030751828,0.07651413,0.028881477,0.025983559,0.025983559,0.031459894,0.038140237,0.036294162,0.030544449,0.024588872,0.021561889,0.03200422,0.024658596,0.020370696,0.023474976,0.02313397,0.0231132,0.0231132,0.014969012,0.016443407,0.00992715,0.007265001,0.007265001,-0.002573571,0.04360962,0.04360962,0.027295006
2007-08-01,-0.004024145,-0.008470388,-0.011181343,-0.0033942438,-0.0219229,0.020131277,0.011187998,0.0024893624,0.03182774,0.014916618,0.02246325,0.019996643,0.019313106,0.05064791,0.014897066,0.02116982,0.02116982,0.023594921,0.028518151,0.025931481,0.025196003,0.020605564,0.02015391,0.02396463,0.01544032,0.013206164,0.019243868,0.016085185,0.017693074,0.017693074,0.012665728,0.008985687,0.0065443567,0.00415393,0.00415393,-0.0038097675,0.03127416,0.03127416,0.023102866
2007-09-01,-0.0066418974,-0.013717945,-0.01767393,-0.010701432,-0.028673256,0.0068250056,-0.0043322304,-0.012446812,0.012918061,-0.0018513517,0.011887248,0.010199189,0.007475959,0.024072187,0.004199578,0.012836736,0.012836736,0.013480346,0.021261387,0.016173208,0.014934228,0.009712887,0.011438192,0.015972417,0.003828381,0.0036405986,0.009302295,0.008098978,0.008385519,0.008385519,0.0052468767,0.00501035,0.004471538,0.0037145345,0.0037145345,-0.004298753,0.019421896,0.019421896,0.017093446
2007-10-01,-0.009131813,-0.016671108,-0.018605301,-0.014397307,-0.024476804,-0.0030963954,-0.009043469,-0.01876844,-0.0011910831,-0.013576579,0.005916939,0.0039350986,-0.00166123,0.000966068,-0.010939116,0.010511891,0.010511891,0.0049811318,-8.376549e-05,0.00054901425,0.0071820915,0.00062494277,0.0022988892,0.011344401,-0.008579278,-0.009156757,-0.0016741924,-0.0032573398,-0.0010154216,-0.0010154216,-0.003909423,-0.0015828385,-0.00231154,-0.0051382417,-0.0051382417,-0.004428101,0.0076471963,0.0076471963,0.009020488
2007-11-01,-0.014799634,-0.024865957,-0.028979046,-0.025291689,-0.037756972,-0.016951073,-0.02314273,-0.031796366,-0.011424644,-0.020964425,-0.00457055,-0.003964305,-0.02407187,-0.016363602,-0.019635368,-0.0007566871,-0.0007566871,-0.0046428144,-0.011987304,-0.00750672,-0.00038204552,-0.007832241,-0.0038438924,0.0045270645,-0.012546367,-0.010240449,-0.004876351,-0.010383243,-0.0065165204,-0.0065165204,-0.0070529203,-0.006008782,-0.0080756545,-0.008717982,-0.008717982,-0.005348088,0.0019470215,0.0019470215,0.0074628196
2007-12-01,-0.014349226,-0.024542393,-0.03691096,-0.02461036,-0.05340538,-0.026444772,-0.027001165,-0.035589267,-0.019074684,-0.029612847,-0.007325376,-0.0066509247,-0.035631817,-0.026043598,-0.028496597,-0.004257723,-0.004257723,-0.009251935,-0.020178644,-0.01586481,-0.0061593684,-0.015074539,-0.0115566,-0.003898209,-0.017731205,-0.01874182,-0.012766289,-0.018221125,-0.015699463,-0.015699463,-0.016066432,-0.012212399,-0.015184729,-0.015420657,-0.015420657,-0.004672476,0.002445221,0.002445221,0.008631176
2008-01-01,-0.009965927,-0.019175114,-0.026400257,-0.0155428,-0.03702569,-0.018187717,-0.021489156,-0.027822671,-0.00677954,-0.016503531,0.0006112194,0.00059866905,-0.022946957,-0.009009767,-0.015237606,-0.00042843702,-0.00042843702,-0.0052517853,-0.0149905505,-0.008660244,-0.0021217393,-0.010857582,-0.004871826,0.0005280994,-0.011991636,-0.0143613815,-0.0088883685,-0.012459891,-0.0112824505,-0.0112824505,-0.012631385,-0.0069280867,-0.012558887,-0.012678667,-0.012678667,-0.004010949,0.008597311,0.008597311,0.013887618
2008-02-01,-0.0030499685,-0.0128014395,-0.021099344,-0.007554282,-0.02715837,-0.009995798,-0.014727896,-0.020990837,0.00079719693,-0.011222839,-0.0004516891,-0.0010658503,-0.017409148,-0.00607229,-0.014083324,0.0054428475,0.0054428475,-0.0016236457,-0.0048787086,-0.0014433909,0.00039375352,-0.004672432,1.8717448e-05,0.0057196724,-0.01081602,-0.011200905,-0.0022646626,-0.0073038735,-0.007226766,-0.007226766,-0.0067557706,-0.0024533349,-0.0068296627,-0.009555829,-0.009555829,-0.0027458777,0.011961365,0.011961365,0.014056312
2008-03-01,-0.011451349,-0.020966163,-0.026986364,-0.013040752,-0.034709763,-0.00479794,-0.013987317,-0.022341432,0.005634383,-0.0046725003,0.0027458589,0.0020734072,-0.024694936,0.00496812,-0.0061676027,0.0018780964,0.0018780964,0.003754905,3.2201307e-05,0.0032382878,0.013065266,0.002657509,0.0037629192,0.01044263,0.00020495999,-0.0010059145,0.0021673446,0.00029074049,0.0029715984,0.0029715984,-0.0014174342,0.0022891166,-0.004163035,-0.0024255256,-0.0024255256,-0.003996864,0.018923441,0.018923441,0.019260831
2008-04-01,-0.00485816,-0.013058882,-0.019568998,-0.006565512,-0.03097174,0.0049095345,-0.005787792,-0.013569808,0.012743931,-0.0003349736,0.00930063,0.007643819,-0.013688829,0.018058809,0.0034192253,0.010411556,0.010411556,0.0129391765,0.012895992,0.01516774,0.019312924,0.010483837,0.012821249,0.0143407425,0.0038525981,0.0028099483,0.0051564765,0.004325358,0.0058062742,0.0058062742,0.00093736564,0.010580752,0.00071036554,-0.0017049664,-0.0017049664,-0.0033210167,0.029140472,0.029140472,0.023946337
2008-05-01,-0.006587125,-0.004354917,-0.009970103,0.0036173174,-0.021272743,0.012980599,0.0014814385,-0.00657282,0.029986214,0.010464506,0.018185005,0.015981317,-0.0046033505,0.014589204,-0.00107745,0.018270502,0.018270502,0.012414716,0.018071141,0.019676788,0.021293592,0.015156364,0.017375387,0.015278262,0.0060651223,0.00057750277,0.0028673601,0.0037556966,0.004186503,0.004186503,-0.00055444933,0.00824909,0.0014847134,-0.0031052353,-0.0031052353,-0.0029184194,0.026321666,0.026321666,0.020377053
2008-06-01,-0.0077621015,-0.007901314,-0.010041771,-0.0034063524,-0.019363118,0.017713556,0.0010163619,-0.005355707,0.032029394,0.015613052,0.023871688,0.021412969,-0.0014710603,0.035645045,0.0075857723,0.01922786,0.01922786,0.018004818,0.023923045,0.026418755,0.027605837,0.017749596,0.016976623,0.030503046,0.01266696,0.012570169,0.016388636,0.014067829,0.014297688,0.014297688,0.0071616448,0.010684334,0.0061425897,0.003696932,0.003696932,-0.001106849,0.02859548,0.02859548,0.027969996
2008-07-01,-0.0059966543,-0.006224021,-0.009045431,-0.0017182381,-0.01990874,0.020093927,0.005357171,-0.004570456,0.03149803,0.016979577,0.02368569,0.020573497,0.0053993505,0.04899198,0.013764684,0.022628412,0.022628412,0.025726043,0.03862368,0.037200827,0.03487017,0.026189137,0.026109722,0.028373016,0.018430648,0.014815543,0.01781322,0.018470304,0.018795777,0.018795777,0.013808784,0.016680889,0.008884989,0.00671425,0.00671425,-0.0021420992,0.034545135,0.034545135,0.0248678
2008-08-01,-0.0067270882,-0.010998261,-0.010263157,-0.0056792228,-0.02189968,0.024659418,0.010283721,0.000816794,0.03443879,0.017958155,0.020877639,0.018288255,0.014951918,0.052323803,0.016875861,0.023758901,0.023758901,0.02629262,0.030380774,0.030384932,0.027088573,0.021236325,0.021536967,0.025970072,0.01671241,0.013770845,0.01800199,0.016921755,0.016322428,0.016322428,0.012585748,0.011780083,0.0064686807,0.0026599083,0.0026599083,-0.002199613,0.03462321,0.03462321,0.02480295
2008-09-01,-0.008121255,-0.014580555,-0.01910007,-0.011370751,-0.02630511,0.0065275733,-0.002359979,-0.01334208,0.010765076,-0.004875327,0.014066145,0.011951327,-0.0022150676,0.013169558,-0.003979851,0.013028326,0.013028326,0.013108198,0.013766059,0.012095939,0.0136412615,0.007365036,0.008902689,0.014168682,0.0017424553,-0.0023622513,0.0028673601,0.0023080008,0.0020122274,0.0020122274,-0.00078879076,0.003372739,-0.0012284989,-0.004833544,-0.004833544,-0.005419922,0.01703898,0.01703898,0.021973504
2008-10-01,-0.011408703,-0.018630004,-0.019848973,-0.013480894,-0.028290268,0.0012460585,-0.008785125,-0.015242376,0.013806661,-0.0020101296,0.0015678225,0.0009856224,-0.012027317,0.0040416475,-0.007354916,0.0065642567,0.0065642567,0.006224343,-0.006489931,-0.00446584,-0.0023332513,-0.004240322,-9.348551e-05,0.009392438,-0.005685425,-0.010357327,-0.0027396237,-0.0035599966,-0.0034077961,-0.0034077961,-0.007012977,-0.0049251593,-0.008774326,-0.012010724,-0.012010724,-0.0060237003,0.00901769,0.00901769,0.015860451
2008-11-01,-0.020150946,-0.02665104,-0.03156432,-0.020920588,-0.04198252,-0.0148682855,-0.023289131,-0.031168064,-0.003298292,-0.0176144,-0.0034545609,-0.0017960072,-0.03981979,-0.023973359,-0.023362283,-0.0035464403,-0.0035464403,-0.0033152308,-0.016285969,-0.011238527,-0.0063122446,-0.014145851,-0.0077874754,0.0024267773,-0.0143008325,-0.019481659,-0.013155959,-0.013729713,-0.012609354,-0.012609354,-0.0154434815,-0.012486362,-0.015126546,-0.016246736,-0.016246736,-0.0082092285,0.0011525472,0.0011525472,0.011732949
2008-12-01,-0.016406827,-0.02875372,-0.038675766,-0.025116755,-0.051774397,-0.027467642,-0.029257778,-0.038133636,-0.013907339,-0.02469347,-0.009132422,-0.0070160627,-0.047607422,-0.030814705,-0.026605584,-0.0074851434,-0.0074851434,-0.008490792,-0.02236991,-0.015032073,-0.008986372,-0.016885186,-0.0106656905,-0.0037142315,-0.018454768,-0.02257061,-0.015548457,-0.015408761,-0.014933269,-0.014933269,-0.015632,-0.012321845,-0.016069833,-0.015643273,-0.015643273,-0.0050607533,0.00018666586,0.00018666586,0.00539928
2009-01-01,-0.014964051,-0.025099535,-0.03504843,-0.02531571,-0.04988809,-0.023590088,-0.025933191,-0.035644274,-0.015455807,-0.024596592,-0.009654981,-0.0077825785,-0.037864402,-0.022475166,-0.023164457,-0.005014261,-0.005014261,-0.006596354,-0.017935917,-0.015445319,-0.0077580865,-0.015483379,-0.009052124,-0.002735247,-0.018376308,-0.022778299,-0.017399194,-0.018161835,-0.017699279,-0.017699279,-0.01941002,-0.01280287,-0.017047917,-0.017945867,-0.017945867,-0.006411978,0.002788035,0.002788035,0.008566115
2009-02-01,-0.010124181,-0.020942198,-0.03239797,-0.018424643,-0.04185486,-0.014356774,-0.021936934,-0.03101099,-0.0081996545,-0.023141969,-0.007847935,-0.0069357157,-0.02813862,-0.014313001,-0.018865786,0.0012491365,0.0012491365,-0.0039070784,-0.010446903,-0.0069145984,-0.0014810623,-0.010764217,-0.0063545736,0.005055164,-0.009483583,-0.012102975,-0.0064775795,-0.007280138,-0.0066660563,-0.0066660563,-0.008133261,-0.0020333454,-0.0072023384,-0.007557932,-0.007557932,-0.0038818358,0.009485117,0.009485117,0.013615078
2009-03-01,-0.0071411133,-0.0142629575,-0.024368446,-0.0104060015,-0.033409543,-0.002492117,-0.01072292,-0.019490859,0.0012551103,-0.011778202,-0.0006997348,-0.00019705296,-0.021130033,0.0045344997,-0.0058159325,0.006117509,0.006117509,0.00509105,0.0036671606,0.0049963216,0.009997386,-0.0009285927,0.0028658041,0.014928133,-0.00021106351,-0.0017262565,0.0048277415,0.0038981119,0.0054449462,0.0054449462,0.0036808678,0.006897569,0.0022998466,0.0013944333,0.0013944333,-0.0035653922,0.017007701,0.017007701,0.017690446
2009-04-01,-0.011798374,-0.00959054,-0.012457765,0.0007656959,-0.025248747,0.007987407,-0.0017656599,-0.010342253,0.010416816,-0.001666231,0.0022321222,0.0026866198,-0.016301755,0.0070579946,-0.0045735077,0.0101290075,0.0101290075,0.0076959534,0.00058004446,0.0008511685,0.009268611,-0.003738022,0.00077870686,0.014809454,0.0,-0.003997591,-0.0005417616,0.00067051477,0.0032457479,0.0032457479,-0.00040008826,0.006167036,0.0009956716,-0.0032164953,-0.0032164953,-0.003205989,0.026025645,0.026025645,0.01807997
2009-05-01,-0.0036344745,-0.00231826,-0.0023965337,0.0050403224,-0.015735507,0.021032989,0.008621427,0.00030620157,0.02539631,0.011240401,0.015022748,0.014382362,0.018776223,0.047257178,0.013412655,0.027642822,0.027642822,0.027518984,0.025128279,0.023544261,0.022086954,0.0077270507,0.011581522,0.026094563,0.015615057,0.013310009,0.014233517,0.016981144,0.01953715,0.01953715,0.014648997,0.017819382,0.009571967,0.00779815,0.00779815,-0.0021566537,0.051739756,0.051739756,0.030293146
2009-06-01,-0.0057225926,-0.009416825,-0.010894775,0.00039790984,-0.020518238,0.011613685,0.00012924265,-0.0079235425,0.022354575,0.0077315997,0.018309101,0.015959382,0.008254723,0.03911465,0.007750926,0.020713843,0.020713843,0.022284046,0.033016652,0.03207508,0.030585619,0.01788969,0.022054037,0.030942112,0.022295257,0.017151833,0.017490549,0.020944456,0.023125509,0.023125509,0.01671794,0.02118586,0.011708863,0.007171344,0.007171344,-0.0022714469,0.04904531,0.04904531,0.03127946
2009-07-01,-0.0052538943,-0.0068469904,-0.006225586,0.0032917638,-0.018968476,0.017973943,0.010361351,-0.0010601652,0.028373718,0.0116369855,0.02501429,0.021953225,0.017997742,0.051594343,0.014896886,0.02857279,0.02857279,0.028863553,0.038075835,0.037089836,0.034535054,0.026294326,0.028533224,0.03259752,0.0249178,0.019436201,0.019901438,0.02103349,0.022726847,0.022726847,0.017546767,0.018129827,0.011994074,0.009409363,0.009409363,-0.003249183,0.043422952,0.043422952,0.02812555
2009-08-01,-0.0071411133,-0.0053434125,-0.0049492707,0.0021342617,-0.019664977,0.018401643,0.012092414,-0.0025521927,0.022244621,0.005677421,0.014287578,0.012805462,0.019226357,0.044280104,0.007333015,0.021397734,0.021397734,0.02417006,0.028163726,0.027707947,0.026395017,0.013912296,0.016029663,0.027661037,0.015313623,0.012719472,0.017782802,0.018998403,0.018415833,0.018415833,0.015277734,0.014257773,0.00769718,0.0060756765,0.0060756765,-0.0030191275,0.037597656,0.037597656,0.025348239
2009-09-01,-0.01104955,-0.014748304,-0.014808575,-0.008127028,-0.025672486,0.007987255,-0.0028939664,-0.01562718,0.008300482,-0.004690206,0.0046237744,0.004957199,-0.0012288977,0.012992183,-0.0069922954,0.013429372,0.013429372,0.007273126,0.0025972563,0.0036022828,0.0061300024,-0.002774334,0.0013892619,0.0203156,0.0011997346,-0.0030176374,0.004693743,0.0041532973,0.0046849567,0.0046849567,0.0033549739,0.0041641085,0.00029110536,-0.0018279933,-0.0018279933,-0.004888212,0.017210389,0.017210389,0.014445835
2009-10-01,-0.007743811,-0.016036205,-0.020624034,-0.014409318,-0.028539812,-0.0039146007,-0.011291363,-0.02135974,-0.0012735105,-0.012509904,0.0009832156,6.568432e-05,-0.007960566,-0.0023857148,-0.014182237,0.007193365,0.007193365,0.002164953,0.0040215855,0.003300028,0.009215637,-0.0039132116,-0.000423584,0.017574444,-0.001452932,0.00024657778,0.0043223626,0.0014951676,0.002317505,0.002317505,-0.00041726022,0.0035614113,-0.0025792583,-0.001576008,-0.001576008,-0.002357835,0.00886205,0.00886205,0.0131219225
2009-11-01,-0.012967287,-0.021990556,-0.026022563,-0.014035428,-0.039509933,-0.013529156,-0.02021431,-0.025286378,-0.0021254595,-0.010226412,0.0019132063,0.0011024475,-0.024314033,-0.009975836,-0.013511747,0.002416099,0.002416099,-0.0014546252,-0.0032996868,-0.0020108365,0.0011167707,-0.0031364441,0.0018377686,0.0075055803,-0.0060531124,-0.011376169,-0.00868737,-0.008686368,-0.008946228,-0.008946228,-0.012711365,-0.005625175,-0.015912684,-0.016035791,-0.016035791,-0.0039247954,0.008472697,0.008472697,0.014848073
2009-12-01,-0.017040042,-0.028478084,-0.036025204,-0.022675052,-0.048257012,-0.022948612,-0.028973557,-0.03711271,-0.012368445,-0.021458032,-0.003773477,-0.0035481453,-0.04222531,-0.026635278,-0.025879983,-0.006883277,-0.006883277,-0.007611305,-0.009467395,-0.0068158945,-0.0030797801,-0.009677792,-0.00077250163,-0.0043491907,-0.018376406,-0.019883897,-0.016029483,-0.019912187,-0.01850301,-0.01850301,-0.020901741,-0.012851578,-0.018777248,-0.020312749,-0.020312749,-0.0067427414,-0.001915741,-0.001915741,0.0047891405
2010-01-01,-0.01634599,-0.029304799,-0.039320357,-0.028625686,-0.04857043,-0.026519168,-0.029869396,-0.03881682,-0.014402202,-0.024173377,-0.009282985,-0.008081913,-0.0475899,-0.0323129,-0.029222196,-0.008606404,-0.008606404,-0.010968653,-0.011085037,-0.008580073,-0.0027212468,-0.009870529,-0.005793864,-0.00549423,-0.02046243,-0.021097502,-0.01481186,-0.017034525,-0.016023457,-0.016023457,-0.017918205,-0.0118470825,-0.015603989,-0.017090322,-0.017090322,-0.00839609,-0.0027257283,-0.0027257283,0.0048542023
2010-02-01,-0.01479367,-0.024770003,-0.03450783,-0.01920235,-0.044147562,-0.017760016,-0.024563838,-0.03357113,-0.00805305,-0.019571412,-0.004526292,-0.004409671,-0.03774318,-0.01600853,-0.019426413,-0.000711134,-0.000711134,-0.00059198576,-0.0016626818,0.000104847524,0.0042845528,-0.0033057213,0.0014454143,-0.0022131542,-0.017767433,-0.017314063,-0.009862347,-0.011973354,-0.0107778935,-0.0107778935,-0.013683074,-0.008772661,-0.015406053,-0.016123613,-0.016123613,-0.0061244084,0.010061392,0.010061392,0.010318332
2010-03-01,-0.00743943,-0.014490666,-0.0223562,-0.0096344,-0.031354915,-0.0046957596,-0.01020609,-0.018061662,0.0036555273,-0.007440675,0.0014172595,0.0011608601,-0.015990363,0.0044556307,-0.008641321,0.008460663,0.008460663,0.006207358,0.005555357,0.0065322723,0.011066941,0.005595207,0.008348186,0.005577257,-0.008886719,-0.010448138,-0.0021855359,-0.0045686266,-0.0018502808,-0.0018502808,-0.004795273,0.0053025037,-0.002160093,-0.0065970584,-0.0065970584,-0.0063255895,0.018004607,0.018004607,0.015522851
2010-04-01,-0.0027030422,-0.006020277,-0.012542405,0.0030325612,-0.023002483,0.0061648544,-0.00139523,-0.010774115,0.0059184656,-0.0036321676,0.006350983,0.0057456493,-0.0035129124,0.017664462,-0.0011654125,0.014806087,0.014806087,0.010917836,0.012502947,0.013224787,0.015927488,0.009666157,0.00976237,0.014981515,0.0017905943,-0.0006619559,0.007743811,0.006069801,0.007376302,0.007376302,0.0032749935,0.010684334,0.0034235779,-0.00021678004,-0.00021678004,-0.0055351844,0.02984136,0.02984136,0.021493277
2010-05-01,-0.0111652585,-0.013969519,-0.0168339,-0.0066017397,-0.025904685,0.006415979,-0.0052107708,-0.015603715,0.01734311,0.0026448087,0.011709928,0.011213899,-0.00792581,0.025195993,0.0035181383,0.012007104,0.012007104,0.014258475,0.0108465785,0.011750577,0.016826797,0.010115909,0.012241923,0.018369451,0.0049256356,-0.00033749474,0.004931223,0.004989866,0.007500814,0.007500814,0.0006458154,0.009472775,0.0029693318,0.0004921079,0.0004921079,-0.00448538,0.03208415,0.03208415,0.023699867
2010-06-01,-0.009003978,-0.008949573,-0.008817454,0.0010490172,-0.018492514,0.014682144,0.005417503,-0.0047275317,0.024809893,0.0076874066,0.019991906,0.018587708,0.005330121,0.040928643,0.0102242865,0.018434701,0.018434701,0.022114888,0.025160376,0.028361708,0.030462109,0.023011874,0.02364268,0.024083214,0.011973523,0.00510078,0.009771092,0.012210713,0.013045552,0.013045552,0.0047438503,0.01304025,0.0037379756,3.520523e-05,3.520523e-05,-0.00053194485,0.039357502,0.039357502,0.025231255
2010-07-01,-0.008565698,-0.0070506367,-0.00731316,-0.00046426096,-0.02242786,0.017564764,0.006261588,-0.005889636,0.024635913,0.0056158104,0.01883166,0.018624187,0.007943047,0.046350017,0.009443934,0.025263196,0.025263196,0.03078326,0.03776645,0.03582532,0.031919755,0.021715354,0.022552388,0.032105073,0.021674274,0.015490532,0.021082478,0.023300122,0.022664592,0.022664592,0.0143803125,0.01661389,0.009094618,0.007106865,0.007106865,0.00024437538,0.044637553,0.044637553,0.030591752
2010-08-01,-0.0053330213,-0.009003468,-0.011799988,-0.0027491415,-0.025126865,0.011864809,0.009241482,-0.003345265,0.02688045,0.009318514,0.023047859,0.021544456,0.003634135,0.042643808,0.011620555,0.021297399,0.021297399,0.027637327,0.027996195,0.03137187,0.029204458,0.023590183,0.02154948,0.028895108,0.009863478,0.008572685,0.017399194,0.015758794,0.015724385,0.015724385,0.010556656,0.013180314,0.008203809,0.006310059,0.006310059,0.0001725417,0.033267975,0.033267975,0.024790023
2010-09-01,-0.0068427967,-0.011812944,-0.014776143,-0.008175364,-0.028191512,0.004900273,-0.003505443,-0.0125568295,0.009519091,-0.007308384,0.0052172043,0.0056654215,-0.0016959861,0.022199284,0.0005936567,0.015900105,0.015900105,0.014968803,0.013675769,0.013656566,0.016897334,0.0071430206,0.008248494,0.020997934,0.00286373,-0.003063096,0.0049859956,0.003767613,0.0038064576,0.0038064576,-0.00068585225,0.00455368,-0.0016418648,-0.0024900048,-0.0024900048,-0.001365779,0.022490183,0.022490183,0.019169914
2010-10-01,-0.0072202403,-0.01589829,-0.020076951,-0.011840919,-0.02975862,-0.0057650893,-0.012919342,-0.02305603,-0.0028309543,-0.015965732,-0.0026485207,-0.002518773,-0.010850412,-0.0030363058,-0.012445248,0.008688429,0.008688429,0.0041777324,0.0031901393,0.0044719833,0.006647266,9.346008e-05,0.00434845,0.009600152,-0.0035932972,-0.008754413,-0.0041702716,-0.004485503,-0.0025854493,-0.0025854493,-0.0070816646,-0.0010836226,-0.008215408,-0.010868181,-0.010868181,-0.0012939454,0.013238525,0.013238525,0.013926612
2010-11-01,-0.017600093,-0.0257764,-0.03035308,-0.016923375,-0.040862277,-0.011976403,-0.022160824,-0.030806854,-0.0035915,-0.01637124,-0.0024625226,-0.0017887354,-0.033347517,-0.015772244,-0.017568432,-0.0018690156,-0.0018690156,-0.0024608767,-0.0049817315,-0.0070442227,0.00029970566,-0.008568096,-0.0027909342,0.00052218966,-0.015560814,-0.02167511,-0.016352152,-0.016037617,-0.014708964,-0.014708964,-0.01733529,-0.008760434,-0.016192095,-0.019158533,-0.019158533,-0.003579712,0.0044698077,0.0044698077,0.010045793
2010-12-01,-0.015615457,-0.028795585,-0.04048598,-0.026672265,-0.049887996,-0.020001007,-0.033977736,-0.04231929,-0.00909753,-0.02238378,-0.00394183,-0.004044652,-0.04061579,-0.026773058,-0.025561165,-0.0042029405,-0.0042029405,-0.006046623,-0.0059550316,-0.0029361334,-0.0038085554,-0.009158039,-0.0024919638,-0.004390656,-0.019045528,-0.017593171,-0.010824297,-0.015165493,-0.014478353,-0.014478353,-0.01548921,-0.0117679555,-0.017991206,-0.018906644,-0.018906644,-0.004873657,0.0033953348,0.0033953348,0.005671819
2011-01-01,-0.014063037,-0.023176633,-0.028972559,-0.019618275,-0.041715633,-0.02042871,-0.026984008,-0.034536924,-0.010746676,-0.019465752,-0.0036051238,-0.0028619766,-0.032188132,-0.019281443,-0.02326337,-0.003172786,-0.003172786,-0.005141867,-0.008855149,-0.0045769317,-0.0018924737,-0.006704998,-0.0036257934,-0.0052746967,-0.01779155,-0.017177794,-0.010331244,-0.014032273,-0.011407063,-0.011407063,-0.013082895,-0.008730016,-0.01370591,-0.014119976,-0.014119976,-0.0055924635,0.005342102,0.005342102,0.010279338
2011-02-01,-0.009351003,-0.016233884,-0.022310583,-0.013203479,-0.030989274,-0.010321166,-0.021006642,-0.027493004,-0.0013743382,-0.011742934,-0.0034279483,-0.003270626,-0.018118681,-0.0013604143,-0.011235855,0.0019875132,0.0019875132,-0.0007864145,-0.012374036,-0.010757497,-0.00082877296,-0.012896061,-0.0071831257,0.0033286442,-0.007819588,-0.012401581,-0.006739315,-0.00690637,-0.0034203085,-0.0034203085,-0.0060184957,0.0007061787,-0.0042852955,-0.0046344628,-0.0046344628,-0.0023723897,0.01406428,0.01406428,0.012771394
2011-03-01,-0.008005645,-0.011273897,-0.016469179,-0.0027552452,-0.02481335,-0.0026594324,-0.0153136365,-0.02571029,0.003893684,-0.0087191025,0.00029230345,-0.0003722906,-0.012165776,-0.00017737538,-0.012269323,0.0062817084,0.0062817084,0.0031121026,-0.00019973228,-0.0007956728,0.003402998,-0.005484295,-0.00038625082,0.0070902505,-0.0072287284,-0.010292477,-0.0017472556,-0.0044263084,-0.0021742757,-0.0021742757,-0.0050125355,-5.477259e-05,-0.0022241706,-0.0038785068,-0.0038785068,-0.0018545297,0.017848969,0.017848969,0.01772923
2011-04-01,0.00177161,0.00040132573,-0.0060823555,0.006607745,-0.016286815,0.014301053,0.0010679746,-0.017205631,0.011772755,-0.0035088018,0.0066168183,0.005314946,0.005174425,0.020286463,0.0009126551,0.01611879,0.01611879,0.012042706,0.01743964,0.015544123,0.016568165,0.006763363,0.00991801,0.017461771,0.009592167,0.006275389,0.011731374,0.012720986,0.014995524,0.014995524,0.0083104875,0.012315781,0.007848627,0.0062338132,0.0062338132,-0.0007333609,0.034607444,0.034607444,0.0259321
2011-05-01,-0.0045415526,-0.0030071551,-0.0062907683,0.0045638545,-0.017076291,0.017071929,0.0031437324,-0.010891954,0.017059177,0.00011472882,0.005819601,0.005811453,0.009275649,0.033633716,0.0071680406,0.026257027,0.026257027,0.017277645,0.016595248,0.014396743,0.017432159,0.0069561005,0.008939921,0.019740028,0.010550714,0.006535,0.012480198,0.013029553,0.013768209,0.013768209,0.008115996,0.014830152,0.009210984,0.006684976,0.006684976,-1.4554537e-05,0.03913981,0.03913981,0.027437845
2011-06-01,-0.007646393,-0.0075478186,-0.009442692,-0.0025744038,-0.020796876,0.019098993,0.004211707,-0.0044290237,0.025423685,0.004072945,0.015049361,0.014375091,0.0072335135,0.043215208,0.013038904,0.02146145,0.02146145,0.021962713,0.019959548,0.022680806,0.022851044,0.012779236,0.013531392,0.027821181,0.016525466,0.014277034,0.018647235,0.019823153,0.020833028,0.020833028,0.013711632,0.01428829,0.009228477,0.0062982924,0.0062982924,-0.001739502,0.0357755,0.0357755,0.026282629
2011-07-01,-0.009521484,-0.012549767,-0.012588022,-0.005618975,-0.025132647,0.014654359,0.0016967492,-0.007122649,0.025267957,0.0048311343,0.017520705,0.016886592,0.006091365,0.038582202,0.010928165,0.01941022,0.01941022,0.02433908,0.03027754,0.031205382,0.031161519,0.022030735,0.022963561,0.027613467,0.019033518,0.012381977,0.01739313,0.017734589,0.019611917,0.019611917,0.013682981,0.011013068,0.0054788087,0.005583569,0.005583569,-0.0032348633,0.036460623,0.036460623,0.022090277
2011-08-01,-0.0033240302,-0.00587659,-0.005926152,0.002640755,-0.017140169,0.021851346,0.013048445,0.002206626,0.032817166,0.013805749,0.014996136,0.013593912,0.021078039,0.050963387,0.012423347,0.025044363,0.025044363,0.02580213,0.030284066,0.031754296,0.02910446,0.018841743,0.019381307,0.025032649,0.018285936,0.011784977,0.0180507,0.017995683,0.018166505,0.018166505,0.013820264,0.015091986,0.009141203,0.008313792,0.008313792,-0.00071880635,0.044622295,0.044622295,0.026710935
2011-09-01,-0.0041701724,-0.007643675,-0.010243592,-0.0027130127,-0.02159204,0.017294964,0.008475168,-0.0025678363,0.023774689,0.0045314287,0.008016288,0.008220553,0.014190392,0.03128792,0.0048483456,0.017960414,0.017960414,0.014765813,0.021899413,0.019257298,0.019477509,0.011646176,0.011170349,0.021116614,0.010617065,0.0030565262,0.010300825,0.009944274,0.010192159,0.010192159,0.00777321,0.009332713,0.0054148263,0.0041246563,0.0041246563,-0.001998432,0.028050486,0.028050486,0.023284487
2011-10-01,-0.0064653526,-0.013735845,-0.019647153,-0.010285507,-0.02651987,-0.0019248849,-0.012083836,-0.02209011,0.002583672,-0.011716447,-0.0020550913,-0.0025479794,-0.00039814136,0.008497278,-0.00893824,0.012599591,0.012599591,0.006697987,-0.0039506583,-0.0021280723,0.00064643525,-0.006284428,-0.0018752035,0.017699033,-1.2010144e-05,-0.0037315157,0.004699806,0.0029310437,0.0028844199,0.0028844199,-0.0003314937,0.00066969683,-0.0020669242,-0.0037790136,-0.0037790136,-0.00058945874,0.020496624,0.020496624,0.018261591
2011-11-01,-0.0117008565,-0.017234216,-0.022864152,-0.0143008325,-0.030031571,-0.018773625,-0.019904353,-0.027862037,-0.0074302824,-0.019791946,-0.007954241,-0.006869912,-0.019849423,-0.01847279,-0.021977143,0.004275885,0.004275885,-0.0044229776,-0.0125931315,-0.012009623,-0.005013328,-0.013036251,-0.0079182945,4.1562034e-05,-0.012594506,-0.018774245,-0.012638452,-0.012809923,-0.014372558,-0.014372558,-0.01528912,-0.010842588,-0.014969395,-0.01649279,-0.01649279,-0.0019406832,0.0077875773,0.0077875773,0.0084883375
2011-12-01,-0.017100977,-0.026351538,-0.037269086,-0.022934256,-0.04821635,-0.018745689,-0.02800037,-0.03529871,-0.006074195,-0.020585403,-0.011391011,-0.009761095,-0.03981979,-0.02499866,-0.02431874,-0.0045311903,-0.0045311903,-0.008025571,-0.021770503,-0.017073829,-0.008163644,-0.016774083,-0.0118992105,-0.002581012,-0.014807129,-0.018709395,-0.014824088,-0.017651562,-0.016771037,-0.016771037,-0.018118296,-0.010410272,-0.014392983,-0.016305285,-0.016305285,-0.0037954478,0.0042521157,0.0042521157,0.010759566
2012-01-01,-0.015694683,-0.025464963,-0.0343646,-0.0219636,-0.046051405,-0.022232587,-0.027302684,-0.03354754,-0.010142009,-0.023027385,-0.011231625,-0.009549379,-0.0322746,-0.0153972125,-0.017722456,-0.003272973,-0.003272973,-0.004253819,-0.018896064,-0.013712062,-0.0040201633,-0.015962314,-0.011444397,-0.00014231849,-0.011135569,-0.015192032,-0.010288499,-0.013616847,-0.01183075,-0.01183075,-0.013814477,-0.009095332,-0.010602624,-0.010704208,-0.010704208,-0.0038097675,0.006105296,0.006105296,0.011616389
2012-02-01,-0.016005129,-0.023961386,-0.031596966,-0.028113186,-0.0398407,-0.018131996,-0.02189376,-0.03254238,-0.014420453,-0.029295435,-0.008397107,-0.00676775,-0.02561216,-0.0149243185,-0.023813047,-0.005397294,-0.005397294,-0.005886026,-0.018025996,-0.012052832,-0.0025566628,-0.0145371435,-0.012590739,0.006882634,-0.0113044,-0.010610368,-0.0054425667,-0.006455388,-0.0026290894,-0.0026290894,-0.0048124446,-0.0036892472,-0.00433188,-0.0053257477,-0.0053257477,-0.0041834903,0.0058095297,0.0058095297,0.010110643
2012-03-01,-0.0031717406,-0.0038637992,-0.010784083,0.0005366172,-0.023054704,0.0138732,0.004091043,-0.005716917,0.01305539,-0.00060833624,0.0007972175,0.0009199381,0.0026996753,0.022416255,0.0033642936,0.016611239,0.016611239,0.012211865,0.0020751953,0.004632327,0.007863843,-0.0012966156,0.0011152141,0.01582409,0.0005968648,-0.00012334187,0.005466921,0.0042126854,0.0064542643,0.0064542643,0.005309685,0.009484903,0.0082095135,0.00516168,0.00516168,-0.0014378474,0.028829193,0.028829193,0.022752337
2012-04-01,-0.014872797,-0.017941108,-0.018494504,-0.004280632,-0.029683178,0.008535964,-0.0034538305,-0.010538566,0.016875772,-0.0019306687,0.0056424253,0.0048185587,-0.009518093,0.01374128,-0.0010884005,0.010393245,0.010393245,0.0107149845,0.0027454244,0.0035343987,0.01137845,0.005069637,0.0095131425,0.011403789,0.0006873346,-0.007320192,-0.0053330213,-0.0036727663,-0.00070393883,-0.00070393883,-0.0049668057,0.0026178516,-0.0066317264,-0.00920435,-0.00920435,-0.0031627947,0.028735606,0.028735606,0.020104514
2012-05-01,-0.0015707109,-0.004402943,-0.006206127,0.004051455,-0.01666999,0.013213049,0.00042204265,-0.008041253,0.024919847,0.0043991376,0.013215702,0.011089802,0.0011769048,0.029769447,0.0042107077,0.014268084,0.014268084,0.015865274,0.027016476,0.025709398,0.02653609,0.01765604,0.016789755,0.02917994,0.017658848,0.01320627,0.015219822,0.01784726,0.01953715,0.01953715,0.01181413,0.018513335,0.007918408,0.005970252,0.005970252,-0.0012796256,0.04635086,0.04635086,0.030760236
2012-06-01,-0.0025933976,-0.0064755953,-0.004278416,0.0023693454,-0.01448751,0.029420312,0.012057959,0.00087167433,0.041420132,0.021167107,0.024110766,0.021661282,0.021683587,0.056700565,0.018634751,0.027141292,0.027141292,0.030901741,0.038378697,0.036596417,0.034876026,0.02765522,0.028215434,0.030663287,0.026316488,0.020539496,0.02188001,0.021229384,0.021543173,0.021543173,0.014694727,0.01953612,0.010375502,0.008717982,0.008717982,-0.0036947397,0.053391013,0.053391013,0.0329539
2012-07-01,-0.007609911,-0.009302971,-0.0051381183,-0.0016881143,-0.019821735,0.02945751,0.015563402,0.0029998266,0.03543749,0.015225105,0.01888474,0.017536402,0.016751608,0.056641653,0.018162088,0.024059761,0.024059761,0.028119393,0.04148507,0.038483772,0.036245383,0.027789593,0.025947774,0.030384367,0.02421245,0.018955972,0.022093037,0.020903088,0.02101359,0.02101359,0.017026663,0.0147266695,0.011452648,0.0073236446,0.0073236446,-0.0054633506,0.037769064,0.037769064,0.025633706
2012-08-01,-0.0024351436,-0.0051277354,-0.005424579,-8.436634e-05,-0.018509954,0.02563583,0.014796947,0.0020339068,0.031919293,0.013391458,0.017830655,0.015689254,0.026027255,0.05234344,0.014512186,0.025646228,0.025646228,0.027358249,0.03473732,0.032685634,0.02988026,0.021160508,0.02401652,0.028301809,0.02421245,0.017047988,0.020948479,0.020208837,0.02002309,0.02002309,0.015272042,0.017423648,0.009449706,0.008460257,0.008460257,-0.003292377,0.04971517,0.04971517,0.02941068
2012-09-01,-0.00632529,-0.01293916,-0.014906295,-0.009019421,-0.025208183,0.01024677,-0.0017139065,-0.010342382,0.013980641,0.002583054,0.0073961015,0.007753372,-0.0006230672,0.0118094655,-0.0020337272,0.014459675,0.014459675,0.013548009,0.017368712,0.017141612,0.0185782,0.0070554735,0.010646973,0.01835172,0.0057214554,0.0016872617,0.007360303,0.0055061462,0.0045790607,0.0045790607,0.0020690358,0.0041398536,0.0022066776,0.0018514317,0.0018514317,-0.0018258902,0.022194164,0.022194164,0.022116343
2012-10-01,-0.007963001,-0.015604851,-0.019113256,-0.010870263,-0.029869033,-0.0027895495,-0.011971891,-0.018517118,0.0065964344,-0.0045579155,0.0043845517,0.0043804646,-0.019693445,0.00043362,-0.008432366,0.0053699026,0.0053699026,0.007053013,0.0062836744,0.0037995896,0.009145101,0.002090931,0.0053763837,0.008994838,-0.003683767,-0.009241104,-0.0048580603,-0.0047170487,-0.006061808,-0.006061808,-0.009419199,-0.0028125874,-0.0077496585,-0.009409363,-0.009409363,-0.0030623216,0.02138443,0.02138443,0.021220736
2012-11-01,-0.013649012,-0.022020487,-0.024922015,-0.016447105,-0.03712435,-0.013603704,-0.021075552,-0.036248986,-0.0055245794,-0.01622139,-0.0034279483,-0.0029933453,-0.027982924,-0.016540978,-0.018700993,6.3714746e-05,6.3714746e-05,-0.0023933514,-0.008281523,-0.006186709,-0.0020923736,-0.0058347704,-0.0011276245,5.9097533e-06,-0.013727988,-0.018787278,-0.012066273,-0.012940519,-0.012958374,-0.012958374,-0.01482613,-0.011609701,-0.01425323,-0.016229134,-0.016229134,-0.004097337,0.00724233,0.00724233,0.009980732
2012-12-01,-0.013375149,-0.025297213,-0.0367807,-0.022120321,-0.049661674,-0.02685395,-0.03146264,-0.042523425,-0.013550254,-0.02409406,-0.008016288,-0.007614732,-0.03853918,-0.021114752,-0.021735337,-0.005260635,-0.005260635,-0.008025709,-0.017626531,-0.012571027,-0.004249237,-0.011675358,-0.007569377,-0.0052924263,-0.01457805,-0.017833285,-0.0140022,-0.016227601,-0.014945678,-0.014945678,-0.017186716,-0.0065993518,-0.013717604,-0.015338575,-0.015338575,-0.004428101,0.006027476,0.006027476,0.009189182
2013-01-01,-0.013015896,-0.024500528,-0.032658488,-0.022705177,-0.045981746,-0.024166582,-0.024968723,-0.03217335,-0.007375231,-0.020170968,-0.007608712,-0.0067020655,-0.038417958,-0.01943886,-0.020569924,-0.0073574157,-0.0073574157,-0.006122848,-0.017922973,-0.013533186,-0.0013107203,-0.013602734,-0.008983561,-0.003186229,-0.014855465,-0.020967696,-0.015956419,-0.017402286,-0.015375569,-0.015375569,-0.017375328,-0.0056252745,-0.012599672,-0.01274305,-0.01274305,-0.0027172382,0.006993103,0.006993103,0.01074685
2013-02-01,-0.017569775,-0.026022105,-0.038043935,-0.024447534,-0.04544778,-0.017397448,-0.023177186,-0.03247955,-0.0066423602,-0.01838137,-0.0056955055,-0.0048184395,-0.04335022,-0.021430228,-0.023923088,-0.0044856374,-0.0044856374,-0.0034081645,-0.011710121,-0.009326394,0.0013047705,-0.008994484,-0.0065663657,0.0016791449,-0.012739219,-0.016042074,-0.009552002,-0.00997392,-0.008609823,-0.008609823,-0.011339754,-0.005247731,-0.009490492,-0.010563578,-0.010563578,-0.0032348633,0.004921722,0.004921722,0.011356566
2013-03-01,-0.009673675,-0.017018538,-0.025683891,-0.011678191,-0.035429485,-0.007057456,-0.0125833675,-0.023448784,0.0043608723,-0.007520136,2.6612484e-05,-0.000795722,-0.024244802,-0.003666938,-0.011411779,0.0031180033,0.0031180033,0.0030360157,0.001424329,0.0022637395,0.010085484,0.004088402,0.007862142,0.0023911248,-0.008054672,-0.0118044745,-0.007585457,-0.007292054,-0.0065289307,-0.0065289307,-0.009304969,0.002222117,-0.005641854,-0.006743619,-0.006743619,-0.005031879,0.023144532,0.023144532,0.022168266
2013-04-01,-0.008717888,-0.0103213,-0.0130307935,-0.0029663085,-0.024755443,0.013073518,0.0049093924,-0.008221922,0.023032544,0.006391561,0.011258238,0.009731889,-0.0010039718,0.020070136,0.0027704576,0.013310726,0.013310726,0.012693931,0.009499701,0.01251543,0.016932553,0.010951137,0.013518982,0.014162772,0.0018930743,-0.0009799533,0.003287449,0.00213003,0.0042861938,0.0042861938,-0.00040578112,0.0064836433,0.00032609125,-0.0025720866,-0.0025720866,-0.003968224,0.027100373,0.027100373,0.021908654
2013-05-01,-0.013746529,-0.016617212,-0.017511241,-0.007843707,-0.030107012,0.0067320867,-0.0041427966,-0.012910218,0.021071939,0.006638437,0.017741995,0.016484976,-0.009725783,0.022140052,0.0043866327,0.011815662,0.011815662,0.013903311,0.00862311,0.015593374,0.024014743,0.014963532,0.014534505,0.02000713,0.005311535,0.0005581114,0.0045781336,0.005363634,0.006223755,0.006223755,-0.00090311497,0.0012053946,-0.0038894226,-0.0031461807,-0.0031461807,-0.0042841984,0.028393047,0.028393047,0.023621878
2013-06-01,-0.007932483,-0.007799491,-0.006798721,0.0006933397,-0.018231316,0.014440432,0.0034106558,-0.007444494,0.026816275,0.009962118,0.02238356,0.02123785,0.0020421345,0.037714962,0.009905647,0.021871725,0.021871725,0.024550632,0.028750189,0.029650899,0.028140565,0.023152065,0.020633647,0.030526781,0.019081756,0.0119018555,0.014720507,0.017437939,0.017014058,0.017014058,0.008579079,0.010045054,0.0027888883,0.0009023254,0.0009023254,-0.0012793908,0.050057728,0.050057728,0.03081237
2013-07-01,-0.0019055096,-0.0022763961,-0.006805207,0.0028094875,-0.019252896,0.011446369,0.0031867665,-0.008834454,0.023206525,0.004928157,0.016262831,0.0150249,0.002509223,0.024604313,-0.002715526,0.02712313,0.02712313,0.022994373,0.03508543,0.032605466,0.030156549,0.020874213,0.021593018,0.029755414,0.024791202,0.018300481,0.021441631,0.024712166,0.021748861,0.021748861,0.015557712,0.019030742,0.009158696,0.0064154835,0.0064154835,-0.00012934758,0.049933117,0.049933117,0.03387536
2013-08-01,-0.0066114794,-0.009476784,-0.009403561,-0.005576841,-0.021557257,0.014273117,0.0071917414,-0.0055127824,0.023215799,0.008745445,0.014074967,0.013301969,0.013619317,0.029276915,0.0017481187,0.023303073,0.023303073,0.023654161,0.025514904,0.024062457,0.022363244,0.011698723,0.012815043,0.028420487,0.01689325,0.015730646,0.020424908,0.020143442,0.019026285,0.019026285,0.0127799595,0.010276372,0.0037204826,0.0032751388,0.0032751388,-0.000100708006,0.036538698,0.036538698,0.025893105
2013-09-01,-0.0040545636,-0.010351328,-0.012627047,-0.0067886845,-0.02294448,0.009800546,-0.0034624091,-0.011802866,0.019056432,0.005051523,0.007511374,0.0071474314,-0.0010904382,0.024663547,0.0040897145,0.012408298,0.012408298,0.014943533,0.012799283,0.014729817,0.015786417,0.0056127547,0.008186137,0.019217936,0.004401127,0.0012070338,0.009004077,0.008864339,0.008983561,0.008983561,0.0055384273,0.007956837,-2.3197163e-05,0.0013124472,0.0013124472,-0.0015096811,0.025682831,0.025682831,0.024050184
2013-10-01,-0.0054791477,-0.016569285,-0.01804514,-0.007855815,-0.027407913,-0.0042493828,-0.011455061,-0.017252818,0.009747973,-0.0016220381,0.0046680323,0.003278017,-0.0035304318,0.005796086,-0.005760821,0.0112685785,0.0112685785,0.013049096,0.016150534,0.014051381,0.010855429,0.00551939,0.010833842,0.010555304,0.0015976444,-0.0015121036,0.00012783585,-0.0022250705,-0.0027224731,-0.0027224731,-0.008641981,0.0023621798,-0.008850098,-0.007921273,-0.007921273,-0.0048161433,0.026601918,0.026601918,0.022155127
2013-11-01,-0.020047463,-0.02748372,-0.03370034,-0.025526773,-0.04498348,-0.014542765,-0.021557927,-0.029652571,-0.004773308,-0.016159777,-0.006076469,-0.004124999,-0.036912423,-0.022061182,-0.021581313,-0.0013402427,-0.0013402427,-0.0048796367,-0.011149439,-0.010387357,-0.00035853355,-0.012563134,-0.0077127074,0.0028835721,-0.01150936,-0.014257537,-0.011968755,-0.01281593,-0.01118276,-0.01118276,-0.014980491,-0.010191181,-0.014177459,-0.01274305,-0.01274305,-0.0045288084,0.005342102,0.005342102,0.005853441
2013-12-01,-0.015932065,-0.021103982,-0.029988466,-0.019750977,-0.04780427,-0.026993329,-0.024727536,-0.03053194,-0.009931228,-0.020197455,-0.008122593,-0.0061326027,-0.030163236,-0.0162255,-0.019591387,-0.001422268,-0.001422268,-0.004397569,-0.019663002,-0.0149519015,-0.0076816967,-0.015939046,-0.0117933145,-0.00054582866,-0.01475899,-0.01708052,-0.011341803,-0.014388215,-0.0139239505,-0.0139239505,-0.016409311,-0.0129185775,-0.016116323,-0.01529763,-0.01529763,-0.005836839,0.007709503,0.007709503,0.009812037
2014-01-01,-0.0135212755,-0.021157876,-0.02942841,-0.016326511,-0.043172423,-0.020549566,-0.024727536,-0.030791081,-0.0062574497,-0.01646812,-0.00797203,-0.00579679,-0.03378013,-0.017802564,-0.019151576,-0.0029083996,-0.0029083996,-0.0040678135,-0.0146747455,-0.011769109,-0.0060359547,-0.012539769,-0.0065974933,1.772926e-05,-0.012582496,-0.018430285,-0.013107349,-0.012240359,-0.012428792,-0.012428792,-0.015523462,-0.0063862256,-0.0135603575,-0.015238986,-0.015238986,-0.0050175595,0.009718832,0.009718832,0.0124600725
2014-02-01,-0.014403899,-0.022871165,-0.0304508,-0.014252497,-0.038703114,-0.0065646195,-0.013995896,-0.025930325,0.004910637,-0.008525057,-0.00023025586,-0.00050377846,-0.027463559,-0.0048892507,-0.010422291,0.00094827794,0.00094827794,0.0025369634,-0.008217121,-0.007050366,0.0018866197,-0.008270264,-0.0027972413,0.0014892578,-0.010677313,-0.015256882,-0.011311285,-0.011136784,-0.011836853,-0.011836853,-0.016397925,-0.003817083,-0.013769988,-0.016000682,-0.016000682,-0.004773184,0.017194621,0.017194621,0.019442664
2014-03-01,-0.008894432,-0.009524615,-0.016762339,-0.003617416,-0.026484992,0.0016087774,-0.014133717,-0.023409419,0.008263981,-0.0019306687,-0.00092999067,-0.0004453659,-0.012511642,0.0041205166,-0.007366046,0.007786002,0.007786002,0.0028669953,-0.004253624,-0.0061929533,0.0044021127,-0.007294846,-0.003856303,0.0131481355,-0.00015071746,-0.0065868166,-0.0011202039,0.00038568405,0.000903422,0.000903422,-0.0022290898,0.0068185413,-0.00054731994,-0.0007264906,-0.0007264906,-0.0022860013,0.022131857,0.022131857,0.021584192
2014-04-01,-0.0035553474,-0.007583716,-0.0130309,0.0013625607,-0.023983404,0.0066669523,-0.0027216899,-0.011787222,0.010966432,-0.00165745,0.0062092426,0.004927993,-0.0027689051,0.025945092,0.0043098,0.01275471,0.01275471,0.012888361,0.016305331,0.01650014,0.022974363,0.011138057,0.012846171,0.017639741,0.014909609,0.0058146585,0.008200381,0.013177878,0.014833475,0.014833475,0.0050467863,0.015998965,0.0073245037,0.007106865,0.007106865,-0.0020991398,0.038999684,0.038999684,0.029955758
2014-05-01,-0.008127318,-0.011753082,-0.013134999,-0.0027552452,-0.024941107,0.010544355,-0.0022134385,-0.01364046,0.016555188,0.0013751624,0.011612445,0.010330439,-0.0044128983,0.026634956,0.0041997572,0.016975813,0.016975813,0.018199248,0.023265654,0.022588246,0.023967719,0.016201783,0.01688324,0.02653363,0.01315534,0.010428641,0.013192441,0.016435314,0.015936177,0.015936177,0.0059098643,0.011530476,0.0043260804,0.005149913,0.005149913,-0.00043123684,0.034389243,0.034389243,0.023660872
2014-06-01,-0.0054425667,-0.0058585927,-0.008550451,0.0029240763,-0.020680778,0.014012731,0.0014382639,-0.007899949,0.022876665,0.008657347,0.018371003,0.016660333,0.0016095197,0.032648012,0.0039687213,0.026202243,0.026202243,0.02316367,0.023639547,0.021317586,0.024155814,0.012796688,0.017979635,0.024462987,0.017297165,0.009585063,0.0137890745,0.017526971,0.018041993,0.018041993,0.010339392,0.016291218,0.011021789,0.008425052,0.008425052,-0.0010063759,0.04624176,0.04624176,0.032499526
2014-07-01,-0.0076342653,-0.010525043,-0.013558311,-0.005667311,-0.022857381,0.008545377,-0.003152311,-0.011127632,0.023536533,0.007387845,0.022153158,0.01984334,-0.0046205875,0.029552797,0.0030122644,0.021889886,0.021889886,0.024068564,0.031108988,0.030526744,0.030456254,0.02380619,0.024658203,0.026153952,0.021698294,0.014250968,0.018446336,0.018280514,0.01919454,0.01919454,0.010739574,0.008596116,0.0067248004,0.0066205924,0.0066205924,-0.0005608192,0.045821127,0.045821127,0.02728208
2014-08-01,-0.008212608,-0.014760237,-0.014014161,-0.0066017397,-0.023432003,0.01033058,0.0021618258,-0.0063059833,0.031049093,0.015128226,0.024624648,0.021551847,0.007285789,0.046705093,0.010477402,0.02145222,0.02145222,0.025337046,0.030135794,0.029910047,0.029151484,0.026002312,0.026028747,0.027198235,0.021583803,0.013400925,0.017600093,0.01776433,0.017450154,0.017450154,0.012528539,0.01103126,0.0026258428,0.0012889133,0.0012889133,-0.0017108624,0.039030712,0.039030712,0.025685629
2014-09-01,-0.003750183,-0.010057694,-0.014710961,-0.0059084,-0.024064627,-0.0036264297,-0.008681758,-0.0173863,0.010169384,-0.0018073028,0.015740272,0.0123820305,0.0068011815,0.014431466,-0.0056728586,0.018352527,0.018352527,0.01590753,0.015886398,0.015420744,0.017461428,0.01223011,0.015020447,0.014287361,0.010532601,0.00058407255,0.0050651226,0.0049423943,0.0065975953,0.0065975953,0.002726237,0.007481976,-0.0011877137,-0.0032341937,-0.0032341937,-0.0028611403,0.031274416,0.031274416,0.020701515
2014-10-01,-0.0026482698,-0.01274148,-0.015297069,-0.006643972,-0.025283623,-0.0057650893,-0.010163057,-0.01942803,0.0029775582,-0.0054659573,0.0076176794,0.005716443,-0.003374453,0.008595784,-0.006937184,0.01678437,0.01678437,0.011459144,0.007508166,0.009184582,0.012900682,0.0021084785,0.0072953287,0.0140974745,0.005745574,0.00029203627,0.0059540095,0.0049662273,0.0039497884,0.0039497884,-0.0014745496,0.0057835286,-0.004157141,-0.007645849,-0.007645849,-0.0013082651,0.024670664,0.024670664,0.022246255
2014-11-01,-0.013959555,-0.020708622,-0.025905278,-0.014764995,-0.03465754,-0.013761758,-0.017466743,-0.02426545,0.0014201145,-0.010887722,-0.00036317363,0.00046730042,-0.023864182,-0.015456445,-0.018151138,0.004923155,0.004923155,0.0025625098,-0.008191339,-0.007037978,-0.0020629114,-0.008118439,9.9690755e-05,0.0036667597,-0.010442229,-0.016100565,-0.010319017,-0.011178346,-0.013238627,-0.013238627,-0.015712073,-0.008529116,-0.015120747,-0.018133277,-0.018133277,-0.0072317272,0.013768259,0.013768259,0.015925301
2014-12-01,-0.02122244,-0.02802883,-0.031043502,-0.026527552,-0.03814593,-0.020419296,-0.026122766,-0.033406235,-0.008575439,-0.019888824,-0.0061029373,-0.004957199,-0.033832125,-0.022672178,-0.023219569,-0.0029721144,-0.0029721144,-0.005184122,-0.021648012,-0.01743158,-0.008063646,-0.018555546,-0.011195272,-0.005019609,-0.01487348,-0.018761316,-0.014276163,-0.015367199,-0.01245992,-0.01245992,-0.01364873,-0.010349435,-0.012221197,-0.013276199,-0.013276199,-0.0065413257,0.0035354614,0.0035354614,0.009267171
2015-01-01,-0.015956419,-0.024662213,-0.031863965,-0.022705177,-0.044611868,-0.019350119,-0.022445045,-0.030759795,-0.007998149,-0.018354883,-0.0040037325,-0.0036503077,-0.031063221,-0.01395825,-0.017766258,-0.0020330662,-0.0020330662,-0.0037040883,-0.018986354,-0.012410582,-0.004196359,-0.015016174,-0.009276428,-0.0021596758,-0.012160467,-0.01636664,-0.011694892,-0.013142225,-0.011232605,-0.011232605,-0.012305677,-0.007859519,-0.011889306,-0.01320598,-0.01320598,-0.0040830174,0.010248312,0.010248312,0.013173845
2015-02-01,-0.019505603,-0.024362711,-0.032443587,-0.022011936,-0.039620157,-0.013426824,-0.020937731,-0.03149004,-0.0053230734,-0.017102944,-0.011754185,-0.009381413,-0.031582303,-0.015377897,-0.01863493,-0.0014404297,-0.0014404297,-0.004135477,-0.017620113,-0.015482383,-0.004108165,-0.014829254,-0.009930521,0.0047644237,-0.013492905,-0.018242095,-0.011317449,-0.010389249,-0.0087904865,-0.0087904865,-0.011070975,-0.0072872397,-0.011400265,-0.011694355,-0.011694355,-0.004456975,0.0045166016,0.0045166016,0.010629866
2015-03-01,-0.010471207,-0.012124379,-0.018820094,-0.0077773556,-0.02701905,-0.00396106,-0.011739283,-0.021673892,-0.0012094835,-0.013356191,0.00023025586,0.00025558472,-0.01792823,-0.0015574265,-0.009740852,0.007968363,0.007968363,0.0024525914,0.0019462849,0.0017332574,0.007434869,-0.003416729,-0.00057312014,0.01565203,0.002580409,0.0012979507,0.005016414,0.003767613,0.00589976,0.00589976,0.0022004386,0.003671056,0.0005124291,0.0018748699,0.0018748699,-0.0035942665,0.021680197,0.021680197,0.021155886
2015-04-01,0.0005966336,-0.003240732,-0.008472296,0.0034545898,-0.01993774,0.008628883,0.000103365994,-0.008009966,0.015116823,0.00041429052,0.009344887,0.007957697,0.003530149,0.024012955,0.0044636447,0.017304212,0.017304212,0.014427634,0.024464363,0.023396306,0.022351438,0.014414501,0.015095215,0.019603522,0.008832377,0.0064051948,0.00973461,0.008911811,0.010248209,0.010248209,0.007024456,0.011524412,0.0067539867,0.005390227,0.005390227,-0.0018690843,0.03392207,0.03392207,0.027268939
2015-05-01,-0.004529425,-0.0054212715,-0.0063103335,0.0022066177,-0.018167436,0.016690686,0.0077601844,-0.00435055,0.027137008,0.012174786,0.015288584,0.013017297,0.009604277,0.04201253,0.012247243,0.022327553,0.022327553,0.025878353,0.02755148,0.028700925,0.029997915,0.018438721,0.022203472,0.031458296,0.01916622,0.01771005,0.01965173,0.020262219,0.021493327,0.021493327,0.015340542,0.01776451,0.011184835,0.011366219,0.011366219,-0.00051762507,0.047503408,0.047503408,0.032850266
2015-06-01,-0.0046451334,-0.0030190884,-0.0072024674,0.0019775392,-0.017755449,0.014356774,0.0013694939,-0.008763802,0.023105845,0.0060741496,0.012737545,0.011995077,0.0023362902,0.035487305,0.0042437385,0.023649486,0.023649486,0.025531475,0.020262409,0.02326064,0.02468469,0.016861726,0.018278707,0.030289423,0.020311713,0.015178998,0.018738588,0.019971479,0.019724019,0.019724019,0.014609054,0.016473925,0.011045082,0.008085245,0.008085245,0.0021707388,0.048173014,0.048173014,0.033434127
2015-07-01,-0.00560092,-0.0018091446,1.2972629e-05,0.0047749183,-0.016559672,0.021470103,0.009603334,-0.0025993795,0.031763565,0.015436713,0.01625401,0.016309857,0.01514237,0.05656246,0.016501931,0.026284268,0.026284268,0.030174429,0.028176565,0.030625548,0.025954241,0.019490052,0.020035502,0.028022984,0.02629247,0.024277369,0.027152095,0.02877643,0.027972514,0.027972514,0.022130657,0.019329058,0.011767046,0.0105108665,0.0105108665,-0.0008770283,0.05145925,0.05145925,0.03299268
2015-08-01,-0.00280046,-0.0045227637,-0.0058543775,0.0014409219,-0.0204137,0.012757562,0.0031350132,-0.007837247,0.016142901,0.0070351656,0.012941189,0.011768699,0.013827006,0.037833106,0.0056179273,0.02163458,0.02163458,0.025683649,0.02424527,0.025505846,0.023403432,0.014052486,0.016141765,0.022878787,0.016567698,0.011272324,0.016504344,0.015301901,0.015799256,0.015799256,0.01181413,0.01135393,0.003691391,0.0004922036,0.0004922036,-0.0026165303,0.03407796,0.03407796,0.026516173
2015-09-01,-0.010233826,-0.017018538,-0.017765058,-0.0111656925,-0.029456856,0.004481985,-0.0030489452,-0.014944125,0.015648188,0.0038527003,0.011913715,0.010118842,0.004101506,0.020306421,-0.0029024011,0.0148150185,0.0148150185,0.014292169,0.01591218,0.013835441,0.011019916,0.0058114054,0.009139405,0.017764233,0.0055286037,-0.0003958808,0.0058078826,0.004604279,0.0059496053,0.0059496053,0.0028578267,0.0044137165,-0.004034975,-0.0074642743,-0.0074642743,-0.0044856146,0.021306356,0.021306356,0.022492727
2015-10-01,-0.0065505435,-0.018180652,-0.02108637,-0.014891594,-0.028266953,-0.0054395683,-0.015494492,-0.024124017,0.0006137923,-0.011469571,0.0020284788,0.0025115013,-0.014017458,-0.0071960962,-0.013247861,0.003355147,0.003355147,0.0012178032,0.00067022914,-0.00057358947,0.0027975407,-0.0021726608,0.003750407,0.006158738,-0.0023573353,-0.0054513086,0.0004322164,-0.0012282599,0.00019938151,0.00019938151,-0.0046067545,0.00057227915,-0.006736494,-0.0088469405,-0.0088469405,-0.005722046,0.014453634,0.014453634,0.018027835
2015-11-01,-0.008784887,-0.016928745,-0.021574758,-0.01497596,-0.030478342,-0.012906203,-0.014650406,-0.020920057,-0.0008336984,-0.010323434,0.0029230344,0.0023508072,-0.016111303,-0.006584779,-0.01325881,0.0018051519,0.0018051519,-0.002105713,-0.010092584,-0.008364133,-0.0006582392,-0.012510586,-0.006803182,0.004865277,-0.0051849363,-0.007683648,-0.0021307631,-0.005019609,-0.0044980873,-0.0044980873,-0.006281395,-0.004243335,-0.007813641,-0.008729749,-0.008729749,-0.004571768,0.0124600725,0.0124600725,0.017469618
2015-12-01,-0.005832237,-0.01568271,-0.021978505,-0.0126850745,-0.03893531,-0.023153124,-0.020619053,-0.025969561,-0.0074027567,-0.015930464,-0.0007617824,-0.00097095966,-0.017253451,-0.008792796,-0.014951997,0.0017231266,0.0017231266,-0.0027231069,-0.012328891,-0.008543109,-0.0054835672,-0.009584427,-0.005002645,0.00030256,-0.007813583,-0.011207368,-0.0034639935,-0.0078082373,-0.0084291585,-0.0084291585,-0.0100879725,-0.0082308985,-0.011854416,-0.01342276,-0.01342276,-0.0045285737,0.008971151,0.008971151,0.014666451
2016-01-01,-0.011889728,-0.023116674,-0.0320072,-0.017954377,-0.043102764,-0.01978708,-0.02667405,-0.032597262,-0.0070362464,-0.019589119,-0.0048185955,-0.004803896,-0.03480106,-0.017053789,-0.020921595,-0.0019145686,-0.0019145686,-0.004507626,-0.008397491,-0.0060264664,-0.0019865215,-0.0075868606,-0.003108724,-0.0019045875,-0.011093336,-0.015315373,-0.011804438,-0.01228783,-0.012858582,-0.012858582,-0.015569191,-0.0070619863,-0.014625811,-0.01638153,-0.01638153,-0.0049457257,0.011556753,0.011556753,0.015276379
2016-02-01,-0.013155959,-0.023542061,-0.02806086,-0.016477227,-0.03734489,-0.009205529,-0.01683811,-0.023071801,0.0033898447,-0.0069205808,0.0014793071,0.0016646385,-0.028952138,-0.0062300283,-0.009938498,0.002042147,0.002042147,0.0031122407,-0.004885128,-0.004274576,0.0010109188,-0.0054083825,-0.0002678426,0.003334457,-0.010393992,-0.017047988,-0.012778515,-0.0118547715,-0.009681295,-0.009681295,-0.011722577,-0.0036892472,-0.009403217,-0.01162404,-0.01162404,-0.0030623216,0.017054494,0.017054494,0.016016219
2016-03-01,-0.01347863,-0.017108427,-0.02327449,-0.011497252,-0.03333998,-0.0025291634,-0.0090004355,-0.018069483,0.00075127097,-0.009547828,0.0010983435,0.0006351471,-0.014623006,0.0015181529,-0.008102597,0.006801252,0.006801252,0.0039663184,-0.0012502735,-0.00030839877,0.008962955,-0.0019857406,0.00272878,0.009166996,-0.0019775392,-0.009254138,-0.006495771,-0.0041236514,-0.0007288615,-0.0007288615,-0.0042752605,-0.0014062937,-0.005222689,-0.005653788,-0.005653788,-0.0047445446,0.02191391,0.02191391,0.019702276
2016-04-01,-0.007530784,-0.012885167,-0.01472404,-0.0055828462,-0.028052194,0.0133061195,0.005744758,-0.0024108887,0.023820316,0.009512415,0.020346258,0.016901135,0.0066971956,0.03647269,0.010862104,0.01870817,0.01870817,0.02002602,0.016453605,0.01718482,0.018084448,0.013240528,0.0147961425,0.011700439,0.002845715,3.2424927e-05,0.0011872033,0.0016554091,0.0034202067,0.0034202067,-0.0019260605,0.0068550236,0.00018624279,-0.0015877751,-0.0015877751,-0.004945491,0.028221894,0.028221894,0.025231255
2016-05-01,-0.004432007,-0.008176853,-0.010549725,-0.0008741809,-0.02135984,0.011130262,-0.0005856,-0.0078371195,0.023105845,0.0036851414,0.019416267,0.01697421,-0.003374453,0.030124841,0.0060467888,0.016237436,0.016237436,0.019214198,0.022788739,0.024481947,0.026201067,0.016283512,0.019263001,0.014851016,0.007843707,0.006087197,0.006428871,0.0077844043,0.00911438,0.00911438,0.0031378043,0.013155959,0.0031266732,0.0011190098,0.0011190098,-0.0009343074,0.034404755,0.034404755,0.026087867
2016-06-01,-0.0047242604,-0.007907281,-0.009781256,-0.0014348184,-0.018242972,0.01200434,-0.00017227665,-0.0071775294,0.028034883,0.00944188,0.021674857,0.019164443,-0.002682156,0.03793193,0.0052111456,0.022856327,0.022856327,0.026055798,0.030000463,0.029169768,0.029915575,0.019087028,0.021860963,0.02989192,0.023458764,0.017573675,0.01914645,0.020920817,0.022041524,0.022041524,0.015574884,0.01779493,0.008424943,0.006099115,0.006099115,-0.0011214036,0.042986806,0.042986806,0.02807384
2016-07-01,-0.0060392,-0.004672515,-0.008361604,-0.0015495054,-0.018997477,0.016039796,0.0038844517,-0.004672523,0.02916164,0.010120751,0.025634332,0.022552013,0.018222667,0.051298503,0.0120384665,0.026530493,0.026530493,0.030571846,0.037250914,0.035498388,0.03179634,0.021732807,0.022789204,0.031802416,0.024676612,0.02256404,0.02636669,0.026598927,0.025119223,0.025119223,0.019558594,0.017338358,0.011248913,0.011213918,0.011213918,-0.00086270843,0.047519173,0.047519173,0.031305525
2016-08-01,-0.003616184,-0.0039716866,-0.0084462445,-0.00080782984,-0.02021638,0.010869876,0.0040394305,-0.007899949,0.016711067,0.0017895969,0.019894568,0.017813802,0.0160076,0.036729258,0.006211584,0.023941264,0.023941264,0.023569513,0.027093822,0.02741798,0.025631024,0.016225148,0.017200826,0.03036063,0.017508132,0.016217338,0.023225369,0.02172774,0.0202536,0.0202536,0.016809493,0.015530167,0.013199375,0.008958201,0.008958201,-0.0007333609,0.040899657,0.040899657,0.026763069
2016-09-01,-0.0049859956,-0.009243109,-0.013161051,-0.0044012256,-0.024819225,0.006118395,-0.0067868563,-0.01629472,0.0034906724,-0.010041435,0.0119403275,0.01001668,-0.0032359937,0.018453155,-0.0029463824,0.016118938,0.016118938,0.01193265,0.0103632435,0.010350394,0.01330624,0.0041409493,0.0060680136,0.022463456,0.011002867,0.006262461,0.012833288,0.01168862,0.011836954,0.011836954,0.007836018,0.008462217,0.005164411,0.0014353784,0.0014353784,-0.001998432,0.033236694,0.033236694,0.024128173
2016-10-01,-0.0075551383,-0.018450223,-0.022812156,-0.01709831,-0.03224874,-0.007503832,-0.016493555,-0.024799507,-0.002611048,-0.0126597565,0.012923399,0.009928942,-0.009933472,-0.0009461093,-0.0121154785,0.0062086154,0.0062086154,0.006249613,0.009589781,0.009400421,0.00992685,0.0012498855,0.007475891,0.01281002,0.0026949975,-0.0022648706,0.0034031572,0.00020170666,-0.0001433309,-0.0001433309,-0.003377932,-0.0013088761,-0.0062416526,-0.007845026,-0.007845026,-0.006584754,0.011696625,0.011696625,0.015561845
2016-11-01,-0.017192231,-0.024710141,-0.030698238,-0.0193953,-0.04186064,-0.015565635,-0.024529383,-0.030846091,-0.0037013036,-0.017402649,-0.00465921,-0.0038036108,-0.02860599,-0.0178222,-0.020844763,-0.00020052282,-0.00020052282,-0.0023341114,-0.010711144,-0.009270898,-0.004972158,-0.012580586,-0.003476359,-4.747179e-05,-0.011702212,-0.01724275,-0.013046414,-0.014305187,-0.013886515,-0.013886515,-0.016106468,-0.012108819,-0.01715858,-0.017723156,-0.017723156,-0.009502939,0.0061676027,0.0061676027,0.011330711
2016-12-01,-0.013563821,-0.023769673,-0.028243221,-0.02552067,-0.044246223,-0.025263848,-0.024848059,-0.030869685,-0.010398566,-0.022674704,-0.009238582,-0.00848341,-0.024383262,-0.02097665,-0.023131426,-0.00022806307,-0.00022806307,-0.006182088,-0.021461118,-0.016148532,-0.010955331,-0.017404938,-0.0115005495,-0.0010442825,-0.016175793,-0.019968245,-0.012121045,-0.01617422,-0.016204122,-0.016204122,-0.016346503,-0.01796541,-0.018689878,-0.017793374,-0.017793374,-0.0052187406,0.0045946757,0.0045946757,0.011019177
2017-01-01,-0.01962131,-0.02783115,-0.038695227,-0.030952897,-0.050242074,-0.026286718,-0.02991243,-0.041070633,-0.020174064,-0.033588912,-0.013021026,-0.011608243,-0.03680872,-0.029493565,-0.031267054,-0.003418862,-0.003418862,-0.008456959,-0.023020778,-0.018511077,-0.010543919,-0.019227218,-0.013917745,-0.0022368901,-0.015446325,-0.019027391,-0.012644616,-0.014595928,-0.012385152,-0.012385152,-0.013797399,-0.012054046,-0.01505087,-0.015754532,-0.015754532,-0.0049457257,0.00074768066,0.00074768066,0.0065284306
2017-02-01,-0.00986851,-0.016916715,-0.022929229,-0.009592068,-0.034384686,-0.009930815,-0.014202487,-0.022074467,-0.0020796831,-0.010702601,-0.002400475,-0.0015331507,-0.01820543,-0.004810381,-0.012764066,0.007266161,0.007266161,0.002883704,-0.003512468,-0.0026585544,0.0019512057,-0.0045088767,-0.0012647501,0.0017680819,-0.0088987285,-0.011953671,-0.0060209096,-0.007066515,-0.0060742185,-0.0060742185,-0.008521964,-0.0039266283,-0.009100418,-0.010147621,-0.010147621,-0.003249183,0.016789755,0.016789755,0.014380773
2017-03-01,-0.004681615,-0.011932764,-0.0155054815,-0.0019895493,-0.025904685,0.004435373,-0.0036518432,-0.0119913565,0.011617024,-0.0014811102,0.005102076,0.0037451982,-0.006507026,0.017861797,0.0013411578,0.012216708,0.012216708,0.0108841425,0.006702607,0.009653324,0.013523702,0.001787281,0.0053826906,0.01026466,0.0012841009,-0.00049972534,0.001850737,0.0027233306,0.005357768,0.005357768,0.0021319375,0.009813737,0.0005007355,-0.0010721332,-0.0010721332,-0.0022425726,0.030448914,0.030448914,0.026230706
2017-04-01,-0.0037440197,-0.009326935,-0.013037385,-0.0040213307,-0.024923762,0.009735411,-0.0037723663,-0.012007,0.014741187,-0.0010931627,0.010026977,0.008965254,0.0011246293,0.028547455,0.006981345,0.016547374,0.016547374,0.019036617,0.01551903,0.015877098,0.016668068,0.004000759,0.00938853,0.020819867,0.007072006,0.008053567,0.013703884,0.012234448,0.014777527,0.014777527,0.011213857,0.014513643,0.008791819,0.0057299384,0.0057299384,-0.0043849065,0.030293275,0.030293275,0.0234144
2017-05-01,0.00040786195,-0.0054811332,-0.007957857,0.0028578236,-0.018782716,0.014542765,0.0026872344,-0.006737717,0.022052241,0.006620875,0.027600763,0.02369821,0.013204222,0.043254804,0.012632123,0.026512183,0.026512183,0.024618158,0.029736223,0.029046388,0.02807598,0.017387485,0.023144327,0.020179192,0.015898477,0.016327646,0.01936564,0.01936626,0.019655457,0.019655457,0.012374178,0.018172372,0.007737965,0.0041773687,0.0041773687,-0.00040259727,0.047425587,0.047425587,0.031902526
2017-06-01,-0.002508207,-0.0041932324,-0.0051446045,0.0045880717,-0.01654811,0.021600373,0.0099995,-0.00095796987,0.031552933,0.015921682,0.028105676,0.025158405,0.015834667,0.05208687,0.013159718,0.027651902,0.027651902,0.025303215,0.03246239,0.030298617,0.02881061,0.016406154,0.023947958,0.03059208,0.02243997,0.023375299,0.027066806,0.026616754,0.024739176,0.024739176,0.018072566,0.018811552,0.010940219,0.00888205,0.00888205,-0.002789072,0.046475474,0.046475474,0.033291288
2017-07-01,-0.0045964243,-0.006199959,-0.006505667,0.0032797537,-0.021266961,0.019108254,0.012178623,-0.00046327736,0.032120947,0.017966935,0.029177409,0.025647402,0.019970365,0.054571416,0.016227273,0.028189756,0.028189756,0.02845771,0.03723155,0.034449812,0.031508345,0.021370698,0.025374552,0.030390372,0.024152203,0.023018412,0.026171856,0.023893327,0.022346903,0.022346903,0.016752284,0.01654689,0.010946114,0.009075392,0.009075392,-0.00053194485,0.04831314,0.04831314,0.03173383
2017-08-01,-0.003786665,-0.005229559,-0.004649624,0.0033762285,-0.0211683,0.027700093,0.018500403,0.005528426,0.03331188,0.017508596,0.02736154,0.023866057,0.031686287,0.065591864,0.021878053,0.03180006,0.03180006,0.031637475,0.029098196,0.02808413,0.023867818,0.020909214,0.023256531,0.028070455,0.0172128,0.0153997205,0.021161605,0.019283233,0.019238077,0.019238077,0.014100335,0.012474135,0.010358009,0.0073821926,0.0073821926,-0.003622906,0.042441558,0.042441558,0.026243635
2017-09-01,-0.007518557,-0.015239422,-0.017680524,-0.009435346,-0.0306931,0.0019898675,-0.009827223,-0.017606206,0.011140712,0.00043199648,0.0124894995,0.010002017,-0.0044993646,0.021075156,0.0030562456,0.008861709,0.008861709,0.012406293,0.013637148,0.0139773525,0.014640376,0.007960701,0.009868266,0.02233286,0.008175265,0.007002195,0.013423857,0.0107511,0.011731058,0.011731058,0.005646965,0.0031779038,0.0004599503,-0.0026012647,-0.0026012647,-0.003148475,0.018440755,0.018440755,0.020013597
2017-10-01,-0.0019542184,-0.011753082,-0.014313702,-0.007132253,-0.025567949,0.00031625928,-0.009138256,-0.01720576,0.005726085,-0.005122059,0.0041631185,0.002964139,0.00051936397,0.010863034,-0.0021109188,0.013374738,0.013374738,0.008693782,-0.0016046985,-0.0005058062,0.005189716,-0.0048418045,-0.0021679688,0.020920817,0.004991987,0.002245373,0.009089168,0.0066809277,0.007768758,0.007768758,0.0039037303,0.004395426,0.002288248,0.0011600506,0.0011600506,-0.003479004,0.018347422,0.018347422,0.01713244
2017-11-01,-0.013101187,-0.02427282,-0.029988466,-0.023645708,-0.04205218,-0.014161674,-0.02410748,-0.030657727,-0.0061932732,-0.017155917,-0.0024535554,-0.0010221004,-0.028709976,-0.016402876,-0.019206686,-0.0012672982,-0.0012672982,-0.0033150928,-0.008971116,-0.008098942,-0.0002409737,-0.010191822,-0.004653727,0.0035361638,-0.008283849,-0.010967361,-0.006690606,-0.008247303,-0.005401408,-0.005401408,-0.009036283,-0.0070314687,-0.011848616,-0.010932755,-0.010932755,-0.0036517803,0.0040494283,0.0040494283,0.010941399
2017-12-01,-0.019201322,-0.027921041,-0.039971646,-0.02670239,-0.052360676,-0.0215073,-0.029430056,-0.037497513,-0.011204738,-0.0218372,-0.0072899405,-0.0063078403,-0.04667268,-0.02886261,-0.02825479,-0.006801252,-0.006801252,-0.007881959,-0.021106694,-0.016370617,-0.006764826,-0.016809177,-0.0106656905,-0.0026284838,-0.016603827,-0.022090383,-0.016522534,-0.01747359,-0.014733886,-0.014733886,-0.017209487,-0.013149895,-0.01841617,-0.019533547,-0.019533547,-0.0014519325,-0.00035832723,-0.00035832723,0.0076965755
2018-01-01,-0.016303444,-0.023919424,-0.029884258,-0.016465219,-0.040659174,-0.016858153,-0.021575224,-0.028050527,-0.005478653,-0.016335974,-0.0059967763,-0.0049352646,-0.030267222,-0.009739228,-0.014193366,0.0014769019,0.0014769019,-0.0009385881,-0.014249394,-0.00964718,-0.0043315766,-0.010460472,-0.004329834,-0.0019104973,-0.012220813,-0.018521097,-0.013977846,-0.014500984,-0.012621867,-0.012621867,-0.01470042,-0.0091805225,-0.0131410975,-0.014776153,-0.014776153,-0.0033785307,0.010513051,0.010513051,0.015847525
2018-02-01,-0.019103905,-0.02624365,-0.033036076,-0.023567248,-0.04230182,-0.020791277,-0.023573352,-0.033123497,-0.0127714565,-0.022895094,-0.008556493,-0.007935882,-0.038504705,-0.02545224,-0.024549777,-0.0063911253,-0.0063911253,-0.005903011,-0.012367511,-0.009264754,-0.0026565648,-0.012761688,-0.0061987303,0.003868563,-0.012401557,-0.01340739,-0.009880638,-0.0109706335,-0.008117676,-0.008117676,-0.010190912,-0.009387486,-0.0115807075,-0.013809443,-0.013809443,-0.0047875037,0.0025698345,0.0025698345,0.006878959
2018-03-01,-0.01332644,-0.017964974,-0.024674578,-0.008283849,-0.034611102,-0.009354321,-0.017354798,-0.02710025,-0.002207887,-0.012148444,0.0021347841,0.0011973381,-0.027567545,-0.006998762,-0.012764066,0.0019601218,0.0019601218,0.0021903613,-0.0037186195,-0.00085126923,0.009462465,-0.0011214257,0.0056256102,0.0043371776,-0.008024646,-0.0140628815,-0.0102216,-0.0087991385,-0.008186137,-0.008186137,-0.012145623,0.00042008888,-0.00958946,-0.010493264,-0.010493264,-0.0031916692,0.016914368,0.016914368,0.01708052
2018-04-01,-0.0041641085,-0.004313053,-0.0061604036,0.007970305,-0.019606976,0.015760887,0.006933256,-0.0012957149,0.025093976,0.011663617,0.0134018455,0.012513518,0.006991351,0.03221407,0.0074538286,0.020741235,0.020741235,0.020059854,0.009583361,0.008752804,0.015010714,0.008550644,0.011930338,0.0120980395,0.0053176386,-0.0009993447,0.001716738,0.003186132,0.0038313803,0.0038313803,-0.0006630807,0.008054255,0.0011819145,-0.0012889133,-0.0012889133,-0.0023864745,0.035432942,0.035432942,0.02646425
2018-05-01,-0.009119686,-0.0062478874,-0.0077299858,0.0004160235,-0.01726783,0.013538417,-0.0002842213,-0.0068084975,0.023527257,0.0074848677,0.018698743,0.017718911,-0.012546681,0.013445761,-0.002077888,0.0121620735,0.0121620735,0.012347192,0.011665082,0.013650422,0.019906482,0.008766651,0.012565816,0.016482688,0.01121393,0.00426356,0.004766905,0.010092502,0.010740458,0.010740458,0.003955153,0.01170702,0.0042678025,0.0014705837,0.0014705837,-0.0011934721,0.034700774,0.034700774,0.0271261
2018-06-01,-0.006660188,-0.006163964,-0.008387655,0.0007898146,-0.018248754,0.010758282,-0.00016355734,-0.00826116,0.020705428,0.002530224,0.016705697,0.016536117,-0.008635627,0.023500467,0.0017809699,0.016182654,0.016182654,0.01863906,0.029852295,0.026307764,0.027323693,0.015658569,0.01744395,0.025044372,0.01880444,0.012700081,0.009521484,0.0148391,0.013936463,0.013936463,0.0072187604,0.011682666,0.004145447,0.0012069271,0.0012069271,0.0009634165,0.04488678,0.04488678,0.032914903
2018-07-01,-0.006824605,-0.004606589,-0.005541865,0.004720774,-0.01695441,0.016448975,0.0075018397,-0.0027563272,0.02576267,0.008454521,0.026493452,0.022617579,0.0047935206,0.03992298,0.00609077,0.023840927,0.023840927,0.027967082,0.043392733,0.039446034,0.037385665,0.029646778,0.031498615,0.026687864,0.02883665,0.018261591,0.015225885,0.0203156,0.01887675,0.01887675,0.01247133,0.017015686,0.007120768,0.004130492,0.004130492,-0.0015240009,0.049668375,0.049668375,0.03355111
2018-08-01,-0.0071593043,-0.0064875283,-0.011474503,-0.0040816767,-0.02611357,0.009428717,-0.0036690005,-0.010200821,0.018909678,0.0002644377,0.011426447,0.009257317,-0.012702094,0.023638567,-0.0018798828,0.013949064,0.013949064,0.012989855,0.016389096,0.016062116,0.014070331,0.002231121,0.007176921,0.030758135,0.017978398,0.012213389,0.018963842,0.019995214,0.018957825,0.018957825,0.014243123,0.012376717,0.0070508914,0.0037554798,0.0037554798,-0.003004573,0.03354823,0.03354823,0.028813468
2018-09-01,-0.0046633244,-0.0057687024,-0.011422293,-0.002887849,-0.022422079,0.008210595,-0.0057792137,-0.013192826,0.01483289,-0.0030943672,0.010115492,0.007760644,-0.0057454994,0.0072942805,-0.007893641,0.009180878,0.009180878,0.005226377,0.011136601,0.013113796,0.013670627,0.0030604363,0.0076006064,0.022303214,0.0066197547,0.0031929016,0.0100389905,0.010751197,0.010746765,0.010746765,0.008956303,0.007597684,0.0025676596,-0.0007323262,-0.0007323262,-0.0035367527,0.023409016,0.023409016,0.023985544
2018-10-01,-0.012595907,-0.015676742,-0.018064706,-0.012498129,-0.027599454,-0.00033478238,-0.0132637555,-0.021108547,0.0029409071,-0.011381329,-0.003879782,-0.0029568672,-0.016042074,-0.004633006,-0.012709135,0.005543183,0.005543183,-0.00039755704,-0.0016112229,-0.0041882605,-0.00048780142,-0.012317848,-0.005108541,0.0076598153,-0.004129914,-0.0074175727,-0.0015950653,-0.0037497869,-0.004012044,-0.004012044,-0.0062985667,-0.004194527,-0.00832607,-0.0107159745,-0.0107159745,-0.006599074,0.0110115055,0.0110115055,0.016963746
2018-11-01,-0.016388636,-0.023062779,-0.029591205,-0.018412534,-0.03866255,-0.016067732,-0.021566505,-0.029220581,-0.009244134,-0.018971857,-0.0051286886,-0.0040227175,-0.027636776,-0.019005239,-0.02107562,-0.0021061595,-0.0021061595,-0.005860618,-0.009067825,-0.009801481,-0.0062828786,-0.012282753,-0.006690979,-0.0008662148,-0.011750547,-0.018144714,-0.013180314,-0.012192983,-0.013201192,-0.013201192,-0.015249177,-0.009271877,-0.015505021,-0.018262235,-0.018262235,-0.005304894,0.0067906696,0.0067906696,0.011071099
2018-12-01,-0.0115121845,-0.025435032,-0.03389567,-0.022174565,-0.045865644,-0.026230996,-0.029257778,-0.036547363,-0.01519925,-0.024420252,-0.008769248,-0.0072934628,-0.035043787,-0.020069813,-0.021383308,-0.004284966,-0.004284966,-0.007256003,-0.013836985,-0.0105231255,-0.0029680743,-0.011190509,-0.00760671,-0.0015782916,-0.008989297,-0.01206398,-0.008937078,-0.015171499,-0.014422404,-0.014422404,-0.0151119875,-0.008930914,-0.013205174,-0.014330921,-0.014330921,-0.0041691707,0.0067596436,0.0067596436,0.011901643
2019-01-01,-0.01752713,-0.028298402,-0.035399966,-0.025593124,-0.049023174,-0.02555217,-0.029214745,-0.03851049,-0.016271105,-0.028519684,-0.013959839,-0.0121849775,-0.038245026,-0.02127249,-0.022306914,-0.007494224,-0.007494224,-0.008769868,-0.019585656,-0.016321264,-0.0044021127,-0.017994786,-0.012322795,-0.0016434927,-0.0122930715,-0.01589934,-0.011987046,-0.013314286,-0.010217183,-0.010217183,-0.01189411,-0.0076342653,-0.012879084,-0.012356462,-0.012356462,-0.003781128,0.001495107,0.001495107,0.011668311
2019-02-01,-0.0036040563,-0.00927304,-0.019516895,-0.010086552,-0.030646756,-0.0064717005,-0.011076193,-0.019592926,-0.0025102205,-0.015322127,-0.0040302007,-0.0039423704,-0.011836864,0.005303234,-0.006211584,0.0038748393,0.0038748393,0.0008033994,-0.008855044,-0.007759623,-0.00085218897,-0.013158798,-0.007768758,0.0077132937,-0.0016821092,-0.0065544974,-0.001205494,-0.0004390656,0.002074585,0.002074585,-0.0012289158,0.003664992,-0.00227066,-0.004675408,-0.004675408,-0.0019409179,0.017677562,0.017677562,0.019235186
2019-03-01,-0.006331453,-0.013753744,-0.018058218,-0.0054863715,-0.029932816,0.0037008256,-0.0012920046,-0.010059517,0.008804471,-0.0020717406,0.005518475,0.004490018,-0.008929499,0.017093062,0.0012203441,0.008460663,0.008460663,0.0067402422,0.001231016,0.0023069477,0.006629608,-0.004368782,0.002217814,0.014892578,0.0029240763,0.0002530416,0.0049555777,0.0053221686,0.0073264567,0.0073264567,0.0029264211,0.008790852,0.003254733,0.0020330064,0.0020330064,-0.0034649188,0.026804352,0.026804352,0.022635566
2019-04-01,-0.008675243,-0.011824975,-0.01727667,-0.0021764939,-0.027970972,0.007317994,-0.0041342177,-0.012164076,0.015382505,-0.001657306,0.003374868,0.0036357641,-0.014259621,0.0127948485,-0.0036610323,0.009518209,0.009518209,0.008355465,0.005942088,0.010664937,0.014605156,0.004368782,0.007837321,0.013011727,-0.001567619,-0.005275938,-0.0015585835,-0.00014241536,0.0006167602,0.0006167602,-0.0037494625,0.0058017196,0.0011762102,-0.0018747742,-0.0018747742,-0.002674044,0.024779765,0.024779765,0.022414736
2019-05-01,-0.008644825,-0.012220333,-0.01538171,-0.00254428,-0.02704227,0.0036636277,-0.010059832,-0.01755902,0.007155325,-0.006488584,0.008087158,0.0066655874,-0.009552567,0.019064473,-0.0023415957,0.010657781,0.010657781,0.008727613,0.019269956,0.020416966,0.0198418,0.007481766,0.010285645,0.029162113,0.012516145,0.013511234,0.016455535,0.016547987,0.019773865,0.019773865,0.010802383,0.012662807,0.00828519,0.0052319947,0.0052319947,-0.0019265981,0.03171056,0.03171056,0.024919935
2019-06-01,-0.00038350755,-0.00016178229,0.002136018,0.0074819257,-0.01048838,0.02787682,0.016915599,0.0065806415,0.035932206,0.012933119,0.031436287,0.028122425,0.03166905,0.06860854,0.02183425,0.033149384,0.033149384,0.031180818,0.041555997,0.04187636,0.03743854,0.02722292,0.028807374,0.025020733,0.023754194,0.019604895,0.020674516,0.023329768,0.02397288,0.02397288,0.017398098,0.023980256,0.014200847,0.010774523,0.010774523,-0.0018834041,0.05381139,0.05381139,0.03275935
2019-07-01,-0.007409012,-0.003947625,-0.0065316125,0.0029663085,-0.017412933,0.017388035,0.004229005,-0.006745667,0.022986768,0.007343652,0.01795475,0.016704082,0.011542426,0.044378288,0.006519452,0.023968656,0.023968656,0.024499815,0.040859986,0.035418216,0.03072074,0.02342081,0.024315592,0.026213244,0.025466526,0.01927397,0.02113725,0.023400879,0.022197265,0.022197265,0.017466787,0.016595598,0.011825324,0.0066615376,0.0066615376,-0.00158128,0.053344216,0.053344216,0.03435559
2019-08-01,-0.006447062,-0.0057148077,-0.007495415,-0.0011696108,-0.021023199,0.023320591,0.011076193,9.4245464e-05,0.028978534,0.012095469,0.014039532,0.012586474,0.015609459,0.040376235,0.006981345,0.025573283,0.025573283,0.024093835,0.03206924,0.029360931,0.025213758,0.017825508,0.019132182,0.027839007,0.019365175,0.01516607,0.018665524,0.018565344,0.017169697,0.017169697,0.012671421,0.01304035,0.007988285,0.0053257477,0.0053257477,-0.003579712,0.041257985,0.041257985,0.028177686
2019-09-01,-0.006927987,-0.008871715,-0.013219641,-0.006022989,-0.024279388,0.009363582,-0.0068471883,-0.015478054,0.013311947,-0.001648525,0.0047034677,0.0051397085,-0.0012286151,0.016402876,-0.003320133,0.019218631,0.019218631,0.014588231,0.018451454,0.014402887,0.012365857,0.004427147,0.007226766,0.018986488,0.0031411448,-0.0003633499,0.0069463775,0.004817902,0.004940389,0.004940389,0.0023947433,0.0057347203,0.0045531085,0.00252521,0.00252521,-0.0029472937,0.02731832,0.02731832,0.018222596
2019-10-01,-0.009010141,-0.01780329,-0.017791217,-0.0090133175,-0.027198933,0.0013110412,-0.008018529,-0.015250326,0.010948181,-0.0014281363,0.00032773855,0.0013433695,-0.0047762836,0.0025038577,-0.008124498,0.010438947,0.010438947,0.007941061,0.006038797,0.003479004,0.0058891247,-0.003965759,-0.00036753336,0.013106573,0.0010912495,-0.004536099,-0.00032873495,-0.0018392896,-0.0012647501,-0.0012647501,-0.0052811275,-0.0009253685,-0.0075807185,-0.008471929,-0.008471929,-0.0034646841,0.020621236,0.020621236,0.016171984
2019-11-01,-0.019943982,-0.027459756,-0.031968173,-0.02095071,-0.043932803,-0.010962795,-0.024865216,-0.031105233,-0.0035639745,-0.015507248,-0.011984586,-0.008811951,-0.040373344,-0.022534398,-0.02147145,-0.0077676913,-0.0077676913,-0.005784531,-0.008887351,-0.0108438125,-0.004660744,-0.015646935,-0.009326172,0.0030912852,-0.014174135,-0.02330388,-0.019499639,-0.016714139,-0.016104432,-0.016104432,-0.018449882,-0.00803,-0.018148357,-0.019926066,-0.019926066,-0.0075045074,-0.00084101356,-0.00084101356,0.0076705087
2019-12-01,-0.016619952,-0.0251234,-0.033478953,-0.019823333,-0.045488346,-0.018587483,-0.025924753,-0.033940163,-0.011534448,-0.023715038,-0.01100137,-0.008738995,-0.028605709,-0.019044835,-0.020547844,-0.00089334627,-0.00089334627,-0.005818363,-0.011922902,-0.010603197,-0.00469011,-0.012948608,-0.0077749635,0.0017918178,-0.014415323,-0.016444525,-0.011493994,-0.016019888,-0.0142167155,-0.0142167155,-0.015311985,-0.010751233,-0.016320154,-0.017020103,-0.017020103,-0.006340144,0.006323242,0.006323242,0.0102534825
2020-01-01,-0.015134532,-0.02211028,-0.029239561,-0.017719194,-0.044176657,-0.019926611,-0.021807693,-0.027932817,-0.0064956066,-0.017402792,-0.009336065,-0.008227944,-0.0312192,-0.014885045,-0.017568432,-0.000118497526,-0.000118497526,-0.004101645,-0.017761756,-0.012151536,-0.0063122446,-0.012691593,-0.008952433,-0.0022487096,-0.014626288,-0.01677545,-0.012498489,-0.015468149,-0.014908244,-0.014908244,-0.015500597,-0.012766289,-0.015900895,-0.017301267,-0.017301267,-0.004010949,0.0045010885,0.0045010885,0.012304094
2020-02-01,-0.003409221,-0.01681499,-0.02386698,-0.010858253,-0.033450205,-0.0048445514,-0.014142295,-0.019750003,0.0035455741,-0.008383985,0.0012134715,0.0011389256,-0.014605769,0.01125738,-0.0015831443,0.0046678497,0.0046678497,0.004778141,0.0022298878,0.007821363,0.010438067,0.0019449234,0.004660034,0.009279669,-0.0013685657,-0.0010383395,0.00068788807,-0.002669949,-0.0016073608,-0.0016073608,-0.0040809563,0.004730324,-0.002538568,-0.0035152615,-0.0035152615,-0.0039679892,0.016836293,0.016836293,0.021337721
2020-03-01,-0.009399812,-0.013616121,-0.018728968,-0.0048592845,-0.027721334,-0.0025756229,-0.008001371,-0.016475389,0.005900215,-0.0064356104,-0.0019132063,-0.001920104,-0.013619317,0.0006702278,-0.009608909,0.006172292,0.006172292,0.0051587136,0.0013276199,0.0029608093,0.0067765336,-0.0035744668,0.00013081869,0.008609251,-0.0069151847,-0.008131345,-0.002879587,-0.0040346175,-0.0030588785,-0.0030588785,-0.005486911,-0.0013758756,-0.0062007727,-0.007323549,-0.007323549,-0.0021566537,0.010590871,0.010590871,0.014315923
2020-04-01,-0.0021611813,-0.00061103626,-0.006687922,0.008054672,-0.016675772,0.01113011,0.00040474464,-0.008512481,0.01591387,0.0026625148,0.005243817,0.004606724,0.0013323183,0.01557491,-0.0017920999,0.018152004,0.018152004,0.008592286,0.010337462,0.0074882885,0.011889859,0.004678345,0.010715536,0.0098848855,-0.00039790984,-0.0020507176,0.0024351436,0.0015367296,0.00079121906,0.00079121906,-0.0020461709,0.003744119,-0.00087331614,-0.004675408,-0.004675408,-0.0014232929,0.02222519,0.02222519,0.02225897
2020-05-01,-0.0016436748,-0.0054513,-0.008609041,0.0017784857,-0.016043052,0.01386409,0.00054270664,-0.00809639,0.020082511,0.0045666965,0.016758922,0.015265942,0.008254723,0.027739126,0.0044417437,0.022446051,0.022446051,0.017209843,0.025701798,0.025252944,0.027141452,0.016353702,0.020041708,0.02160906,0.010219156,0.010286014,0.012577616,0.013225253,0.012945862,0.012945862,0.0067443848,0.0141239725,0.006433695,0.002355211,0.002355211,-0.00041691706,0.038516745,0.038516745,0.030630536
2020-06-01,-0.009369294,-0.010860541,-0.013519287,-0.0033158825,-0.022770284,0.012636554,-0.0027388472,-0.010122348,0.02238195,0.006470878,0.017449835,0.015820742,-0.0046205875,0.041539315,0.010048541,0.017322373,0.017322373,0.020947762,0.029646039,0.02746723,0.029051583,0.01757431,0.020540161,0.024053568,0.019714748,0.015062226,0.015274495,0.017562624,0.01627889,0.01627889,0.008727654,0.011134841,0.0007219641,-0.0034332753,-0.0034332753,-0.0005749042,0.03406245,0.03406245,0.028995302
2020-07-01,-0.0052051856,-0.002396119,-0.00470832,0.0041840584,-0.017778574,0.018959463,0.0069592735,-0.00524569,0.022602007,0.009177442,0.016112268,0.015557885,0.0067664254,0.043471772,0.009004122,0.025400003,0.025400003,0.031028643,0.035890985,0.034752067,0.029733334,0.019758701,0.020907797,0.029227411,0.023091076,0.026905589,0.028266136,0.027595738,0.024278158,0.024278158,0.017986892,0.015213659,0.009688523,0.005741801,0.005741801,0.00058945874,0.040977478,0.040977478,0.030565687
2020-08-01,-0.0055765654,-0.0056188535,-0.008192321,-0.0006571124,-0.02266006,0.016997531,0.011058895,0.00011771066,0.02576267,0.010411533,0.01408379,0.013666987,0.010642723,0.04822292,0.015116792,0.02341249,0.02341249,0.027062325,0.030419396,0.030317048,0.028610805,0.02026682,0.02104482,0.023050847,0.018828558,0.017385483,0.0199075,0.017568534,0.016241455,0.016241455,0.00907632,0.013533403,0.007394476,0.0028590858,0.0028590858,-0.002616765,0.03677241,0.03677241,0.0238817
2020-09-01,-0.006574898,-0.008518219,-0.013818827,-0.004425246,-0.026009127,0.004667823,-0.007157286,-0.014488541,0.015162748,0.0005553623,0.005243817,0.0063443184,-0.006230107,0.022021586,0.000538725,0.009454494,0.009454494,0.010148268,0.014926042,0.012947208,0.014111405,0.0033641816,0.0036694335,0.01896275,0.005456248,0.003750907,0.008803179,0.0062121195,0.0057751467,0.0057751467,0.00090302166,0.0056374017,0.00043085875,-0.0042184093,-0.0042184093,-0.0021420992,0.01580836,0.01580836,0.020519892
2020-10-01,-0.0113235125,-0.019420722,-0.021138474,-0.011786676,-0.03357218,-0.0030405226,-0.017242994,-0.023008972,0.0054237517,-0.006514927,0.004482034,0.003957033,-0.017980222,-0.0024249884,-0.008685303,0.00086610374,0.00086610374,0.0026554435,0.005819702,0.0039353576,0.0071526296,0.0013316155,0.0028159586,0.013017636,-0.0007415771,-0.004140324,-0.0017410924,-0.004206679,-0.005482381,-0.005482381,-0.010642422,-0.0037562468,-0.012465717,-0.012250942,-0.012250942,-0.004499934,0.010045878,0.010045878,0.018845664
2020-11-01,-0.008450089,-0.015616882,-0.02023326,-0.015512577,-0.026386332,-0.014012731,-0.015296479,-0.023275936,-0.006669587,-0.016909042,-0.001186859,-0.0011389256,-0.016474688,-0.008812433,-0.016359217,0.0013493235,0.0013493235,-0.0022157696,-0.0055295746,-0.0064520002,-0.0036146056,-0.008889293,-0.0025854493,0.0036014616,-0.009598172,-0.00853369,-0.005083314,-0.010917349,-0.01145691,-0.01145691,-0.013071416,-0.0114330575,-0.014311413,-0.01594797,-0.01594797,-0.0027029184,0.0057004294,0.0057004294,0.01445855
2020-12-01,-0.019584829,-0.026692905,-0.034599066,-0.021083413,-0.045354903,-0.022688225,-0.027018463,-0.03415212,-0.01073755,-0.021017255,-0.012294535,-0.01011157,-0.043453924,-0.024288837,-0.023725083,-0.00758533,-0.00758533,-0.009328023,-0.015325718,-0.013533186,-0.0059066867,-0.014969349,-0.009058329,-0.003571816,-0.016416881,-0.020351198,-0.016559117,-0.017307343,-0.016615296,-0.016615296,-0.01919285,-0.012705452,-0.019895084,-0.02157832,-0.02157832,-0.0056931716,0.00034255983,0.00034255983,0.011175156
2021-01-01,-0.020077882,-0.027753195,-0.037132237,-0.024242572,-0.04765339,-0.02318091,-0.031772878,-0.041510317,-0.0148052145,-0.026033653,-0.009265195,-0.0076292753,-0.044474848,-0.025215631,-0.024252858,-0.008123184,-0.008123184,-0.008338479,-0.01087236,-0.006569236,-8.224391e-05,-0.010641575,-0.003395284,-0.0044025723,-0.020884458,-0.019994311,-0.016260799,-0.021579415,-0.020259807,-0.020259807,-0.021136083,-0.012029692,-0.016576368,-0.018168483,-0.018168483,-0.007246047,0.0044075013,0.0044075013,0.012304094
2021-02-01,-0.0057348195,-0.012873332,-0.019132715,-0.006909278,-0.028034756,-0.0083965855,-0.0103095975,-0.017166395,0.0012642356,-0.009353782,0.00072634727,-0.00020444393,-0.011975324,0.0007490971,-0.0076627843,0.0065277843,0.0065277843,0.0039070784,-0.0002578209,0.0036084265,0.0029504164,0.0005548477,0.005538432,0.0026343935,-0.006631962,-0.007683648,-0.0029343595,-0.0047170487,-0.0044668578,-0.0044668578,-0.00613282,0.0015524202,-0.006299836,-0.009081324,-0.009081324,-0.0059089074,0.013596852,0.013596852,0.018261591
2021-03-01,-0.0072933035,-0.012070582,-0.018709403,-0.006854937,-0.029346632,-0.0017853542,-0.01073164,-0.02040177,-0.0013010362,-0.013109315,-0.003303998,-0.0030882359,-0.010988872,0.0057568126,-0.0069262334,0.008852628,0.008852628,0.0035265065,-0.0013469828,0.001134992,0.0054188855,-0.002634144,0.00030517578,0.011089313,-0.0038043607,-0.0020636453,0.0042371717,-0.0002077133,0.0016945394,0.0016945394,-0.000285764,0.0049859956,0.001286682,-0.002361142,-0.002361142,-0.0049743652,0.014578247,0.014578247,0.014783223
2021-04-01,-0.0064774803,-0.01056094,-0.016612515,-0.0025020477,-0.02713515,0.002250254,-0.0068557668,-0.015250326,0.00932671,-0.0055363495,0.003985943,0.003037095,-0.010902405,0.009522256,-0.0052111456,0.01176996,0.01176996,0.009048945,0.015241952,0.017604211,0.017443867,0.01037283,0.011986491,0.0138126435,-0.0012359619,0.0015444226,0.005546048,0.0031150212,0.003470052,0.003470052,0.0006973313,0.004103272,0.00034938348,-0.003562138,-0.003562138,-0.0046149623,0.018378194,0.018378194,0.013212628
2021-05-01,-0.0053634397,-0.01213641,-0.014561138,-0.0025864139,-0.027848996,0.014366036,0.0014900173,-0.006855556,0.024113674,0.008339936,0.01664365,0.014126897,-0.00045013428,0.033298604,0.008652272,0.016529065,0.016529065,0.017023837,0.02626248,0.026610019,0.024655323,0.021872997,0.022427877,0.019876534,0.011696206,0.010824521,0.013716011,0.014370388,0.01388031,0.01388031,0.0057441173,0.014227454,0.0027190116,0.0013475567,0.0013475567,-0.002314641,0.026601918,0.026601918,0.021233665
2021-06-01,-0.009168395,-0.008692033,-0.007527953,0.0013927829,-0.017987553,0.021832822,0.0061150477,-0.0022774064,0.03395335,0.016432997,0.024739632,0.022661448,0.0055033364,0.038779534,0.0051012826,0.03084285,0.03084285,0.024432153,0.03375781,0.03575129,0.03360062,0.028204154,0.030638937,0.02045201,0.013631611,0.015432145,0.018428143,0.017544702,0.013662313,0.013662313,0.007916092,0.011000841,0.0034119794,-0.0013593237,-0.0013593237,-0.00093454216,0.03747304,0.03747304,0.028021919
2021-07-01,-0.009618803,-0.01210648,-0.010491029,-0.0037861485,-0.020495018,0.020512367,0.01051633,0.0005653445,0.03182774,0.01375292,0.021037169,0.018427014,0.012131303,0.048183326,0.011939374,0.023166265,0.023166265,0.027654173,0.039790083,0.038181618,0.03437642,0.028139878,0.030196635,0.028111922,0.024556117,0.02369976,0.025368359,0.022232007,0.019300435,0.019300435,0.013591615,0.014604898,0.007755363,0.0050972966,0.0050972966,-0.0026454045,0.039497886,0.039497886,0.027632395
2021-08-01,-0.00501035,-0.010483081,-0.010888289,-0.0060349987,-0.023205586,0.020726293,0.009448355,-0.0017825856,0.02572617,0.010755575,0.021604132,0.019609809,0.008271959,0.043964624,0.011675666,0.019400991,0.019400991,0.027967082,0.03352577,0.033364173,0.0316141,0.024092484,0.028134562,0.0242079,0.02123413,0.018988397,0.023310559,0.020107888,0.017630717,0.017630717,0.015209046,0.011883565,0.010620117,0.0062514157,0.0062514157,-0.004040058,0.03091634,0.03091634,0.026191711
2021-09-01,-0.008480507,-0.011405554,-0.014671938,-0.0068550357,-0.024819225,0.008870746,-0.0015244726,-0.013412732,0.014255598,0.0011108686,0.008397251,0.006811619,-0.00015569617,0.013110647,-0.003474157,0.01645612,0.01645612,0.013074504,0.024219591,0.02107697,0.019101316,0.0133982655,0.015051574,0.013100663,0.006776576,0.0036276712,0.0077560376,0.0028835721,0.0011588541,0.0011588541,-0.00062873674,0.0008097596,-0.0062240646,-0.0071830153,-0.0071830153,-0.003105281,0.020200603,0.020200603,0.022363028
2021-10-01,-0.008145609,-0.016275749,-0.019862052,-0.0136978645,-0.028754571,-0.006118395,-0.011403308,-0.021760443,-0.0026385738,-0.012880146,-0.0054386375,-0.0039423704,-0.0076144184,-0.0054216986,-0.015292717,0.009901093,0.009901093,0.0019619628,0.001308257,0.0006106537,0.0047605503,-0.0032006265,-0.00024302164,0.012394593,-6.005072e-06,-0.001408259,0.0035188657,-0.0008841378,-0.0015138753,-0.0015138753,-0.0029720576,-0.0011627496,-0.007633197,-0.009368323,-0.009368323,-0.0040684626,0.006136576,0.006136576,0.013069789
2021-11-01,-0.022050392,-0.02730394,-0.029994952,-0.026997818,-0.041634317,-0.014617161,-0.01998184,-0.028985031,-0.010288613,-0.0173586,-0.00537659,-0.003679514,-0.033226296,-0.022021586,-0.022636684,-0.002844536,-0.002844536,-0.004135339,-0.013128031,-0.011435933,-0.0036909955,-0.009216404,-0.005083618,0.00035003177,-0.01486147,-0.02012401,-0.015347658,-0.015278165,-0.013687235,-0.013687235,-0.015186181,-0.01302206,-0.013245865,-0.0132997325,-0.0132997325,-0.0065988395,-0.0024920146,-0.0024920146,0.00246599
2021-12-01,-0.011725311,-0.021427449,-0.03928782,-0.025960812,-0.0524709,-0.02225111,-0.025924753,-0.032982193,-0.011516347,-0.02166964,-0.009601756,-0.008592963,-0.036012437,-0.019912397,-0.019294469,-0.005406375,-0.005406375,-0.005184122,-0.012779919,-0.008345702,-0.0020864236,-0.010004997,-0.0063607786,0.0015190004,-0.010749669,-0.016652107,-0.0120114,-0.013023546,-0.01260315,-0.01260315,-0.01470042,-0.011731374,-0.01613971,-0.0145065645,-0.0145065645,-0.0023864745,0.0056381226,0.0056381226,0.009877099
