dates,77470,76430,76500,76900,161530,161680,162420,162450,162890,163100,164290,164050,77650,77800,77610,165600,165460,165200,604900,603900,604020,603600,607150,6155A,6325O,7031,8025,8019,8416Y,8414A,8500A,9981A,0016A,76,0200E,B893,B228,B278,B954
1951-01-31,6.567786030102809,7.101238546063769,5.546640301776165,6.183516561856891,4.516731762629661,9.987400760445496,9.087002259941471,8.866524899390527,9.366112748012824,8.508995392501959,10.985106363604189,8.904807724491263,7.984245308496611,10.264883644350164,8.36857515560689,9.81024129723994,9.870084627213032,9.234484198785538,10.426649122340677,9.676979893510179,8.646674953994022,9.673863819081248,11.305198349491263,9.839672055808421,8.79179686679646,10.87472067392008,9.685561567737238,9.585096387965734,9.051082086050315,8.56468308151409,8.618422895862295,7.423703683832628,7.861476701305719,8.267453683832684,5.980780086722348,11.43940218853686,10.028424260949635,10.028424260949635,11.01637999011632
1951-02-28,6.937073916480642,7.343105933779782,6.583160109747098,7.381363351004495,5.667632765997098,10.59223400297617,10.162427339099793,9.947664969308107,10.740133812314014,9.542339215959885,11.676921735491135,9.649217587425653,8.348000372023762,10.270442127046238,8.843509928385402,10.356705147879495,10.425448172433107,9.794411504836319,11.309992908296124,10.807734607514874,9.869153413318486,10.793388439360115,12.265995279947958,10.232527669270837,9.481184895833337,11.817116582961319,10.680098470052144,10.722971307663727,10.25986269996281,9.770529320126514,9.573435174851227,7.743897646949449,8.841911388578808,9.032509649367626,7.294763183593716,11.768111165364587,10.638347516741021,10.638347516741021,11.649990699404839
1951-03-31,8.964717442502263,8.730541955271235,8.075468030539923,8.02022924525761,6.383591875466038,10.350971537764451,10.328644483832932,10.191214313302055,10.553180354128642,9.96536585900094,12.510789141091038,10.987624658564073,9.35765784068775,10.524487267771121,9.281480715351734,11.683908470728113,11.816894231816832,10.7240656657886,14.221049347744213,13.263322428221272,12.262828896635256,13.306614073886692,13.849609075566832,12.62001975685041,12.631746382354436,13.856657651675789,13.049171722576148,13.073215636386635,12.670934890418891,12.22959951995523,11.299289855136635,9.43526305742165,10.664794622441832,10.31240781968637,9.209409352784519,12.578024944182403,12.175486931749674,12.175486931749674,13.431086415116454
1951-04-30,11.832150204976472,11.936601702372343,11.861118846469424,11.434976810879164,10.438584666781935,12.884450552198643,13.067593998379209,12.911072731018066,13.162944475809752,12.495496559143078,14.49006849924723,13.098331303066686,11.96931654612223,12.668182648552829,11.860470517476358,14.089352353413915,14.15535170237223,12.6894906997681,15.727489831712546,14.67292982737223,13.782993846469537,15.871535513136166,15.513638920254209,14.167357995774978,14.489002418518112,14.551659753587558,13.840269237094446,13.821280521816675,13.960790612962512,13.51504679785836,12.489319801330566,11.798228221469515,12.647156715393066,12.008267826504209,11.272588030497275,13.752690569559832,13.586940786573564,13.586940786573564,14.634868303934809
1951-05-31,13.620237563758849,13.99034687575471,14.517751004619015,13.659872350385115,12.697076231433527,15.76952036785832,16.221891944639253,16.07005747723332,16.753404461440255,16.19414391876552,18.00009937491467,16.936612311742635,15.230465743362231,14.615249744538346,14.562310606433527,16.496048740674098,16.641509300149835,15.271644128778917,17.43663068791875,16.682614180862288,15.575244809222568,17.827799097696868,18.002422648604238,16.414416516211816,16.65133267884613,16.91022149773056,16.210485589632526,16.23168907165524,16.280110295613667,15.836131380963138,14.86873334248861,13.89655487306652,14.818878776796453,14.323388815438818,13.688505057878444,15.860537567959,15.94396540734084,15.94396540734084,16.996009363153973
1951-06-30,19.268564033508312,19.25949014027924,19.964926338195824,18.923772366841717,17.75926498836941,20.709636624654138,21.194771173265224,21.00770791371673,21.50072277916803,20.458247735765212,23.352936320834772,22.204468981424952,21.00354667239725,19.789589966668018,19.501097128126332,22.344695218404183,22.58671724531405,20.596930461459806,22.449998495313878,22.51651325225845,21.50311806996666,23.75792492760553,22.668759346008358,20.717438273959715,21.965737427605575,21.807922214931807,21.454317071702746,21.64171127743191,21.730771064758358,21.27903495364717,20.223661147223595,19.303020413716638,20.396130222744375,19.044347996181898,18.9457504484389,20.535984823438866,21.674084324306932,21.674084324306932,22.22459159427217
1951-07-31,22.695412162042373,22.504268428843602,23.182892735799214,21.746159284858322,20.319640362647306,23.414311796619074,23.82656030552363,23.67378077763385,24.30897955535562,23.24189601200885,25.443046885664728,24.401464224374422,23.233970629784437,22.04540743674005,22.194241337109702,25.09260270723729,25.392515026625745,23.24913097504657,25.326686313588198,24.865725187076066,23.60947728721044,26.037996587445605,25.382788779145926,23.734989194972513,24.395268827869074,23.928004672963198,23.782562489663462,23.932682722358322,24.21353369682072,23.89414263079243,22.9955554962159,22.514480332405356,23.10392505686775,21.725249821652653,21.314831054851652,23.03097688818491,24.190883747223893,24.190883747223893,24.79369845236505
1951-08-31,21.958537427840724,21.824281085434848,22.60902518405709,21.892884601059905,20.350062860468427,23.60182172303564,24.183847722699568,24.059546017390403,24.56483573093209,23.471589763190195,25.763841842323245,25.212952960434848,23.87300157854628,23.04446967750465,22.70277780922521,25.249891699514137,25.564940737652535,23.95898895673855,25.51214335862028,25.519128930696922,24.873403229252062,27.343610197498037,27.0171548043528,23.804825965307145,24.141356753277535,24.25653074941323,23.774321513022244,23.898434206234526,23.56781267145641,23.082726250925475,21.932582391718427,21.18120155334475,22.68885129292812,21.842586381973717,21.298410054688873,23.718431686073245,23.879196975051798,23.879196975051798,25.047315359628442
1951-09-30,20.548701222737577,20.07788145277243,20.687313418918166,20.600646209716842,19.263151635063934,21.8154899597169,21.899335988362566,21.694884490966842,22.451980845133505,21.163544972737725,22.952726830376548,21.309402720133505,21.316908688015417,21.700570254855734,20.513222164577883,22.35947596232097,22.41327913072371,21.507194603814014,23.562204911973765,23.167866261800157,21.77025070190433,23.408499399820982,23.741908688015315,21.40181265936957,22.006405215793166,23.061448076036243,22.336467064751503,22.315183427598697,22.613724009196062,22.06370502048071,21.141471947564014,20.61584531995993,21.71593212551545,20.993416934543234,20.29245393541123,22.91569883558492,22.718842824300168,22.718842824300168,23.786288028293143
1951-10-31,13.91178388287949,13.959695824243681,13.608427343060896,14.30286041177726,12.241594240742359,15.79421573351783,15.726360390775938,15.586940342893001,15.636196370278697,15.425229993430548,17.45810234726116,15.672528695547499,14.36417646100449,16.203111902872763,15.045415435298764,16.91934436675041,17.000086659257136,15.786140716716773,16.711638448571648,16.372406362718152,15.770418585500408,16.922838465372706,18.31256565791324,16.360343715708723,16.117919950587748,17.82960824863892,16.45749330828272,16.435767417825787,16.42955364514421,15.86575681214697,15.377877212852638,13.915288482173821,14.949628304922442,15.37223835196545,14.182107933618738,17.832516934794796,16.697404787617415,16.697404787617415,17.3092658217235
1951-11-30,11.638107935587527,11.815918265448715,10.833735105726419,11.21442086961531,9.558081351386193,14.321037080552912,13.710465791490435,13.549810409545898,13.619461017184904,12.898804007636102,15.623459498087641,13.588365639580672,12.161076143052867,14.15342097812237,12.562793265448647,14.144319958157041,14.183162731594564,13.500526555379281,14.935783174302912,14.718793699476521,13.816685952080604,14.570475557115401,16.072811169094507,13.48395754496255,12.89315622117789,15.133745956420853,13.894089380900084,13.791645261976441,13.151904593573704,12.634928682115344,12.35809762742781,11.416504202948715,12.193375947740435,12.943055852254247,10.97823109096953,15.989909150865401,14.485473929511159,14.485473929511159,15.344281980726464
1951-12-31,8.329777781168616,7.225046878390913,5.7694099426269645,7.891797637939476,6.10062467787003,9.985775502522813,9.07305035061313,8.935493384467293,9.289613935682496,8.66116884019641,11.109853193494928,9.306367407904759,8.505564456515856,10.957392798529781,8.622144317627033,10.285281795925641,10.192578887939476,9.390574222140856,12.442193688286693,11.111705949571387,10.105499352349227,10.461581166585233,12.091428714328401,11.882433488633865,10.698484378390845,12.746555667453322,11.354384443495007,11.351254018147813,10.631806861029759,10.034153323703322,9.726202477349204,8.205466800265867,9.073443688286659,9.956500328911659,7.990625762939487,13.216770511203379,11.741472117106184,11.741472117106184,12.816173723008887
1952-01-31,5.34680902624649,4.63482670937816,3.0049806492302764,5.49319889519802,3.4273203039682016,8.289291595130805,7.726744342106656,7.556160924768051,8.198841431320375,7.616765553464234,10.24806595668997,7.909868187032771,6.318871988276044,8.885960781958829,6.850384505077102,8.771555960050364,8.792880199801573,8.237384148054275,9.751596807664441,9.293179468954747,8.072313583538119,8.550230670231656,10.352558144190027,9.019765595466879,7.793176843786739,9.175062659478897,8.108362390661796,7.94635539721412,7.3755283642841505,6.774984429472227,6.617119951145639,4.758522000876837,5.197184950305655,6.677031535487117,4.516345001548814,10.660739742812325,9.230771349835209,9.230771349835209,9.994222710722227
1952-02-29,6.327778204556239,5.362934454556239,3.6482815271136246,6.536330422587753,4.883669570396762,8.188539474311995,7.678728949886704,7.479745921869437,8.016532582250193,7.07446967815531,9.849922039865078,7.630911061955601,6.952065426179786,8.758144808363681,7.400321644750136,8.872335271725717,8.987168358112115,7.8202856129613565,10.676837561596415,9.573097439470075,8.087291270288915,9.151977311057635,10.474964133076412,10.32468575663944,9.411689617990135,10.631452661273102,9.515800160375136,9.392935689290425,9.032654282142403,8.546999648521648,8.254095441445543,7.040576224491531,7.826529439290368,8.035269673665425,6.3171061724082165,10.464387512206997,9.540071105956997,9.540071105956997,10.616756518133798
1952-03-31,12.002038451163969,10.865057184362911,10.140408431842843,9.709151081372397,8.119433339436853,10.629613740982563,10.555938400760738,10.353516945787703,10.117233448643844,9.529623716621018,12.667321654289026,11.082405344645167,10.336820877239234,11.40257346040454,10.41045421477287,12.475182982414026,12.541565605902008,11.19002148207801,15.290733427642465,13.971985527776951,13.071713035337382,13.502405974685473,14.35140631070692,14.525594083724513,14.635754008959736,15.210109267696282,14.75399945166805,14.754120209396547,14.379335473173398,14.154411078012117,12.943869978381827,12.193799098845432,12.59787545973262,11.835001635807885,11.08382818570692,13.491333016016142,13.23195591588177,13.23195591588177,14.771850594141142
1952-04-30,13.89207261403402,13.524391407436838,13.459596485561917,13.427429601881329,12.436728647020118,14.623317188686826,14.92582098642987,14.766139454311826,14.87462198469376,13.914297548929824,15.54832532670764,13.936983638339598,14.288068707784078,14.284371333652075,14.278889020283998,15.010323482089575,15.217400847541,14.572983529832754,15.534989823235435,15.236791038513275,13.823810895284055,15.712729623582675,15.925544293721543,14.55711167653402,14.318331294589598,15.533128929138286,15.105182965596555,15.084146181742426,15.066090626186849,14.618830426534032,13.993542883131283,13.091128603617392,14.270639779832663,13.244090843200809,12.944364823235446,14.588622093200684,14.664799393547924,14.664799393547924,15.517300478617415
1952-05-31,18.600089030112088,16.921404344292114,16.84162023810927,15.736687022383535,14.944180301953395,17.493488832699313,17.751128071610708,17.552106209211445,17.796871624198047,16.951601651919816,18.764188282464204,17.768679944930625,17.289529029272046,16.784782725508535,16.517225601852545,18.655222808673784,18.88409020618724,17.030204432497726,17.89856275743051,17.22720491552866,16.112923476516528,17.94434306237008,18.397507439890262,16.85059568753809,17.436596191570402,18.34724334798841,18.020942839755833,18.053841445266585,18.83092005329746,18.362246183169816,17.375487530616056,16.790642100508478,17.49438926532713,16.243772350844495,16.098828949466906,17.242719658472197,17.87157603028004,17.87157603028004,18.746310888310916
1952-06-30,23.46764647165935,22.346878242492664,23.13990938398581,20.96719616783986,19.758165677388547,22.461580933464916,22.824428155687087,22.677783732944192,23.087682278951036,21.73619844648573,24.719401571485662,24.18218911488856,23.529628350999644,21.833095147874587,22.3151372485691,24.93072427113856,25.291919475131635,23.131000963846873,23.88203720516634,24.17867348988858,23.196463203430255,25.736141480339995,25.126251072353796,22.05768010881212,23.459665785895425,23.367518975999644,23.2965825610691,23.50354599422883,23.937619887457913,23.68115558624271,22.608751614888547,22.05556151072193,22.675570191277416,21.57067924075659,21.96999835968012,22.23375432756211,23.5363286548191,23.5363286548191,24.09131183624271
1952-07-31,26.040930376770746,25.426491427677945,26.163278957079854,24.903812601233028,23.72361844380697,25.461309031004532,25.743997623074506,25.578165759835258,26.019564134331176,24.26485458292001,26.91399825311487,25.6195331573486,26.4619364461592,24.937467255130912,24.909149567798863,27.377469040245217,27.704570224720953,25.447710660708708,25.610625962288168,26.046372350057084,24.553754322503266,27.188716835103946,26.5135630002585,24.138822891891607,24.85718961736211,25.202131443638848,24.77978391339707,24.90656115214034,25.489708098544895,25.087146459600035,24.538189701367514,24.272220804358085,25.19951940146825,23.868805985809672,24.142393120386203,24.821293069983085,26.19137087996296,26.19137087996296,26.32493417801396
1952-08-31,23.836266351515235,22.93224249398844,23.526667162167143,22.72700685890777,21.036595547583715,24.311259001044903,24.7227619622343,24.67729930262408,26.086150844122812,24.792806695097227,27.426033971642937,25.847788213914498,24.957512361259887,24.33630835420354,23.779762235251837,26.585239910823077,26.968564318585095,24.90485674130025,26.440128498692616,26.76380121374649,25.428199735251724,28.07018194711344,27.556447068081127,24.021666217106713,24.954188898558357,25.262184110251837,24.86414038545354,25.010341242308243,24.96087520148177,24.53027414301397,23.586300478699343,22.72941413797355,23.752589121172605,23.07271523424373,22.448340024230276,25.048600440897076,25.25936205464029,25.25936205464029,26.057875159478897
1952-09-30,18.303809229532874,17.718842866685634,17.93477439880371,17.69471363491482,16.063349702623157,20.392025375366245,20.592538070678756,20.46587248908145,21.94471906026206,21.439928478664797,24.545844819810725,23.355274073282942,19.707476764255148,19.824387571546822,18.344198226928654,21.93062400817871,21.932094277276008,20.107262463039888,22.860729259914763,22.736627154880182,21.67281150817871,23.764632797241177,24.684036551581528,19.588436508178745,20.700917519463474,22.17396981981068,21.433738157484242,21.451278305053677,21.520763439602263,20.98603850470647,19.71505326165095,18.603830930921788,19.499119016859254,19.22927309672042,18.193484793769017,21.886640718248145,21.558179346720465,21.558179346720465,22.703928587171788
1952-10-31,16.048923336562268,14.653084752892937,13.92341667913621,14.52661990914288,12.832948139149664,16.946804300943995,16.78699719828944,16.65791243686482,17.312185685352688,16.59027760823568,19.642387193249135,17.820365708874192,15.99705789217387,17.304848340762703,15.409621421239706,18.639872282294846,18.671560685352688,17.328732119324343,20.300372429304275,19.951589982227745,18.73307624734855,19.98664910101121,20.942349390829804,18.92523329539972,19.110727667039384,20.08324215796688,19.49030858521826,19.44631864486206,19.59971771240231,19.13124335504341,17.90826158421021,16.95990388931773,17.639263243316293,17.246858379405012,16.113397462906335,19.71320635067525,19.19325769896153,19.19325769896153,20.299099222819052
1952-11-30,9.617039362589537,9.268197674221483,8.115072674221437,8.884820938110408,6.90637855529792,12.095535998874254,11.606237496270126,11.443897544013168,12.248688125610443,11.9412743886312,14.66356714036732,12.580760065714514,10.725893529256211,12.745826254950657,10.936999215020137,13.45615611606172,13.526023737589469,12.40590383741602,15.625280465020069,14.515175755818689,13.405556615193746,14.016187583075691,15.391846762763237,14.118900256686743,13.7188622792562,15.101729032728429,14.121843507554843,14.055279922485397,14.023237821790985,13.474246936374186,12.799954944186766,10.805505074395114,11.871187040540917,12.043230226304843,10.287620417277026,14.986586888631223,14.090796958075657,14.090796958075657,15.299651124742411
1952-12-31,7.248598013983894,6.833206303914324,5.42759106953946,6.840459993150546,4.730889680650478,9.360368304782469,9.209424294365817,9.08467928568524,9.87911559210886,9.554186121622763,11.910406282213046,9.815969975789471,7.866930262247763,10.288330544365806,8.4168407440186,10.86102205912266,10.936955218845014,9.963726594713023,12.4444286346436,11.825578265719969,10.352775531344946,11.334470409817243,12.687652375962955,11.270521842108849,10.961773469713023,12.149406390719946,10.958076095581134,10.695931455824166,10.812657801310195,10.212755457560263,10.031264029608849,8.12798983256016,8.691550487942152,9.093012619018566,6.991789203219923,12.45798657735196,11.470662901136677,11.470662901136677,12.38460333082412
1953-01-31,3.904650727138744,3.043259598106431,-0.13374235501851217,3.632381426903521,1.5741105725688271,6.3936066453175044,5.942245758220849,5.732347824752935,6.429295804423646,5.996620863227463,8.157711673039273,6.022473517797323,4.647880418839009,7.445605973274553,5.164484606507074,6.6783901214600405,6.599700710337686,6.305870905230165,8.430303868939802,7.838420363395471,6.885437122467977,7.4034063975016124,8.713362609699288,8.949512223274496,7.285069073912894,9.073023753012421,7.800360677575611,7.6166907977032565,7.266005103818827,6.671724819880694,6.614658917663007,5.188413012925082,5.6705776214600405,6.282543662286571,4.073323022165653,9.427051285774496,7.973892158590331,7.973892158590331,9.541705498644149
1953-02-28,5.75498504184543,5.251410125550819,3.2767397153945694,5.568173867180235,4.226283986227884,7.984927726927253,7.569260874248755,7.406334790729318,7.984860878899042,7.313497411637115,10.127340185074615,7.766267826443652,5.601717045193652,8.640276731763606,6.419902034032987,8.612348788125246,8.705845928192105,7.544378875550819,9.892689073653457,8.819310283660911,7.973345579419856,8.599984809330522,10.242301355089467,9.735700838906496,8.492222881317218,10.469232972462919,9.091620086488263,8.934469091324615,8.392947746458503,7.854390966324615,7.507548518407873,6.401515919821634,7.410086999620717,7.665972532544799,6.032997272128171,10.070903010595316,8.912784172239753,8.912784172239753,10.15867156528293
1953-03-31,10.212296155704053,9.5190601636005,8.7775735834594,8.836403598580318,7.600204106812896,9.732824969548119,9.492314951906906,9.335361406880054,9.535540968372004,8.542901939474064,10.520354371429846,8.696479518439219,8.577811423681169,10.546907945858493,9.182369240381433,10.808169916624706,10.942906664776558,9.71832616662465,11.808946966355848,10.785446462323648,9.81884384975649,10.758013456611366,11.600122726604525,11.453189447874706,10.510733130670303,11.875602607316864,10.933477061281963,10.864847293976766,10.449180816322269,9.926365481140863,9.8381204584594,9.63358836840564,10.53973861202121,9.923170651671796,9.057143475932492,11.966774692330375,11.047459231140863,11.047459231140863,12.140678947202503
1953-04-30,13.035451613532189,12.698917325337732,12.871014764573943,12.436531257629497,11.2974877463447,13.610874790615526,13.674573792351623,13.545000224643331,14.05749208662246,13.290459209018309,15.324161465962845,14.25696311526832,12.936675029330843,13.264043193393263,12.828770298428083,14.809979608323886,14.955389764573908,13.545987637837698,16.052772034539032,15.182147577073863,14.5119517220391,15.584041023254429,15.955460294087743,14.636420038011295,15.343028110928003,15.640738614400334,15.022769864400288,15.111726570129406,14.865996318393286,14.477500767178071,13.797818692525254,12.997919061448897,13.783094300164123,13.022411791483648,12.48180849287246,14.527207798428037,14.498182190789123,14.498182190789123,15.861422750684994
1953-05-31,19.336048749698136,18.619527517339236,18.35627304405284,17.14275762906641,16.118322565222286,17.505348459879542,17.549346275739765,17.315299421741088,17.330772161996492,15.802997884442732,17.84217851700322,16.8456489891135,17.453346506754485,16.88886450490645,16.631850055981715,18.17114357076673,18.289483519523458,17.014116521035476,20.194161043885003,18.703406885618847,17.2367307683474,18.748446893179334,18.47069361696964,19.73277464015507,19.940186539516674,19.272391050605336,19.27463294408659,19.290239567910533,19.772173161660476,19.525307612265294,18.6979307851484,18.21218282227875,18.78906874297769,17.126799232728956,17.310072712231715,17.838251265659096,18.83888130598183,18.83888130598183,19.700364315894376
1953-06-30,18.833184835645852,19.0150180604723,19.010515022277843,17.922993320888907,16.438064935472312,19.095353889465343,19.562167040507006,19.443474006652934,19.9354282167223,19.273619948493092,22.02994047800695,20.962356927659755,18.83385757870161,18.337717713250072,17.87000124189575,20.503849983215275,20.661355951097335,18.799976285298612,22.201457405090366,21.556220859951566,19.755765130784823,21.971167691548715,21.766651089986226,21.423579258388997,21.249151632520864,21.493341085645966,20.78357003529868,20.98370295630565,20.325931146409744,19.836157925923715,19.093061680264043,18.303150113423726,19.714952956305638,18.611510573493092,18.284183099534687,19.76586712731256,20.569483121236203,20.569483121236203,21.69120892418755
1953-07-31,23.08933564462967,23.403505251484546,23.72165461304371,21.82121936018757,20.297637475946885,23.202819032566595,23.85445923753963,23.738920343050438,24.142805066672736,23.350182838850117,26.214571909750646,25.06867032204906,23.98882321183396,22.778725765597528,22.23782564798995,25.712154130012777,25.96166059842676,23.425611791303083,25.59379580508005,25.311104587842124,23.77159843444832,26.388337030718446,25.31411040521448,24.56997240538243,25.015641928231844,24.553664861699644,24.369887349938892,24.533361812304406,24.597077265093503,24.176380965530257,23.19344193243211,23.026607255012777,23.726429793655257,22.1858709478891,22.103645435456258,23.410425194360812,24.80521896116204,24.80521896116204,25.45196322779492
1953-08-31,24.053955640075003,23.68097964461134,23.131762994745657,22.20645427498772,20.71138171534392,23.621010306573737,23.86031799726601,23.673253775155615,24.164144442158374,23.124315393099266,24.352347987185283,22.78264715133173,23.390370920653027,23.281967232816896,22.45047414225911,25.068401939638136,25.26867863234645,23.511769190142218,26.77518642384524,25.129589355632845,23.222704064974266,24.88362948920144,24.76271950096219,24.824904480800967,25.322906727944655,25.119251444006522,24.64452918678205,24.670247957783317,25.388173655028027,24.97526885412077,24.258416850592596,23.903722525155672,23.940671764906995,23.04207675482644,22.923770933253763,24.388546428885434,25.000457341183846,25.000457341183846,25.86359683211134
1953-09-30,20.60727242363828,20.061173248291027,20.24348390367294,19.52290827433262,18.004513634575744,21.720461442735427,21.742328304714647,21.61855172051321,21.863563113742487,21.048393842909093,23.71059544881183,22.316590457492396,21.52339384290906,21.950124528672916,21.014553239610507,23.55377850002725,23.810074615478527,22.28898086547855,23.058959706624307,22.95937474568683,22.14436009724932,24.517130279541163,24.69235543145072,21.772194841173018,22.101244862874296,23.19405085245768,22.59409425523546,22.516237809922927,23.101361507839613,22.599657948811796,21.588571251763312,20.93319473266604,21.63687040540907,21.17256376478406,20.419012875027022,23.047094472249398,22.789032406277215,22.789032406277215,23.69730334811743
1953-10-31,15.366493787047716,14.900124814433468,14.643031610468427,15.77971360811631,14.43642563768617,17.834345979588022,17.936428262854122,17.798417930192898,18.40076273026,17.740417468163344,19.572170450354065,17.84440037306922,16.4331573035127,17.711923894574568,16.44011924907727,18.387075104252006,18.453121706234526,17.471547760502006,18.628608937417255,18.408260210098774,17.485476901967104,18.530488032679443,20.2149402126189,16.90012218926546,16.651734042424152,18.648029930360735,17.538337285031616,17.373243094003385,17.25464587878156,16.68635738331784,16.44823626856646,15.247368913055823,16.5203155066377,16.832403355260112,15.737810676328706,19.119756870885055,18.039487108620335,18.039487108620335,18.78850792095227
1953-11-30,11.030233658684608,9.631796158684608,8.654517512851271,10.949762196011022,9.12261375851108,12.730420833163805,11.899325455559676,11.812937651740185,11.513132964240242,11.214326540629088,13.920251019795785,12.066941557990162,11.635075781080502,13.831888389587505,11.974566883510988,13.930602582295762,13.864163780212436,12.480705663892934,15.12803639305963,14.18766909705272,13.278033680386045,13.57664750417075,15.293590863545717,14.342831314934642,13.70006059010825,15.437582291497165,14.43546098073324,14.287083159552708,13.73796206580272,13.148121028476282,13.02322953542074,11.788689062330548,12.68584075503884,13.075679079691668,11.498441123962493,16.03564544253885,14.804859309726282,14.804859309726282,15.76343678368471
1953-12-31,10.782002872890928,10.491423988342262,9.359574487474276,9.918859969245034,7.680597707960317,11.731639374627036,10.859438853793733,10.694435056050622,10.186337725321494,9.901884057786845,13.36931298573819,10.91238481733535,10.61910953521732,12.928818194071368,11.46734087202293,13.11080061594646,13.042479218377025,11.311313311259028,14.06583805084233,13.032328393724299,11.996922577752002,11.307963159349299,13.23861908382844,12.34658620622423,11.136625268724117,13.271130477057625,12.39069427914086,12.16244720882844,11.80669634077293,11.161199378967297,11.475446340772862,10.345107799106188,11.23908023834241,11.947443411085487,10.293458493550645,15.02202837202293,13.264940155877014,13.264940155877014,14.152016978793597
1954-01-31,4.774925547774103,4.74338415412501,2.8580488676665823,4.174565374723045,1.4714009972029203,6.550032654628978,6.137180357081945,5.973824027276805,6.429700203352013,5.822212699151748,9.301765265516053,6.915912820959534,4.9933657779488385,7.946745419245929,5.817833918909969,8.115034439743226,8.107899233089995,7.142737837760762,9.259095784669285,8.51307816454164,7.352803781981208,8.599435691423366,9.851165677142376,8.526269633795664,7.245560418405887,9.460559053318548,8.449714484266053,8.41176243033459,7.752070835072516,7.145691151772837,7.099343810542962,5.0809256317795075,5.84931493369487,6.610429895052334,4.572483091456888,10.082513858426012,8.589307793237879,8.589307793237879,10.06422168772707
1954-02-28,4.468478843144055,5.298952243441647,3.4724228768122316,5.322694919222897,2.771698592958046,7.069468775249675,7.311383070264583,7.21758366085237,6.938074616023471,6.712790947868655,9.96679020382112,7.683764371417908,5.997424039386601,8.384735702333046,6.882582033248184,8.94182391847886,9.080274904342048,8.085619840167794,10.005899206797324,9.22881412960237,7.893995607467048,8.877707940056212,10.243849123091877,8.760192012786831,8.328086358025018,10.243514882950592,9.466339706239353,9.391946570078517,8.91600895382112,8.416186246417908,7.803018347422324,6.017763278598011,7.333596960703574,7.72588444210237,5.971824150993655,10.430157484327083,9.278740887414813,9.278740887414813,10.347245584215443
1954-03-31,9.747577552385223,9.622196903023735,9.056822344051852,8.992731492237397,7.78059429045652,11.481905299361017,11.376712192002287,11.144723469724,11.491529165288512,10.768746907223942,12.831441169656728,11.056273683937718,9.861165947042537,11.310479203090892,10.086313481484694,11.983750792472563,12.078054702922827,10.838930773991478,13.14488360497262,12.487748923352967,11.457294349260223,12.341206794656841,13.257303799865042,12.53143171905191,12.094467253326115,13.508603258030405,12.711389611356992,12.71142898887723,12.327621550201172,12.024414644959109,11.125181719051852,10.175367055913512,11.151478027015514,10.695525721068066,9.72679934758014,12.64371278003972,12.062728972076002,12.062728972076002,13.33097651491886
1954-04-30,11.816111077202777,11.79999237060548,11.085783386230503,10.94161563449444,9.864087422688897,12.421153937445752,12.42865176730686,12.313477071126272,12.489315287272234,11.751158820258297,13.584470452202709,11.956079610188851,11.434321255153975,12.192841762966623,11.301785447862528,13.090622795952811,13.201544019911012,12.019990200466566,13.863753763834723,13.211993238661023,12.118707105848614,13.480029805501317,13.895622253417912,13.267432149251306,12.929522535536023,13.518940395779111,12.661374749077766,12.510441589355537,12.940557691786069,12.489149814181872,11.946549987792991,11.238232930501397,12.392071363661046,11.796775139702675,11.169618564181917,13.060897318522223,12.773044670952686,12.773044670952686,13.370611402723512
1954-05-31,15.24804003315603,15.180216192430123,14.766972744849454,14.756700462423396,13.641216696462266,15.923065234768842,15.98256991806852,15.778846379762115,15.989054083055066,14.601143506778214,16.823369229224454,15.442520354896487,15.537735198646487,14.948377104728479,14.47157571443961,17.220504645891083,17.397328087591404,15.120727260138437,18.93421694847848,17.100198446294314,15.952398862121015,17.18408306490994,17.22261003063568,17.955407304661207,18.811403713431446,18.308303390010735,17.48360423426476,17.634288878081918,17.923049483760735,17.53730729626068,16.46676903181185,15.303614839943577,16.064060383458354,14.93484961396905,14.578695695118256,16.14187298846508,16.86324290613976,16.86324290613976,17.962629141858827
1954-06-30,20.530791939629523,20.269385147094624,20.651994196574037,19.029704157511503,17.60536062452536,20.583561579386412,21.0598066965739,20.893829049004466,21.203548558553223,20.234405220879523,22.978166071573924,22.410490290323878,21.108819283379432,19.74333534240725,19.671213489108652,23.402173233032272,23.684535429212872,20.75525211758088,22.3776777903239,22.085739856296073,20.730791939629512,23.241976292928086,23.046883519490564,21.4594648996989,22.363875706990598,22.050100750393312,21.775895563761367,21.851294326782295,22.469013510810043,22.022615941365643,20.61803694831002,20.202094565497532,20.74624332851846,19.12102360195587,18.920261340671118,20.21789860195588,21.585427898830858,21.585427898830858,22.402002334594727
1954-07-31,21.31883425148601,21.4874146656324,21.757946104644418,20.83263213455041,19.08173957742673,21.882481449906606,22.2583976335423,22.029963388750843,22.3838859147923,21.235070390598764,23.630394441337955,22.632022045504755,22.194787187473764,20.834419873965714,20.24243923720485,23.77481543428155,23.94222239832726,21.057115501485896,25.049670525007343,24.026282903199558,22.065838934785575,24.059538531559667,23.71931938253431,23.673239808441508,24.509098553401202,23.78346273770893,23.775062200074558,23.820246591875616,24.46429743612964,24.165660948394418,22.7467733895906,22.535814888246705,22.622936339019418,20.593253564321913,20.13042594335417,21.970666093723764,23.040112288280284,23.040112288280284,24.26684542420088
1954-08-31,21.481501208069574,20.543657311060144,20.998895571308765,20.742259146577567,18.673849893385352,22.293016770065492,22.83665231274017,22.641851720502245,22.98019124923212,21.95664611734378,23.940829480078946,22.907429467478096,22.29128415917836,21.349526136664963,20.891775590630004,23.473798965126036,23.632600628432442,21.821415837605855,25.788848003264377,25.2014482846825,23.474809654810144,25.072954186060144,24.151402081725507,23.75331635423896,24.62057998411126,24.674626943116607,24.31164496226984,24.319667475710673,24.852854849702624,24.412582672283236,23.177196982599014,22.658203892041286,23.0576048287013,21.466640131960673,20.869834436396104,22.614479093654154,23.749541362639434,23.749541362639434,24.93126861818365
1954-09-30,20.038651805453867,19.543325742085813,20.095129670037124,19.65915961795389,17.625495338439976,21.110084639655327,21.560738393995507,21.39451118045372,21.91963596343993,20.714815542433087,23.391717126634433,22.413033315870564,21.599697812398233,21.094573571946853,20.441974830627544,22.8125260459052,22.994009335835813,21.235941844516333,23.860491540696955,23.537162547641344,22.57847385406501,24.53616157107882,24.19090332455113,22.430277782016333,22.70314019521072,22.982217343648244,22.26148437923854,22.21950575510658,22.546187612745484,22.121684032016333,21.20060655805804,20.447326935662204,20.838339847988607,20.193637699551175,19.325308163960756,22.04333659278035,22.39627170562744,22.39627170562744,23.492463111877385
1954-10-31,16.018968980030365,15.364824364774961,14.644704027073317,15.067933613766854,13.328972445252077,16.718376742127248,16.34750350624006,16.190116808491325,16.110403581844878,15.476231244815438,17.496114267328835,15.81325556437173,15.773305757584126,17.0935473780479,15.504913830500811,17.885967467933597,17.97985922700616,16.61988043836368,19.578536667362357,17.681574511784447,16.66528534427772,17.740887557819292,18.785407782113737,18.748639678955044,18.78454672700616,19.524214065715796,18.633914586549167,18.555114918370464,18.59919936477496,18.130438864102985,17.259119349654043,16.57339658839726,17.717211167530422,17.215475931475282,16.184706337221314,19.18630243937173,18.78353866249006,18.78353866249006,19.769743404593555
1954-11-30,12.309957143995518,11.876046011183007,10.455473094516435,11.373691410488561,9.156175676981604,12.702925893995484,12.109034834967758,11.944063589307973,11.762677955627396,11.21541775597467,13.856446944342736,11.987602000766401,11.900934791564964,13.550093862745541,12.399337026808041,14.029428715176152,14.072912873162181,13.098355038960847,16.754762374030236,15.097950850592895,13.99657009972475,14.362884118821796,15.749187829759308,15.592083337571864,15.277117517259455,16.643548181321876,15.764986440870587,15.623580190870541,15.259213871426084,14.756769752502464,14.008058272467679,12.405850156148347,13.315732426113641,13.662650828891344,12.227556970384455,16.37975694868311,15.563475481669116,15.563475481669116,16.373843320210824
1954-12-31,9.068832609388608,8.59949667188863,7.012286927964908,8.622456741333053,6.990704896714931,10.740349536471854,9.537935256958065,9.354585647582951,10.11900622049967,9.56253378126354,12.36550958421492,10.22105700174967,9.057683520846922,11.972104093763619,9.65917549133303,11.623568937513653,11.662661276923302,11.151105287340044,11.811049948798257,11.71170912848578,10.812794197930259,12.113610712687205,13.447144783867714,11.6445731692844,10.77185724046501,13.000277921888653,11.721162796020678,11.630773798624716,11.113884692721967,10.509332826402442,10.26856405470113,8.66027954949277,9.77452922397191,10.547133933173257,8.639769024319094,13.921458477444162,12.592875035603868,12.592875035603868,13.212758933173347
1955-01-31,9.372235706288336,8.993295329104228,8.056249483170006,8.292351843721235,5.5819315018193265,10.792102452760162,10.612598714520914,10.531255258539659,10.699560030045063,10.191905040125675,12.65299217470232,10.725588570871764,9.10636131532732,11.35246556599941,9.784560345065245,11.911379586496707,11.991840986026261,10.94318087177902,13.559851213680759,13.023742027692947,11.66294418663108,11.88473675635555,13.409925243418684,12.58314170427218,11.867279389084047,13.643945845737221,13.183018846409311,13.272817968553113,13.025823785925354,12.538393090360898,12.14155956801551,10.714242594729171,11.350914091704965,11.2475769781297,9.977258177726526,13.75208176643622,12.855584265596121,12.855584265596121,13.958679863714451
1955-02-28,7.710236440386154,7.687650526137531,6.790587770371246,7.230721001398081,5.332242811293838,10.66652364276706,10.52711934589206,10.329321843101923,11.039541453406912,10.307854906718035,12.795813542320673,10.90214841025221,8.773901921226923,10.606749879746246,8.978366788228357,11.386113602774515,11.502763412112301,10.416337630862415,13.296752321152496,12.490294801621246,11.407644480750719,12.04787420545307,13.519388226100375,11.848815309433746,11.541203934805708,12.970513598124228,11.937877228146533,11.993393062409837,11.852782594589996,11.340979557945559,10.838107999165913,8.933375158764136,9.85411083584745,9.596080353146476,8.052405339195673,12.385006250654044,11.620529292878643,11.620529292878643,12.709989393325031
1955-03-31,8.706842471707262,8.221228392406204,7.694155034711343,7.63093311350832,6.567535306048683,10.099872125605089,10.276099654166956,10.163847470027122,10.667934856619809,9.89661586720456,12.429391089818921,10.557034634005618,9.308449599563403,10.716928367204616,9.93661292701637,11.58951583780265,11.67002711552442,10.5592397751347,12.920762162567542,12.246107109644015,11.485317669119922,12.327080416935758,13.268069265222096,12.052248952722096,11.519056328394015,12.906234482796037,12.139304774294715,12.112050280007054,11.206986855947832,10.776713943481468,9.96570766407956,8.975533667943807,10.192128405006997,9.970779488676271,9.05312050850165,11.822034844019015,11.454813216834964,11.454813216834964,12.429498721707205
1955-04-30,14.417927063835975,13.473913934495783,13.08631085289852,11.931552823384607,11.247302606370738,12.867129537794312,12.844649611579086,12.661110115051315,12.833929125467932,11.645118904113758,13.815830167134607,11.92603253258602,12.763757684495715,13.158185852898555,12.669877476162355,13.791266907585907,13.998311720954064,13.139023526509561,15.787943882412435,13.83147958119713,12.682475132412435,14.165401564704098,14.37233787112774,15.19609817928739,15.34611988067627,15.801230557759652,15.209566603766632,15.12635534074576,15.223260180155421,14.858131599426258,13.939907858106892,13.579385397169347,14.08522849612774,12.875498135884698,12.751235983106767,14.568282424079086,14.81817120446101,14.81817120446101,15.939848179287367
1955-05-31,17.438330320132707,16.436059549803417,16.78575030501179,16.070961683539963,14.511367744527831,16.939262254776565,17.32738809483027,17.191606529810144,17.291814443116607,16.537312279978153,19.1768084577335,18.161692740327567,16.999068832397484,16.516261057699865,16.03309363498488,19.029082378264434,19.187897167410938,17.45424146344584,20.87845548814346,19.386060599870518,18.02484010675903,20.159550603230855,19.058140362975507,19.957129148257707,20.36728277308964,19.866833869359823,19.71371569479652,19.86442133995797,19.912527543754948,19.727458449332914,18.396739783338262,18.058920037874657,17.932001040058708,16.362678228398863,16.45217545622137,17.819887989823485,18.979036175307442,18.979036175307442,19.916735688076244
1955-06-30,21.219707849290728,19.92281928592263,20.48042019738091,19.087435171339166,17.61738308800591,20.629638947380897,21.014184845818477,20.807525232103103,21.373470327589303,20.467144372728114,22.968636343214257,21.885869958665637,21.174631351894845,20.029424646165694,19.984679094950422,22.710359976026666,22.978605418735242,21.240242788526814,23.55698541005455,23.062188318040683,21.273131243387922,23.66648790571412,22.594794654846282,21.801692983839246,22.88540066613092,22.21947727203377,21.88728868696421,22.008181699117074,22.616688643561474,22.315066464742074,21.278540314568488,20.958279355367097,21.25429715050592,19.93953749338789,20.246376143561463,20.859554311964246,22.33370795779757,22.33370795779757,22.695261234707345
1955-07-31,24.643416648782704,23.897443656511257,24.503959848547538,22.43932033661872,20.638497083930588,23.93216412862148,24.37030204444801,24.152247713971008,23.949114838466812,22.7993857558057,25.6969727013701,24.731357151974862,24.31651760224372,23.01489892364833,22.629190863332497,26.154040703722274,26.38216255352063,23.814624856108026,26.83416923194801,26.892048936249125,24.991196281679265,26.857462347707497,25.813425154327035,24.728125570153736,25.7343393428352,25.09342032401787,24.901772558560992,25.02429177479081,25.376510566793513,25.094105492868778,24.19598826336602,23.950049398278736,24.38503186215644,23.085938595187315,23.31794569364149,23.78716297354748,25.462744710778736,25.462744710778736,25.829653942969628
1955-08-31,24.165813433739515,23.322688223726004,22.79493494751631,21.406554466165517,19.78672079681064,23.10416923851102,23.573746166434375,23.380158401817482,23.375564357798623,22.087263156521658,24.894447191300003,23.234017923826855,23.269218801682996,23.190235371743483,22.53556309771784,24.76547531209974,25.03651340853787,23.404257444156258,26.781664723222036,26.065791907361756,24.07259371767765,25.95215888484836,25.166372594525797,24.50489851018432,25.169567423994863,25.389196855278442,24.77095403773808,24.76027222910244,24.88239241979454,24.450190008840195,23.86012311955932,23.521820343181673,24.007807196340252,23.135343108638665,22.69772235091017,24.505998455580936,25.170672619727327,25.170672619727327,25.937098295970657
1955-09-30,20.20759446885853,20.085136244032128,19.856718275282105,19.10319179958765,17.70822109646275,20.404751586914074,20.596960788303022,20.4461388481987,20.190832858615522,18.794272528754334,21.37533806694887,19.762442016601653,19.91581658257377,20.421372138129357,19.538074069553033,20.89076504177524,21.00737202962233,20.306712849934854,23.573634507921042,21.848162502712682,20.147424655490454,21.793700154622343,22.232125176323848,21.978408813476562,22.021879408094662,23.014270358615533,21.943252563476506,21.893786960178033,21.775107489691834,21.189064195420997,20.516923353407094,19.96208936903207,20.69039069281689,20.226509941948848,19.346214803059922,22.081487698025285,21.647329711914097,21.647329711914097,22.840501912435002
1955-10-31,14.641263190648885,13.854786481139456,13.595614144110016,14.323541731475473,13.1076216625911,16.579653122604554,16.17980853255085,15.970459259197298,16.138761405534694,15.524955121932521,17.392113745084487,15.68351264461404,15.039711191320862,16.726129622100473,15.356253950057464,16.86678349894862,16.941726795319596,16.048151106475473,19.19755991863957,17.27477398533972,16.42285446249042,17.481099065144917,18.411960015245654,17.603757415279347,17.30995648701986,18.74790539074968,17.404100262221448,17.30933694736939,17.211683322537397,16.62839986739624,16.157313467866686,15.298179983323678,15.96062275466096,15.922673325897676,14.638979294479498,18.54121803775911,17.699266277846505,17.699266277846505,18.853993680400208
1955-11-30,9.964893235100703,9.967009120517332,9.332655821906314,10.230941412183995,8.455423291524255,12.26691146426731,11.865823682149255,11.746704758538215,12.033190218607615,11.650847011142332,14.053792974684029,12.31093273162844,11.162508794996484,13.054064242045172,11.630298508538147,13.199029519822886,13.168303065829889,12.2973775015937,15.999230257670092,14.466808382670024,13.724357753329855,14.299119038052027,15.192253261142241,14.701148117913249,13.893880865308915,15.4712191899618,14.337921121385307,14.140991867913215,13.484934467739606,12.904099506802027,12.102282015482615,10.365571403503452,11.286727544996495,12.051148117913215,10.269588873121563,15.41203136444102,14.33574555714921,14.33574555714921,15.628112093607626
1955-12-31,9.630301200018948,9.046932601928802,8.00881682501904,8.88501040140801,7.219266043769039,12.015267562866256,11.217944971720328,11.048386594984322,11.381993908352285,10.408198335435713,13.018273205227331,10.929037094116211,10.262378565470442,12.77598533630379,10.731399832831471,12.601492606269005,12.667372597588496,12.00767750210241,13.998720253838485,13.303068669637014,12.05917218526207,12.585989676581505,13.754693561130182,13.057254325019017,12.39107865227595,14.123004108005091,13.029349051581505,13.012818018595397,12.74331660800516,12.279538938734447,11.798883014255125,10.155822033352308,10.90329924689405,11.240845362345397,9.246525700887048,14.898212983873236,13.583325831095408,13.583325831095408,14.55752287970654
1956-01-31,7.44917339201902,7.468176983248895,6.2895185491090615,7.3177863582488385,5.466733140842962,9.79292864235498,9.084666188557946,8.870066579182946,9.107213756602277,8.054340247697723,11.352438575990845,9.170968586911442,8.210007460399368,10.8025603837865,8.902033250049897,10.951617423437028,10.98663978986849,10.378432989633268,11.83451655398136,11.092124290876598,10.154616415372459,10.6084554610714,12.194017562045872,10.705318910332153,9.75613428751626,11.428657704014938,10.714583128242168,10.507541377570135,10.29632035942484,9.777096254082096,9.710532494001427,8.481602092455717,8.967959094304035,9.42932974702569,7.594704831031095,12.931067608248838,11.662980200654715,11.662980200654715,12.293107153779715
1956-02-29,0.8106022451116814,0.341577236131684,-2.429907138868316,0.9308934178845902,-1.705690633839538,3.1327135283372627,3.192657067309881,3.030295133042614,3.813254117417671,3.930789587963602,7.688554382324298,5.43232178085151,2.202546165729416,5.095727626756741,2.9168342853415083,5.830416922733718,5.88301379324372,4.4385403512538915,8.0768446122093,6.535200395255288,5.087993700750985,6.567275422194996,8.002042169680578,7.3945024336891265,5.881997943746683,7.911137670758023,6.564079144357322,6.426872113107322,5.744252119393195,5.0987050198961015,4.632208409802729,2.5988256871015096,3.7466402075756946,4.1468007230211015,2.387472867417614,6.762310107000985,5.882845420399008,5.882845420399008,7.146040239005288
1956-03-31,9.81177570794216,9.171082453574002,8.04751317013978,7.268250422323945,5.958388716174738,9.224441618560434,8.973575313116896,8.801427295643805,8.947013863184111,8.346417425012135,11.08849729312368,9.21045734856716,8.338182272962456,10.003024447861492,8.803296415267539,10.792816744568484,10.869495276994712,9.788267328405936,13.026939728439515,11.733180802868276,10.46901539628226,11.318102362848038,12.260729315973094,12.162786922659848,11.741381827733846,13.08942660259953,12.131473918627648,12.038873742216367,11.614363073533639,11.233375065301004,10.599651632001326,9.704437838318654,10.558670134185434,10.349793391073945,9.334386280018805,12.44361689577812,11.517927526658582,11.517927526658582,13.26372988300949
1956-04-30,11.498103247748531,11.22569385104714,10.475601620144403,10.48986485799162,9.092474450005511,12.27511876424154,12.202039337158283,12.0391514248318,12.386723581949866,11.9686083475749,14.03821283976248,12.822747887505443,11.3730272928874,12.052950795491483,11.166299862331869,13.238486819797174,13.397525448269334,12.1728184170193,14.892965443929086,14.331979115804131,13.357304636637366,14.372210778130409,15.149717288547208,13.227082739936009,13.534661950005443,15.04184782240128,13.888853030734595,14.047422366672095,13.766318851047117,13.211913469102683,12.567889489067909,11.260399797227649,12.170539771186043,11.494932132297208,10.681509823269437,13.626789771185997,13.435538143581823,13.435538143581823,14.934488338894369
1956-05-31,16.933741485431653,16.382319694437,16.38444608052572,15.764725293395315,14.703986781130595,16.489717942924926,16.55791193234029,16.359688121016347,16.270009756600984,15.57350017998806,17.79546601080125,16.579448810700455,16.352867934524397,15.915945471486737,15.971323390673604,17.487029770881918,17.62330224232005,16.324702506937,18.140460340438437,17.40902815377848,15.883183374712587,17.673185684860357,17.932675667219257,16.660109722998868,18.10472655347604,18.36372825458494,17.82325341419505,17.858228527602307,18.45370851332143,17.953629758281068,16.932077128912795,16.449726133449133,17.106771559356332,15.747299428139968,15.38329888210501,16.909818329349662,17.76160396863054,17.76160396863054,18.766271517353687
1956-06-30,19.144142489963144,18.65982174343526,18.330977884928416,17.329380120171436,15.962339104546516,18.345154317220135,18.564441426595067,18.38522593180346,18.55659366183818,18.215561760796447,20.88026445176871,19.880589972601967,18.710543314615904,17.27314639621312,17.06998884412974,20.22809973822706,20.303406270345135,17.96246660020614,21.638863627115995,20.583492533365927,18.26155785454648,20.63063066270621,20.52001054551863,20.26470455593534,21.16243133544924,20.495618184407647,20.06469913058811,20.15454288058811,21.115911695692375,20.804011196560396,19.712729729546368,18.858332485622896,19.50086449517147,17.69281056722008,17.427706400553404,18.658058505588087,20.071589321560396,20.071589321560396,20.88744218614363
1956-07-31,22.317507311092868,21.872053052020306,22.442885335286462,21.077763842510933,19.71578205067624,22.365939035723272,23.090516908707173,22.91949508831061,23.216099696005642,22.798233327557966,24.954803598055264,24.190113157867074,23.418261259345627,21.348749435588843,21.455197373256908,24.33209274456067,24.59467254966819,22.1459945842783,24.980173221711198,24.564346608808023,22.36264444986972,24.64529891475553,23.985896087974652,23.47267049153652,24.443872398458552,24.099009327222007,24.123696407195098,24.205837914251617,24.990563636697857,24.694014157531058,23.60200464392227,23.353052085958495,23.5980800177461,21.8890195128738,21.84358047977571,22.5227271951656,24.234504748928998,24.234504748928998,24.847337095199123
1956-08-31,21.938537892987597,21.35847551899576,22.55412666566906,22.342532873666414,20.331843189526637,23.59816910938548,24.264778022355927,24.090571873162332,24.525570088048198,23.655413523028017,26.15231844994338,25.40802819036685,24.402006054950107,22.701787115937975,22.796965207335916,25.688729530252488,26.01858976630757,24.02197623304147,26.37464392877382,27.187868475144967,25.563493265131456,27.270823784284744,26.284834305958043,24.28513620027934,25.390717832503867,25.20137758972828,25.032151384251108,25.133333234889562,25.12079805763824,24.756731882403017,23.48639470582367,22.560272183982306,23.419807319230927,22.32052083989612,21.931439438686596,23.8693069622081,25.07033707813548,25.07033707813548,26.033227703135424
1956-09-30,20.487339083353675,19.203121418423223,20.076279513041243,20.00582595401346,18.167653210957894,21.520249239603686,21.728867403666243,21.562325519985677,22.160982746548143,21.03843771616613,23.62625238630511,22.45754307640931,21.372270181443923,21.58221213022881,21.161519855923245,22.77432910071485,22.97013801998571,22.300766817728686,23.263866318596797,24.159086587693935,22.887664604187137,24.504472329881537,24.42092469533287,20.860809135436966,22.008476236131514,22.828739908006412,22.46784309811062,22.45406542883984,22.82314908769405,22.327725368075903,21.312233289082826,20.51778884463846,21.425449434916118,20.989067056443957,20.231040255228663,23.239183701409218,23.25494704776338,23.25494704776338,23.965583440992646
1956-10-31,14.225775655110738,13.079170522382128,12.57127664217387,13.779657228531391,11.935211559008508,15.49893226213345,15.148855607227574,14.919513054304275,15.857034055648342,14.736895866804218,16.90762366838362,15.27616838024511,14.132448307160473,15.448786302792087,13.972843342442673,16.088878393685945,16.231136248188648,15.313296131421168,19.46698396744256,18.450390280446697,17.016541889149664,18.01390359529887,18.315128498692673,17.44848965880692,17.19388511411603,18.416060958370167,17.21882421021826,17.201466599331127,17.14436394476121,16.553520005749135,16.045809887301573,14.748055456017937,15.877371232227574,15.78260529220745,14.539131459882185,17.862360521542257,17.50357355917663,17.50357355917663,18.522994552120053
1956-11-30,7.723185835944378,8.220196469624852,7.0259473376804635,8.884353913201267,6.803616608513721,11.138216760423518,10.910295210944298,10.773663266499852,11.620654911465238,11.132324833340192,13.332642216152635,11.401001591152578,9.524048466152635,11.41049052344431,9.557121382819275,11.622608036465124,11.639830801222047,10.480762333340124,12.725030453999864,12.029956669277624,11.031193648444344,12.100391239590124,13.856700918409615,11.88547153472905,10.885487810770712,12.853820059034547,11.582891782124875,11.40244744618741,10.639855215284626,10.037213071187352,9.827968279520633,8.368587854173427,9.640850766499852,10.195958730909524,8.46367248959018,13.005355432298472,11.878646447923472,11.878646447923472,12.76178446875673
1956-12-31,6.989371469285743,7.150870492723243,4.977001677619114,7.051475418938594,5.481206321716343,8.729635683695449,7.39977457258442,7.267770449320494,7.78088622623028,7.663601069980189,10.397270774841388,8.495160314771852,7.309003088209408,9.933037376403888,8.011007754008006,9.2020043902927,9.171348465813537,8.657093365987123,9.5473548677233,9.236365826924668,8.500081104702417,8.954000918070506,10.836845970153831,10.01669623057046,8.439395883348311,9.702462832133051,8.837914763556569,8.253965653313514,7.619213591681614,7.036371252271806,6.9497420205010485,5.8268199284871685,6.688321664598334,8.025222163730234,5.940315479702463,11.809336747063526,9.865388721889929,9.865388721889929,10.935400115119137
1957-01-31,5.66957823230382,5.204419462142482,3.3985952643938617,5.10608066845964,3.8372792151666317,7.727507814797036,7.040112821517482,6.942690211470449,7.362373196181409,7.156407764393862,9.775821406866896,7.410558155018805,6.123958062612871,8.885427421651855,7.172072141914043,8.686998847223208,8.58905907907797,7.8327350493400445,8.538157071349417,7.893489312612928,7.4850079198037065,8.664779425180143,10.256103769938193,8.730182861000003,7.185442122592747,8.977956718526855,8.170150518930143,7.834924439461076,7.198237191477119,6.7020331844207135,6.640748637209697,5.116011679044334,6.303215035059168,7.23009360528755,4.913558722055086,10.577697351927384,8.87385568106049,8.87385568106049,9.61642908075811
1957-02-28,9.357198083968399,9.270159044719833,8.351001562391048,8.119312109266048,6.682637537093456,10.762831919533937,9.946422763097871,9.739327571505612,9.947797507331472,9.003118610382103,11.560750330062206,9.64698719297138,9.09152076812012,11.087887723105382,9.59734526588801,11.174981984638066,11.135335290999649,10.411199665069603,12.780296693529408,12.22162156332115,11.03653971808302,11.30536179769615,12.605643140702057,12.273082919347871,11.962117517562149,13.181756886981816,12.79777018683302,12.717462453388066,12.118870330992252,11.8330107234774,11.070818224407446,10.204546251751196,11.373671763283824,11.01389567511427,9.682259700411862,13.331316271282446,12.554077152978834,12.554077152978834,13.436689108893972
1957-03-31,12.33671546033645,11.34367478073284,10.902877569711336,10.007220122634749,9.084111293669707,11.065325591384749,10.476048877675055,10.290554506035221,10.479451095417062,9.972386768300112,11.9917788843955,10.211933349281253,10.403050830800112,11.673800158757047,11.030846634731517,12.502166674214038,12.574810323407576,11.035172911613245,15.376092980497617,14.717488204792062,13.053724973945236,13.684088192191155,13.409335483017799,14.474350393972088,14.4917788843955,15.16684346352855,14.643109319543385,14.748315552742213,14.366747382379288,14.000444563998997,12.920497697399526,12.521579791653437,13.04090890371674,11.954225856001642,11.391227074079666,13.760378199751642,13.76083760415355,13.76083760415355,14.880196118098468
1957-04-30,13.210717540317091,12.466726112365734,12.324172401428257,11.709548377990757,10.58294247521303,13.509646034240745,13.232182926601922,13.067510075039365,13.634890174865689,12.924294471740723,14.453431298997714,12.858061832851831,12.38081573910182,13.08186554378932,12.733596229553314,13.89242869483104,14.076825396220045,13.16573056115044,14.882351112365768,14.274080170525508,12.987426524692182,14.231900808546357,14.85442956288665,13.75739451514346,13.382654931810237,14.57295441097682,13.804608599344988,13.776499875386492,14.010329627990757,13.432087983025383,12.984852197435146,12.773600027296368,13.345767996046447,12.214881494310134,11.805577023824014,13.996242713928268,14.138343408372634,14.138343408372634,14.699020491706108
1957-05-31,15.438732668148589,14.746604496945622,14.447345844391918,14.02907257490267,12.71999579398863,15.723660528531639,15.694392530379787,15.528442534579995,15.911924452422738,15.066680731824647,16.72982179785288,15.284829568350233,14.829599183605524,14.790318794660664,14.18460590403572,16.4583899262131,16.626041030883812,14.694245520971208,18.275819991737308,16.86535134674409,15.242139086159398,16.44405125853831,16.891364136562515,16.725057117913366,16.97043157187852,18.195576481152727,17.286478173861042,17.436606282059813,17.829376044324704,17.316415589855637,16.053381630682225,15.579236910420036,15.938100002658132,14.772189384378407,14.362999196206317,16.115435352120357,16.750691883538423,16.750691883538423,17.89002530087714
1957-06-30,18.92951696183951,18.377482456631242,19.264605394999137,18.88582664065899,17.726272604200688,20.514393806457463,21.238349427117328,21.15718080732563,22.25430537329777,22.126709344652,23.057628398471422,22.347575230068685,20.042041375902045,19.395098559061637,19.186795065138085,21.525445238749285,21.791591072082554,20.159440464443662,21.16283130645752,20.299099752638142,18.972781393263062,21.420000902811694,21.682169956631242,19.909869066874137,21.025317743089545,21.26531069013805,20.755892287360325,20.93090042538114,21.053925598992237,20.548066223992294,19.58477954864503,18.763569153679725,19.544309171040993,18.43428855472149,18.304118198818514,19.896498298645042,20.434725295172825,20.434725295172825,21.53039044274226
1957-07-31,22.563752992691548,22.19394820018482,23.38552771127354,22.63459315146173,20.58300072454631,23.06709220640124,23.57573950982868,23.424059927335406,23.53533029863911,22.25715437037985,24.57060730636772,23.387934990339318,23.740765446488638,22.2191918157763,21.742687069472424,24.622559381300448,25.027922074512844,23.224604912214375,25.495758516044987,24.88177372101825,22.867944335937523,25.35701313634081,24.610383852066548,23.870165228074654,24.644290522093456,24.244808205225127,23.967094306535614,24.13015924269149,24.734927072832704,24.25403829595092,23.37267488869287,23.31440928469425,23.84945790280591,21.90617465767815,21.779410544774862,23.183733671454945,24.30464103452624,24.30464103452624,25.067777375252035
1957-08-31,22.581550770421245,21.820630071496453,22.415044239003237,21.69735480687956,19.783583700528766,23.139467227074476,23.598546108122832,23.4124873253607,23.57339174824375,22.738606697000534,25.403477748747832,24.505179382652443,23.519116399621453,22.490124044110644,21.70937807636875,25.339880428519336,25.661550140380882,23.291561586113403,26.50885199269942,25.83269009333793,24.039566458425156,26.514244087793543,26.048079878284057,24.871744717833906,25.679406533190047,25.35082475395609,24.87128531343194,25.067419491019336,25.65285033359322,25.17471798312289,24.013472288398304,23.38205637778009,23.625637841993807,22.33029856528009,22.00723226403676,23.908612577376857,24.850827379124155,24.850827379124155,25.652430306711494
1957-09-30,20.55053293440085,19.26017106374121,19.20765641530363,18.551425404018858,16.83057579464389,19.975931697421686,20.091629939609106,19.9055513805813,20.361356502109118,19.21050200992164,21.484384388393835,20.014505916171686,19.945772192213326,19.73141129811603,18.50220394134527,21.61974951426197,21.746778594122986,19.926951662699423,24.002792591518812,23.54317073822017,21.571477487352183,22.893884171380023,22.573549969991063,22.49888362884525,23.01366770002585,23.782414987352183,22.675592613220317,22.771976619296595,22.869540638393858,22.395704375373043,21.2090181774563,20.64916032155361,20.825823190477195,20.4421860376994,19.620671823289683,21.910279570685532,22.324355634053575,22.324355634053575,23.657547908359163
1957-10-31,14.645470822241975,14.93593253679171,14.739247073922115,15.542228214715124,14.145843596099496,17.204350715555222,17.724932032759455,17.61047733265866,17.470981154903257,17.135957213371,18.6486210238549,16.985970864244848,15.68078720749071,17.048602122645264,16.129557053760777,17.824551908431545,17.853171490084776,17.18458057526624,18.175825639950347,17.869954189177463,17.022691714379164,18.197984683129107,19.31081702939923,17.11069522160352,16.56305629771248,17.84775576847852,16.773999048048438,16.60983154132805,16.30692128007132,15.737490836522966,15.469781453122437,14.288802370461042,15.512411556448967,16.12289437734961,15.01355087936571,18.529220507221794,17.640175858364444,17.640175858364444,18.167123207994734
1957-11-30,9.455790752834844,9.912849129570873,9.545775561862513,11.148075909084866,9.272191577487604,13.391910001966608,13.198054207695861,13.07614665561266,13.04674669901533,12.514962302313847,14.496168899536087,12.579211976793033,12.073081334432004,13.867688539293056,12.444549433390307,14.05171902974456,13.983316251966755,13.216362041897241,13.656167814466698,13.130207528008441,12.64462538825137,13.551949607001404,15.312770462036156,13.067504077487456,12.112876256307004,13.813863669501416,12.445441903008373,12.183088387383293,11.632988018459741,11.036330032348587,11.202291403876472,9.58837810092507,10.882567554050013,11.766416295369424,10.151374520195873,14.85752143859861,13.470189624362547,13.470189624362547,14.105448955959673
1957-12-31,7.047334162394236,7.155540000067845,5.930710898505367,7.507758967081713,5.458439848158093,9.649930191040085,8.927463828192856,8.702463828192776,9.008591757880367,8.187332534790073,11.332305950588704,8.750874201456725,8.196072769165085,10.483740954928919,8.956532838609462,10.413523398505504,10.278448528713682,9.58890859815807,10.354376263088682,9.947746488783082,9.400073962741487,9.885037612915085,11.523123550414994,9.878047053019145,8.623994318644236,10.501902304755333,9.10965512593583,8.786233901977539,8.471051067776159,7.866132990519247,8.121401002671973,6.51129358079703,7.647307035658116,8.851964696248444,6.907794231838636,12.27767541673444,11.010973485310899,11.010973485310899,11.217188220553851
1958-01-31,6.53568846999957,6.9060104206045025,5.166259076518429,6.175006136330239,4.4221735800466035,8.815675764186437,8.054923076014461,7.8301588161018,8.548683051652858,7.6431575980238335,9.923249898931033,7.805610870033092,7.169616666404124,9.594192964287288,7.705683849703917,9.568854842647454,9.632982446814083,8.49762878417971,10.884646803332942,9.945689835086966,8.778952288884,9.209107068789933,10.520465120705296,9.996200692781827,9.020929775443108,10.356757018386759,9.530280623897454,9.42869449738538,8.763392918084207,8.205479086599041,7.8487660069619665,6.802736311061437,7.596146089287231,8.307918392714612,6.105179292412231,11.576488831222662,10.110211739488818,10.110211739488818,10.930154090799363
1958-02-28,8.842509864625526,8.53237860997524,7.634658999670194,7.772235148293703,6.605379563286192,10.358814970652361,9.943883446284701,9.771880563100183,10.080497564588313,9.221389956701387,11.221453898293646,9.670361659640378,8.919251401083784,10.526629679543703,9.178886236463313,10.722107846396284,10.85419955026532,10.189657488323462,13.346250447772832,11.86185800915672,10.955352242787626,11.22998719442461,11.832694830213313,12.456064319610675,11.792042509714804,12.782974429357694,12.338638491857637,12.327992216746054,11.33877218791423,11.006363101232637,10.240865984417212,9.088635585421684,10.108785906292155,10.114232567378508,8.566912882668646,12.040002191634414,11.36242767061509,11.36242767061509,12.564776652199896
1958-03-31,9.313318568404043,8.641228304627248,7.508371176770993,7.627076023881216,5.542655870991382,9.257822516656688,8.956434852846257,8.75954987720786,9.24329483688524,8.471075414842119,11.74466254941882,9.837664376535713,8.512148793538358,10.05482877505716,8.69226944626024,11.35510074246315,11.51245856336368,10.178873213901284,14.088415174586828,12.922137032785713,11.608303447436185,12.394084487422845,12.986359143000698,13.26132186561506,13.339927271361034,14.771294878887943,14.035336902577399,14.17560750489605,13.523862293202342,13.033223642328835,12.149350574452399,11.14312105076283,12.008628443235978,10.908606916858332,9.865777300762886,12.547163284465853,12.283604291690438,12.283604291690438,13.973036415346144
1958-04-30,11.34881767696811,11.317171626620848,10.559988466898517,9.872011036343167,8.734288597106968,11.832964812384716,11.74905910491941,11.572895367940305,11.795906978183325,10.911040984259671,13.147206348842985,11.414762772454196,10.750046518113948,11.619903288947228,10.539290767245802,12.449208301968042,12.632593176100045,11.510370953877839,14.969366179572262,13.495597733391719,12.184383540683314,13.39523694780138,14.047477616204276,14.12788397471104,13.949097082350079,14.497545433044536,13.745863575405508,13.788539356655576,13.73710435231527,13.235343827141719,12.569501813252828,11.57601494259302,12.690468067593088,11.668590354919502,10.947670216030588,12.977818870544468,12.984622255961085,12.984622255961085,14.364803462558257
1958-05-31,17.39149957882472,16.64983448725883,17.82998926716465,16.387622205672756,15.215508315383715,17.06670066669426,17.20410721071306,17.024288452312533,17.27185229639855,16.514892976002045,18.12767019374411,17.404226393340764,17.394557899557128,16.45666674952355,17.11688600355575,18.296121974658035,18.50246543063912,17.642428888300458,20.109727170390556,19.1934227769093,17.632487377043788,19.50259406387164,18.62614497112969,18.863877561015443,19.632366619315235,19.070517660981864,19.04746868584749,19.15516357832064,19.387078795894524,19.042667253555805,17.879904211721055,17.136440880067823,17.99713633957731,16.704146588233243,16.929391253891765,17.656896189207657,19.09564314401274,19.09564314401274,19.680538452312476
1958-06-30,19.898398929172117,19.41850255330405,19.930538686116506,18.714957088894437,17.21390728420681,19.982969241672095,20.188953399658203,19.991812557644323,20.33816943698463,19.4835280524361,21.871321021185963,21.142618221706925,19.863155873616563,19.11403749254015,18.88261388142911,21.3588671366374,21.57584847344293,20.201100752088735,21.70482525295688,22.089023929172072,20.936517418755443,23.067319827609595,21.93620003594293,20.571350860595714,21.777343156602626,21.603734758165217,21.6202196756999,21.73807449340819,22.108224232991574,21.705910322401337,20.622579701741643,20.056436581081755,20.696193525526326,19.328154246012446,19.34084684583877,20.528805287679063,21.574277835422095,21.574277835422095,22.4076003180611
1958-07-31,22.4788907040832,21.58490548902944,22.6432288467243,21.655968787080553,20.15076832925115,22.533633332611487,22.91171527985614,22.746552834459635,23.400671198034843,22.236695328579174,24.389532610165304,23.236535193330553,23.15165563603881,21.552860063122182,21.332028304889718,23.98666907689909,24.257221517255232,22.444532505158406,24.306635054721596,23.92585705993008,22.59623308899586,24.917700662920595,24.08801106278605,23.323622516919272,24.382883059594008,24.033670084963603,23.876097000286165,24.016296723068365,24.41206967753743,24.02951444400253,22.96354397189242,22.600029081939397,23.296680417624884,21.643354854788868,21.567839271791627,22.724664183585958,24.098934386878796,24.098934386878796,24.788059365877643
1958-08-31,23.07274618251347,22.62663300627014,23.229597345987884,22.510553327170726,21.27057621863588,24.048704893871047,24.479515965779797,24.305874227708443,24.753733140678776,24.04461488211041,25.993350601196312,24.952888886646633,24.491447354388583,23.209333674112997,22.836163416216493,25.276682359428833,25.511382880262147,23.817023316250072,25.65873356070574,26.001793141518874,24.4358699224328,26.222068364133122,25.647337706371047,23.591106607580684,24.942453843803833,25.174967599684237,24.857387899583387,24.99329547266808,24.958028965611675,24.50265682179446,23.786261597500072,23.21168319948265,23.908305658319875,23.119083023071255,22.873414550289,24.333890020719252,25.188159068938262,25.188159068938262,25.932682968467873
1958-09-30,21.910836813184915,20.606957689921103,20.303425788879338,20.136620775858603,19.085424486796,21.119799486796126,21.084068149990514,20.909816847907223,21.1777367697822,20.40552268558082,22.768207147386306,21.27937251196971,21.109279738532223,21.386197598775254,20.60155675676134,22.667629347907223,22.863093757629485,21.482804044087686,24.554660055372437,24.136688592698818,22.705650181240514,23.789197815789123,23.504993714226543,22.56463455624055,23.522175788879395,24.119012811448897,23.64941916995582,23.741007169087823,23.524511400858557,23.097221904330866,22.36783279842797,21.86578744252529,22.44219803280299,22.34235536787247,21.725515090094632,23.801708666483535,23.96113249460859,23.96113249460859,24.99166092342807
1958-10-31,15.275667608937965,14.797952660181238,14.087899841800777,15.124379176478271,13.94231064909252,17.356580537365346,17.017852483769957,16.849132935718842,17.185427458568313,16.370638312062965,18.784624682190724,17.314184073991726,16.39381592042986,17.578774757795486,16.285782381283354,18.578866638675834,18.714467067103328,17.447658116330444,18.633270620530652,18.534107524092462,17.463650639851892,18.948821065759148,19.95166674788294,17.54577114556423,17.20251205198224,18.437824236962058,17.507304558702742,17.348705033333204,17.110775555846487,16.56429695621614,16.328063337264553,15.39131151014766,16.37735611700242,16.757325560046866,15.747727945799511,18.96333824485862,17.798115420597924,17.798115420597924,18.50812886145809
1958-11-30,10.548616875542564,10.03154059516055,8.76740485297313,11.216561211480041,9.453477986653638,13.718210517035516,13.423321194118955,13.236681111653695,13.678808932834215,13.061100599500946,14.788574557834124,13.130243937174498,12.09242655436202,13.934953138563344,12.367809041341161,13.787720065646681,13.809356350369,13.18483649359814,13.60321756998701,13.22371724446623,12.579511515299544,13.519398668077315,14.694005330403627,13.296628485785504,12.352593655056467,13.995611233181478,13.042874145507824,12.80092264811202,12.532281155056523,11.955387708875833,12.225092569986941,10.750675794813446,11.941127183702292,12.460739813910607,11.218194240994023,14.771346367730018,13.58986307779952,13.58986307779952,14.00457390679253
1958-12-31,8.614772733052519,8.47228955162899,7.229182455274838,7.58506624433727,5.885782390170618,11.129573080274838,10.781417698330415,10.65125005510123,11.320493761698515,10.76887429555262,13.172164768642858,11.28596413930262,9.493456543816478,11.723754395379046,10.12793462541373,11.722693739997055,11.781686253017881,11.071440484788809,13.563912815517824,13.02707742055253,11.775631565517813,12.22633957333045,13.389197646247055,11.994671821594238,11.050105306837281,13.563937229580404,12.131526205274838,12.12023877037899,11.946003744337304,11.448325792948424,11.402972602844272,9.569660970899804,10.425200250413752,11.028696886698356,9.302747450934476,13.948556370205381,12.79695318010124,12.79695318010124,13.61300135718443
1959-01-31,6.614594457482838,6.338145889774523,4.837547351467947,6.494451018302641,4.7347693986790205,8.891449926232838,7.8732942642704415,7.591046700426375,7.740544768302698,6.712849245789357,10.230204231508367,7.911280445386069,7.008327656407516,9.502016752509746,7.621280760406194,8.976465992261012,9.008346032583574,8.729314299552698,11.918402526199316,10.716763371293325,9.832018747637392,9.74471090993569,10.884663866924996,11.279034981676318,10.171305962019062,11.339038446898087,10.252494533087656,10.218734872469327,9.64781070832288,9.139517802576904,8.930047771494912,7.612179302912921,8.347567617765037,9.070515261414187,7.127413152879342,11.74841502199888,10.697439509566095,10.697439509566095,11.569774964035219
1959-02-28,8.507847200121205,7.801234476906927,7.134271353767133,7.9348288081941405,6.552789420173269,9.804623381296835,9.224129635947065,9.083670302799817,8.958152957189668,8.033234918685196,10.41555623099913,8.600856058938234,8.906473618461973,10.747154422033418,9.393574855441102,10.223193763551308,10.286397121066102,9.813886192866846,10.509602687472409,9.780026213328085,9.0856495857239,9.85609636306765,11.175130031222409,10.232927417755207,9.040774213700104,11.05105427787413,10.040358593350447,9.846133100418797,9.123549511319197,8.535359523409909,8.348740173521549,7.515310927799817,9.162033630552742,9.72400465919867,8.507387983231354,12.261297139667306,10.700564252762604,10.700564252762604,11.41929390771054
1959-03-31,11.336333847046035,11.2656170711723,10.799003957932939,10.423568180043276,9.141890277657467,11.914191079908846,11.825701916602327,11.707448598390044,12.040348779001533,11.320840105446507,12.913017629807996,11.467907267744863,11.040894813947716,12.127934884512342,11.325129629976061,12.60219511216684,12.71797027177712,12.067141243719334,14.450305516232731,14.024072737334905,12.811415752287814,13.77219836737521,13.91229570860503,12.967967646609111,12.949693852086227,13.942167495399303,13.280501773793219,13.356896788074152,13.113052807059319,12.689190554875267,12.234254188947716,11.3945863252045,12.195270443988079,11.7878653700634,11.115475837133317,13.6552655086723,13.08057422843035,13.08057422843035,13.953573850406201
1959-04-30,12.945105107625409,12.58825560675723,12.05433362325033,11.999448098076812,10.989980867173927,13.209243562486506,13.07197413974336,12.894163809882286,13.141784795125318,12.144660229153146,13.97841402689619,12.483793258666992,12.391131040785126,13.137810728285103,12.42245157029896,14.01753891838922,14.2067723168268,13.283866500854515,15.641790220472615,15.04427774217396,13.741896014743418,14.542962095472603,15.013827980889175,14.556397967868406,15.581536314222546,16.290176179674006,15.500199508667038,15.629341761271121,15.764416631062886,15.224057473076698,14.496770689222558,13.312287182278169,14.188746600680872,13.289693323771246,12.78830443488232,14.541228697035137,14.733302264743315,14.733302264743315,15.867934968736506
1959-05-31,16.15835291134414,16.06075966537645,15.922497316586032,15.221855725524335,14.244904700658765,16.281281653783708,16.333690507950337,16.190760610436882,17.00080082801088,15.768851483252774,17.19738390932804,16.13079914790336,15.419257859260881,15.586691074986618,15.216807527439641,16.53652673946914,16.762346316922162,16.136456384966436,17.725591339603625,17.58491383624346,16.171284488965114,17.83434417478503,17.53861637320574,16.12765944696247,16.899821115309237,17.5141760590256,16.5883633070095,16.670822459395254,16.914674315914056,16.354151067426073,15.772631725188262,15.281717431673428,16.347569771223164,15.373572060369725,15.295930091283708,16.721813722836032,17.097756158152038,17.097756158152038,17.900086257278303
1959-06-30,20.620077069600427,20.86947756873235,20.89383737776035,19.53329864078097,18.3745394176907,20.425941869947735,20.605187204148933,20.34573353661432,20.346783341301887,19.185935359531015,21.523931778801796,20.53106068505184,20.44755645328098,19.707769669426796,19.540568606058798,21.468042564392135,21.76535701751709,20.582837486267124,21.9717073864407,21.29041669633665,20.00791886647545,21.896880997551875,21.577870580885133,20.635818714565744,21.579823705885133,21.44470000796855,20.705718888176875,20.81717179616294,21.650160619947712,21.198307863871264,20.4692659801907,20.24673722585044,20.830387941996264,19.299018584357384,19.257265112135087,20.34930070241296,21.17527726491295,21.17527726491295,21.942212486267238
1959-07-31,25.021393466252277,25.243044276904072,25.55775991870513,23.471063745150047,21.722775354693056,24.48591169541885,24.74801897028442,24.46755914585566,24.05740289585566,22.299498514975255,25.050839975828865,23.831368054625784,25.113872884934892,23.565848061346287,23.05308186930995,26.291993159632682,26.548130802441733,24.141206134262916,25.747058158792413,25.28955437855052,23.24189970365137,25.75179133671577,24.722951240949726,23.918363497334155,25.64791343853028,25.076264728012916,24.94224990106403,25.02379549498204,25.567627925257568,25.178139623006246,24.240852261615146,24.04857970617161,24.737363413328694,23.03113021440413,23.4744082091957,24.0277621238464,25.416397246494114,25.416397246494114,25.921595079155452
1959-08-31,22.95482347139756,22.66459277163267,22.96124200718384,21.941046589677114,20.275529746599148,23.25879955086657,23.680459287089718,23.499078553722768,23.902574752479495,22.54592992721075,25.20111673416625,24.129271136047976,22.82936931733167,22.865872278521238,21.872290814307405,24.91227737344724,25.12838382926043,23.401881708124677,25.689366482150263,25.385652919482197,23.53935913167976,25.883098631007726,25.534786089005024,23.37507349239894,24.397975458124733,25.244941288937753,24.682811437627265,24.71943515654533,25.000727159233577,24.486049844885315,23.450400063299412,23.150254103958048,23.676253767936487,22.666267628823505,22.32543681565153,24.21670498181419,24.88931765402515,24.88931765402515,25.898048962829023
1959-09-30,19.527388699849496,18.950945557488296,19.168838352627347,18.863814481099496,17.11410744984954,20.125232124328647,20.170541911654993,20.042780409918862,20.42802889082168,20.13910744984946,23.67511819203696,22.453962050543907,19.55801207224539,20.657290501064836,19.957805909050876,22.17650708092583,22.32508292728005,21.566535292731317,23.154816542731396,23.934786160786928,22.53796812693281,24.82856328752308,24.36834193335642,21.297750027974416,21.819454129537064,23.166483751932844,22.05477856530075,22.087656169467493,21.63656567467592,21.102152697245288,20.380852784050887,19.380703587002245,20.319348335266113,20.227925809224416,19.38995380401616,22.73589021894685,22.506471273634133,22.506471273634133,23.36290573543971
1959-10-31,15.016054694883223,14.723555849957279,14.169025860037834,14.596043564170941,12.555810239238212,15.987750133391387,15.709629333660189,15.569258974957279,15.854530732349644,15.068833697739478,17.55103768379462,15.560430534936984,14.95756070126771,16.64512895563604,15.426410457652139,17.375629207652196,17.456539510911455,16.43697150855934,19.034283861549966,18.448574751166916,17.356231841220676,18.208823407080843,18.7886442656158,17.489606127174966,17.50482685130129,19.124949289137362,17.812601548881958,17.75401567438604,17.122040602981485,16.530172848445147,16.22607338607952,14.923751162457222,15.717100561818768,16.28868364313604,15.230318282752933,18.793062423377876,17.76252646907693,17.76252646907693,18.911184483189743
1959-11-30,10.122525978088333,9.691170183817576,8.495315149095404,10.00472812652589,8.052359962463413,12.679755253262044,12.461298222011976,12.312038781907916,12.792447853088447,12.110834354824533,14.228965865241207,12.210340648227259,10.757207510206456,12.818134159511885,11.32468526628287,12.981282488505087,13.008761872185687,12.134255578782813,14.32589240603977,13.712429406907859,12.713500912984216,13.297129927741196,14.995621681213379,13.508797136942519,13.122463586595302,14.886851607428582,13.661485396491173,13.638075023227259,12.394745487636953,11.772981707255042,11.585123634338345,9.97824700673425,10.676098569234227,11.626836416456456,10.038452084859216,14.706396420796693,13.61274678972029,13.61274678972029,14.760804515414748
1959-12-31,8.255997085571266,8.670634672376934,7.347552532619943,7.855544069078292,5.821087688869909,11.152538426717229,10.380167007446289,10.199237102932443,10.894009780883835,9.811316638522669,12.461376317342115,10.137252510918472,9.387255223592149,11.32372440761992,9.692384889390723,11.410527250501843,11.536398018731006,10.725381851196289,12.344131851196323,11.862881851196335,10.39135949876578,11.070450210571323,12.62377594841854,11.293646282619932,10.625254355536583,12.425954225328212,11.460527250501855,11.58437436421724,11.614628813001843,11.134816530015826,10.952150514390837,9.098792224460226,9.927210193210158,10.238606135050475,8.190708457099163,13.228949016994932,12.082901382446323,12.082901382446323,12.94559126959905
1960-01-31,5.684695672476266,5.628435696837812,3.7063349323887564,5.8378505993915155,4.141325271770484,9.145357529835053,8.641766299996448,8.511636721703326,8.985904824861905,8.204838586622714,10.839625212966837,8.742570126441251,7.321852825533995,9.85395337996954,7.935706362160261,9.676736163067517,9.657666942637434,9.166988914243632,10.560690611152324,9.817017266058144,8.915358684908995,9.621815023114607,11.106888317805613,9.94052879579607,9.280215035715344,10.563239649290722,9.513209197341837,9.42459140080274,9.003944979431765,8.484358600903647,8.257914233464078,6.610747314781406,7.273560234808258,7.822530118880763,5.945839510681878,11.32092614122621,10.045942417267838,10.045942417267838,11.163229673652268
1960-02-29,7.998959806595735,7.915951994095735,7.104361207457828,7.127470380410443,5.38012225271649,9.8682210988012,9.622231178722188,9.456532655913293,9.92560537053248,9.338912998944807,11.898014673693467,10.202878965180503,8.280190163097245,10.251016761516837,8.737417848082828,10.911795991042595,10.933530119095678,9.92075903881556,13.169291388851605,12.92139604941184,12.03130142387306,12.21029298278114,13.112984703327129,12.216469459972132,11.449250530374457,12.07944483263742,11.194213376100095,11.152950804261025,10.829110893161896,10.465838061804106,9.83648562376527,8.359563928363002,9.332220178363002,9.774740495352944,8.372040356164689,12.223875058930503,11.489960278039689,11.489960278039689,12.373092686444863
1960-03-31,11.049180500481725,10.505964984688717,9.709381378337866,8.78718873300869,7.093443458310958,11.44753399510546,11.105086078438774,10.899803190333898,11.20143236960132,10.564674242081253,12.678861175044915,10.830107604816419,10.073072154547617,11.509288447390304,10.295612897155195,12.289110355992477,12.441566988216948,11.489119281563717,14.577616320374148,13.470619722591948,12.28255531146965,13.287540505522031,13.737958957302965,13.364289917484427,13.332525384554344,14.90228397410408,13.54894423536075,13.77007263757855,13.426939552061015,13.013945495441419,12.227169516778815,11.017694235360693,11.822788636402493,11.395537292316419,10.309363527195444,13.252273998465569,12.804974246281517,12.804974246281517,14.207588388586544
1960-04-30,12.887449603610605,12.736201773749485,11.806796391804994,11.40000928243012,10.445622889200877,12.874917051527348,12.81485845777729,12.654943635728728,13.44905713399254,12.32648497687444,13.934736929999474,12.089728249444022,12.04862581888841,12.610607698228591,11.902838601006465,13.378343158298094,13.533722390068988,12.419079377916091,15.769754833645322,14.043132654825854,12.664532936943829,13.769526969062042,14.442196782430017,14.94208827548556,15.24493929545082,15.787113232082845,14.925383631388456,14.979517745971691,15.003918245103648,14.491627120971714,13.846916834513365,12.829601838853648,13.865948952568942,12.52765685187444,12.028429963853625,13.901069937811997,14.145563210381454,14.145563210381454,15.43318799336754
1960-05-31,18.63477754900532,17.491067976592774,17.641755245577997,15.819326860161198,14.84452584789642,16.853490796653148,17.058127893427354,16.879025805893832,17.13380623684145,16.65806016409266,18.53619461469765,17.16950852178769,16.740587570846685,16.242787461639693,16.62717768761422,17.89638604194886,18.120115985665393,17.319615628642396,19.680465973064486,17.52428422743276,16.39911096634404,17.651423739361462,18.26821746415993,18.134693543628998,18.96606062612227,18.792537020611576,18.659041976928734,18.730766817318454,19.01169654682127,18.593966687110083,17.96842590249986,17.668274692822422,18.127949487009403,16.670020429549766,16.64073668038975,17.56780951305103,18.80322145441528,18.80322145441528,19.353372664092774
1960-06-30,22.230977906121154,21.595870484246063,21.99902532365587,20.45397866566981,19.03601534101699,21.545618205600306,21.88787080976698,21.716126018100397,22.28403237660723,21.173254924350374,23.043041165669763,21.96552651723232,21.63132784101697,21.13943059709345,20.903992229037897,22.95111679501008,23.167086304558666,22.06928085751008,23.09858315785732,22.102551799350408,20.745694160461426,23.186134698655906,22.479938952128123,22.080489624871234,22.48137124379474,22.67407415178093,22.220924737718462,22.428484959072478,22.27244654761421,21.729217380947546,21.258196873135148,21.207963583204503,21.79125893910731,20.375145657857217,20.549106703864254,21.790936130947557,22.48490043216276,22.48490043216276,23.179464234246154
1960-07-31,22.30639583628681,22.252406630977532,22.524381912395484,21.16993435275168,19.26166559855136,22.568476859472185,22.99799109838341,22.85917221397483,23.33403097993596,22.262489901306765,24.608458168276,23.56466511552054,22.9620367973082,22.03271944599777,21.416143610144218,23.992386364680442,24.17717981646132,22.671777220695276,25.881727657523243,24.559141762025945,23.053001494048715,25.166621390722128,24.78348862022483,24.370019408195333,25.37906311199231,24.97652247439146,24.378107550836376,24.501821218511168,24.571102027482937,24.089189435076946,22.9614435093377,22.42502455352445,23.33005910073564,21.82856012980136,21.42028612526525,23.185086822509845,24.231043013706085,24.231043013706085,25.361603119552854
1960-08-31,21.996586202806043,20.95812749144858,21.810879192557422,21.476125643330192,19.734959333686447,23.18082574413677,23.678581225487505,23.56729510317564,23.864947152906836,23.046955301428397,26.03735243684514,25.28187371120663,23.557595107376073,22.69210609107887,22.035950597127282,25.02841373976844,25.201866465742796,23.911719771354456,25.884234262281893,25.72189124732887,24.62468652622681,26.701672203310125,26.128674156435125,24.020362349479456,25.109072026898843,25.489910400554663,25.022801130561504,25.1950909071071,25.2658733121811,24.827688143330306,23.70354657326982,22.937034266482158,23.70074814417029,22.414268809492853,21.66058832394185,24.199039159795177,25.112440117456515,25.112440117456515,26.009562408283216
1960-09-30,18.57533113691551,17.641059218512623,17.714792399936243,17.65737323760993,16.24111618465855,19.562098715040406,19.867103597852918,19.709497261047318,20.507354248894615,19.47844528622096,22.06671568552656,20.610142877366854,18.769214057922454,19.515305095248777,18.223985650804366,21.340855767991798,21.51305357615155,19.70216219160301,22.85852612389465,21.66486021677656,20.68691696590855,22.19282788170716,22.727579943339038,21.177577230665406,22.009103923373686,23.021471002366866,22.239195611741764,22.306326145596017,22.27845613691551,21.76564689212381,20.98148076799191,19.727384630839026,20.17008211347786,19.84178350236681,18.82738734351267,21.694892226325237,21.94426831139458,21.94426831139458,23.112920655144592
1960-10-31,14.369160670618953,14.038182112991251,13.441904076196806,13.428400211949452,11.659971532513964,17.0033172566404,17.02570993977207,16.897591240175416,17.41297734988632,16.80023425932859,19.748542076028798,18.344885742023507,15.26931765566593,16.624363753616194,15.323950027137641,18.075926778649716,18.128157121391666,16.850343466317838,18.56670456342806,18.859164030833995,18.354598863663284,19.488212039906557,20.413092857278855,16.01294374773579,16.51347140650597,18.221634103918518,17.358148090813756,17.289085170786848,17.1859974481726,16.577360120383617,16.158372805195484,14.467950993199509,15.565733251264021,15.785934969174036,14.214813917426682,18.676596721526096,17.753440639536848,17.753440639536848,18.58935451302483
1960-11-30,11.144596396552288,10.774720637003611,9.91709802415636,10.90124515957308,9.132099109225805,13.933639907836891,13.679638714260534,13.52502174377446,13.951218032836891,13.42451989915645,16.045242012871654,14.398491795857751,12.241376452975828,14.113327407836891,12.157554838392514,14.590641318427231,14.586168119642537,13.630479643080037,15.521709569295297,15.55073246426059,14.626622221204968,15.485750367906462,16.925634808010557,14.21644969516342,13.724777603149391,15.219048436482808,14.526066123114674,14.509684287177208,14.242407268948057,13.676114951239754,12.979899130927208,11.47675785488542,12.249622980753657,12.723947525024414,10.821967273288294,15.956363974677231,14.946522394816157,14.946522394816157,15.830504057142491
1960-12-31,4.694865332709526,5.441102854410815,4.609467654758021,6.777770063612195,5.253722212049752,10.185357411702569,9.830187055799684,9.688661448160815,10.464757368299786,9.981719716390046,11.88369183010525,9.878570302327546,8.461097971598349,10.431535254584446,8.562619781494107,10.386754438612286,10.400955284966358,9.538116200765046,10.787172190348372,9.96164050632052,9.026649729410849,10.07957670423724,11.750735558403846,9.388967980278892,8.63831151326491,10.316243913438711,9.267893218994118,9.20005196465388,8.847534603542726,8.203334299723338,8.116523318820612,6.206977420383112,7.012891048855295,7.637486860487172,5.563346778022037,11.386656782362252,10.036713748507964,10.036713748507964,10.705317264133043
1961-01-31,6.002075572680326,5.717993016396747,4.39341724354739,6.282766411894102,4.239776660550035,8.530046737834994,8.309322611490927,8.161368142404967,8.455056188439869,7.799648867371332,10.505564420966778,8.336435346706025,7.579221385012488,9.83351878504601,8.122628538070217,9.765532183903645,9.809461745395481,9.142401303527265,10.629595733970746,9.732557448520424,8.512489614179117,9.292660670126736,10.986461073352416,9.718770066128002,8.86788485947477,10.75479262157154,9.611471574024506,9.601755827216664,9.105152794622654,8.591740811255704,8.505577546806705,6.97395739811725,7.408882108298712,8.146714454568837,6.3204953265446875,11.386484174830969,10.067948913574241,10.067948913574241,10.859526324528531
1961-02-28,10.394164975484273,9.914690226600328,8.623049717857782,8.487246495201532,7.251246797470856,10.33152546655566,9.417320551191096,9.239411790030317,9.130385562351819,8.315176763988688,10.543913278125615,8.50928890591581,9.710178856622633,11.181274350484273,9.820074108668848,10.936776233854744,10.990167463393448,9.946024513244652,13.163469523475328,11.544808460417244,10.541128912426245,11.229468872433642,12.228724824814662,12.810337548028883,12.595156651451418,13.620242100670282,13.118629028683642,13.11967825208393,12.332260794866613,11.886169370015466,11.107517723810076,10.212137794494652,10.90059691837854,10.682041649591383,9.481939343043734,13.04782534099769,12.033583804539262,12.033583804539262,13.659147653125615
1961-03-31,11.828956919844472,10.769830260738274,9.932803316013803,10.537206247801464,9.768181655227636,11.665206814837688,11.138634864232927,10.950667584326993,11.00803538086592,10.082479895314862,12.116759339199348,10.357237854824348,10.978087464199234,11.805196524179166,10.577594457646853,12.154299241753051,12.203959545012424,10.940426803917148,14.020197784259722,12.026805332142885,11.172722670852579,11.96029407542244,12.737640450590447,12.775387741417092,12.740743399179053,13.237803211007076,12.949578139602465,12.692393054757133,12.653713829286744,12.190510809293357,11.51557223822482,11.254297141618622,11.998776413292035,11.302526728312216,10.613443752001729,13.128218197566184,12.778209797028524,12.778209797028524,13.863672141618679
1961-04-30,14.90609654320616,14.517166964213004,14.68274584876167,14.06045580969925,12.709218830532507,15.13671177758107,15.236709064907473,15.097513643900584,15.282498995463072,14.117950926886692,16.033795653449204,15.01405824025477,15.054550319247767,14.66781258053254,14.434628444247778,16.051696586608898,16.20789775848391,15.235678248935358,17.220517116122835,16.965078205532564,15.89868823157417,17.05617521074089,17.04085674285892,16.531842528449204,17.53560771942142,18.124906222025515,17.77854120466452,17.890059216817292,18.290542072719973,17.871480115254656,16.449873669942235,15.313654051886658,16.140129746331127,14.711451360914452,14.471995523240821,16.12719571855331,16.71004077063668,16.71004077063668,17.883120197720018
1961-05-31,17.70454588038956,16.913577508413653,16.835754402734892,15.45596872145137,14.118028218259099,16.631448077130187,16.93503038139761,16.75916775118924,16.760816356699934,16.06465592743251,18.81142172044332,17.921292877197345,16.944919389294057,16.44588545112208,15.901331099643528,18.786225357876106,18.981054826962065,17.014297329482247,21.416735585530716,20.003009107036007,18.62530518398495,19.892413403911064,19.568496548232247,19.444084585866676,20.697925206666355,20.338807473131396,20.133810728339768,20.19655486896471,20.620834522862594,20.35245834678733,19.007424639630187,18.44766794020137,18.65837442541647,16.65691220683442,16.724389525382833,18.03348730764077,19.388284014630074,19.388284014630074,20.342511585194643
1961-06-30,21.387360297309044,21.28930257161454,21.36058078342012,19.745769585503467,18.382428656684,20.942055935329904,21.207849121093716,21.03556993272582,21.23551296657996,19.83803846571186,22.74890272352428,21.36502685546884,21.665734863281273,20.46912027994796,20.09751925998262,22.770661078559044,23.09614393446185,21.086736382378547,22.85229356553822,22.513860405816047,21.096363661024327,23.084807671440956,22.295802137586804,21.13959554036461,21.977836100260447,22.352578396267404,21.872302246093795,22.067595757378456,22.301881239149395,21.815032280816013,21.141762966579847,20.660192871093727,21.323021104600627,19.97458360460081,19.92706841362849,21.276211208767393,22.168433973524373,22.168433973524373,22.93117268880212
1961-07-31,23.89789018118256,23.266424392372073,23.741802941599246,22.113237963440554,20.485394906485055,23.649404903124776,24.06680136649834,23.93183622872965,24.03265843135057,22.688105129939174,25.221547145228215,24.132580201343842,23.915499808198717,22.940612165389496,22.26469703182096,24.89847034331285,25.213852777788816,23.59883104139766,26.134997981081767,26.036627685382882,24.342328500235,25.99612659331285,25.234336963776627,24.225458645564117,25.34564933776852,25.157999703192047,24.853002433366726,25.052129302486435,25.365616365658354,24.974597590456767,24.06719514170004,23.622502181350512,24.312769108433884,22.903665550806124,22.86345322721752,24.04989265934114,25.048952849193313,25.048952849193313,25.755057414885528
1961-08-31,23.220825921335575,22.771785682760253,23.37795010228308,22.60072185967573,21.16680521401014,23.86378732086513,24.23542973097932,24.04617611874818,24.586307062128583,23.22099130692027,25.389534968714656,23.810779928392037,24.215473203761576,23.232993575065393,22.728979693176996,24.566271779870476,24.79915568444045,23.389926118748235,25.534436367404112,24.870959279870476,23.235245969218624,25.39096568528055,25.067865256853054,23.493344612531757,24.601065756685045,24.70288289798208,24.10200556683293,24.229160829769626,24.518666983163484,24.08253469569712,23.354906377484838,22.474377773654112,23.479089950233345,22.554209132861047,22.127656083466036,23.82460406313669,24.517606415287162,24.517606415287162,25.25830807019304
1961-09-30,22.078453212314116,21.639813889397544,21.93422578175864,21.30617673661976,20.13825138939751,22.23996308644621,22.598076693216967,22.480428038703053,23.2423258251614,21.53338214026553,23.703173806932284,22.326364453633516,22.899365213182193,22.640521897209965,21.938004536099015,23.624142773946062,23.860074848599027,22.641376389397635,24.39833982255726,24.73900008731414,23.287217860751753,24.750225130716956,24.179625087314264,21.85322534773087,22.96799856821707,23.95306258731415,23.19970972273086,23.235902214050327,23.03804793887673,22.502856424119784,22.010527865092,21.42630477481424,22.053312153286413,21.77956269582114,20.991153950161447,23.828922504848833,23.872509744432193,23.872509744432193,24.621025911966967
1961-10-31,15.8408375073505,15.352015472740334,15.100939153855848,15.791103699386838,14.478330681913633,17.56030155304944,17.299848134030583,17.15804180842582,17.134685688634022,16.32274484942036,18.77329718476983,17.10731306178593,16.44904693275373,17.428294979628845,16.28247214696745,18.158291199386838,18.25035846669192,17.176034709971475,18.947807853452616,18.32591605237741,17.718011146463425,18.763547310777994,19.488841854628674,17.40620944115426,17.915308273479468,19.864797415784665,18.889584252142186,18.75699226625511,18.165820181241713,17.63718747374827,17.3237791656166,16.114435142599177,17.264917648479525,17.011804199218716,15.701393832955318,19.335881190146097,18.679888456611366,18.679888456611366,19.84198470577121
1961-11-30,10.824250687493304,10.133273039923779,9.474410735236233,10.165895652771042,8.324391746521087,13.41702141231957,13.102877532111336,12.93937926822241,13.364797019958473,12.937135887146042,15.476553747389005,13.730202293395962,11.722704463534853,13.587599754333496,12.08023484547931,14.140575557284876,14.189978769090487,13.10478182898629,15.465486039055861,14.941619936625102,14.387670283847399,15.151404550340544,16.305601056416833,13.310199038187761,13.062922562493213,14.884409650166845,13.705549515618259,13.518084780375148,12.755354203118202,12.184900644090476,12.17679788801405,10.859881655375148,12.311311234368134,12.666120804680702,11.219232241312682,15.678132523430747,14.45304029252793,14.45304029252793,15.40972160763215
1961-12-31,8.282259792751745,8.015004475911496,6.600882297092085,7.978939480251711,5.949496120876802,9.733393690321236,9.194911702473973,9.05907457139756,9.063588460286496,8.587264675564313,12.121487765842005,10.012365044487865,8.744485812717016,11.324181450737854,9.42401597764757,11.195581732855885,11.24143405490446,11.013696967230942,13.148261854383748,12.22041354709205,11.296916368272662,12.063905843098894,13.29222344292532,12.5692118326823,11.61092732747403,12.980678304036473,12.03305189344627,11.881242540147639,11.44054701063368,10.90485365125869,10.466664632161496,8.69503106011291,9.64755113389748,10.404427761501722,8.18379516601567,14.224748399522639,12.765351698133657,12.765351698133657,13.879541693793385
1962-01-31,8.048528392340586,8.275056765156364,7.044385877219611,8.054650284141644,6.3687411359561565,10.086068294894346,9.338627833704777,9.157430862098579,9.108762872347313,8.768669731386296,11.518979501211561,9.449856202320348,8.53248074029085,11.136261507259917,9.419152237266587,10.845232756419875,10.828583940895783,10.140936931487033,12.336511948288148,11.535226666030098,10.481849124867495,10.85467023541861,12.383079803630892,11.279204530613356,10.469048805647105,11.865732693415794,10.969287695935975,10.796147364954777,10.018323209208859,9.452827892508594,9.228097759780155,7.831941530781421,9.022967131419819,9.873240673926603,8.059698482226281,13.155078711560918,11.772636360250544,11.772636360250544,12.717100930983008
1962-02-28,7.02889050074981,6.798003223964201,5.277629107520795,6.346947606404683,4.932106181553479,8.406326094127905,7.831604530697803,7.633490226382321,7.796701140630773,7.12134713672458,9.868859227498433,7.707860111054913,7.187087812877849,9.317467625935933,7.831825419834729,9.729545030139661,9.772519593011793,8.732512501308008,10.896999340965635,9.993309911092126,8.34851998828708,9.670893151419477,10.876346206665062,10.665298262096599,10.37388736179895,12.116316095987997,10.813587533860016,10.764465858822803,10.089896592639718,9.647632944016266,9.39336920238685,7.738630549112941,8.208537310645738,8.478786450340635,6.859485971360016,11.132135827200841,10.089463533674007,10.089463533674007,11.680743063063858
1962-03-31,8.42733779825187,7.601864217942762,6.497146265993933,6.874346156786885,4.418942510953514,9.205608232559769,9.358781535651133,9.246468972647051,9.418992389145785,9.265645824965645,12.342594749696843,10.447081686860884,8.077316271874224,9.753677684004629,8.319046992640438,11.252509484239795,11.395573265321843,9.816054301108124,13.66145815695495,12.602436504569027,11.527123059508597,12.527146686020671,13.298772820093347,12.484768598823166,12.571367641161942,13.806034034811034,12.742507594118877,12.897765280610827,11.962365415019406,11.538868061188737,10.695262445429307,9.342768010785505,10.334868880241174,9.962255157962943,8.871660609911828,11.922541616296257,11.4554822244952,11.4554822244952,13.128966452485884
1962-04-30,12.469637446933348,12.219029808044468,11.830469152662488,11.801486947801436,10.705528831481956,13.33762789832224,13.4810550901625,13.2948978636,13.574379200405644,12.61922783321802,14.707810189988834,12.98106322818336,12.535259734259796,12.87848618825285,12.202742915683302,13.82658189137777,14.012161318461096,12.93622002071811,15.979034148322171,14.757576900058268,13.691091982523687,14.792852507697262,14.96885619693336,14.648831240336165,14.68632852766251,15.603274599711199,14.878198644850045,15.030751270718042,14.679690615336085,14.115245628356945,13.566197776794468,12.715115420023665,13.449550098843076,12.531714269850056,11.913072776794479,14.01444538964165,14.071251487732013,14.071251487732013,15.435894499884625
1962-05-31,16.00926664619044,15.54335182764197,15.572443939537095,14.467849370484771,13.184525487756218,16.108138348979367,16.450053356539797,16.296523030598962,16.976966578986094,16.58952065744711,18.768538739604367,17.648405801096317,16.043128688361094,15.664689718267027,15.011765806136566,17.832692595451135,17.99437144289743,16.068779204994144,19.288012235908127,18.52380220146597,17.23774551883821,18.642617305632598,18.638831813361094,18.22592963762179,18.57137287098874,18.802967818065383,18.484403679960565,18.662208934496846,18.33396580193636,17.897773135605746,16.750233443065383,16.357521434496846,16.68107339182211,15.287838974819408,14.89159086494044,16.92957967122402,17.3264105684014,17.3264105684014,18.920667225827458
1962-06-30,20.717657491895864,19.714052348666712,20.060067431132097,18.234278043111203,17.311779128180547,19.893981276618206,20.260843255784835,20.085159662034698,20.67789783477781,19.68750883738204,21.28199397193066,20.005347379048715,19.69401925404867,18.820893711513975,18.528014479743092,20.676967387729235,20.84108956654876,19.622637960645932,20.87889338599308,20.016884379916746,18.624119080437538,20.74358793894453,20.928239631652843,19.55518733130566,20.90518190595833,20.907829475402878,20.710403802659812,20.704856385125083,21.09429323408341,20.606180169847278,19.73565065595841,19.590926806132018,20.384980625576418,18.86063709259031,18.867275004916678,19.6466234207154,20.428462070889054,20.428462070889054,21.536591953701418
1962-07-31,23.477937070785003,23.014403279622456,23.512967312720605,21.97902651550953,19.96866235220307,23.43340634581864,23.984652250556564,23.895302032142638,24.263773239299837,23.09609850811711,25.685464477539085,25.006186503748836,23.576294240643904,22.547973928143847,22.219284517021606,25.008759168399195,25.260389397734002,23.44472081994502,26.246683395549837,25.16692029071106,23.880698222498836,25.925788108251425,25.260321143365843,24.71273472283474,25.601939506940937,25.095898995348193,24.89900614420577,25.03104684481059,25.20777315529449,24.83321680868829,23.55872661631605,23.42499530751212,23.819022525254184,22.318549995012233,22.139602792391145,23.43125895838591,24.768889691752804,24.768889691752804,25.95559951618162
1962-08-31,24.97160649863622,24.511774194368797,24.650818843226318,23.546379159086484,21.77864877434172,24.81102759658654,25.310854335497766,25.11245463791721,25.782473644133574,24.315521884220914,26.225940651021972,24.728316428071764,25.267927588186012,23.884374790806987,23.35215085347494,25.943661585161806,26.08391906164036,23.888601311304285,26.876179016277433,25.227941029046235,23.97354649779618,25.741673282910426,25.46227665152611,25.50330015203008,26.44478515707044,26.123490844234368,25.859511824577112,25.945184182608045,26.059951277702055,25.689067541142947,24.436928029214073,23.64592290488622,24.235538265269383,23.841673807944062,23.6472591154037,25.11327631550455,25.799503109019383,25.799503109019383,26.782825416646915
1962-09-30,20.837676472134035,20.18555516137019,19.444403902689658,20.21410062577985,18.169978989495235,21.5020346535577,21.83616008758554,21.6898873011271,22.236743312411875,21.092274453904963,23.824932331509046,22.225523694356298,21.210248629252078,21.544346936543832,20.323236910502203,23.486108546786852,23.64005548689107,21.671205117967418,25.370163451300755,24.375048976474375,23.12708076900907,24.179367552863255,24.262416055467497,23.57692614661329,24.14300958845348,24.761249605814726,24.20076783498132,24.305566554599295,23.98212905459934,23.52271878984243,22.448660087585495,21.631236584981252,22.156681463453594,21.663742552863255,20.906543117099318,23.559809176127203,23.603190252516015,23.603190252516015,25.24426555633545
1962-10-31,16.017275213426103,15.566588994508265,14.977094391853655,15.716840485603598,13.941528615643904,17.531587629420812,17.335868228379127,17.177775360435533,17.76121107532134,17.296831980059267,19.401526305496077,17.55002943469634,16.1081847816385,17.63146739672601,16.572973403110268,18.82857813681335,18.86340361564396,17.741939716954448,20.610145782142524,19.6440235753214,18.42275078886297,19.254488020045812,20.09006324686044,18.32730230516006,18.693626124884588,20.257499087754127,19.264180140341637,19.264841682680128,18.82320704306329,18.283469874884418,17.85583263110084,16.691048209898042,17.46547802340615,17.767645362115672,16.66817774618829,20.124605207545812,19.41888654155116,19.41888654155116,20.745735709897872
1962-11-30,8.295737944708947,8.19621808793812,7.187464290195123,9.42072438134096,7.244175444708901,12.04649206797285,11.999690310160304,11.879426638285281,12.513191286722758,11.977424685160429,14.488823339674298,12.349598079257646,10.701203982035338,12.34396656884087,10.761270713806198,12.949872059292261,13.001705826653392,11.769487402174263,12.953219498528256,12.6666743596395,11.699253569708901,12.289281781514546,14.565494346618664,11.82504838307699,11.309870974222918,13.161164919535338,12.117626508077024,11.992303699917272,11.299587228563098,10.722927072313155,10.541419368320021,8.995081477695123,9.790250205993686,10.632152875264524,8.746380848354818,13.970328330993652,12.631235991583935,12.631235991583935,13.767713313632555
1962-12-31,5.991548283894872,5.149789386325438,2.4008608924019086,5.720221243964318,3.824542533026829,8.035900497436558,7.299794811672655,7.121604707505924,7.56791275872132,7.375576061672689,10.945497936672666,8.617435328165698,6.49002104865184,9.316130532158695,7.339074325561569,9.351707246568424,9.378144963582372,8.723902342054657,11.249130206637915,10.24455663892968,9.201262368096252,10.031231986151909,11.475730684068537,10.704403644137926,9.121094724867078,11.213249672783718,9.85831531948503,9.780852211846252,8.665037324693458,8.088450410631026,7.963320202297609,6.559305445353232,6.928459633721275,7.671186955769883,5.176997502644895,11.483374998304555,10.238898001776931,10.238898001776931,11.215783309936512
1963-01-31,3.5960516857844596,2.925554898990015,2.0388413993260883,3.666440315656814,1.0763104223436244,6.064279277350408,6.465814475602997,6.380002983667566,6.401505734843681,6.2766448687481216,10.005769532726674,7.712509389077468,4.885250694520948,7.3574212884390136,5.668816092706493,8.530698128156814,8.607733683432343,7.40876432439336,11.823328231483345,10.601328273486047,9.533543810280491,9.902295910414807,10.977394091698443,10.532239101779112,9.04995636068378,10.930750106483345,9.646273774998235,9.577919650334195,8.879661711826088,8.364225723922857,7.85165116915141,5.635736350602997,6.283381049863749,7.029222783734838,5.082697456113749,10.470810170327525,9.598393335650087,9.598393335650087,10.979079449561368
1963-02-28,3.277425339108447,3.132568568275076,1.9573453539894103,3.6152810868764504,1.088626162211142,7.054626673743883,7.337370581853975,7.25778655097605,7.666169875008677,6.9489108766828735,9.982256417047438,7.71173988523941,4.457365699041475,7.676702799115844,5.469206519354032,8.926339494614297,9.040161341712519,7.46668373289566,11.527149227687346,10.308512578691818,8.956447265261716,9.619730840410512,10.515680431184364,10.081537364778114,9.24625962575277,10.893889136541475,9.763797060648585,9.734293828691762,8.627028901236429,8.11353431883316,7.376520274934421,5.0779159455073,5.8551289058867155,6.3767498833792615,4.05744301023941,10.163690685090614,9.38721595945816,9.38721595945816,10.756609444391245
1963-03-31,9.509604882681288,9.216581004153056,8.15448002969066,7.912615425356023,6.401760355631609,9.57655716762747,9.255223477271329,9.07572236420009,9.23630389141772,8.511450375792947,11.07465129565162,9.152574157714866,7.869927568333196,9.92459931732509,8.252138904858612,10.47609723819204,10.54050836050385,9.31477016325914,13.429999287923124,12.122468730967569,10.947769050188015,11.328827937956873,12.164059267761843,12.368880126296858,12.44176529094733,13.984571280530758,13.431826404858725,13.528870990712221,12.780663980463487,12.360198695685256,11.49383549844066,10.544065463158518,11.290264219878964,10.816820419475619,9.750721314132875,12.18472721551052,11.910901190645006,11.910901190645006,13.819841987856023
1963-04-30,12.510256873236756,12.30600882636179,12.11850882636179,11.624232567681247,10.384600406223,13.380045827229765,13.269447411431202,13.104297129313238,13.275344763861824,12.399479420979787,14.358444807264561,12.703876664903476,12.687671152750681,13.189952511257559,12.592684173584018,14.228236473931247,14.383181677924256,13.101107025146518,16.04662840101463,14.990779876708984,13.661504703097933,15.077173105875715,15.147230614556236,14.466260019938261,15.152276187472864,15.680968136257604,15.087033674452016,15.094192420111767,14.745090315077107,14.217160627577016,13.367393917507627,12.507625579834041,13.281120045979833,12.510791269938181,11.870863427056236,14.314290618896507,14.417062971327027,14.417062971327027,15.829033999972921
1963-05-31,16.133530901837105,16.19215352868514,16.09736133698499,15.50233025499574,14.629401512556228,17.016015255835782,16.982686122771213,16.756709035237634,16.79499973584251,15.442360916958137,17.0508879876906,15.339105183591244,16.28891984672964,16.022247404693303,15.41712517687074,16.733576054726882,16.898318473241716,15.556907497939221,17.99653125885993,16.354352159397536,14.709209245251031,16.247195426366716,16.845849240210725,16.818355855634138,17.236371858658345,17.81785182337609,17.361505742226882,17.476916003483666,17.927817486178583,17.44047867149436,16.47706826322826,15.974739739202732,16.88558903355755,15.353724744243038,15.15093051541237,16.29682685277794,16.891878936111368,16.891878936111368,17.946054528349123
1963-06-30,19.85485560099295,19.193288760715063,19.44927834404848,18.83343090481236,17.31314010620116,20.17810050116651,20.704532792833163,20.585435570610912,20.710945553249758,19.762963782416477,21.92842330932615,20.54430330064565,20.261873287624837,19.56466734144425,18.974999915228864,21.563910505506726,21.812082163492846,20.13585603502065,21.420873938666432,21.47959247165261,20.000851694742835,21.94827465481228,21.552189042833106,20.551578691270606,21.708306121826183,21.78152389526383,21.762139129638683,21.926030731201195,22.645279863145618,22.291408877902597,20.875295596652563,20.128035396999678,20.746804385715052,19.23599166870116,19.09125425550684,20.46214726765953,21.645711178249712,21.645711178249712,22.384328799777563
1963-07-31,23.189915224300933,23.453119819395113,24.422284595940653,23.129762124502633,21.501115766135626,24.499918689522815,25.138698196411042,24.999430408272758,25.015441307970264,23.626010759415237,26.35876603075252,24.567747780584625,24.697318198091295,23.803143970940766,23.40250132981174,25.991707163984984,26.26875952033589,24.41665623572561,26.269213674401726,25.55907422547699,23.960008260255165,26.202337519327784,25.73995617692185,24.244277203467675,25.475515127694734,25.288576913648967,25.09442998824585,25.27363445733181,25.530108121646435,25.20844103495284,23.95453741012085,23.447591215564444,24.44202848454961,23.20242677504018,23.09935217826603,24.003822314354636,25.29197125588695,25.29197125588695,26.00291400622308
1963-08-31,20.75724067277804,20.112011128087147,20.551708393712204,21.064797481413848,19.32950104744208,23.348270998718874,23.73080523090988,23.64677097771761,23.908817873718874,22.935479080036146,26.106608532321104,24.643941046602095,22.680223493678568,22.714594818443402,21.453282969485088,24.565981432186618,24.668948397072427,22.91129078198503,26.127565248550923,25.860653916225658,24.522301261655684,26.74018495621226,26.48056634062084,23.967272489814377,24.90720077022445,25.242096078524014,24.510388249222956,24.70971725627942,24.56210668420283,24.078865756783443,22.727006612798164,21.632450686218874,22.374932205036146,21.87642855080219,21.03437703450527,23.89698624149446,24.21382564421623,24.21382564421623,25.487470532489112
1963-09-30,17.938460222880053,17.8876274320815,18.09249668121339,18.92502163781063,17.560671594407893,20.787782054477248,20.970895661248107,20.819601715935562,21.509271854824476,20.601820140414816,22.96084249284536,21.43259270985925,19.827088695102304,20.412489085727202,19.52667636871348,21.157912805345347,21.21629767947735,20.56515835656063,22.175379710727327,22.276082293192644,20.886591190762033,22.6048773235745,23.101380687289748,20.154226281907825,20.907120704650822,21.865548981560607,20.897176043192587,20.934692319234216,20.637716950310676,20.13007263607443,19.438085873921693,18.32481276194261,19.238845422532847,19.528596941630155,18.43625210656063,21.724088478088333,21.13497714996339,21.13497714996339,22.105441559685516
1963-10-31,15.491607489637204,14.57592001063847,14.125745699482593,15.45505465025542,13.896815297936996,16.485167952506742,16.04999647653233,15.876139474684294,16.28475475106194,15.603943679153303,17.576833569106213,15.678753091955684,15.377326050625072,16.815204074818666,15.077145964099543,16.762052298104948,16.69875162186156,15.7937800786828,18.959737949986618,17.290123219643874,16.017155624717873,16.870844510806535,17.80843376651893,17.88992948224484,18.072460039200337,19.29195033657936,18.246204158824014,18.120841885638583,17.90589312891808,17.33497421510765,16.94579305751364,16.00133636228503,16.824439415880477,16.826011891518874,15.770066936041758,18.806635526431535,18.116061454690907,18.116061454690907,19.37214134380372
1963-11-30,11.99012853834364,12.320399263170088,11.663731511434037,12.32706158955898,10.771359549628357,15.76394581264924,15.264925087822803,15.038129297892283,15.248727713690869,13.955390040079692,16.68989253573949,14.861132770114466,13.502745183308946,15.569173134697792,14.065690061781197,15.621630816989523,15.54347055223252,15.202170096503323,16.744219250149172,16.177061589558946,15.424929428100597,15.934057574801955,17.38757862514916,14.165825695461706,14.400092188517249,16.546980751885314,15.481016667683946,15.345480643378437,15.164143837822849,14.579969575670077,14.123939302232486,12.552992036607577,13.400170856052057,14.013169987996378,12.080324935913097,17.689095009697724,16.422764714558923,16.422764714558923,17.230650456746446
1963-12-31,5.993868552313927,5.518757332695998,4.06043213738343,6.4211878882513815,3.649147415161167,9.692520353529176,10.429754511515398,10.494283591376416,10.836864429050024,10.670954598320861,13.511066903008441,11.762786738077807,8.124312888251382,10.954797914293124,8.92553087870283,11.972465557522298,11.949047046237524,10.48375027974447,13.036159133911212,12.599217944675104,11.747655444675104,12.49134305318205,14.223488235473724,11.340814081827887,10.224179967244481,11.779209264119572,10.597910435994493,10.42774170769593,9.128419876098633,8.457478035820884,8.306780878702796,5.296423890855635,5.861514494154164,7.732583830091642,5.09227621290421,13.000292163425001,11.587811152140375,11.587811152140375,12.27833307054317
1964-01-31,5.8281648574337055,5.085588832568078,3.2523841324673413,6.031746636667606,4.381592276788467,7.65559681307883,6.734254722185085,6.523130835256268,6.583780091808649,6.463258628435142,9.34903494311925,7.419670338784556,6.7168367324337055,9.301472149100448,7.531292482601714,9.195197472521102,9.095351832400127,8.1169228379444,9.903126529980739,9.248533010995516,8.512144507131268,8.988953772924276,10.712208561230739,10.705012975713316,8.76733446428858,10.617376992010293,9.434237396076128,9.263777361634027,8.053564408004888,7.414299245034499,7.498884783509027,5.316590491674333,6.377405133811351,7.659954591976657,5.630539584416283,11.676367142379888,10.031759762507647,10.031759762507647,10.85672668539081
1964-02-29,8.302445106944845,8.003196049832809,6.681410287440542,7.2147032112910665,5.256055581980775,9.111956488949147,8.382913295701997,8.260523074796879,8.331649376880193,7.772460709495249,10.993371494337055,9.059370843295483,8.270465491283915,10.096238883884496,8.591583374725019,10.316939202670369,10.36955010425089,9.66642229803682,12.331691470091357,11.74990716693054,10.881703817433333,11.152419289775366,11.921145156334205,11.584542583597056,11.164783469013855,12.547727861075543,11.70059356689461,11.644719038338565,11.17951609293624,10.795182624904669,10.124696700874438,8.233069882447637,9.063215356585715,9.644494541212111,8.248290787620135,12.564427641068335,11.408730465242229,11.408730465242229,12.523462527921822
1964-03-31,8.886460773919225,9.036108476372135,8.524486857588613,8.992499185377653,7.009783291560325,11.167815780639671,11.14710057986673,11.008880233764614,11.322700693274044,10.778718628422041,13.397229213099365,11.607436916392317,10.178560593307623,11.310042133126274,9.963047425464993,12.299709471835968,12.37743544629825,11.19084900476605,14.295698215115465,13.843990805841258,12.751164864981092,13.39865467932924,14.25366665009534,13.281412050800895,13.145184207219017,14.266516847507887,13.426302948818432,13.59952728517601,13.122589386150423,12.635615469819811,11.829523504934002,10.14639440967187,10.994276424120812,10.584401067098042,9.538166608092581,12.963651214107415,12.657063092467638,12.657063092467638,13.768942502749894
1964-04-30,12.85499877929692,12.574589708116378,12.370189751519149,12.407611083984477,11.110204399956672,13.393176947699715,13.21913994683166,13.029781765408018,13.351542833116298,12.481346978081604,14.788855658637203,12.953954399956615,12.758869764539895,13.060782199435778,12.325832112630223,13.619196912977486,13.750726318359398,13.044961886935823,14.728113471137078,14.360277642144013,13.278656005859318,14.692208523220529,14.705769178602509,13.549207221137237,14.180579291449703,14.831463623046886,14.461224365234443,14.530020480685835,14.564118787977407,14.015936279296909,13.013440619574624,12.42455986870658,13.172267659505167,12.481705050998244,11.805278184678855,14.355563015408052,14.47662421332467,14.47662421332467,15.25464341905382
1964-05-31,18.56855001552134,17.63089250544067,17.846626187396282,17.102149540891048,15.836154392201479,17.903975607759264,17.971032899425893,17.797273028794223,17.68102533894205,16.564651641025364,19.31694341269872,18.096712817940727,17.96785644613294,17.685729640017257,17.195742030810266,19.059049532490462,19.23259676451329,18.1213211428734,21.828864300635644,19.96304976350524,18.469867324829124,20.270459562732412,19.158139124224363,20.317119298955447,21.6952012462001,20.436262549123512,20.420619172947397,20.493887612127537,21.128049448485058,20.82675629072304,19.359597142537496,18.864112431516048,19.137350418747076,17.696608336253917,17.58555322872695,19.062913779802216,20.237954732423248,20.237954732423248,20.905382697812968
1964-06-30,21.49467743767633,21.042992867363807,21.391278457641704,20.8958466000027,19.695689264933378,21.832207277086013,22.355845514933264,22.167683622572156,22.189002524481907,21.03417939080134,23.93453475104434,22.489314481947076,21.78952878316244,21.374907472398604,21.024272706773615,23.312665176391704,23.554982884724893,22.11865747239858,23.482931560940244,22.63727997673874,21.037654325697247,23.11451521979444,22.978298314412484,21.5438175201416,22.931279542711025,22.830457602606884,22.610568279690312,22.726746665106873,23.25821910434297,22.829003609551307,21.86864119635692,21.2963728586833,22.190453804863864,20.673198488023615,20.565830866495844,22.108672120836047,22.96077715555822,22.96077715555822,23.55895966423884
1964-07-31,24.73006134443392,24.084112503707956,24.48510691735055,23.515327851490326,21.59725409476988,24.428185399373433,24.60249655528736,24.422990191880103,24.24543432830484,23.02609629067041,25.786927733882692,24.102168409286094,24.598015393492858,23.967295152397526,23.540566216745788,25.71478549177931,26.07526568751183,24.336517157605897,25.976932144165062,25.20767653680622,23.718484353506426,25.94413066987073,25.216098075784657,24.152668766308864,25.532551578808864,25.43498195935331,25.28863409308974,25.339244707169087,26.179752624675757,25.748613406765912,24.71425258267311,24.35354399732364,25.23997922917846,23.558359605522583,23.57732381923222,24.399681325112624,25.802886130220145,25.802886130220145,26.279616640972847
1964-08-31,22.721968054002332,22.13696773898215,22.479132137503655,22.337186677994225,20.83991947789349,23.55184666623353,23.70057555988268,23.534478554674422,23.752884657664993,22.849307078700065,24.882525954708,23.746216730917695,23.11995139993644,23.312300085252332,22.417081041233644,24.264330390191844,24.42805424351849,23.633394885319603,26.123713265695926,24.874272426482207,23.53758150326314,25.351005562402804,25.2233908950642,24.210419939922986,25.21982329173761,25.828683758807415,25.279524862638084,25.289300988310117,25.831928466468696,25.402477231589614,24.126876593148893,23.33500516337739,23.92132068757087,22.79858358239619,22.36431253904931,24.455584380447306,25.06837734919725,25.06837734919725,26.317196023592317
1964-09-30,20.62529932657884,19.545470767550967,19.505420854356544,19.97745590209962,18.330542924669032,21.027054426405243,20.73896577623151,20.514627668592652,20.560650889078886,19.641510264078875,22.139752451578772,20.22458860609271,20.930439843071838,21.35431679619677,20.267964257134395,21.995864105224655,22.13277816772461,21.31658350626634,26.787164560953784,25.17155583699548,22.96056950887055,23.784120941162143,23.303850216335718,23.948503536648275,25.04580442640514,24.658572981092618,24.16706636216901,24.21530312432185,24.281400129530255,23.830214691162155,23.181739213731532,22.220953623453795,22.67234251234271,22.026216210259406,21.168672264946906,23.51582124498151,24.082935502794044,24.082935502794044,25.285536956787155
1964-10-31,13.905736193092935,13.06438822182281,12.413703578005538,14.065989574309413,12.605815998200512,16.37474870989405,16.199537121352307,16.036207043227364,16.644327212918142,15.592942174275663,18.406227099510886,16.586502637145315,14.81176567898001,16.423629338254216,15.089196059524397,17.306885491648075,17.379421508953214,16.15484888630533,18.885632656466612,18.094181253576835,17.208775087582296,18.262940179148075,19.361113587246166,17.662254485263645,18.11524035135909,19.40386969863721,18.426952800955746,18.321822697629273,17.910947151594257,17.334260743664117,16.92439326214543,15.199269354215232,16.116062028946374,16.038525066580746,14.835166426627893,18.53259481204458,17.953968404954537,17.953968404954537,18.979863062212587
1964-11-30,10.523256492614848,9.894472312927292,9.262137243482869,11.274724049038298,9.328831036885617,13.618259747823174,13.158228280809283,13.009858597649497,13.076796531677246,12.477189869350923,15.121493254767529,13.291100459628694,12.093284161885606,14.141507360670403,12.208589066399611,14.283570077684146,14.283711136712043,13.764304669698106,13.775054995218852,13.042950503031363,12.959050220913412,14.140316496954995,16.00124314626055,13.634242820739757,13.488366084628694,14.902537091573095,13.92223652733702,13.729004647996646,12.8325121349759,12.265159161885606,12.196710268656375,10.467532751295323,11.420815086364712,12.773747486538412,11.136526891920369,16.029167408413343,14.237055863274463,14.237055863274463,15.00571905771892
1964-12-31,6.286511484782068,6.413760291205563,5.223984358045811,7.404661983913854,5.343933359781943,10.449478064643074,9.531088850233346,9.301941172282,9.780117713080529,9.145135074191671,11.564538828531909,9.561603715684726,8.175392235650008,10.720818667941614,8.521814219156909,10.53176430596244,10.564291975233289,9.59660263061528,10.619052717420857,10.3408680386014,9.7472401089139,10.307819535997226,12.090208858913854,10.12050671047632,9.457165781657011,11.358142344156988,10.139015282524952,9.962436506483243,9.167205386691705,8.530030907524917,8.705272335476309,7.017720794677757,8.381411658393063,9.129596879747169,7.180326588948617,12.53008516099726,11.07669703165692,11.07669703165692,11.723439110650077
1965-01-31,6.336571404241795,6.2131990084084805,4.720959005048144,6.312629871983688,4.64032696959805,9.130792359382895,8.18377350017596,8.026817329980986,8.618068170034803,8.006183509416473,10.76432940575387,8.549721920874902,7.276890834685275,10.092598789994497,8.074776524369497,10.046330203804871,10.144191216909746,9.239513692548257,10.94479133031706,10.25759584980625,9.17633902436944,9.902129724974316,11.264689053771406,9.928313150713507,9.153948966405721,10.656847151889622,9.598172021681307,9.449997038482252,8.5996841184554,8.061973579981043,7.863329741775317,6.304741242111334,6.953842909618061,8.002311386600695,5.846893564860068,11.817649193220234,10.24109929402681,10.24109929402681,11.031101604174523
1965-02-28,4.826874873751649,4.584640870775502,2.9499188423157534,5.302024845849928,3.3243869645255586,6.108770102546316,5.387494409652049,5.169770381564206,5.421624687739779,4.91616640090939,8.477660774049298,6.213326231638632,4.999072488149011,7.549397427695169,5.804716205596947,7.502054491497233,7.556096762702566,6.741521567390123,9.938450045812658,8.705150427137085,7.75467900321604,8.367951533907956,9.266845344361855,9.814516707829114,8.41788991746455,9.615908309391557,8.319611690157956,8.178265894026993,7.4889028685433345,6.855552677881121,6.694748292650445,5.106354854220399,5.977849692390066,6.781851273491384,5.032760987963002,9.617861434391557,8.363684885842531,8.363684885842531,9.468601413000272
1965-03-31,9.72908796084829,9.459362448415447,8.776167723953108,8.532423499322704,6.918118433798497,11.01025395547191,10.53243925033081,10.308013637091562,10.458309756043207,9.645355601977315,11.834391325263596,9.798581408429015,9.824507567703165,11.151167723953165,10.01596894623134,11.620721025364446,11.769793816023025,10.736223167501407,13.9182864445512,12.480660436486687,11.476095269316033,11.987344114242148,12.709309945055224,13.08774628998134,12.905845773348233,13.703623831144,12.946094849289068,12.9856377550351,12.599703930270323,12.195855959000141,11.326266430270437,10.13530120849606,10.931388658092885,10.59323551629177,9.492552447575406,12.716964934974555,12.13291230560634,12.13291230560634,13.452169488065977
1965-04-30,12.463303862677662,12.540492990281848,11.925459353129156,11.281364843580434,10.297592057122188,12.237389691670842,11.998845312330445,11.814380794101282,12.082680490281916,11.163195355733308,13.381462499830548,11.432631662156894,11.503052669101294,12.43346716562911,11.330450672573477,12.98866736094152,13.17326480017772,11.948121028476294,15.715444162156814,13.756362130906894,12.589939604865208,13.816100629170762,14.023465538024936,15.464296701219382,15.477477582295705,16.414774131774948,15.241919856601271,15.300122981601305,15.184915733337448,14.74878020816385,13.975049739413805,12.861640993754065,13.812764040629077,12.41774993472626,11.790178320143013,13.788048871358342,13.911074044969382,13.911074044969382,15.49474103715687
1965-05-31,17.466493122552095,16.76081908441364,16.94274322755865,15.376187342982234,13.893684087773863,15.950560977894838,16.276738103230798,16.075387716806006,16.18939876351311,15.721494067612582,17.9638548287013,16.778121566772484,16.298057092646047,15.864468592982291,15.523028740831649,17.822691669259143,18.039478043586996,16.45294988078456,20.551330677155534,18.4888831805157,17.029833176315492,18.601109112975507,18.58910946999822,19.536382970502302,20.438598087269895,19.8803587349513,19.498785314252302,19.558912162370518,19.904565409178474,19.621577547955212,18.23609262692031,17.158532038042722,17.593293987807385,15.911162456389434,16.032991253432442,17.41002050830474,18.622729996711996,18.622729996711996,19.733488460253625
1965-06-30,21.00183427598745,20.05578392876521,20.85219234890417,19.42637040880004,17.643536207411046,20.23742726643883,20.784380933973466,20.593278503418105,20.573823208279066,19.74671546088331,22.83272891574444,21.60011172824443,20.901161532931837,20.169621276855537,20.262405565049903,22.619691806369474,22.989369540744406,21.421465894911023,23.92914004855686,22.551918368869337,21.429335361056815,23.474034796820774,22.412728373209745,23.170795864529055,24.175141567654123,22.886209275987483,22.873494974772143,23.026308017306917,23.1029735989041,22.88642628987634,21.535946146647177,20.83044755723739,21.362668694390266,19.696126810709643,19.890731302897166,20.964049445258297,22.687845018174983,22.687845018174983,23.404194302029055
1965-07-31,21.998014273694764,21.564740794192062,22.153017318889624,22.265613400038887,20.033524921376227,23.562853298392326,24.290920019662508,24.16664194086553,24.337879025038887,23.716840403567062,26.71373482981045,26.31071903679964,24.19028945430631,23.011707150038887,22.342123921712357,25.70161180393677,25.936283447921937,24.08515410064365,25.30085365541521,25.6116551717123,24.81940046741113,27.33499921573099,26.91483582527411,23.912465298560335,25.27706700806982,25.194683985556253,24.88251213155769,25.07650679721621,25.55156770111421,25.196398220267326,24.0135237663024,22.929174492948903,23.576047392814417,22.611623669696144,22.381795460690796,23.979233821745936,25.050793276550905,25.050793276550905,25.84455220212226
1965-08-31,21.94159332193351,21.86637175775337,21.818021413331394,21.5682498029484,19.585481405770906,22.960460404426897,23.260157460038442,23.104939151066674,23.400569821429542,22.383689991120377,24.984976848479278,23.449069800428106,22.876678167363764,22.889932640650045,21.860370623680808,24.69293740795524,24.96410676279379,23.356782019010154,25.884564172067996,25.437839331678163,23.816315054124345,25.459457590246643,25.47577825976964,23.948024983559833,25.22154386376826,25.272716263801897,24.660201562861005,24.802493544547815,24.844191713230657,24.377932997672815,23.225035337222437,22.38330671659088,23.21389412418489,22.673503289171492,22.100418611752104,24.267032775058567,24.863938227007452,24.863938227007452,25.855070409467146
1965-09-30,17.93891993628614,17.00761568281382,16.838057306077644,17.324870999654138,15.925815010070835,19.531948365105507,19.520595826043063,19.39416082170277,19.9716293546889,19.591147041320824,21.823766941494398,20.513860257466604,18.62663423750149,19.723593330383324,18.26658378177217,20.68348373836932,20.790734714931943,19.704276381598618,21.644714207119478,21.180337036980518,19.828416464063878,21.26658378177217,22.539345826043018,19.481150839063844,20.165653334723572,21.76889769236243,20.758630222744443,20.719567722744443,20.848785930209715,20.280632718404092,19.289112536112498,18.418347019619432,19.48285711076528,18.99519435034864,17.715959866841672,21.39068588680692,20.900199233161118,20.900199233161118,22.135952271355563
1965-10-31,16.54859074008084,15.553518180437038,15.767359116256841,15.496289517802609,13.712309343071468,17.283070746801343,16.84045954468445,16.669897128689627,17.019157356344408,16.1533139423658,18.915786115584865,17.16917783265484,16.255729621969238,18.053825325094238,16.967630558629253,18.973702572238153,19.04994270160637,18.18621779821251,20.28626820143836,20.517605882049907,19.20684899360907,20.429604999993558,20.823170188165534,17.0182595488846,17.535732667164098,19.10824768312517,18.504041638938418,18.444437199254196,18.12784981266151,17.574579903387303,17.152502765450436,16.343832885578138,17.288846116424907,17.523194864744767,16.465123523178875,20.336469289307956,19.415499972271732,19.415499972271732,20.08928871975155
1965-11-30,10.56228290134004,10.62540410359702,9.75043123033305,10.72022560967332,8.429440561930448,14.535221269395606,14.210047658284509,14.0314072502984,14.035552215576217,12.880373721652518,16.183881208631703,14.002110375298344,12.376296573215086,14.716275956895572,13.03655590481236,15.114238739013729,15.192900848388774,14.338311004638626,15.765079667833106,15.483181338840097,14.625789303249803,15.595475175645674,16.57456588745123,13.434022267659543,13.232549285888638,14.942377302381715,13.767336612277518,13.644881100124849,13.608444468180437,13.031472354465109,12.751028018527563,10.870624372694294,12.122276390923389,12.814154646131783,10.785006968180369,16.676508161756715,15.305362870958106,15.305362870958106,16.28409550984702
1965-12-31,8.36962284511992,8.445716052585226,6.989021174112963,8.077169503106006,6.044660822550497,11.48765669928656,10.653363079494966,10.424877293904729,10.875162124633789,9.76687219407836,12.90078061421724,10.690193049112963,9.402408218383755,12.0328281402588,10.046288426717126,12.03124393886992,12.078930028279672,11.446616660224095,13.000389989217126,12.574915271335215,11.586631308661595,12.340005874633789,13.50063684251569,11.683278444078269,11.509298409356006,12.571489164564355,11.734580527411595,11.694343439737963,11.394348865085249,10.862238947550452,10.47509702046716,8.845537016126855,9.723718982272715,10.478984281751764,8.263777033487997,13.833050579494966,12.673455852932364,12.673455852932364,13.68797679477268
1966-01-31,6.863489302768471,6.261094624509099,4.919751903574934,5.801900236068263,3.296875664495758,7.850481595275198,7.174070304952636,7.011178629885421,7.478182893158362,6.961032670544114,11.170342566377428,8.70387646254676,7.031909581666355,9.487938017486272,7.646503415671759,10.395437597459363,10.45854401126985,9.33007091399162,13.470848173736215,12.807791113084363,11.535374803440618,11.832239302768528,12.788543381229488,12.290869280087065,11.946258224979545,12.78029510333971,12.59526276126985,12.580317679784685,12.105296153406982,11.732377911639503,10.773120519166355,9.219498837378751,9.666333934824877,9.601311148366676,7.791008413991619,12.867755200786064,11.989854390134155,11.989854390134155,13.35812083418648
1966-02-28,10.313099434262256,9.8868124643962,8.972610455467645,8.948571323213173,7.651144100370914,11.656288492111969,11.20030355907619,11.017924699329171,11.082903889247348,10.22461880275182,12.568653633481006,10.982803326561395,10.285354596092645,11.654986408778598,10.220779400780145,12.033695021129859,12.082340040661052,11.466434278942245,14.763454600742818,14.032735897245857,13.08652240208221,13.426244081769653,14.189174815586682,12.766956856137256,12.678403563726533,13.768459483555432,13.396168281918506,13.311785725184848,13.090062441144767,12.672468621390237,11.883252080281636,10.518503080095627,11.312616965884274,11.4797079722087,10.26245188031885,13.879139473324756,13.1759970347087,13.1759970347087,14.300279145013747
1966-03-31,9.93168686077155,9.429752111947664,8.320957274078012,8.940843446793167,7.6186250748173165,10.325750830865616,9.847878372028447,9.599996882613027,9.718772609259645,8.925612221994697,11.316770131100895,9.03527599047601,8.969919807680242,10.375560768701632,9.215039620348193,10.872310810704448,10.97253972535492,9.82807147938712,13.013195702337441,10.803001124884531,9.939412730227275,10.925289326329391,11.92268778483077,12.16337368872854,11.924997932680128,12.900334479219225,12.190654434696341,11.992028972666844,12.069434676631715,11.540282185872513,10.632262822633209,9.760266014837498,10.672721912014936,10.37934626097325,9.399714939568582,12.057876061880506,11.490312112787706,11.490312112787706,12.654946899414142
1966-04-30,13.404633119371226,13.216376283433704,13.02914483812117,12.644143210517086,11.843261591593489,14.162331687079643,13.931515714857255,13.725984573364315,13.818340259128092,12.914181730482312,14.922333314683613,13.287711461385243,13.409027650621226,13.859874004787912,12.896204842461486,15.028076044718375,15.18095690409342,13.766075176662923,16.883856752183817,15.28501235114203,14.225949308607369,15.4033663007948,15.85528958638514,15.428816604614212,16.238544252183715,17.00721015930185,16.499055862426815,16.574064000447663,17.145727411905966,16.644118796454563,15.540329191419914,13.936444642808624,14.859947246975423,13.88340102301703,13.508892016940706,15.442298592461555,15.638845358954597,15.638845358954597,16.69947361416297
1966-05-31,16.506455624488183,16.49132678124215,16.61013663507282,16.12323622344644,15.057265751336274,17.080015457317415,17.13254769438055,16.961202978318738,16.87975451561715,15.655811933292,17.572071698916943,16.039661374656134,16.947399844918266,16.755812458325522,16.312319199756928,17.6363305614841,17.828994266961217,16.726623215213976,19.651763924219267,17.510676894649407,16.45052642001906,17.88253456854045,18.017258190852317,18.12350136541562,18.992429351806663,18.946026882048614,18.51516330677981,18.533368846934366,19.455852885912805,19.108582535610424,17.89010030274744,16.874690566524407,17.444548912458515,16.177692708661425,16.225352633896648,17.005851835845647,17.68922507173272,17.68922507173272,18.76520005913187
1966-06-30,20.800571717156345,20.28191394805924,20.49820626576735,20.017813470628482,18.8152933968438,21.480280918545247,22.200674798753596,21.991541226704953,21.933514425489648,20.802077251010473,22.716690423753505,22.004019525316096,21.342799907260485,20.752264425489727,20.459515402052205,22.539384651184093,22.633267572191073,21.43956911298966,22.859192593892374,21.20130956437862,20.284244134690937,22.264810540941085,22.518383132086853,21.559651035732713,22.636639425489648,22.502145067850847,22.29632638295493,22.37457616594105,23.513014751010473,23.062214512295213,21.759151903788222,21.56259971194811,22.05281238555915,20.075528314378516,20.296345371670213,21.210055224100756,22.05650162167018,22.05650162167018,22.952557394239705
1966-07-31,21.419591891381003,21.320835695984442,21.496745579217077,21.153717500420044,18.961339938256117,22.11819110173053,22.614473863827243,22.46012973580315,23.041071541078566,21.92576628654234,24.58761576990935,23.73755486601135,22.551821604082704,21.389843487483233,20.327149225050505,23.935072507140433,24.09841833627354,21.80080566406258,25.369246419270837,24.647485351562523,23.066223275789696,25.21327993741602,24.823216723370308,23.94353867397524,24.70521279611893,24.28351630754372,23.88828151251687,24.079404244371688,24.47319257182454,24.155920016381003,23.236636057207647,22.940737619707647,22.930331453713052,21.469191815776185,21.04027086483535,22.569410229754737,23.834772712953736,23.834772712953736,24.845971679687523
1966-08-31,21.85058840679875,21.130846093290586,21.77424327071003,21.11179262386861,19.156430980723314,22.764217754076867,23.343558206865964,23.24170693838471,23.861979010797256,23.110947319769082,25.93638152255801,24.853777985931742,23.182220631261032,22.27218251382152,21.250115351523164,25.228095442248957,25.459756018525866,22.8535653473229,26.158864511469403,25.808835109587676,24.430333135461296,26.385665901758443,25.811741170575544,24.901923567248957,25.878514944097162,25.638270068425072,25.363522609587676,25.519447088754305,25.44296281876109,25.109219959218137,23.951208471482744,23.130811966106478,23.062394837410295,22.167244047759766,21.72747327743042,23.808016057168288,24.89365953835113,24.89365953835113,25.92159395115351
1966-09-30,21.47163783179394,20.522752740648116,20.669774225023104,19.56332348717592,18.0835356182522,20.93014477623842,21.154501872592505,21.00855189429393,21.59337991078695,20.396705648634168,22.810499593946645,21.11481817033564,20.7501751581828,20.901954672071668,19.876767497592482,22.582930692036996,22.724111790127324,20.93960386912022,23.964015218946656,22.979827393425865,21.518773248460604,23.159691217210536,23.093168322245276,21.42095423804392,22.32384594811333,23.473449897766216,22.782746230231396,22.74385462866894,23.287330648634168,22.82436949412022,22.11996411217592,21.847986030578568,22.434118843078636,21.23279777103005,20.70066615210635,22.92502053578704,23.092519993252267,23.092519993252267,23.885320557488342
1966-10-31,15.743753954159274,16.141918436686183,15.966546712895877,16.04271071239185,14.651004143171463,18.321928832351603,18.076076597808537,17.90955956571844,18.45934062670642,17.62050494122252,20.00279240762029,18.280112531108273,16.85772037301018,18.01549034528847,16.756711783460446,18.623859905940208,18.71948427589996,17.938239526235975,17.692324287660597,18.19137922717681,17.951105474656686,19.99190583587972,20.72169729253301,16.74079276464323,16.737498178789792,18.42893068046976,17.835574455671463,17.700430806477925,17.91716730261362,17.364810951807158,17.25727356941485,15.840940299085446,16.96656246390404,17.219248010778927,16.011035435174165,19.69815216064461,18.611957394179456,18.611957394179456,19.20769989669975
1966-11-30,8.651375812954313,8.063916503058579,6.952450031704416,8.984158473544653,6.53946175045445,11.381464788648827,10.979508950975173,10.813702201843284,11.700890244378002,10.957498317294665,13.588354979621045,11.312242783440468,9.745692761739235,11.933767848544733,10.13354812198213,12.129226832919699,12.198655001322493,11.370459471808601,11.985916286044585,12.085691134135004,11.575326008266927,12.757058864169665,14.127667045593284,11.607647514343284,10.812321450975276,12.896099662780841,11.796799532572436,11.52444167666971,11.226191351148884,10.559793239169665,10.554007106357176,9.159795951843307,9.945242457919619,10.67751242319747,8.850401963128036,13.597700140211316,12.55763666364885,12.55763666364885,13.192811902364099
1966-12-31,8.491890886094836,8.01911256578245,5.808549414740696,6.634195031060074,4.366630469428117,9.52420696682401,8.324263932969814,8.14176067776151,8.881097157796262,8.378712717692054,11.57124743991426,9.037973785400425,7.584091949462902,10.295995161268422,8.376935916476839,10.803840213351805,10.956734636094836,10.10405722724073,10.969481489393502,10.106330447726805,9.322845204671296,10.581126997206013,12.091147613525436,10.863076866997687,10.177668338351793,12.03289294772685,11.14116117689332,11.040404340955945,10.757564714219939,10.183088260226839,10.018578169080968,8.99540108574763,9.539340972900447,9.52139392428927,7.48723593817823,12.755513932969905,11.554792361789339,11.554792361789339,12.64094416300452
1967-01-31,5.589620126703721,5.730287129391911,4.565728472637943,5.974850406441703,4.276206568236034,7.92402190341744,6.661969757080101,6.5564301275438766,7.215570437523638,6.711404295890645,10.145481076804515,7.890348873343498,6.547045151905422,9.490861306139209,7.1159820638677616,9.198745735742762,9.16191462855187,8.362613973309976,10.624201464909277,9.566602653585505,8.802350616455044,9.341631005399961,10.771497016824696,10.40246402371315,9.965874957012886,10.672604312691647,9.77522213023201,9.529789922570728,8.618097949284447,8.052093349990002,7.966266107046465,6.230838414674167,6.888739645352928,7.775447894680951,5.468988406273638,11.540558361750811,10.215893333188944,10.215893333188944,11.269769656273638
1967-02-28,7.974037333897229,7.401103228614431,6.73371285938083,7.04700631641208,4.83297055562349,9.301354344685876,8.702910450526645,8.477001898629396,8.532343346732034,7.907386943272229,10.591922378540005,8.736959348406117,7.891744504656117,10.027678516932895,8.246585464477562,11.057428795950841,11.067307771955257,9.475362668718617,11.920829209827332,11.136646615891266,10.439116505214145,10.862444723220108,11.909145337059442,11.13648676191059,10.403076698666553,11.733407683599637,10.973801912580257,10.898132851010303,10.138001015072803,9.600138873145681,9.198161334083295,7.833601252237997,9.249105344499924,9.609294146583295,8.256621388026588,12.22313052586145,11.18068493434356,11.18068493434356,12.065386617751471
1967-03-31,11.191662519721604,10.836348654634207,10.15839114035333,10.550339225030712,9.382562112295602,11.667713111959529,11.067982979231033,10.870499465286116,10.860739090622076,9.895674826509207,12.252206769553595,10.475857958229653,10.878668988135644,11.874597352550893,10.73506704761138,12.078593908330504,12.143018156482356,11.340622428155712,13.748418652114083,12.680959709741671,11.797813813404332,12.586409033498455,13.216942887665084,13.347736633464763,13.66419801199305,14.076341514177216,13.51823867059528,13.550583365655655,13.341265594318372,12.960295962261966,12.568762654130182,11.823766224358678,12.586201645225685,11.722077716294109,10.953859050299513,13.178856950165255,12.857034978559,12.857034978559,14.002868311892314
1967-04-30,12.849997393290153,12.656429142422269,12.278377384609712,11.704432614644418,10.640695635477812,12.938275930616612,12.851985783047212,12.604842228359757,12.530072805616612,11.867537540859644,14.185226885477675,12.367841360304112,12.220545895894475,12.890131399366567,12.03232161204022,13.529044702318004,13.677821286519418,12.782847870720843,14.101060761345764,13.535210609436035,12.414526473151398,14.305311520894406,14.911187171936035,13.647499020894372,13.077503903706884,14.102517467075074,13.590416230095741,13.524780379401363,13.765123261345764,13.224677297804135,12.97543955908884,12.507603730095752,13.518348630269315,12.504994138081884,11.872225040859632,13.967890188429237,13.851025496588875,13.851025496588875,14.502506616380515
1967-05-31,15.908624021468711,15.672799928726647,16.28494710614609,15.61794179280605,14.411041801206522,16.626841112362456,16.843866376979406,16.67167373165006,16.79720401558825,16.079086681078763,18.524992469049266,17.57933082170382,16.62045932892829,15.965115011892067,15.915690973753499,17.795256140924266,17.936629313807316,16.945502381683752,18.241188180574795,18.170447778189157,17.07174146098481,19.03494185581002,18.75489155759101,17.396120346233317,17.64383382489615,18.01591988840414,17.94457832254386,18.105829267604292,18.436663440991538,17.945793775332902,17.264583677886662,16.634742868074852,17.222286970897414,15.450626709640517,15.306754376811455,16.929305095057316,17.842981695359754,17.842981695359754,18.576941918814043
1967-06-30,19.87511732313368,19.477995469835093,19.5924187554254,18.406901719835048,16.863303629557322,19.087093777126768,19.30692342122404,19.111640760633634,19.260281711154448,18.134120686848917,20.883610704210128,19.67333238389756,19.28367309570325,18.617047119140693,18.32056003146704,20.026262071397525,20.19356079101567,19.51172756618928,20.447901068793385,20.209866672092062,18.80824178059902,21.476644558376734,20.809790717230953,19.429001871744845,19.929126654730965,20.00152520073783,19.590823703342096,19.702575005425388,20.307002088758736,19.842193603515625,19.411320665147628,19.47538859049473,20.314350721571202,18.72351413302954,18.84094848632816,19.46761135525179,20.232769775390693,20.232769775390693,20.82778659396712
1967-07-31,24.840214399112085,24.193436005294984,24.942246804186084,23.3053022897372,21.773934157176768,24.53794730401819,24.808961773944134,24.581238949683495,24.51021240398444,23.016174160536877,25.885246531168605,24.47933255267401,25.01673332132316,24.37499262491866,24.247577470348745,26.17113782821167,26.571772593836727,24.939682015039637,26.346338916081265,25.849851390879735,24.09321759131649,26.66278191843344,25.26821654124933,24.967044141215695,26.127575790241167,25.08752360190124,25.353636883151125,25.503428969844663,25.736570140879678,25.358312307378355,24.680940205563786,24.4485367067399,24.712694237821836,23.647836836948215,23.974583623742546,24.4615706659132,25.885233405328506,25.885233405328506,26.29352578604096
1967-08-31,23.531072911908552,22.784973911572592,23.66163301775532,22.326454191310404,20.70027024053752,24.33065446012762,24.773627935430056,24.573668888050918,24.64032977934812,23.33252357975124,26.627831354448915,25.50940740031581,24.206956543460933,24.00158964997985,23.348944005658495,26.28956533042333,26.548388520107494,24.68691863603499,26.90366563284266,26.84527139561152,25.49274808411957,27.77725591762089,27.1162753648656,24.703155300181436,25.59000268341407,25.814068648635782,25.12948521029574,25.30004237595432,24.842260327903205,24.412394316478526,23.71757797323255,22.52854750028223,23.63393224490585,23.136462906868303,22.60938692400532,24.76758479866936,25.135299957439486,25.135299957439486,26.01851935848117
1967-09-30,19.519358274671788,18.86408212449828,18.496292410956528,18.693978500366256,16.986803478664854,20.16036304897733,20.15957637363016,20.055054346720453,20.581839285956505,19.502366087171822,22.537508773803722,20.820831256442602,19.881923378838508,20.502206039428756,19.10033158196336,22.18138084411612,22.30897958543568,20.290465588039865,22.86798837449811,22.335618040296822,21.38140254550524,22.98521113925517,22.88319833543568,21.677729585435657,22.24302906460241,22.66869366963698,22.2369472503662,22.314906777276065,21.993834728664865,21.623313352796856,20.736901134914888,19.671799680921765,20.575258339775928,20.349875852796913,19.47628644307457,22.39162932501904,22.191699854532885,22.191699854532885,23.39586109585241
1967-10-31,17.68243478754522,17.112106536537055,16.57646988079108,16.631551155992724,15.280621321483409,18.512029881631122,18.277901647424244,18.164247623566666,18.177696359285846,17.29400705317022,20.411404566611054,18.747733216644633,17.610534060898658,18.88907751267965,17.263043196483352,19.957646901120427,20.06450173983012,18.491637576523658,20.94557112827107,20.812225719164815,19.355606620542403,20.977214903472543,21.053092759655442,18.619008103237434,19.22030546126831,20.474802374070634,19.93921822168494,19.834048740838227,19.78755439019966,19.253256570139285,18.77875220185973,17.64024571244437,18.54982180031402,18.46637558475618,17.29490223546179,20.998360631799244,20.55973968505856,20.55973968505856,21.476167461436262
1967-11-30,12.11641915639234,11.73138226403131,11.022842767503505,12.060980245802227,9.937203661600847,14.623664707607816,14.076906352572905,13.945558696322962,13.764118809170157,13.336498366461853,16.47852039337164,14.627332242329942,13.12053156958683,15.24703167809389,13.631064881218833,15.579098192850722,15.488730896843833,14.454388448927148,16.126648648580044,15.973873583475779,15.031707784864636,16.190909173753596,17.4109965218438,13.904602750142487,13.553259976704965,15.533964729309105,14.834032546149274,14.697774950663245,14.173710823059139,13.6099711312188,13.511718093024342,12.01219552357992,13.128585497538268,13.736463101704942,12.281498908996525,17.115792528788347,15.87445952097579,15.87445952097579,16.61812542809389
1967-12-31,5.709884813096835,5.4211125691732605,3.259228346082921,7.4328313191732605,4.707424418131609,9.591745164659244,9.085674201117627,8.921210225423238,9.562361484103803,8.783238220214855,11.683523050944075,9.287456427680127,7.831835767957955,10.633466084798215,8.424332512749572,10.708135138617706,10.72693396674265,10.072265455458023,9.607741800944098,9.736889478895478,9.094712829589866,10.00415835910377,11.69049733479818,9.49388817681205,8.29884151882601,10.002050611707887,9.069449700249606,8.858495924207887,8.52192365858292,7.8940346611870496,7.851209682888452,5.677685377332921,6.436216735839878,7.777131991916292,5.814002651638418,11.903762308756598,10.441940477159392,10.441940477159392,11.15047183566628
1968-01-31,6.95414228131699,6.154786497546809,3.8064057011758905,5.247208162533298,3.899515160181238,7.5859362161288,6.425926975537436,6.210130289549454,6.8197966831986605,6.120150030812965,10.056723346505237,7.571946695799397,6.037662001579065,9.271622225033298,7.023664605745694,9.41785458390433,9.569728428830444,8.647622414045316,10.45482219983171,10.141130373554915,8.95774663699575,10.015201064079008,10.934726538709526,10.114996826007769,9.18867741656561,11.11800264338018,10.10478229727795,10.028647174630123,9.425769465456767,8.919786707560206,8.498302857593842,7.638418574999719,8.392033431350626,8.612243024764496,6.626762829031975,11.601540214784734,10.500458120530652,10.500458120530652,11.741432792909734
1968-02-29,7.6559472051160355,8.011665708169176,7.322487592149059,7.475053033061386,6.109655897644814,10.52202625055429,10.109232159318594,9.925433555690745,10.210056625015397,9.284143482953652,11.72262846409592,9.921530111904815,8.732346383456502,10.47824369847092,8.964358551200803,10.930627857953652,10.998403540424988,9.926412924404815,12.281536510072954,11.362605228643304,10.593837268873301,11.369685306768304,12.246742261689292,11.027630260072954,10.489606059282664,12.108042324548478,11.161876735468013,11.068323170453596,10.63307094793214,10.206677943262605,9.819327795094466,8.36650586621522,9.273485481876094,9.425206252350165,7.834610436976732,12.333633874476618,11.356061137407721,11.356061137407721,12.416156211940802
1968-03-31,9.440252373808107,9.704724925051494,9.09025447394265,9.554147913122733,8.077472530898262,10.781812983687246,10.614812920683221,10.41517939413751,10.400047925723527,9.312579952773262,11.69262290052194,9.718449303411717,9.858404885568916,11.032469275689891,9.836358724614627,11.379954889769294,11.487589403378024,10.546474547027344,13.000883254184544,12.188593267625379,11.340921266617386,12.492921119607956,12.520921161610602,12.116437899681841,10.963117587181785,12.389975156066328,11.430413244103931,11.498559980494917,10.810180549211452,10.313572266281255,10.019939348774585,8.790930192188512,10.399767032746297,10.449663601126701,9.321967553579725,12.34050386490361,11.7205100603,11.7205100603,12.765613071892915
1968-04-30,13.25625858306887,12.698123274909165,13.142659950256416,12.518066851298045,11.406548839145216,14.156198904249493,14.437614377339628,14.325293413798079,14.515969954596642,13.79938466813826,15.756432194180036,14.599379242791088,13.683276812235533,13.944056977166099,13.60722429487447,15.22261057959662,15.415012380811845,14.188533973693836,15.289062945048045,15.192345280117422,14.529975488450873,16.444181760152276,15.988680458068814,13.707519976298045,14.265595605638396,14.983463986714696,14.582283973693848,14.724493175082841,14.220435015360579,13.782731564839708,13.205897797478656,12.496113183763327,13.454972775777208,12.80191016727025,12.306377940707819,14.406776703728497,14.671864594353622,14.671864594353622,15.423199229770262
1968-05-31,16.19180637072492,15.721659781343249,16.105716610980323,15.376951595019364,14.353167572841926,17.41788321464287,17.888785852411786,17.71874584485124,18.20428379428006,18.049501263198124,19.64143464693467,18.672527136853887,16.40759518120882,16.052496579898445,15.46391816087953,17.983848436417247,18.185211948682024,16.433896739508555,17.82276812727747,17.35767236114833,16.49995384216311,19.212350935577035,19.069470916255852,17.222943488500448,17.43859841541581,17.86333222337953,17.719551771430588,17.784222785375505,18.259341442969628,17.865119962794836,16.73949779797624,15.890379329394193,17.024514914071688,15.662118345691283,15.574910264374239,16.742138716995157,17.020254266390225,17.020254266390225,17.87084282905829
1968-06-30,19.925169160630958,19.496081161499035,19.50548057556165,18.444947263929578,17.130993270874058,20.12302614847829,20.438594182332395,20.25848893059623,20.65196223788797,19.535018878512915,21.40381499396426,19.879493162367055,19.786673609415686,19.465197372436535,18.78511110941571,21.707685979207383,21.908092880249058,19.74892133076986,22.12270876566572,21.24957779778373,19.475231552124058,21.501864581637903,21.223867077297598,20.77112185160314,21.255711152818492,21.737875323825392,21.215986760457497,21.257002385457383,21.581004121568583,21.144979816012892,20.023707029554657,19.4459482404921,19.57283354865183,18.838293075561523,18.530092663235166,20.157685979207315,20.697258461846275,20.697258461846275,22.087617619832372
1968-07-31,22.51434977131521,22.141305521483105,22.847793361704873,22.0119372419133,20.468325325750527,23.30743927904365,23.502568017282897,23.313726556429287,23.857847755185958,22.602773305421238,25.620687451926642,23.993453433949412,23.685006693358105,22.78132148250461,22.65359130777341,25.399606302733105,25.76926671099926,23.796145806261336,26.601801993257254,26.376531075918592,24.467474771315096,27.074804765434692,25.681953622961544,24.490754761234484,25.681145071214303,25.145130391274733,24.878442198230402,25.032542185629666,25.34992762329756,24.929979496617477,23.942288909419915,23.33201085162409,23.75553970747103,22.30864685632855,22.231280529883634,23.61275944453422,25.035064972087923,25.035064972087923,25.873265366913245
1968-08-31,21.867871713125624,21.223440219510053,21.077620012016666,20.295165059899887,18.67511875193611,22.233226845854063,22.124253496559845,21.96125156443611,22.380619528985733,21.403524119879535,24.54670865869008,23.269714056035525,21.93786656779622,21.59106612256778,20.590963741015344,24.01317213735274,24.189772439772128,22.197143911546277,25.690084834765344,25.351501165410525,23.68014594867668,25.647696246895805,25.21095492045083,24.04108554881111,24.981790878952154,25.14225689877742,24.591929802843367,24.700073599046448,24.55427176772912,24.09150190045756,22.93837060005444,22.58570815465788,22.643532730430763,21.805140698340665,21.221224577708995,23.509292139032823,24.213419953212963,24.213419953212963,25.51033695590104
1968-09-30,19.52428425682922,18.284323861863925,17.83264200422491,18.46029499901664,17.11210977766251,20.536385493808325,20.07139797210698,19.88020059797492,20.376354026794445,19.38928262922508,22.66722859276672,21.019368892245893,19.80809773339172,20.203733041551402,18.759242481655576,22.0458744261,22.127737490336074,20.202398406134705,23.732159148322182,22.78323336707217,21.3757219738431,22.732340897454094,23.276788054572307,22.149406327141662,22.660221756829174,23.384039031134762,22.923584387037465,22.992814530266514,23.15070298512785,22.707962099711267,21.599791526794434,20.770798471238834,21.45232516394725,20.488346756829174,19.606589486863925,22.38427232106534,22.526459821065316,22.526459821065316,23.800420867072205
1968-10-31,17.76394373165681,16.660764128162043,16.005784709479258,16.471395008538423,14.965338745937515,17.44105069150214,16.673257302725176,16.513242811797795,17.031962884882432,16.248001086327406,19.128288174701026,17.119189342375762,16.957520995601556,18.203840510050497,16.581980210991333,18.919490186629787,18.925289182765482,17.889841539116446,20.87662906851824,19.87636130138111,18.841769462503407,19.34140456414997,20.011121676045093,18.865550859512837,19.593373440158018,20.291697007866446,19.84319755390129,19.680452888242655,20.204486301381166,19.684729286932225,19.215617013746737,18.664738632530373,19.381178484680845,18.677244932933604,17.65039733968763,20.832883268787043,20.144199318014273,20.144199318014273,21.13662833347115
1968-11-30,11.36762332916254,10.663500065273752,9.44052643246124,11.266633203294475,8.799868880377915,13.230527517530675,12.434865082634815,12.274494531419577,12.762564192877903,12.647666189405697,15.523471853468209,13.51949778662788,11.965450477600086,14.019560178120969,12.095772743225098,14.350517209370878,14.3254222657946,13.18003923628072,15.950460243225109,15.56527144114176,14.807781749301569,15.221483463711195,16.779206445482146,14.374925846523752,14.046705902947338,15.608408376905743,14.61862701839874,14.603072547912632,14.230234548780743,13.610787391662654,13.487705251905709,11.92870188819046,12.783120833502892,13.355606185065426,12.038893402947451,16.228715451558458,15.188193533155697,15.188193533155697,16.072883203294566
1968-12-31,8.409190517001718,7.607923698425338,6.3324354171752475,7.0432399961683245,4.600447569953246,9.457036654154479,9.346340582105825,9.245703103807216,9.658919249640633,9.275387891133732,12.519013108147647,10.299731424119784,8.20296493106423,10.885191493564207,9.081928147210078,11.603694640265644,11.665616840786413,10.414591450161424,12.569571918911379,11.999020703633676,11.071780035230859,11.901326476203053,13.282004102071198,11.58503144582113,10.541764301723958,12.650640169779535,11.353081576029467,11.219259961446141,11.249625629848936,10.719905577765644,10.746427387661413,9.218074523078087,9.941555425855938,10.31551647186285,8.635251172383676,13.211786545647442,12.100268533494841,12.100268533494841,12.61859806908501
1969-01-31,7.920717391147434,7.301217118129898,5.498346234393409,5.8766119433987,4.348596150388062,8.754830399379955,7.983086132746905,7.844603269843731,7.987509540845053,7.322037325623285,10.521046062182336,8.3569993131905,7.401774178781807,10.037794634090915,8.02393899733022,9.814332457511682,9.782959074615235,8.919097662484717,12.023172448271112,11.369022582679747,10.44997488862731,10.748978899884037,11.611141828311474,11.722714093936474,10.467773527740235,12.14411131335845,10.897248389131278,10.87240379907746,9.922079853345053,9.407310658116558,9.24009008099955,7.875280983217408,8.6885606581165,9.487932192894675,7.814219575287211,12.501184041013005,11.38197778681274,11.38197778681274,12.217728899883923
1969-02-28,5.764159615834558,5.610458560216955,4.2299159867423555,5.196108323051817,3.041918986184328,8.79182307379591,8.620712466467012,8.436313633691725,9.156249459584558,8.180896036965635,10.976896199725957,8.784461071377734,6.825113391876187,8.9954508872259,7.087398896898549,9.535827096303365,9.632160917917929,8.766022641318159,11.81237157640004,10.902244390760188,9.7586344809759,10.353596464792929,11.687557588304912,10.67552784965153,9.360475998833124,10.893658778781003,9.494329002925326,9.41262327375864,8.694082537151644,8.14700118019465,7.818210606348032,6.127403082166438,7.323724115462539,7.934511643364374,6.168982555752848,10.7922764778138,9.875627249763113,9.875627249763113,10.980866391318216
1969-03-31,9.890069313459549,9.62125735949445,8.813351403513309,8.39642484521346,6.5934410792525,10.482441100253823,10.48805108429275,10.294030166954144,10.653266033049647,9.789254986342598,12.194972077236457,10.312957628311665,9.36625116409789,10.759464579756525,9.443499357982375,11.737502424178615,11.870611568163781,10.610213277673267,14.109601613526706,13.38423881530764,12.16070575919207,12.738505238358698,13.400016075052292,12.807633787585814,12.632393322196037,13.926727159561608,12.865736631167863,12.813144015240425,12.49886677649721,12.049178121423267,11.537286110334549,10.07826760815044,10.917158422162402,10.775601487518657,9.910834392424647,12.558379335300913,12.155376668130202,12.155376668130202,13.389602033553672
1969-04-30,12.672819222344287,12.152834955851233,11.986238818698439,11.678027555677716,9.977398215399887,12.89320767720534,12.695141813490181,12.515587234497104,12.966037538316584,12.066664165920713,14.064616097344356,12.42759895324707,11.854912863837342,12.810728836059639,11.77916687859431,13.512790468004084,13.67615309821241,12.964304139879005,14.917616314358213,14.457264751858247,13.751220915052613,14.926321283976336,15.004324213663779,14.377718310885996,14.83981683519147,15.729994244045656,14.857267464531787,14.91515320671931,14.605295350816561,14.150214513142942,13.408143658108202,12.11131477355957,13.112372716267998,12.508306418524853,12.004478836059604,13.962928814358236,14.044260194566618,14.044260194566618,15.05490201314285
1969-05-31,16.00461072614121,15.492860474125052,15.911383134575317,16.012312969084746,14.854645378358953,17.498748725973314,17.843262649864357,17.738523696571292,18.117485075099523,17.517222033264773,19.292932928762127,18.441874461020234,17.171193387431515,16.657799780240737,16.412133932626375,18.236707080307838,18.36027636374206,17.110924780240623,18.54354459290863,18.17218307577167,17.42392618733072,19.538433390791624,19.254539846604928,17.005093757055135,18.376809671873673,18.69514017002564,18.1632680052071,18.430208214380457,18.484084537465094,17.99993005157802,16.942016220092796,15.688606126846821,16.302709054434217,15.767883575603548,15.48977327654444,16.962195886591473,17.598722999326583,17.598722999326583,18.494745344756723
1969-06-30,18.218265024820994,17.845654890272442,18.172089894612668,17.581885359022408,16.214410315619602,19.04075037638347,19.42528813680019,19.21395187377931,19.57381515502931,18.588216739230802,20.86859597100164,19.70393668280707,18.742380693223765,18.162533145480666,17.37527999877932,20.11113340589742,20.322938961452962,18.516203392876605,21.330607689751503,19.987798987494557,18.561971622043245,20.938279130723856,20.93153271145303,19.463493431939014,21.09763242933485,20.875334252251605,20.422670406765462,20.531505584716797,21.02071185641819,20.604617563883494,19.264372338189048,18.242741478814025,18.950505150689082,17.79381569756407,17.505195363362645,19.158100636800157,19.897887420654286,19.897887420654286,21.152417585584942
1969-07-31,22.93907213518696,22.374474625946448,22.787161537908844,21.823756379978647,20.50277446213596,22.486921072518953,22.742386672317423,22.50107335326493,22.667545757498885,21.15848367752568,23.29354332134284,21.650075264387226,22.713982354441043,21.81136033663188,21.586485819662812,23.339126738681557,23.649870501282464,22.41434305252568,24.88181197053649,23.948919140395333,22.088517699703118,24.13079865568426,23.324706690798507,22.986280531524358,24.47834464862791,24.219051553869804,24.00492447473681,24.034336857129176,24.791947219192366,24.430474709951795,23.4951457238966,22.477349709951795,22.87827849439401,21.735390599568746,21.474349142915514,22.470285382834845,23.949478301181557,23.949478301181557,24.882562768587547
1969-08-31,22.495146031533636,22.386141180223035,22.36385350381181,21.814119695848035,20.16160005959125,23.058273446688133,23.115846006331935,22.858377403341365,23.105563223233787,21.70131885159401,24.673471069335903,23.32360442787092,22.415306796822563,22.84654314594883,21.933100185599358,24.682785165438077,24.947948135868216,23.29923236805905,25.83990672121763,25.458593192151795,23.881347623435317,26.145801798502532,25.396494842857464,23.755504944504025,24.873094095209638,25.104211261708258,24.625049845377646,24.619038210632937,24.98277098953082,24.54060606597568,23.743607683079233,22.82233384655376,23.567894687447563,22.53224753102944,21.960856086977003,23.927484951224358,24.555682405861546,24.555682405861546,25.44733909688972
1969-09-30,18.635727140638608,18.40776490105526,18.8226601918538,18.76448690626364,17.45247790018726,20.67542169359001,20.70516887240933,20.541583802964908,21.034793980916447,20.080697843763573,22.374154875013573,20.965791702270508,19.32076132032614,20.0569538116456,19.13306058247889,21.577146954006707,21.753758282131685,20.197014575534467,21.411690139770542,21.09874254862467,20.47428779602052,22.50829387240941,23.24800741407614,19.148452292548313,20.217790942721876,21.524586190117816,20.697646628485813,20.637338468763517,19.988106155395542,19.43481296963165,19.047033564249716,18.27668579949284,19.34879137674966,19.3049328698051,18.29420967102061,21.430410300360847,20.67702217102061,20.67702217102061,21.639994176228925
1969-10-31,16.331884043703894,16.01698464014197,16.00145677135845,16.53260964014197,15.344936379053252,17.94474526682211,17.49318486695654,17.300424030263002,16.943668947937738,15.940148597635357,18.24977403866353,16.493161240444465,16.58753865559902,18.173379024382598,17.06643755512863,18.173182136781804,18.250411954490062,17.71194799279658,18.467245581842235,18.077090486916234,17.258888621996732,18.516391352171638,19.2961555070774,16.899392864268293,16.893223719443085,18.825591515982012,17.926358590074813,17.787229935840912,17.374262130901343,16.746579209194465,16.606019838394673,15.590287206506218,16.687715066889268,17.25951078681544,16.119274311680954,19.50171403782349,18.537841599987416,18.537841599987416,19.18816134545125
1969-11-30,10.327840084499769,10.373917558458118,9.737936655680357,11.158411916097066,9.271489715576195,14.506209225124849,14.082177649603977,13.890738847520652,14.373613739013763,13.387187957763672,16.371381208631703,14.477652910020595,12.161417558458083,14.35627975463865,12.41316180759003,14.60074590047202,14.611881425645663,13.676356252034509,15.696269989013672,15.122648027208186,14.457261742485969,15.003998396131749,16.55307879977761,13.798247528076217,13.154025522867869,14.876093122694272,13.580693817138695,13.409266408284509,12.497181447347032,11.877587805853977,11.807709333631749,10.004565344916443,10.996674177381749,12.052495574951251,9.946169620090132,15.73086200290254,14.527178192138763,14.527178192138763,15.337985483805369
1969-12-31,5.196245977613671,4.553911993238728,2.468687926398445,6.275909063551239,3.7501033994887507,7.746305656433094,7.365912861294248,7.264494132995651,7.849474059210877,7.581950187683049,10.53749489254426,8.190630743238728,6.623022778828954,9.221750534905311,7.259342765808071,9.092404831780357,9.132308260599814,8.623467657301205,11.067681524488705,10.12123512691926,8.768479050530289,9.817185105217845,10.918131828308105,9.917182392544248,9.185701815287302,11.19628395504418,9.790443568759315,9.805184237162223,9.291501511467857,8.788715595669146,8.84080164167625,6.798405265808128,7.740994241502506,8.01136913299564,5.7715172449748025,11.231114684210866,10.458333651224734,10.458333651224734,11.360408846537212
1970-01-31,7.979175493794116,7.434962414157042,6.56625494187881,7.189895104849143,4.780686540501051,10.50694452101186,9.829435910460859,9.653864673901694,9.970436309486274,9.180439249674464,11.720961343088504,9.693071558142265,8.880083276892208,10.880175157772555,9.277659721784744,10.759063031596554,10.80062469154285,10.272081239761917,13.351148675077695,12.596328866610008,11.466488056798198,11.64319599110604,12.65015268633448,11.833284406764562,10.947920243458043,12.646776720272726,11.519022919029396,11.452826682470118,11.009756075951316,10.65129463441906,10.080638237409744,8.346423372658364,9.262866900044116,9.968937338552223,8.189141681630133,13.142749712544116,12.113507966072405,12.113507966072405,13.044641933646233
1970-02-28,8.478288586934411,8.283519590468643,6.551399984813941,6.892583601815318,4.676693534851211,9.433326021830226,8.762090437752875,8.50822778429307,9.167546980721681,8.361650403340661,11.420186024620477,9.127406192961246,7.944312349955283,10.041448347909125,8.190188117254309,10.44249292101182,10.560529100327301,9.622773333958264,11.903738503229135,11.049786912827244,10.032705788385329,10.940222994486533,12.241876175290088,11.508922422499893,10.984267125810845,12.610598273504422,11.608659680684411,11.70180514199393,11.129150054568356,10.677699161711246,10.078598413013253,8.82601168496268,9.69600680215018,9.379507546197829,7.558776519412106,11.73072127387644,10.902116711934411,10.902116711934411,12.325194976443413
1970-03-31,7.633647373158453,7.786621163480959,6.763608940698873,7.4134955334407096,5.702891429778106,9.978681080315823,9.897088233373609,9.697656844764651,9.907476023192032,9.468537431122115,11.952904555618204,10.033736103837214,8.33639172379685,9.849853585356072,8.24774505040989,10.776191370974345,10.92919141297699,9.571320634247115,12.4046854695967,11.6855101923789,10.899332752022701,11.65835807964362,12.64429505461004,11.7511210164717,11.330886746478313,12.628410162977048,11.747487783944734,11.675130278064444,11.260595247822437,10.73977504032922,9.808924590900517,8.648954727829164,9.97097096186809,9.329973188010626,8.112323133407244,11.374041883407017,10.851037536128842,10.851037536128842,12.345057403400403
1970-04-30,11.868862067328678,11.408977084689695,10.93288116455085,11.24484676784931,9.823468187120227,12.696596442328598,12.749008009168904,12.539909701877207,12.793544684516121,12.170839606391098,14.853201802571618,13.222871398925804,12.051199849446618,12.371604580349356,11.372597418891075,14.045929124620272,14.193211025661924,12.137384202745238,15.314204406738327,13.723031446668926,12.792988586425793,13.79247589111327,14.768677605523067,14.649309115939673,14.560734897189604,15.259465365939661,14.485403951009118,14.459346008300827,14.882070075141087,14.58652699788405,13.572472635904944,12.980097961425827,13.860083855523044,11.887742275661878,11.088051520453519,13.436988152398044,13.659402974446664,13.659402974446664,14.89733971489801
1970-05-31,15.614636337116337,15.571100550825918,15.654082111645778,14.41670654460944,13.114308191114958,15.62816907821167,15.408122245214372,15.140995649112199,15.23692453856114,14.371936929354206,16.562844397432116,15.126053192794984,15.667281456403828,15.04000281057057,14.726581376598688,16.558539121894455,16.71820184030844,15.479770955731794,18.382033325523423,16.59107545421972,15.524768960604092,16.840311530328563,17.08043302310415,16.576088370046364,17.922054011847422,17.93000039541596,17.43906510055706,17.48626562139043,18.45844671598047,18.097814260503355,16.898553507815166,15.685295359293718,16.181740881807002,15.093375101397157,14.700014676329886,16.472921892391696,16.866728596020835,16.866728596020835,17.978405868366224
1970-06-30,21.018724632263172,21.111625565422912,21.81905015309661,19.925362544589575,18.39287556542297,20.879879146152064,21.128737110561758,20.966795921325627,21.4205122841729,20.37905449337444,22.619901932610503,21.62394652896461,21.216464975145243,20.148642709520118,20.350498178270186,22.584308942159055,22.82267157236737,21.212675370110446,21.744172223409066,21.157797982957675,20.25101358625625,22.76150620778401,22.301314693027052,20.017232661777143,21.722280947367324,21.97426933712427,22.053408877054892,22.137241342332686,23.035705969068715,22.64643459320081,21.418209224277064,20.810006099277132,21.73514444563125,19.991041798061815,19.94267754024935,20.939840083652086,22.036145422193783,22.036145422193783,22.732515864902155
1970-07-31,22.979782153714098,22.828863869943973,23.30405865741045,22.130435295515213,20.480769216886188,22.930316112887454,23.311283119775908,23.178355112383485,23.146383191180462,21.819636404386245,24.06891710835123,23.160501344742443,23.7431153820408,22.031122564500322,22.02148294756489,24.19141007290085,24.507110152706048,22.680043095414362,25.819959300051494,24.60009360364694,23.054693948068916,25.289845997800114,24.471336988223527,24.21447742421134,25.413877310804082,24.584972635904933,24.20532083818989,24.463519237887454,25.163333901025965,24.92082350536066,23.801451865575757,23.260302357007106,23.797684749480254,22.14514936221542,21.926029213525965,22.98300848519932,24.385115970078346,24.385115970078346,25.320114184964098
1970-08-31,22.14750003609612,22.125031223092037,22.90765681112964,22.269229076754698,20.18839752853546,23.379669894967094,23.769704232164656,23.655320411600087,23.7739727553502,22.841316190329906,25.656680248629698,24.936142509214335,23.830791891774822,23.13845633229903,22.61008089127074,25.15591107440264,25.368037775511368,23.82229422292403,26.48192018898584,26.139787292480435,25.456802581458987,27.475572532735896,26.47670923048446,24.093054051553054,25.421423192177997,25.659008772655227,25.132402694866187,25.371731386902468,24.93057715303155,24.480660108340714,23.56388580978569,22.975057999805756,23.669575073898443,22.662431991741244,22.102378648327317,24.189494848764127,24.696013140934838,24.696013140934838,25.96861058717127
1970-09-30,21.64526757134331,20.17654741075313,20.92726355658641,20.52723371717667,18.90878753662105,21.644624667697485,21.727426317002937,21.562373691135008,21.060897996690528,20.373661126030868,23.129539489746037,21.770658196343334,21.812658521864194,22.01422915988502,21.3744423760308,23.312346564398865,23.517500644260053,22.2151541815864,24.64670800103073,24.00682898627383,22.805521477593402,24.540373908148922,24.140308803982236,22.292297193739273,23.642199537489148,23.997109476725257,23.463049146864137,23.536920674641863,23.63794606526693,23.109462992350302,22.363841247558696,22.084823777940585,22.72199825710726,21.91142425537106,21.170555114746037,23.58573252360037,23.622090488009974,23.622090488009974,24.728014967176648
1970-10-31,15.240856876168209,14.681992733863126,14.434988050563447,15.142200437156077,13.421772954797234,16.749724693708515,16.219900159938334,16.033321593910102,15.900858241255605,15.19275592270725,18.0198886091992,16.511713836013712,15.736556850966565,17.11011563372864,15.863824996127903,17.453566364575465,17.52350346555005,16.97041206770058,18.39209018009967,17.57401432324491,16.89791017757949,18.721241620791943,19.301529759232835,17.03146034979045,16.78790513725687,18.45389976091286,17.514165742935745,17.431520203621176,17.17338480795587,16.532990822740885,16.246128213533723,14.965644762592945,16.565708291658837,16.73635471302981,15.372186156242151,18.769744224958515,17.874533056443738,17.874533056443738,18.896852234871176
1970-11-30,12.366294670105049,11.823119756910614,11.103629197014698,11.677771992153566,9.960153177049335,14.36892867618144,13.401559427049506,13.23218822479248,13.127815394931417,12.258162074619008,15.603471861945309,13.639913919236903,12.643679110209234,14.654722404480083,12.54457700517446,14.403173467848035,14.399248229132809,13.618125724792549,16.553024270799483,15.25123933156334,14.43727177513972,14.454437573750852,16.045659361945297,15.206046189202198,14.938191371493872,16.24476960500084,15.545211770799483,15.338015047709177,14.572786098056497,14.05861509111196,13.669981193542583,12.44253436194532,13.45086226993135,14.108427916632763,12.451220342848046,16.89976906246619,15.619582430521689,15.619582430521689,16.936162291632797
1970-12-31,6.347434828016503,5.948075018988732,4.9014658610026345,7.024859958224852,4.93165791829432,9.916589016384535,9.282330661349874,9.141339450412374,9.832265557183177,9.555567423502623,12.453649563259603,10.535496351454015,8.285710652669309,10.929178534613754,8.93689337836372,11.387612236870666,11.371338907877544,10.313813951280451,11.097711520724886,10.814893595377612,10.329685804579015,11.319987996419343,13.038743421766469,9.763046264648494,8.777507527669286,10.299813842773403,9.356766425238732,8.963550821940146,8.3812266031901,7.613936021592906,7.6944346110026345,5.714071655273472,7.057094658745655,8.200166490342838,6.401728990342804,12.411475626627634,10.663602362738686,10.663602362738686,11.388542683919297
1971-01-31,6.149520041353014,5.26065652908818,4.116826198947081,5.308206197266998,3.511890358053222,9.274160393335535,8.819392038160856,8.700590059834212,9.527667617797874,8.889862048241469,10.992051963396023,8.83839300422261,7.386236691218471,9.912575001870493,7.984935132918849,9.63711612250222,9.591813598140618,8.834925157280395,11.43676592508956,10.633149493637916,9.546587203651313,10.23961580748204,11.45520510519708,10.47508550254247,9.133595772199783,10.46861971373204,9.597197817730603,9.441653987925577,8.84108380143357,8.305124250022288,8.116049149215826,6.510997800929545,7.3975957932011625,7.997950715916147,5.871685384935006,11.712371813866412,10.288506936514295,10.288506936514295,11.229138761951106
1971-02-28,7.9577243259975035,7.4560037158785235,5.965272340320496,7.21437715802881,6.146561286562985,8.84553008306591,8.265937332879957,8.072601209368031,8.007886505126919,7.283009738013959,10.413805171421643,8.0205440339588,7.902016666957309,9.913584282284717,8.308243415469235,9.811245763869522,9.954533059256448,8.953111812046643,11.222108277820439,10.131587328229728,9.040333956763845,10.221309007917114,11.248379552932022,11.331741950625485,10.297553543817514,12.214269619896243,11.07568203154068,11.119833700997503,10.415357208251919,9.950946517217801,9.443633924211781,8.243290383475141,9.19406698317755,9.304095931280244,7.8728563944499115,11.66994647071482,10.547454724993031,10.547454724993031,11.771718234107595
1971-03-31,6.795103860670565,6.792216175858698,5.771900000623475,6.072615621423267,4.641951558923324,8.18292255606707,8.007304066483755,7.83736381530764,7.8301236019340195,7.486638743903086,10.525031826060285,8.491329919138252,6.635333510368071,8.56232758798916,6.845010929722946,9.343110308083226,9.491686941987723,8.31491862881569,11.586778402841219,10.41198684118126,9.197586744575176,10.12559938738417,10.977694796490425,10.791089978781997,9.955863899313044,11.647110014064367,10.442934946860078,10.488765129991862,9.612184778849212,8.99482401776055,8.853910249279409,7.491868078580524,8.846953554050913,8.637777541786136,7.287546001967598,10.54690472592597,9.72738240149721,9.72738240149721,11.074975647464953
1971-04-30,13.272299236721494,13.067245525784017,13.069372261895126,12.46470103793672,11.301156658596426,13.803180313110374,13.62902124192982,13.450361845228429,13.681351428561754,12.930266359117354,15.009972847832557,13.5871755388049,12.715742704603542,13.220856094360443,12.656693225436754,14.090555530124277,14.263843833075612,13.576259740193734,14.79173554314508,14.711101320054809,14.182336129082557,15.395177925957569,15.444581137763123,12.902616076999266,13.645066706339549,14.863629531860397,14.216309653388123,14.237045330471517,14.173541641235317,13.726463190714526,13.186847305297874,12.488130399915974,13.760138320922863,13.006579293145137,12.335621176825612,14.395291858249323,14.060195287068666,14.060195287068666,15.1254649268256
1971-05-31,15.688701432751088,15.684285900156965,15.921081305062899,15.01078329599045,14.038486694007759,16.56083737445141,17.021882506339807,16.883234257851882,17.367425496091244,16.744544006675824,18.417088424518624,16.78736049693117,16.090115873275295,15.826425622099237,15.517393469041338,17.13463872273769,17.33366058513684,16.51704432169595,16.21155877062074,17.030805452408288,16.205379125123443,17.784149916454055,17.84348658900103,15.164549887052146,15.943282350929906,17.260827923846534,16.623891284901674,16.771580612018624,16.704835715345155,16.226125827912313,15.59697543728737,14.842853923510404,15.700094661917717,15.144425349081757,14.871407875963541,16.750896913261897,16.73211383614489,16.73211383614489,17.56780194518393
1971-06-30,18.620303662618028,18.583698844909634,18.74140283796521,17.96945188310417,16.664878315395868,19.138527403937474,19.498070589701342,19.41671750810417,19.892943636576433,19.324180073208254,21.44740598466666,20.505495177374996,19.420187017652722,18.569761127895845,17.636408805847168,21.02145926157641,21.123507330152734,18.96990489959711,20.225240728590165,20.355834261576376,18.97042844560417,21.542262755499905,21.325243441263865,18.856810824076376,20.633039665222213,20.68306679195831,20.690065489874996,20.814769808451274,21.131778271993028,20.582236713833254,19.784688970777722,18.68653901418054,19.568648931715302,18.31727631886804,17.82894352806943,19.639517529805573,20.416942660013945,20.416942660013945,21.20089448293055
1971-07-31,23.430149230136635,23.350052728960634,24.254000456615245,22.818264569518476,21.38027366310041,23.46484607573484,23.44791636723346,23.319837045156874,23.203397718040037,21.701305459135313,24.67821710648076,23.15385554734098,24.113118190150203,23.381147844047916,22.955912628994213,24.57703525584236,24.84409622274427,23.639986784740245,24.482122306413487,25.267674956783196,23.677747201406817,26.187893475768476,24.701607353456495,23.24677599424956,24.6535536530198,24.85384347156821,24.78602750634633,24.87941785832885,25.241838053221443,24.736653346400203,24.064242812125997,22.932532882690452,24.239971558765717,22.6125065260037,22.257536557925732,23.81353664193108,24.91899226609104,24.91899226609104,25.43232024408144
1971-08-31,23.517088149696292,23.37488279855387,24.512688368110332,23.597331660280986,21.916137313842796,25.113468568043118,25.52813223151753,25.412160184306458,25.608961154568533,24.027951094924845,27.329477892639886,26.2032204371626,25.84657036155778,25.064727073587335,24.747449267807895,27.39965388390334,27.67095974747855,26.0974576683455,26.983719639111655,28.486166295697615,27.087770798385748,29.601860075099523,27.79821214163178,24.293636473789036,26.424432844756836,26.66413693581859,26.418310952955665,26.587453153056515,26.185631811490737,25.66368015658469,25.14523047580525,23.65059894438707,25.104837015623787,23.75979280779444,23.421180261591417,25.784065111221764,26.5600726507044,26.5600726507044,27.363639203963714
1971-09-30,20.059960746765228,19.75928800370957,19.69916430579292,18.915782144334685,17.34955493079292,19.899202283223474,19.584792561001166,19.409420924716585,19.725295490688836,18.827438502841517,22.128615803188723,20.224348767598485,19.26258661482069,20.390814696417976,19.19191875457767,21.546419080098474,21.73342808617491,20.720670382181765,23.113625568813745,22.700561332702648,21.062445555793033,22.83339553409155,22.7530081642999,21.325064913431902,22.078214327494322,23.317803086174877,22.395721922980442,22.46110549502896,22.181065347459537,21.663967365688848,21.113823593987433,19.912008815341608,20.908414522806822,20.352856254577603,19.547005017598508,22.321031167772162,22.084423637390103,22.084423637390103,23.030433294508327
1971-10-31,16.394319460468978,15.869866020448796,15.934576411913838,15.670799530193392,13.807709917458169,15.970798480126234,15.555557279689367,15.418195363526706,15.345412580428615,14.665003159225705,17.138063685099212,15.298611085132848,15.584930284561722,17.182229511712194,15.927241692491805,17.533988899312988,17.673968107982432,16.7667809230025,20.234924509192012,18.73677787780764,17.25003760143005,17.617563748103294,18.154870010704144,19.26594874474324,18.587214180731053,19.88009104985059,18.8703096738426,18.691627613190747,18.504815407209605,17.978471846221623,17.613166591685342,16.463566142256525,17.40426097172565,17.628439819171945,16.440044636880145,19.694877571188044,18.843307195683963,18.843307195683963,19.904591742894922
1971-11-30,8.15325895945233,8.416540209452307,7.447122891744073,10.062229771084276,8.000218052334276,12.278424432542579,11.586082310146878,11.428093486362059,11.963678338792647,11.153554640875882,13.960629293653767,11.750730747646685,10.467052904764898,12.694328837924559,10.73921816084112,12.658689732021742,12.726555400424559,11.804094462924525,13.305014059278676,12.840655877855113,11.962750604417636,12.675766012403699,14.19865555233423,12.157059415181493,10.891217401292579,13.066542922126018,12.06317920684819,11.902903599209253,11.518688646952342,10.877692010667658,10.744193204243913,8.717231941223247,9.78705073462595,10.803481398688461,9.107943746778744,13.96260683271612,12.855263625250984,12.855263625250984,13.409215990702307
1971-12-31,8.42518554263637,8.454561085171235,6.34000759124757,8.071943897671133,6.499195416768373,9.798682721455975,8.571640078226721,8.49738335079627,9.105789926317073,8.908084848192004,11.006671545240636,9.53823621537947,8.502103402879527,10.894128142462876,8.790672196282287,10.416331375969833,10.350353728400307,9.51872395409481,11.386312929789256,10.911969396803215,10.239489470587841,10.769236649407276,12.252762582567073,10.885830073886439,9.531934674580953,11.678665902879459,10.82118163638637,10.45953341590041,9.761234262254504,9.224613168504504,9.307957352532412,7.766480573018441,9.001278750101733,9.791279835171224,8.030857743157355,13.118555768330907,11.41642360687257,11.41642360687257,12.073357200622581
1972-01-31,6.607200487198327,6.87500175147926,5.654359005343508,6.499610601445681,3.985353313979317,9.13480937916745,8.469040519960402,8.301809442171532,8.935267733502144,8.677573366062688,10.330022122783134,8.326528024160837,7.626947000975292,9.657921358334136,7.813501940491449,9.5624649991272,9.565877717541127,8.499093443347647,11.00687969166745,10.241926734678316,9.1200821866272,9.642921148320738,10.845618245934986,9.441266242406698,8.192631329772269,10.259200340188954,8.999773361862367,8.810695635887896,8.474852641936252,7.911790855981906,7.8999224714053184,6.393314923522439,7.323908106486044,7.954069186795209,6.0892968413649555,11.23398822661369,10.010877822547798,10.010877822547798,10.72095951777635
1972-02-29,8.623290261454997,8.966563205061277,8.164137513610228,7.923891913753835,5.396581838322845,10.504803484335753,9.886451405492323,9.710024726253948,9.851239031210696,9.237954974996683,11.4538510552768,9.518640925966508,9.110011256426276,10.785837405851566,9.27492965172081,11.031521448595754,11.106986157647498,10.237548073955054,12.38452634263325,12.138404530492437,10.835928327187787,11.43507187065046,12.166331973021045,10.922210991519648,10.319789790010987,12.203567627654706,11.020638950391799,11.04371164256139,10.475543090118776,9.986178641483718,9.673145460808428,8.46793824996081,9.625832691411858,9.788416316591508,8.323592210090112,12.3405698052768,11.35471031802831,11.35471031802831,12.283314619393195
1972-03-31,10.032642721360844,10.005805628786845,9.970494493874241,9.578147383659086,8.087377474384937,12.030967864169895,11.896110358289434,11.723332300493837,12.025943292597276,10.97736455855835,13.053126907348712,11.138801890547597,10.81077139659601,11.90081728453282,10.987489831575829,12.358693838632291,12.560566633491135,11.418093515211638,12.237195812758614,12.445222001434672,11.911247077039604,12.962705620386316,13.541767805366078,11.601763395084049,11.13950543557445,13.005411853585258,11.999100949687488,11.933301113497805,11.39121441994945,10.871328772268043,10.59207389995612,9.814399378786845,10.977225424653682,10.801948206911845,9.859226747738433,12.794227587792193,12.02528700059463,12.02528700059463,12.623221518403739
1972-04-30,11.874333847893695,12.146417723761658,11.436123127407484,11.345533392164441,10.05860576629641,12.87647686004641,12.80917000240754,12.681270154317247,13.146040662129792,12.333494546678367,13.81968703799788,12.110162840949215,12.129927380879792,12.447980223761704,11.298737059699135,13.25867629581029,13.40577916039365,12.077260822720064,14.259305636088015,12.968317137824215,11.922348170810267,13.098661104838072,14.023704507615832,14.34083232879641,14.19887811872701,15.216054768032564,14.422261365254826,14.414215575324135,15.149103270636715,14.617091009352066,13.484126599629803,12.480060301886681,13.282214164733887,12.150264294942247,11.50708395640055,13.148614989386658,12.85536412133115,12.85536412133115,14.16207527584504
1972-05-31,14.86932332848994,14.793797244820553,14.997323895526222,14.307122597643172,13.078270951137767,15.751028007589355,15.89530199112437,15.751085761285594,16.16040458269015,15.360849286151222,16.816877721971082,15.310157291863504,15.449509085378338,15.239944548247934,14.427006145190148,16.028030485748047,16.181363924088032,14.968966830674105,16.343943204161917,15.719182094450957,14.790127259941642,16.055329607891792,16.89362188359746,16.11748833605037,16.12772911646033,16.861539705337975,15.991246631581362,16.208660421063882,16.597072404430833,16.1390409654187,14.953207947105454,14.480806338402544,14.961800122004718,14.335994195425428,13.876744678456305,15.503049386957684,15.418017569921403,15.418017569921403,16.754553608227866
1972-06-30,18.10721359252932,18.110487789577917,18.327249399820914,18.18323898315424,16.834768931070982,19.87391823662648,20.21196619669604,20.068246036105734,20.596395450168245,20.27024798923071,22.347485944959942,21.100434621175225,19.93986061943906,19.066347164577962,18.49841096666131,20.723470645480745,20.852922142876594,19.293967607286277,20.338680606418166,20.233195580376503,19.160243648952928,21.552835337321028,21.583217281765428,19.85225753784181,20.395687442355666,20.2425732930501,19.685002221001525,19.89468104044596,20.468330128987645,20.03593266805018,18.89476242065433,17.88981179131406,18.354883405897397,18.066032494439014,17.61588329739044,19.238737572564105,19.49686745537656,19.49686745537656,20.588835228814048
1972-07-31,22.675377166912085,22.32963203922401,23.03839590011114,21.2832925734981,19.947775100379886,22.15234656795377,22.336614986132588,22.174019955050596,22.335659424976598,21.248173075850275,23.904223563081644,22.64015003737586,22.49656909819572,21.170680741340902,20.865633593323366,23.704453527799274,23.819154993693076,21.85309054056802,24.12734184265139,23.39334486684487,22.072284193961877,24.943661462107002,23.9093268896944,23.090920261670306,23.80203102275891,23.54908295908291,23.333034256965846,23.46929360256405,24.05163199722125,23.57999693757756,22.446662029143283,21.225032219835555,22.261296290736084,21.438353372389315,20.903572521414844,22.55494495925086,22.93065637978168,22.93065637978168,24.113816977060026
1972-08-31,21.09286237327001,20.634350528512073,20.744478951731082,20.45066227246349,18.854321231637073,21.593705052201642,21.577187495077908,21.409536390407084,22.314914834627643,21.251790044640984,23.8809771876181,22.46746859806842,21.4412930478332,21.213071441650413,20.469285214331933,22.913103993733728,23.101971706267364,21.651558504822447,24.5955899228332,24.19305978590444,22.102578120077794,24.729841014903172,24.18318652901604,23.012009823706933,23.590315960299677,23.900167165776736,22.937119030696124,23.173119009694858,22.819015347060372,22.23900285126075,21.25994644165047,20.364183987853323,21.242423445178588,20.938502494237866,20.11923481110597,22.406446567658463,22.444201733989132,22.444201733989132,23.745891292120746
1972-09-30,16.666420216030588,16.67014742957224,16.347024599711062,16.20549356672501,14.533743349711074,18.259239768981956,18.48913614485008,18.386244434780565,18.817811817593167,18.308784039815293,20.719564204745836,19.272046301099977,17.462191157870905,18.417643631829208,17.309855545891708,19.74839449988474,19.762524816725033,18.593348926968076,20.96885348425974,20.656836340162556,19.40030964745415,21.111757130093167,21.824821366204105,19.277466222974965,19.72377427419036,20.926972516377816,19.502713076273608,19.47197305891251,19.14933037228053,18.562823210822273,18.016401227315214,17.05850734710691,17.967307260301368,17.9848528332181,16.816287295023642,19.9991486231487,19.494667286343088,19.494667286343088,20.545277637905656
1972-10-31,14.633566526187451,14.457630391274733,13.878922603976434,14.07835661775323,12.51598000064979,15.59579823401674,15.110407293996502,14.948930584487073,14.510742790468328,13.685061821886336,17.023774124473675,14.889389148835278,14.312876001993857,16.163952845911865,14.96968778794809,16.925359200918535,16.953275237544858,15.822951396819121,18.39678949745752,18.030226787444064,16.896448225616098,17.691461981496445,18.386448960663245,16.486410108176642,16.43555797864036,17.6578598309589,16.62948701509862,16.422836414460164,16.030318668324583,15.454141542988452,15.19285857087823,14.378673213015361,15.342661158243857,16.10373936724926,14.804758982504552,18.31439072393613,17.242886397659163,17.242886397659163,17.866689321046238
1972-11-30,11.633222431606725,11.313544697231748,10.617719501919282,11.981394089592811,9.754462665981748,13.774476771884508,13.037136819627506,12.890706698099791,13.181592114766488,12.506274731953965,15.14992978837762,13.393614684210888,12.528613599141465,14.443980895148343,12.83742978837762,14.975895500183128,14.950746303134508,13.829601012335843,15.583878898620583,15.49989994896788,14.488072692023422,15.935132153828874,16.76985980139841,14.338037427266443,13.765674146016522,15.880040465460922,14.963609801398434,14.770616637335934,14.34694042205814,13.83157312605124,13.236133130391522,11.497008238898445,12.697260517544237,13.608406893412223,11.947678269280345,16.506988165113626,15.272382587856725,15.272382587856725,16.18465743594703
1972-12-31,8.287916077507873,8.225445916917522,7.2605207867092645,8.450630378723247,6.040994962056516,10.768694072299525,10.084563212924536,9.938553555806493,10.030138842264819,9.794741164313393,11.701069831848145,9.903543790181459,9.34066130320241,11.739839363098156,10.065170309278642,11.579948955112059,11.371428447299536,10.588255161709299,10.754154141743925,10.403834046257941,9.818778165181527,10.642826016744038,12.226954163445328,11.059999953375836,9.517668681674536,11.529759067959276,10.470479011535701,10.133228577507907,9.756232049730215,9.17586909400103,9.27777610354957,7.923422262403676,9.097429423862025,10.238143942091199,8.513328403896821,13.28215164608423,11.958448304070487,11.958448304070487,12.448330031500916
1973-01-31,6.663510238483468,6.22156582904114,4.677659894061378,6.782661364155501,4.838829458913608,9.100857978738759,8.361027879612493,8.220400254444428,8.876786763180917,8.46874639859766,10.687451770741404,8.60141188918908,7.665536868187701,10.132667139525097,8.324737557031824,10.251469117851684,10.244690934048037,9.406002257972546,10.584400800479443,10.191541782502213,9.245617618355709,9.865259650445694,11.163132214289817,10.182965358611114,9.225789724370486,10.987757865331616,9.951226027293956,9.676651829545222,9.287255408174303,8.721767966978007,8.72736220000894,7.013523889357089,7.871176779142047,8.899084940264402,7.202609490835528,11.856895865163608,10.730549153974039,10.730549153974039,11.395572465465875
1973-02-28,6.5515478497460435,5.834971863882913,4.295787293570413,6.320579192751893,5.264952913920126,8.765755090259347,7.9684615634736815,7.7576897303263195,8.151860582260838,7.157583354768292,9.674806894574829,7.641458447774312,6.980767413548051,9.00732061295281,7.296944055103211,8.888127672104645,8.962648691449886,8.227297128949886,10.187941078912672,9.367599514552523,8.166991488138876,8.953568985348682,10.233993557521273,10.027534875415597,9.076755369277237,10.850602676754988,9.702249463399198,9.67346121470132,9.23943731217156,8.72386462801984,8.600041734604588,7.071285456702867,7.934194682893349,8.184723654247534,6.458873231070413,10.44518682389031,9.460535712469209,9.460535712469209,10.750348072960321
1973-03-31,8.712943915910728,8.388777669270894,7.412679824008762,8.341272628948161,7.027536174815225,9.434513346354095,8.920248183383706,8.713920478410614,8.900464917254737,8.26763666624663,10.382516643565225,8.25282809349801,7.67158701906925,9.62285865045368,8.07861144363244,9.820250283518192,9.967934360299068,9.048204122563845,11.571402732274862,10.058794050319307,9.100534221690225,9.955727329049125,10.801228316112258,11.153475984963052,10.342498582409291,11.903643995715697,10.762186817456438,10.647503727738638,10.23588525915659,9.750856592322009,9.422736842657969,8.855440660702243,9.805457461777621,9.44014695690521,8.356551106770837,11.187860435567814,10.113733566448332,10.113733566448332,11.535550812752035
1973-04-30,11.715449523925884,11.112978278266098,9.845750088161935,10.212669033474413,8.770492384168904,11.401376173231426,11.348847961425804,11.173045010036958,11.350706142849447,10.736228603786913,12.88819529215499,11.036855231390916,10.635159810384152,11.32799563937715,10.253098720974435,12.003220791286935,12.195714823404955,11.001414150661958,13.816626824272987,13.121265496148055,12.174303690592467,13.176077779134118,13.453622266981483,13.61682484944663,13.446094597710498,14.255697462293881,13.473725891113247,13.48350507948146,13.32702992757163,12.912972852918813,12.248462761772998,11.687031555175793,12.32165612114801,11.286708747016121,10.454636806911878,12.93491024441181,12.698107401529967,12.698107401529967,14.247773742675804
1973-05-31,17.179920717464995,16.145305252075218,16.718977967129035,15.484072683190846,14.233965051302448,17.116979689239145,17.70528771595292,17.59158643907125,17.922189597673366,17.4690750983454,19.364753546766053,18.257927584904508,16.892682709232474,16.3587865398776,16.62137159532125,17.686181743170607,17.929563694615524,17.390866092969077,18.271783221665203,18.183543449319814,17.619334464944814,19.503278412357474,18.709831881779564,16.922509868170664,18.26572170872845,18.264314618674632,17.922486241658532,18.13107684145689,18.602688274588672,18.097298804662557,17.173507432014844,16.75138041588565,17.22308372989778,15.994783368674689,15.830064576672044,16.891422628587236,17.778871175294285,17.778871175294285,18.762889152444927
1973-06-30,20.984162733289907,20.479838731553855,21.001247151692837,19.43344930013029,18.128634304470552,20.6278367784289,21.381067572699692,21.23518269856777,21.657817247178855,20.599597846137158,22.772319200303798,21.685624864366275,20.60774671766501,19.79921264648442,19.794465467665077,21.718429226345506,21.909471978081626,20.730964491102498,20.839371066623244,21.561373562282995,20.450512017144092,22.440293375651038,22.28303697374139,20.259735107421818,21.336107720269126,21.431783718532984,20.952063666449703,21.06082560221364,21.463622368706638,20.875246175130144,20.24611206054692,20.090879313150992,20.82374877929692,19.53914591471363,19.47431572808165,20.481553141276038,21.172888861762203,21.172888861762203,22.131984456380167
1973-07-31,23.681581546414293,23.133013313047343,23.37824338277187,21.884486032301425,20.22299619695184,23.466262641004334,24.091556659821606,23.888738804478862,23.957064052294697,22.92223594829602,25.64777988310783,24.616393374371285,23.56931361126641,22.547897490634682,22.013415908813442,24.840186322119962,25.112237733410268,23.26900751667648,24.68080449668321,24.886134637812063,23.566378673430506,26.161863909485646,25.412785343457358,23.285262556999044,24.570140539189822,24.66306361126641,24.36813386076244,24.666203312207358,25.107003148396814,24.589519529445283,23.68495226214003,23.384745923934418,23.885291958880657,22.476983827160268,22.582560209048836,23.253618781797343,24.182712993826897,24.182712993826897,24.99407104574226
1973-08-31,24.14991744666986,23.90499977193855,24.28718223161593,22.92281153689146,21.30520663517774,24.111298600063606,24.22613394952583,24.05473935527192,24.347889241864664,22.67747383527859,25.2182479448216,23.827428682388813,23.750708147274565,24.03200540029883,23.200546436925094,25.156062964982937,25.40131141088341,24.13284335392774,26.030779446837812,25.418592891898243,23.99953994750979,26.506517644082408,25.747599948349944,23.982691619216837,25.11282382267774,25.113199221703326,24.59726182671011,24.77227915281901,24.73664512224093,24.288778333766516,23.592045617872714,23.454969845023243,24.165064666091837,23.37769802462674,23.169390942973564,24.461958042267838,24.823336045460053,24.823336045460053,25.730628237160374
1973-09-30,20.4153765572442,20.041933631897052,20.10575470394565,20.203261756897007,18.71435116661928,21.66224884457057,21.752957937452607,21.601422564188738,21.715590858459507,20.986955875820627,23.413122325473353,21.82936852773031,21.11727542877196,21.656389469570627,20.918496131896916,22.86368384891091,23.03553714752195,21.732208697001226,23.59199602339004,23.164928966098444,22.542793549431735,24.42741811540401,24.296509912278907,22.366412798563715,22.866792572869258,23.412080658806758,22.508787473042844,22.621043332417855,22.626482243008127,22.10916182200117,21.318610064188647,20.672684499952595,21.629260020785864,20.882876014709495,20.002060042487358,22.6983355416192,22.42235626644566,22.42235626644566,23.78726512061229
1973-10-31,14.272431679182205,13.643173656668637,12.809748442455032,15.071425189766842,13.275106725385228,17.145381422965727,16.98937818875885,16.84984000831531,16.880207951863667,16.556516860633792,19.03313973949804,17.563578562582677,15.869334505963081,17.156593515539726,15.747755099881147,18.218883502098777,18.19910286113776,16.75531033341605,18.015698123234642,17.679301218832734,16.92583074672251,18.593978008147246,19.956203940606883,16.810935018395924,16.359820897092163,18.332813168597568,17.367743654148512,17.248637156332677,17.071734959592106,16.506158262683527,16.139369788221245,15.60553924806652,16.63690213029099,16.22869375495503,15.009594607609642,18.34186737306652,17.47873575764322,17.47873575764322,18.17200850209889
1973-11-30,10.750389607747422,10.42590772840714,9.044047376844674,10.32602979871973,8.710364108615522,12.66990186903206,12.17761942545576,12.019975111219651,11.758560180664062,11.341470336914085,14.041418796115465,12.274847073025228,10.93617519802524,13.085488891601642,11.047109985351597,13.310434638129323,13.293263414171008,12.239254082573723,15.602177259657253,14.253845553928045,13.173900349934911,14.023124525282185,15.096513197157094,14.291256035698837,13.43568691677524,15.302421400282128,14.3235938178168,14.162401326497502,13.355530124240602,12.692303127712648,12.553227064344696,11.02881300184464,11.583104451497434,12.479998440212682,10.9138037787543,15.251512654622445,14.216841973198825,14.216841973198825,15.482887437608554
1973-12-31,7.418726645575646,7.081573867797886,5.232422934638123,6.651875517103463,4.760105768839537,9.2095849355062,8.554536649915917,8.42833222283258,8.69726668463818,8.824800321790917,12.40915904574922,10.424114015367365,7.1481374528672745,10.090267986721472,8.014345677693711,10.549718941582569,10.556066597832569,9.447638320922863,11.138946914672943,10.743175972832603,10.272057808770114,11.269790013631223,12.397152752346528,10.173774931166008,9.126726320054843,11.470470894707603,10.391485977172863,10.296452882554831,9.817088190714514,9.205165990193734,9.42298011779792,7.642880291408915,8.597565078735386,9.121593941582603,7.123137452867297,12.495191489325691,11.232146241929854,11.232146241929854,12.059964709811766
1974-01-31,8.430068055019717,8.557194441108322,7.46695429073867,7.743767756800537,6.215683709421569,10.145221574844868,9.32091094396452,9.186326455557264,9.207427556027596,8.708559003440314,11.178469327701123,9.373548187748156,8.904769310899951,10.746148784186346,8.79259063146452,10.44668536852771,10.413999401625858,9.740239530994131,11.759077736639256,11.26612893791605,10.427547893729297,11.309719852734645,12.248183289394603,11.469946982270926,10.422617828205148,12.030782625752124,11.174563077701066,10.992940828877238,10.69976469060424,10.203912456061289,9.762343445644603,8.206154349542373,8.811071814260117,9.629646453037026,7.840534074844925,12.996658066780412,11.632037981094925,11.632037981094925,12.656257781162026
1974-02-28,7.837699713025756,8.126396002088313,7.293946225302648,7.559838617415664,6.318836943308554,10.477060413360675,9.790051601046628,9.57523400897071,9.59284119833086,8.90580041522071,11.25828134900047,9.148685459863543,8.381522955213313,10.271183018457407,8.86814463025047,10.06047803333837,10.130595802125526,9.504921508970767,11.351264049893416,10.53287851696922,9.649368472326444,10.738436203911249,11.593402140481146,10.6350135848636,9.625509539104712,11.355030790964804,10.449725382668646,10.33945810681297,10.496562599000526,10.005124959491638,9.8591346786136,8.57153992879961,9.277208060310045,9.266500750042212,7.919832688286249,11.674494611649322,10.793478289104712,10.793478289104712,11.56354432333086
1974-03-31,10.164158080726565,9.808306056196955,9.629014956566664,9.270448508313905,7.549215099375715,11.327375276627095,11.094706635834086,10.91360154510835,11.107079052668837,10.694213629281649,12.86232151318626,11.016101230088168,9.976416565269574,11.25346367128435,10.217170723535617,11.817864292924128,11.966640439597484,11.159718921620367,12.269170051492608,12.089411671956498,11.550913583078682,13.059374499577416,13.174734882641872,11.83809383761502,11.22062019430183,12.464246286371747,11.893387751425507,11.821820421116342,12.309994039227945,11.886929838119102,11.119887247393308,10.242965624409408,11.362195505121804,10.758446240168837,9.919597428844838,12.436936663555855,11.848465876425507,11.848465876425507,12.794796941613697
1974-04-30,12.044643974304222,11.512987073262536,11.317818344963882,11.154273965623702,9.820984035068136,12.437108167012468,12.10770278506817,11.92653145260283,12.114058579338916,11.331300332811168,13.400622706943068,11.53934612274179,11.341158188713962,12.012905693054222,11.121494017706993,12.675017780727842,12.85051148732498,11.93426257239446,13.524412854512605,13.020251613193068,12.09986044565835,13.316974703470862,14.014194213019493,12.556617715623702,12.489115545484822,13.87797188229041,13.048612615797254,12.98341893090145,13.226073010762605,12.732738049825059,11.930980237325002,11.469850137498668,12.113890393575105,11.7849760055542,11.042609469095964,13.10822090572782,12.669519191318102,12.669519191318102,13.66689603593619
1974-05-31,15.995871582851692,15.424448636783097,15.231343903080187,14.38554364686371,13.245393802273668,15.964996981877164,16.075737069242848,15.857194457515618,15.940764055969964,15.035803013463237,17.385504269343528,16.052126308154072,15.637483646023668,15.193478479693113,14.715774031608419,17.243529932986007,17.41456487922261,15.776617550593642,18.660018088228014,18.3365002580868,17.36097207428321,18.70381114098342,17.874717453987387,17.80157502287176,19.014699287824726,18.46224318063389,18.028497170889352,18.203963400727957,18.763315824283097,18.432387144847667,17.21153701043903,16.089516576131246,16.19376462300619,15.124084788496702,14.859961384599046,16.302596213228014,17.15320315207208,17.15320315207208,18.530397792529016
1974-06-30,20.326368204752498,19.770460001627555,19.77747497558596,18.80194871690543,17.518580118815237,20.126753404405406,20.309544203016628,20.105486043294206,20.33552890353735,19.382005140516583,21.398351711697046,20.628882853190134,19.863149346245734,19.259297349717883,18.61068081325965,21.144434611002566,21.233575778537386,19.881185913085915,21.28833923339846,21.319806247287318,20.13008728027353,22.8678259955513,21.751943291558234,20.169941880967883,21.50544535319011,21.508830769856843,21.48234422471785,21.761868964301243,22.3587792290582,21.92085876464853,20.83688524034301,20.13078443739164,20.345785522460858,18.98851013183588,18.628625149197035,19.97168613009984,20.55731167263457,20.55731167263457,21.648978339301266
1974-07-31,23.20077144253645,22.613453104162772,22.845916981850962,21.935057186823997,20.225219632220558,22.550013294014946,22.889510521837508,22.768296014108955,23.21808705073539,22.076530116091476,23.835933467906045,22.641736664310656,23.122441679431574,21.82534354015064,21.20366700285234,23.599951865083483,23.810327579129137,22.054439327281102,24.82386294539259,24.27937422311436,22.36390725822855,25.110778057959806,23.843955981346937,23.800640709169386,24.817368279734012,24.171372185983955,24.033052083497353,24.2051685989544,25.465194115587508,25.003631825600905,23.840643019317383,23.046537571568592,23.371693506548468,21.929066553423525,21.85659616531865,22.684744791830838,23.69972925083613,23.69972925083613,24.71785866111844
1974-08-31,22.738199324248967,22.3901597997193,23.266572140109247,22.988183573240917,21.45581000133228,23.769444073912837,24.063552146829693,23.915343036446473,24.388400937152085,22.8363989840272,24.974876596594356,23.381501995619942,23.7469358833888,23.110358892461306,22.508308111211306,24.33756980896004,24.603428448913007,23.19373160331486,25.552130040814745,24.98818882357699,23.31494348587529,25.770126617595622,24.859274698072966,24.038137895317504,24.91793407727306,25.005005649853842,24.388419313328257,24.52787348839547,24.837546182447966,24.3478735934022,23.599981603314802,22.870699429255637,23.614695670015237,22.534244771157603,22.133279234363158,23.93778297260252,24.400400580129315,24.400400580129315,25.47299435113058
1974-09-30,18.317786365085226,17.635095935397658,17.682413101196232,18.81413239373103,17.275257068210124,20.61455014546715,20.62253896925182,20.53405969407828,21.15817807515458,20.014400948418597,22.69432987636992,21.090887493557318,19.699820327758744,20.210177315606018,19.034043418036617,21.663749906751832,21.74909604390467,20.366185887654638,23.25274458991163,22.720075861612997,21.642195002238054,23.658487319946232,23.288437949286617,22.070089424981063,22.358582263522692,23.489240900675497,22.82234908209921,22.952942615085135,22.655253813002048,22.104635323418506,20.844460084703258,19.101461495293506,19.866226577758823,19.80163781907828,18.83259756300191,21.963703791300475,21.970770306057318,21.970770306057318,23.475775188869875
1974-10-31,11.258437072589857,10.772906998665121,9.471290945237683,11.302343007569732,9.4036062384165,13.510211686165121,13.391774606191973,13.195178399034717,14.137918234384244,13.501656263618088,16.263191251857336,14.241583493960832,12.071267843759244,13.491344603671848,11.78237335451189,14.813754612912362,14.862619490264649,13.26018280931703,16.85183267490845,15.874073098295526,15.060822300244467,16.3093810830066,17.07770738088965,16.804093994632865,15.537124908611418,17.263640155587154,15.978263391474286,15.821624866608659,15.529351786131542,14.989123711534774,14.194272716070998,12.466959418019997,13.44812908787884,13.367300164827782,11.871285169868031,15.446672119632865,15.053406200614006,15.053406200614006,16.439662921044146
1974-11-30,10.66247312757713,10.214317745632627,9.127338578965919,10.082967376709007,8.225493960910455,12.463170284695082,11.634619394938113,11.400960540771507,11.531073930528407,11.12460962931317,13.774080657959018,11.458938513861824,10.633884260389607,12.304080115424313,10.834578704833973,12.70738957722972,12.681711408827027,11.668636322021484,13.699503835042321,13.308653683132718,12.550540076361813,13.137380896674358,14.278480614556202,13.709481048583996,12.546354420979753,14.364917246500625,13.178157806396428,12.918226708306292,13.108965640597944,12.63865585327153,12.16123886108403,11.118427446153476,11.902531178792344,11.942591942681247,10.205892181396507,14.532319047716044,13.464578162299233,13.464578162299233,14.810039859347853
1974-12-31,9.147857284545921,9.431573104858444,7.395665444268104,8.363042831420898,6.596004528469564,9.892372258504281,8.344621064927821,8.099577119615333,8.62739830017091,8.500502141316701,11.209866290622301,9.076929007636238,8.367079289754258,10.772225231594518,8.733781221177878,10.363558239406984,10.266208521525016,9.652693981594496,10.794501707289044,10.05610652499729,9.655159801907075,10.803529485066747,12.395472844441713,12.145274819268138,10.412044567532007,11.992529593573693,11.173524602254247,10.666013209025095,10.542906655205684,9.938474146525039,9.549674775865412,8.313710149129236,9.081347952948704,9.58844701978893,7.630927488539044,13.206597518920887,11.795307371351441,11.795307371351441,12.974498452080638
1975-01-31,9.016486145347642,8.648077942222756,7.33398184007217,8.315931184830163,6.610695549749664,10.113244587888062,8.71735612602646,8.52507569507884,8.02546947028037,7.186851673741444,10.806774598808715,8.38713099161788,8.540537934662268,10.847288816718617,8.832868768835567,10.769184818062797,10.678241122666236,9.714859591248171,11.439749859225458,10.360782180293938,9.53182762720246,10.439379710536002,12.028677425589649,11.450988203479369,10.117736250354426,12.224911359561474,11.269636346960567,11.050516198271055,10.762367256738798,10.184720037316822,9.682530647195847,8.281717370146055,9.352591656100401,9.756187611241444,7.658799128378519,12.91504702824426,11.3758165174915,11.3758165174915,12.688597410468674
1975-02-28,8.93604896636242,8.204580402374233,7.4114314533415495,7.176571078527559,5.490030202411447,8.996810917627215,8.29055568604241,8.114649459293958,7.900604979197226,7.324520297277559,10.394527621496366,8.040177849360873,7.693344120752272,9.740666711898143,8.528770088014141,10.143225538162994,10.138389228639255,9.019359048207605,11.890877137865346,10.638825194041033,9.640322008587134,10.183813917069244,11.39882333392194,11.639920920417467,10.34514727365405,12.252478467850494,11.123801826295448,10.99363418306632,10.836861024584096,10.305721469152559,9.942809336526068,9.072799687158465,9.908734280722513,9.782850724174807,8.470400133587077,12.009500417255254,11.149410433996309,11.149410433996309,12.33721270334155
1975-03-31,8.752995940177755,8.498987308625203,7.518725946898087,7.960231953282516,6.435040841051318,10.470716874317418,10.441364870789243,10.26281144336997,10.25599913238193,10.00578124343707,12.043628290648144,10.072415883053964,8.886275720083574,10.061686821394062,8.687518999653548,10.676409288632044,10.699573771158839,9.502628416656137,12.343950136246178,11.482031348443797,10.207822049048673,11.04758179367235,12.2392479353054,11.801173023511069,11.304900762086334,12.47213709021139,11.466435225291946,11.437348363732838,11.478763014270442,11.06062100318178,10.256658049552698,8.878111447570234,9.888063459498937,9.403525699082195,8.277394251669648,11.520130411783782,11.051608801400846,11.051608801400846,12.074909792664357
1975-04-30,13.017987060546943,11.865193006727452,11.77526516384546,11.588264295789998,10.581292724609398,12.90640665690114,12.76103176540795,12.555956353081683,12.816359456380212,12.108503553602418,13.96771579318579,12.248203531901027,12.245607503255258,12.508221435546886,11.78021036783855,13.102408175998221,13.227028401692849,12.25469767252605,13.992295328776152,13.728211127387283,12.583812798394092,13.879136149088538,14.02739732530381,13.539148627387249,13.274196370442837,14.36590372721355,13.742127143012112,13.808617485894104,13.958530680338583,13.56798977322046,12.895585801866218,12.122853597005303,13.246825493706524,12.066109890408029,11.423526340060732,13.347929551866343,13.378067355685744,13.378067355685744,14.380807156032915
1975-05-31,15.570858850786749,14.971753508044912,15.393720388925203,14.742909737043533,13.672694368259897,15.978059161606666,16.345727067352698,16.192553764261277,16.668039945376904,15.930559371620063,17.88635679265508,16.30327810061874,16.004891003844534,15.410167066512543,15.322814600954757,16.72895696906636,16.84829710683516,15.754562857843268,16.202190756028642,15.76102602148569,15.143386992587807,17.302650685464073,17.359559077601318,15.958401903542153,15.579101878340452,16.64910723368331,15.785883737379606,15.92260248737955,16.631227214362013,16.13802114917388,15.346133968394327,15.06405704047097,15.839547421855343,14.732002163958839,14.41482148939565,15.915070880356666,16.048996451593155,16.048996451593155,16.947525832473616
1975-06-30,19.86021618313265,18.81942842271593,19.108707936604844,17.9381485833062,16.481011539035364,19.276969655354833,19.395532480875715,19.214426252577027,19.368554941813102,18.63598658243825,20.82294947306326,19.318351491292333,19.00100394354922,18.21186820136171,17.676511213514516,20.229752858479856,20.374110497368747,18.340565575493713,20.31533499823672,19.38730222913955,18.3237822638618,20.846110280354765,20.647111256917356,19.990500471327096,20.71950980292422,20.81975936889654,19.806478118896507,20.09201414320205,21.317562103271484,20.818413882785364,19.2974150763618,18.766970740424313,19.34079615275067,18.16790932549378,17.764494069417424,19.357291920979833,20.11302380032015,20.11302380032015,21.3383004930285
1975-07-31,24.32653229005882,22.98607687591226,23.679302367343723,22.466130849366493,20.691252132128625,23.322337271577624,23.721504568284615,23.530300456221312,23.48115993622821,22.208646495367873,24.267069609447333,23.280723108271275,23.709662435388168,22.313306693620632,22.235126565092344,24.23240689103335,24.47625349721602,22.931426128264434,26.202122952861203,25.616663233439112,23.6853980074647,26.12789107702116,24.43052832080474,25.009495999736203,25.99625465229002,25.305481067780477,25.17333536045527,25.509648259480855,25.933192866335617,25.555672705045254,24.144862788210617,23.387262926819403,24.081737998224014,22.644290501584294,22.351957042242987,23.744346155146104,25.160613796275243,25.160613796275243,26.147705845166342
1975-08-31,23.579911947763094,23.159081764631367,23.24495888576712,22.170419865269764,20.47226955865034,23.427219050417705,23.281023443898846,23.070986376526605,23.220101169873317,21.93988548606967,24.487884057978135,22.79302308687602,22.79006452252787,23.103286443730838,22.26171008284382,24.367677614765796,24.63748713257496,23.192287514799318,26.417841950283275,25.881163102837036,23.931681836035978,26.150161443730838,24.864561540337206,24.471983415337036,25.307556016983483,25.615795369302077,24.92785171590822,25.0189424207133,25.368339157104515,24.859949120142062,23.99411358166776,23.425756831835656,24.32156128832088,23.274862174577663,22.80663195784382,24.525502715572202,24.986749985397466,24.986749985397466,26.09165432427517
1975-09-30,19.56167551676441,19.141552903917102,19.411230638292125,19.64073096381304,18.376055399576842,21.54819352891701,21.648738776312882,21.51674821641717,22.05132395426432,21.1214031643338,22.990088060167125,21.971766662597645,20.71537560357001,21.209643724229636,20.458987257215767,22.274883524576808,22.36572553846571,21.194490729437916,22.20728098551433,22.269810824924036,21.405344136555925,24.152563646104625,24.043560282389308,20.70700429280606,21.225849236382317,22.44439578586156,21.769610087076842,21.74704064263244,21.723768615722747,21.1029922485352,20.000347391764365,18.990866597493493,19.9471220228408,20.129492357042125,19.21942019992406,22.335628424750496,21.38638254801441,21.38638254801441,22.195350646972656
1975-10-31,14.793331318516891,13.361512182092213,12.488688446373203,14.409151105983312,12.747015479303172,16.266402345062602,15.965513463174204,15.800736917475263,16.228972699565247,15.59224869922923,18.221147073725206,16.308706927555875,15.186521107663452,16.519413412770916,15.051521842710429,17.389037068684956,17.38858291461912,15.792031860351642,19.130129873624412,18.04032812631266,16.882797044323354,18.57928824476022,19.164432944020916,18.040107612199677,17.95041349677632,19.04199510799947,18.126375883369064,17.965531839350206,17.634471901514132,17.120779025170123,16.515003130512923,15.500661837670236,16.116977781890625,16.119933721070765,14.835011111023732,18.537996977119008,17.654068780714454,17.654068780714454,18.90139635967961
1975-11-30,10.064699321323019,10.073643006218845,8.999809455871628,9.88056574927441,7.734971131218742,12.285982958475813,11.646860779656322,11.48581748538561,11.691684998406288,11.188389099968845,14.377948019239682,12.08871190812846,10.871424039204896,12.733674473232725,11.210025384690994,13.03794150882311,12.961224386427148,12.009832784864614,13.951301426357759,13.087746196323053,12.564444330003482,13.293125428093788,14.84335329267725,13.812247064378482,13.033509000142374,14.66832345326742,13.692205831739557,13.427136929829828,12.858422194586865,12.293358718024365,12.051437060038268,10.543857849968845,11.40145333608001,11.664881070454953,9.88190852271191,14.59892783694795,13.510847324795236,13.510847324795236,14.618296326531379
1975-12-31,6.81378599802656,6.32467466990164,5.569100125630712,7.716173150804366,5.68829771677656,10.280501492818132,9.684318224589049,9.609912300109897,9.670027860005632,9.5654732810126,11.88484177059604,9.991455268859909,8.896682590908483,11.083002577887669,9.2306615405613,10.747859891255644,10.549539036221006,9.636623997158438,11.26559806399871,10.764361084832103,10.102913602193155,10.773217964172318,12.763818550109875,10.920182482401572,9.228350342644603,11.607937473720938,10.520391358269649,10.268229357401538,9.343600993686266,8.706095568339094,8.574802165561323,6.685956679450101,7.945217747158438,9.117903836568246,7.319238471984875,12.900485759311266,11.509274821811289,11.509274821811289,12.055333307054354
1976-01-31,7.053046285977928,6.709684810843555,4.834947327644613,6.886665762624375,5.2574366169592395,8.949937562019727,7.910457660306008,7.735156816051813,7.94093061057481,7.476900662658011,10.57790400187173,8.547488805299224,7.264469442059863,9.918049646193026,7.658664670554515,9.425090346797788,9.43168476884091,8.948540972637943,9.495646987422845,9.312573020688944,8.562504766320671,9.614252078148638,11.409462721629836,9.77612518802772,8.678505690379893,10.421969022032954,9.327722865279043,8.98142120197258,8.443752666186242,7.9075647251581245,7.774799478182274,6.091806891656688,6.871426662322051,7.890467005904043,5.867213267664795,11.70890251077634,9.922252540178192,9.922252540178192,10.754577808995407
1976-02-29,8.355701065063442,8.147106753820651,7.033443858705823,7.485230294589314,5.559266640674082,9.954294590566406,9.4234065921828,9.232424080508963,8.96022973334658,8.03841085762815,10.380449067039137,8.456750027886756,8.21676540594001,10.115329185573614,8.647979486399663,10.019943162764605,10.114223537225826,9.042724008669893,11.25836472346873,10.187269289740186,9.197711212333616,10.047314974905476,10.9787479400635,11.120040819014605,10.059061787046232,11.81618395838251,10.853206340745999,10.74640463905763,10.034302560214371,9.557310709460069,9.20582958966844,8.394334214309254,9.308910251485827,9.20686788887815,7.9785290553653,11.329361939704313,10.401961504179894,10.401961504179894,11.245972482089314
1976-03-31,10.137718660088012,8.965358004006077,8.31255222443616,8.107153828938863,6.192211897655227,9.757355441842037,9.838360251149822,9.719487393286897,9.613249469059838,8.981145764422706,11.455679009550408,9.390477711667245,9.059969059113541,10.30041869789045,9.18993850215793,11.20517760246031,11.385487267278904,9.796851094563806,12.305361889254755,10.992279101956285,10.036996213851467,11.1916973647252,12.067211897655284,11.456372053905227,11.659218786096119,13.165130664456342,12.47481123401269,12.475577783071913,11.949995520807079,11.489653933945647,10.694464291808515,10.122686948058515,10.925552581459044,9.9511190927156,9.206482310961633,11.958569319530227,11.639320012574558,11.639320012574558,12.950877577258836
1976-04-30,12.097192785474988,11.27583861880845,10.892372364467974,10.48100083669027,9.728646235995882,12.121202659606979,12.004462750752737,11.822746170891719,12.043340788947205,11.126199404398676,13.367727724711074,11.389117156134716,11.13163288964165,11.884668371412545,11.086290550232036,12.958976639641662,13.116848818461165,11.832568762037567,14.24960163964164,13.439822451273642,12.512519391377793,13.632563336690339,14.112915441724965,12.557498232523642,12.421614985995802,14.043915875752816,13.328136253356888,13.304451900058325,13.345087750752725,12.84220417870415,12.038935407002839,11.442564964294434,12.450315072801459,11.583759625752805,10.893983692593054,13.246604135301368,13.363463401794377,13.363463401794377,14.49612941741941
1976-05-31,16.80637177908295,16.48191676396192,16.581029982207895,15.748203306300695,14.956704650386655,16.590800857543968,16.72541684796738,16.568675941549316,16.63617951177781,15.684243712886769,17.176418087046613,15.778111845447256,16.340438584358424,15.927481280091058,15.389474097631364,17.18826284511124,17.304531536307366,15.871785715574958,17.91237868852511,16.91629018886124,15.877702844271198,17.56117321137458,17.413189865440472,16.735253352503605,16.7984070193383,17.19523266617972,16.915786156603133,17.07228029722802,17.450146980695877,17.048128751529248,16.235804637785918,15.906999719271028,16.752542709022407,15.55851391617972,15.423803419707895,16.64332784427114,16.914641583350374,16.914641583350374,17.80910195381415
1976-06-30,23.455340449015296,21.8929977840848,21.722834481133418,19.96221707661948,18.78685086568197,20.795981725057004,20.721263843112524,20.51073866950145,20.455004077487445,19.190257983737638,21.31831516689732,19.89782091776533,20.518665101793147,20.169948196411212,19.746372350057015,21.952885479397366,22.1715568118625,20.54763916863334,22.04942139519585,20.627443313598633,19.331156963772287,21.856349563598712,21.307212193806947,20.91179661220974,21.84391466776532,22.11852404276533,21.68445286220981,21.74562365214024,23.07509685092498,22.50951796637645,21.46048096550828,21.7334464603,22.410912280612536,20.453799650404278,20.620881356133395,21.18156657748756,22.39930746290412,22.39930746290412,22.909678014119493
1976-07-31,24.264819409770325,23.654158077445118,23.210160786618417,22.06255809004591,20.472911227646705,22.83954481719644,23.077946824924936,22.89374403594644,22.970997480166773,21.38795816565073,23.863021694716622,22.28092744068431,22.559111244447706,22.616686429259687,21.564860362391357,23.83523691649077,23.953734375328168,22.39485973235105,25.010569262761067,24.432042612055284,22.342301243607835,25.108107380200522,24.482419586181663,23.82383581182006,24.87334385533495,25.087911962693795,24.661345787458515,24.81672160651101,25.176839529058043,24.86151747344644,23.677989352646705,23.877688508392737,24.090875777377903,22.409760185980133,22.092222488567472,23.912553364743474,24.61775224747197,24.61775224747197,25.55442006921254
1976-08-31,22.53204209112363,21.787224172776746,21.932968250397778,19.962047236452918,18.443726188905828,21.734187903455506,21.678292826170548,21.550927549792902,21.69175993806573,20.58506785977272,23.48787101417463,22.42196354609672,20.697792574154334,21.521058388166637,20.551539213939407,23.72991938027002,23.918650584066995,22.230021761822456,26.339184123213613,25.342381577850688,23.289116918912498,25.903277600196134,24.877262185209645,24.414502818610117,25.12130830416112,24.997689142534796,24.49240730449725,24.656548559537555,24.192011954194697,23.743480998213613,22.73539810590853,22.102404469315786,22.74368838648644,21.9028418223063,21.1812487653508,23.985426982756678,24.26601019008183,24.26601019008183,25.448703507454184
1976-09-30,18.564312765333455,17.373926480611203,17.16192561255565,17.19528878529877,15.369911723666746,19.109996901618217,18.672873963250083,18.461030430263975,18.708146858215287,18.017578824361237,20.9760776307848,19.589933967590298,17.870413568284846,19.004292149013907,17.87817452748618,20.434492344326486,20.53673843807644,19.055146641201475,22.718587938944438,22.296273485819484,20.753025330437538,22.254422357347266,22.3153110292223,20.538612895541803,20.965842713250083,22.22869536081953,21.376609314812583,21.371327739291644,21.666233338250038,21.05755278269453,20.059343147277843,18.980070686340298,19.849371359083477,19.331332079569563,18.286461745368115,21.630209032694438,21.378787591722244,21.378787591722244,22.810989740159812
1976-10-31,14.175532667098537,13.985509880640166,13.54665791911458,14.324185430875445,12.647852895593246,16.96897132217248,16.815958154329792,16.65306647926252,16.97932498480685,16.323437257992452,18.932770255304206,17.095360036050067,15.483110477078299,16.646771326372743,15.275042285714107,17.58194542751528,17.61575759149372,16.24875122808652,17.870307007656322,17.108388744887577,16.34227283846957,17.683870200700653,19.229191101238257,16.439498560915695,16.6243418908889,18.587101257488257,17.28564533930961,17.230382927515222,17.15828268809986,16.60283913971284,16.125483838973537,14.849938329060933,15.62056952445738,15.66832395574096,14.32922312828805,18.206892924155056,17.416334078388843,17.416334078388843,18.583830298146836
1976-11-30,8.798948139614538,8.882069884406178,7.3666293462117665,9.635463439093712,8.122884771559029,12.312674268086766,11.617521815829889,11.36964583926732,11.798685010274255,11.078627501593871,13.35756630367706,11.455355474683927,10.217497401767332,12.205412440829832,10.435070101420024,11.910268126593792,11.979598638746495,11.273364914788203,12.718495665656292,11.958673074510443,11.311369472079832,12.11152138180205,13.618940544128293,12.305385314093712,11.83182031843404,13.55818479326041,12.276557731628372,12.17227713267016,11.754750548468735,11.11615462832981,10.75286252763533,9.075594732496484,9.892562505933995,10.58368663787843,8.652688916524255,13.638024202982535,12.42717622121188,12.42717622121188,13.466659185621438
1976-12-31,8.021329434712754,7.442952156066838,6.4598928027683655,7.571855693393331,5.6812361187405145,10.716034295823818,10.126502503289203,9.979282993740526,10.347547425164123,9.501434686448874,12.20191482967806,10.12940777672668,9.009537442525243,10.977378696865571,9.3311520258585,11.137732972039146,11.155224291483648,10.123393779330854,13.035334968566872,12.152142694261443,11.2337670432197,11.16164518992116,12.5524926291572,11.821703783671012,10.957397143046023,13.052186097039112,11.987336921691906,11.910663202073863,11.358159404330706,10.790193367004349,10.765274747212743,9.22266949547668,10.150881301032143,10.360657776726612,8.930845493740492,12.891411357455752,11.942762268914123,11.942762268914123,13.019628588358557
1977-01-31,6.723384209089431,6.857945070984613,6.115261414230474,6.87939269363244,4.625651829217077,10.565929256972424,9.545140551495365,9.313138703377035,9.768516097530267,8.97824864541326,11.616072591145837,9.594869109122953,8.509666656166019,10.54963483912968,8.987633621051828,10.788147103914639,10.836040669102943,9.800679655998067,11.7592177524362,11.345451896421366,10.527234280494042,11.184694482946838,12.34607931157592,10.613098275789639,10.0803571803595,11.597121503276242,10.384926547799125,10.283492681031646,10.107438413558441,9.62138593119954,9.201261918262844,7.028423481602772,8.247399246051828,9.005555643061143,7.425999926495308,12.11242623277883,10.863313539566548,10.863313539566548,11.754143302671366
1977-02-28,9.669853918893011,9.372214526221853,8.214668255760557,8.493825621832002,6.986992590768068,11.442782792590947,11.024764633178734,10.82910045442128,11.272172092256085,10.260636447724949,12.767568297613252,10.737056532360327,9.692864172799261,11.406388400849892,9.845992660522484,11.866596385410901,11.956190181913882,11.251542209443642,13.109330295381085,12.443163535708493,11.68670543489003,12.293243753342438,13.252228128342438,12.004300417218928,11.688155746459927,13.343821552821566,12.625920232137048,12.666810880388539,12.908210736229364,12.455646678379651,11.427678044637105,10.010900933402013,10.96447352454777,10.937251844860327,9.365887215023974,13.38835396539605,12.60079409281417,12.60079409281417,13.528772608439056
1977-03-31,11.183161241264713,10.657392592071176,10.201862938173406,10.565199316701637,9.16332809694353,12.159521603327903,11.978999299900579,11.82502269539782,12.200114576278281,11.535779058805076,13.328729432628961,11.785332780243323,11.275294137770118,12.210273976479755,10.95693213760211,12.860701353832042,12.879156284947612,11.940325324766206,14.39616737365725,13.19101574395296,12.801443436325258,13.842238547212446,14.156366151378961,13.238392151042945,13.894169620801165,14.124349602319796,13.788853130545704,13.732826794860273,13.606907986056456,13.116623732864241,12.137690706150522,11.189220129033572,12.072636417676051,11.238499782931399,10.429065979167945,13.332819444389713,12.976397758401959,12.976397758401959,14.08486182510211
1977-04-30,12.383969137403767,12.095126363966187,11.665905443827342,11.689785109625973,10.342657830980158,12.854618008931482,12.92157493167457,12.739977709452262,12.991778924730113,12.27654997507733,14.184435717264876,12.647581333584242,12.582127232021719,12.826577101813484,11.993295309278722,13.928462409973235,14.026343811882953,12.797860738966222,16.46591629452172,14.809568638271742,13.940604337056527,15.202439732021787,15.306978034973099,15.431763733757862,16.07822912004258,15.86861540476491,15.527445157369016,15.608423890007884,15.459224128723235,15.07915956709121,13.817519484625905,12.712191793653687,13.468007765875882,12.298845439487025,11.77595589955655,13.753739102681493,14.207840665181493,14.207840665181493,15.510385153028835
1977-05-31,14.560174047818805,14.473301988006995,14.692850039082202,14.352987912906201,13.061071855278442,16.542154894592898,17.233655650641367,17.122351152153385,17.92994996347727,17.21105032890074,18.67162818088326,17.30883783730127,15.837958826044598,15.693679592173623,15.143822401313457,17.370043629472036,17.520520885016367,16.179309422482845,17.84871151421663,16.7844657774894,16.075258263208468,18.382450173490895,17.996770990023094,17.13467106562797,17.40396867567489,17.605458196004406,17.06212454765074,17.151900043282524,16.84330891845042,16.36525532302045,15.309672640728763,14.46774450732812,15.261857830580936,14.55930249203925,14.137298858806673,16.120495158369863,16.55156087157542,16.55156087157542,17.37630465517765
1977-06-30,17.971305910746366,17.979956626892033,18.149913766649036,17.8196077770657,16.289963679843538,19.445304934183753,19.673858536614375,19.51208010779493,20.058767933315778,19.244485706753267,21.142817412482373,19.970361900329635,18.76802628835037,18.458011097378233,17.79141496022544,20.363748402065596,20.467993736267033,19.092220624287904,20.67884171803786,20.262364938524,18.978996340433753,21.694024552239398,20.988447295294918,19.785479630364307,20.65773440467001,20.868891631232373,20.231912464565767,20.430770428975507,20.371669409010224,19.7599370956421,18.69298831091993,18.030276722378233,19.05495391421863,18.136369387308775,17.622903675503267,19.556152915954556,20.024533992343493,20.024533992343493,21.30198082394071
1977-07-31,20.567540966567208,20.708312975975787,21.084373543852166,20.93343688390587,19.278677979336123,22.698006566365507,23.26601416885211,23.10930213928225,23.475835972447555,22.752313417004075,25.299450933805076,24.41707683686292,22.588802202286217,21.926456562165356,21.191249383905927,24.012241802420647,24.15600650336154,22.504752198086067,23.187477017474464,23.04129191162764,21.817992495465035,25.18677872278363,24.634183481688126,21.73047201915449,22.85459521303892,23.10213543061292,22.627258288475787,22.859945305444796,23.028869616600844,22.49046603377161,21.398196628529547,20.627701941869702,21.925858023858837,20.685618398522877,20.067139315861596,22.351691777218946,22.88170007275005,22.88170007275005,23.67472132611016
1977-08-31,20.508216086767106,19.966307904643315,20.01283375729804,19.844413478400156,18.373266700006297,21.95938796176705,22.022460248393315,21.894685445806147,22.59394094815815,22.0496727399929,24.314053410355882,23.506893002089612,21.143766637002273,21.379280959918958,20.226966086767106,23.06000277611514,23.21483256022134,21.518714133642106,23.332949369697246,23.00129351872266,21.95868966707627,25.033357320805976,24.82663584063124,21.81049630770127,22.534567523259113,22.91015818606138,22.426216338783092,22.39192114389067,22.802938448998304,22.22492895639084,21.385313596007734,20.68016721663946,21.69589722335985,20.913053746377273,19.955250696982205,22.616380884314026,22.84635872789613,22.84635872789613,23.766981522754918
1977-09-30,19.47138447231714,17.851777267456157,17.38541170756031,18.01098408169213,16.212774446275546,19.206082280476892,19.028518803914437,18.902151616414358,19.56425014072005,19.17399135165749,21.629668977525455,19.930862553914437,18.29024297926162,19.230973773532526,18.04292852613662,20.535891850789426,20.580916807386586,18.880254915025546,22.287885665893498,21.16212340460885,19.80960333082419,21.79138501485187,21.967521625094946,20.419927766588046,21.286426247490795,21.996503829956055,20.94905645582412,20.91872605217833,21.16251402960887,20.674249055650535,20.153190570407446,19.633927875095026,20.293218782213046,19.538601811726835,18.739841503567163,20.96618970235204,20.73378952874083,20.73378952874083,21.846558083428306
1977-10-31,16.899699926889127,15.956088535760102,15.740517614221176,15.90731028895226,14.51760409775602,17.480114073394418,16.898374217043624,16.693713493757343,16.845164686633666,15.95670019990655,18.582309238885045,17.12905298048446,16.32834261002074,17.752042101788334,16.670212989725087,18.61976513606254,18.719240627493946,17.584136355820533,19.500737393286897,20.427214312809838,19.075221285256077,21.093936108004698,20.15650698754098,17.13828832154644,17.732468849100144,19.331280173024822,18.59442963959077,18.49626935733272,18.123721264254698,17.56868724207726,17.362094395135045,16.764839795840714,17.950378795336633,17.792800460323235,16.723015619093474,20.02499919604236,19.119891144127052,19.119891144127052,19.93036713959077
1977-11-30,10.81812769571934,10.111091020372157,9.02715276082364,10.134026675754058,8.639989132351332,13.280855560302768,12.828997378879137,12.69681421915692,13.355673811170846,12.683598073323651,15.687941063774986,13.735195838080529,11.42092988755968,13.951341671413957,11.905538177490257,14.262970903184737,14.242577022976377,13.253739674886106,15.410732947455529,15.024016910129092,14.028316497802678,15.351914045545868,16.434965260823503,13.99077309502502,13.556758880615234,15.376428476969352,14.403544362386071,14.283543819851388,13.440081363254137,12.857559119330517,12.555679236518074,11.118393537733311,11.947074635823526,12.431037309434657,10.638668060302678,15.983701154920766,14.87687064276804,14.87687064276804,15.763556840684657
1977-12-31,8.58110720316563,8.264725367228209,6.68484255472822,7.150714408026829,5.870874998304544,9.78028797573512,8.634978188408809,8.496094724867135,8.983830727471286,8.479734590318458,11.744136174519895,9.676254230075415,8.6898447248671,11.299046113756049,9.435070419311614,10.913561630249035,10.824292967054646,9.953999455769804,13.796729490491998,12.636071395874069,11.52252430386011,11.631115341186558,12.885119247436592,12.93291384379063,12.05677723354762,13.378353839450426,12.592731009589329,12.510724173651795,11.715688366360098,11.284668943617078,10.91082996792261,9.657344182332338,10.228842120700449,10.800925996568424,9.052092446221309,13.547901365492123,12.290861977471309,12.290861977471309,13.577266057332338
1978-01-31,5.929221294772333,6.0389060645975405,4.9725050649335,6.352527011338111,4.148304691109672,9.068633467151301,8.119215204382499,7.925616939093459,8.199605724375715,7.478062545612374,10.313262373401244,7.980874100551716,7.077128510834086,9.238392581734672,7.408130694973863,8.960594677668837,8.962652809389112,8.209402851391815,11.064834849039755,9.926438616680912,8.649302254953739,9.257322668260144,10.646950104416021,9.985980052332764,9.252431980256063,11.240959996049241,10.154744228240077,10.099460815101509,9.288349528979268,8.68312491960421,8.582727994201093,6.803961403139283,7.361995992352831,7.708392161707707,5.754660747897333,10.798435424476565,9.732050175820632,9.732050175820632,10.993089007305855
1978-02-28,8.197998778025351,7.368626916976268,5.660456344059639,6.323739919208435,4.116784236544731,9.598633543650408,9.103664584386934,8.910066881634009,9.480745592571395,8.878520425160843,11.761446276165259,9.621178767794675,8.177613035837794,10.04206557955058,8.563509264446395,11.011286422184469,11.092663724081945,10.117060347965833,13.666728432973287,13.304746359870535,11.847502940041693,12.355298001425638,12.790158957526842,12.140369964781257,11.975046071552072,13.688535422370592,12.727996104104193,12.833517169952472,12.037987849826038,11.55564154216222,10.846604851314112,9.544396541232118,10.291987105778276,9.77999805722925,8.160863245101211,12.389762519654823,11.925959273747083,11.925959273747083,13.14887129011612
1978-03-31,10.622933611305825,10.318246111305825,9.291710913053237,9.45721200512304,8.267821884155296,11.2154865346929,10.947997665405296,10.76777988146722,10.834892301661966,9.910158493698361,12.118035047797832,10.009599857945602,10.099811131467163,11.129160509827386,10.033735652636494,12.039776164229124,12.155805965136437,10.949906162549098,13.476315352737288,12.56719079376552,11.411704717656733,12.340846182710436,13.028939470680939,12.87938889944428,13.244841163389083,14.64889914810027,13.9535236440679,14.021027214296453,14.01476093825471,13.561139781500742,12.242699026292371,11.078867541077443,11.84526959080847,11.216371216312552,10.305490419941577,12.82794348193761,12.543774295109642,12.543774295109642,13.98390208828829
1978-04-30,10.927697414822092,11.030841403537352,10.233749389648438,10.174390665690055,8.767964341905383,11.886849975585903,11.985455661349874,11.836014472113732,12.352092488606843,11.432802666558075,13.543569268120677,11.681063842773483,10.598465643988675,11.476012844509569,10.433144463433166,12.841428968641537,12.988122219509648,11.571219550238766,14.78870001898872,13.507395765516492,12.440503946940112,13.73316073947484,14.362286716037318,13.801745266384614,14.363347371419366,15.646252102322137,14.6356211344401,14.815376451280429,14.999143812391424,14.501115926106877,13.094022284613686,11.693734741210903,12.396357896592917,11.527890014648449,10.715669420030451,13.200546264648438,13.084064059787352,13.084064059787352,14.415175713433086
1978-05-31,15.435818711147533,14.961616237189219,14.728010411416278,14.16839022072412,12.658910739037367,15.377663364205318,15.56767039965564,15.396218051705318,15.792038259198648,15.152899104292771,16.896845466859816,15.514673507854582,14.482218555737632,14.700889800697269,14.111880854124763,16.18406247374844,16.33190668577805,15.282314636886724,16.797359474756433,16.378891942834343,15.548572302377352,17.88117321383578,17.660018559937896,15.933057034400235,16.764471369917715,17.592848386046683,16.84520841208837,17.07829445459504,17.481236742901444,17.016553128150292,15.842283974924442,15.278080240885402,16.157453770791335,14.811180984333134,14.277069551201294,16.13615053238408,16.23364402196745,16.23364402196745,17.43846488050241
1978-06-30,18.501761245727607,18.249840672810876,18.613054105970605,18.254403389824688,16.618376371595673,19.459044774373467,19.91567454867908,19.77181604173444,20.283483250935944,19.519841215345537,21.50179651048461,20.65027470058868,19.349357816908082,18.646712960137222,18.36622522142204,20.6480801476373,20.814350763956725,19.5126689063178,19.9024882422554,20.250082100762256,19.210845989651148,22.507452434963625,21.418845664130345,18.87968008253307,20.04552480909564,20.856945164998308,20.09758101569281,20.467147530449836,20.92912940979005,20.368647638956645,19.26654260423453,18.541425959269304,19.744407187567788,18.299455473158105,17.869426176283014,19.626820924546962,19.637251154581747,19.637251154581747,21.107905451456645
1978-07-31,21.86693442560005,21.41237870903427,21.850710887293758,20.83486012284476,19.01411447012299,21.683797454834007,21.92586157193756,21.76164156185689,22.05046517156785,21.23495147869147,23.67532341249523,22.878314528926808,22.27827462637299,21.091948076473898,20.803352856379718,23.199007678288297,23.507294283631097,22.162853864444344,25.126324651574635,24.453184320593436,22.824152062528867,25.580024563368966,23.9520607486848,23.763169409639147,24.846397736252072,23.61683991955175,23.383388978691528,23.65043944492129,23.927465549592057,23.609024794383743,22.245452150734536,21.78225438107728,22.385003457018115,21.05320584697114,20.628687302784215,22.077819422239884,23.24276660385965,23.24276660385965,24.200514524726543
1978-08-31,22.5906937178745,21.5993147696218,21.525647304904055,21.345321889077525,19.4650374258718,22.575346985683723,22.911722888741508,22.73658743007212,23.01140839361375,21.915030600435045,24.46303704784765,23.18831321552244,22.29231712177244,22.124781524494153,21.24048055423208,24.429474274830227,24.69905540302244,22.58247956716889,25.620019469722592,25.0978814278879,23.427143125636633,25.639771233835518,24.903264597410896,23.82971001491751,25.002414568008874,25.135770477787162,24.44219846417826,24.656322918143303,24.794020855811425,24.30409362546868,23.122382120932286,22.474992062968568,23.009247880340922,22.208650392101674,21.53330754515946,23.714307629164864,24.384707284742774,24.384707284742774,25.465701593378526
1978-09-30,21.227357906765462,20.26916834513355,19.599826982286288,19.477591196695926,17.729823727077928,20.05172042846681,19.96919818454313,19.815096622043143,19.670174747043234,18.61685985989044,21.771872880723834,19.9511372036406,20.03637483384881,20.307620493570994,18.985848575168234,21.680621253119625,21.787812550862668,20.162326982286345,23.283130476209863,22.03435389200854,20.747043779161288,22.734012095133494,22.662101830376514,22.540115610758505,23.033705563015417,23.810544755723697,23.071509382459908,23.095237138536277,23.893501027425202,23.33862635294605,21.984660424126503,21.762459903293177,22.1543435838488,21.112587398952883,20.29730690850164,22.50849126180009,22.754582299126582,22.754582299126582,24.116594017876594
1978-10-31,14.826607804657272,14.62721579356861,13.85011618419361,15.495826134630477,13.828222282983916,16.278472724012147,15.695244397399222,15.591159110940964,15.674463567426187,15.271324391518874,17.336265797768874,15.473207687049921,15.547633825322634,16.703416545416758,15.600565087923485,17.18691736446914,17.21081164370304,15.911503112957007,17.776257082211032,16.58271657061846,15.721102302305155,16.963169044576716,18.05996161430113,17.390640902775658,17.011340877574014,18.516092431673485,17.22238600946247,17.13950945536294,17.42813355230527,16.79133604726485,16.431097366989263,15.246151655463734,16.428472198978568,16.049581699986675,14.986404406639906,17.96300890932804,17.223189310873693,17.223189310873693,18.222189121861618
1978-11-30,11.014147186279274,10.194141218397476,8.887812550862634,10.921739959716831,8.772675832112668,11.401072099473708,10.43740293714734,10.440305497911368,10.257867346869546,9.969314829508505,12.613637203640451,10.920158471001628,10.65384716457794,12.825412919786231,11.452311791314003,12.95436257256415,12.990055931939082,11.660108015272442,13.95034510294596,12.834777069091842,12.02026155259881,12.61717995537657,13.894520992702951,13.845785098605688,12.85156580607105,14.444493865966763,13.4598584493001,13.082216305202962,12.884370168050225,12.285946231418166,12.084589894612634,10.73613340589742,11.976506127251639,12.130995602077974,10.714901309543222,14.831866370307125,13.703038787841763,13.703038787841763,14.545283253987634
1978-12-31,8.145253181457576,8.542445564270054,7.589315138922757,8.251579136318696,5.617383172776954,11.365332391527033,11.051484192742237,10.929978116353425,10.853255568610336,10.382348993089636,13.323687426249137,11.294596714443685,9.398288663228357,11.921126662360336,10.29772442711726,12.696555264790959,12.73798050350615,11.647160191006094,14.076391961839363,13.44994068145752,12.233325555589488,12.28108488718675,13.996888923645031,12.864570130242328,11.913167677985257,13.672455872429737,12.34040563371451,12.203434605068594,12.160723559061694,11.75251772138813,11.103608216179794,8.898608758714431,9.999267938402,10.697138489617316,8.730553203158877,14.3968238194783,13.245603116353436,13.245603116353436,14.014939053853368
1979-01-31,6.753463896884739,5.305746742986912,3.962156878235419,4.902654820103862,2.8811074410714923,8.278542126891637,7.768555987778541,7.673328018188556,7.7061504938270105,7.266734121179127,11.015757558679127,8.712267135291995,7.116256865634682,9.509853555822815,7.8361383130474564,10.722998822119962,10.767639804142846,9.35294726382017,13.784041853874044,12.983150346817524,11.78142981170322,12.173734919230128,12.605000145204656,12.23902809799364,10.921781794230128,13.079987544398193,11.718774926790616,11.72836729070201,11.210403266004334,10.740926094465408,10.490117542718053,8.918337573800045,9.76064635656212,9.761494285829542,8.143708247523136,12.40311684967378,11.669138250043261,11.669138250043261,12.706365757603749
1979-02-28,7.725487804412808,7.760196463266993,6.754098760514125,7.903370407649447,5.8956334749858,10.075097179412865,9.897894682202946,9.7334834098815,10.08772564388454,9.32511461802892,11.796640264420319,9.767590436481385,8.7303502718608,10.275466878073644,9.158259033021636,11.071196742284883,11.148464343661317,10.213862060365216,12.875959809621236,12.346453671228346,11.116034330640503,11.803522704896523,12.731094319479837,11.779160958244802,11.152414190201625,12.826506800878633,11.688997500283449,11.70814510072978,11.911572370075078,11.410226690201569,10.862145519256558,9.18515809831166,10.05680407115392,10.069731898534826,8.499861176808679,12.314183512188208,11.762213529859253,11.762213529859253,12.637977922530467
1979-03-31,10.148151816091286,10.160644990654475,9.306357566259294,9.097714463100658,7.715298363470367,11.79791240076861,11.414175841628946,11.224105802146312,11.315088875063054,10.724205558530684,12.754224354733708,10.95928935389361,10.37370887674308,11.34367957986808,10.292819574827831,12.151254764679948,12.216558444115435,11.213788891864056,12.828427353725658,12.342508754935295,11.697680860950186,12.679144549626244,13.421360926474335,11.99750917496226,12.052165172946161,13.773634847005269,12.9514243505335,13.006983406313054,13.583879827683973,13.075332280641078,11.841813085412525,10.370563925466229,11.26632375409531,10.560914857925923,9.523842235278096,12.763709086756649,12.028735548450129,12.028735548450129,13.14660821730098
1979-04-30,11.238935216267862,11.237234369913722,10.761393441094356,10.25499966939293,9.127742724948519,12.009798389010939,11.839125103420713,11.62746060689284,12.150214513142998,11.416091791788745,13.458016162448473,11.453070958455385,10.905957243177681,11.627626079983202,10.474509218004016,12.651931635538745,12.804451709323473,11.612936952379073,14.889713753594322,13.16042501661525,11.965633349948462,13.004817920260962,14.071536127726233,13.961084196302636,14.567952685886041,15.614260737101176,14.339304139879061,14.432283740573439,15.053713862101347,14.556163406372036,13.43257399664975,12.05883538987905,13.186358176337365,11.826106982761019,10.947981982761007,13.30322015550405,13.156255637274967,13.156255637274967,14.736274083455385
1979-05-31,15.744154907554673,15.54140268141225,16.375922590686514,15.304872418475497,14.289050530874647,16.880584889073646,16.972119247272474,16.776693865047946,17.034251723751026,16.15133421703058,17.78689526793778,16.260982234503672,16.670198674355902,16.310513904530524,16.204562123616597,17.258973980975384,17.47986611807221,16.701669188468713,18.71035849458434,17.452375358663573,16.262869730303407,17.768416710310134,17.703779823549382,17.626875526674496,18.469318193004995,18.407616244080316,18.106703735679673,18.220552021970093,19.04562657674154,18.771934435444507,17.014085183092448,16.266248321533226,16.68841734035044,15.353333019953936,15.137735846734756,16.696985888737572,17.58527711437597,17.58527711437597,18.78971732354944
1979-06-30,20.593406211005288,21.052580473158116,21.829137547810944,20.399854236178953,18.99516944885255,21.361572986178942,21.620429865519213,21.43157081604005,21.8585293663873,20.61113353305393,23.15576515197762,21.747914674546962,21.704210789998456,21.009362157185876,20.782921727498376,22.10740360683866,22.368376371595673,21.885287178887268,22.584014934963704,22.208629735310808,20.753917821248308,23.040739652845616,22.950735855102494,21.360531319512347,22.4884040408665,22.228578737046917,21.932943428887256,22.10636465284557,22.227634726630356,21.847548463609485,20.792771445380367,20.610987048678965,21.429899809095673,19.89911096360953,19.83400408426928,20.960615412394247,22.209910117255276,22.209910117255276,22.835015911526114
1979-07-31,23.835463316722553,23.888061182986064,24.124181919713237,21.86339247918903,20.11186725657484,23.144529596964503,23.32366056134623,23.117083465412122,23.47752690879247,22.606748178953865,24.614077648039824,23.878077669041147,23.38289747750889,22.54176214484761,22.26572835368495,24.384569709531718,24.55778354521715,23.3799389131608,24.74771182562722,25.013370952811215,23.176824413832776,24.957410246326106,24.893883805634005,23.173424821258834,24.32648261695772,23.892130193402693,24.00400172818098,24.050472452307247,24.585234927105603,24.19183512451832,23.57700765055995,23.825944457515618,24.14507825707875,22.288199791856982,22.198516177105716,23.038254920385214,24.202459179457833,24.202459179457833,24.869989526400047
1979-08-31,21.574382338985345,22.15779442735891,22.517573703232642,21.27006236250685,19.708234405517658,23.034046632500008,23.071184884348213,22.885792894260874,22.94847403085356,22.057786026821418,24.8071244844827,23.50599933747327,22.482895233810552,22.613935745403353,21.7641557344827,24.25689714493285,24.497583048830847,22.964881330920832,25.886323178199063,25.550726950040485,23.934505511868338,25.92604984570579,25.299115096881962,24.172584623931527,25.110517776653353,25.051679886028296,24.46801578152565,24.61812026321246,24.74350353774213,24.297781511532435,23.36063590921384,22.542785816807964,23.394484825544453,22.315727160053882,21.67813422910632,23.428822023125008,24.197017062607642,24.197017062607642,25.41067423666675
1979-09-30,19.171337975396057,18.756290774875197,18.91531312730575,18.7431424458822,17.193858591715525,19.975841013590525,19.80366490681962,19.60241165161142,20.154690297444688,19.261474694146045,21.524479251437697,20.011615753173885,19.272965579562708,20.01756464640306,18.84494366115996,20.91140687730575,21.06471633911127,19.749311065673965,22.0187772115072,21.470922936333636,20.278873782687697,21.820581139458568,22.08085132175023,20.564531877305797,21.24080412122936,22.56487638685445,21.34455303616005,21.423190731472403,21.45452482435445,20.88927959866004,20.495792728000197,19.57624248928505,20.358721330430797,19.976464928521125,18.98106019761832,21.42887107001411,21.305284372965446,21.305284372965446,22.387394290500197
1979-10-31,15.945866931382113,15.545022152316164,15.24156848128132,15.016331691126652,13.016859349896777,17.402559534708644,17.495117708431792,17.35231381898285,17.250945581415692,16.804483257826917,19.239250457927767,17.727455578055412,16.35816269331093,17.558990671301444,16.496784690118602,18.29070112577051,18.320654292773213,17.50021840987671,19.228815415085023,19.027136882658965,18.409098828223478,19.439070371402238,20.011343871906263,16.68190103756484,17.114323962632113,19.1217663139426,18.048513625770454,18.1189311324909,17.842340805710023,17.21931230688608,16.94366441542104,15.777241889379411,16.730015116865957,16.841185731785288,15.528722484137404,19.165548866025972,18.014326062766486,18.014326062766486,19.17240055453391
1979-11-30,9.40262226528597,9.163936826917848,7.884759309556841,9.736110221015053,7.787583202786038,11.642520268758119,11.152310307820699,11.048876063029013,11.853129535251128,11.421374977959545,13.308568445841502,11.343873892890144,10.299380620320676,12.358519617716581,10.656013107299884,12.276602300008221,12.333685090806739,11.738516362508108,13.514240646362339,12.425159157647045,11.71657897101511,12.544061067369285,13.889975780910845,13.65382126702201,13.053284157647056,14.625433137681796,13.600194422404002,13.339905251397056,12.684797286987248,12.121423806084579,11.597237608167859,9.550991948445642,10.220338736640144,11.077109569973402,9.087146462334488,14.221581141154047,13.061473719278979,13.061473719278979,14.320764626397079
1979-12-31,8.22442870669903,7.622510846455896,6.75810383690731,8.31802137162964,6.342831484476733,11.221954748365533,10.112167421976835,9.915314123365647,10.356793615553045,9.858117400275319,12.398986540900296,10.392896588643339,9.262292204962819,11.569372283087887,9.694418398539199,11.140249019198961,11.124645720587864,10.690813255310047,11.828687604268339,11.206134435865692,10.679148758782276,11.286839188469799,13.06069986555326,11.580068355136405,10.960944006178181,12.196157222323905,11.447239579094799,11.394003359476756,11.225201818678215,10.600795894198939,10.144266488817038,8.397499995761507,9.076251623365636,9.799108611212887,7.587213537428113,13.249295785692084,11.857531462775341,11.857531462775341,13.016467009650398
1980-01-31,4.934727953839115,5.732159489457331,4.860417322958767,6.1089262275285705,3.6601038778982797,8.357206742481537,7.805968713247637,7.583186455183238,7.920124144195313,6.996453529275868,10.48636763377857,8.227757082703363,7.121280268187206,9.392767268355158,7.402336005754364,9.746387900075604,9.79889913579467,8.851791020875396,10.922510421917025,9.941432632938529,9.196766974336413,9.809494313886091,11.294197459887414,10.112703844296163,9.162537408644141,10.74596262285786,9.755455230384769,9.690547951318933,9.290196703839058,8.73349569997481,8.33710583102328,6.6136357789399085,7.499958128570142,7.982401004914323,6.1221281974546855,11.43943750525034,10.330976063718083,10.330976063718083,11.164718923261091
1980-02-29,9.458413016659051,9.350747001034108,8.358116119209399,8.083138007679281,6.4242922596548055,9.691354041264049,8.739960475351609,8.52543382754277,8.77031809927405,8.235347059403352,10.9319784800212,8.922437352147597,8.541622876572944,10.495050947693642,9.012873213318642,10.692052788570038,10.747520416084399,9.763774008038467,12.26572993925248,11.297934052039864,10.689835879446434,11.179186297011142,12.052878601249631,11.971394562995386,11.287837293778296,12.408240715114516,11.696800902794166,11.566673949669223,11.080864974274107,10.643965504087248,10.279842389863177,9.8028028334694,10.605175206853119,10.173012626034108,8.856179831493876,12.444645730380444,11.446245272406316,11.446245272406316,12.394041271867422
1980-03-31,9.202020817418259,9.059510946786588,8.580265525079597,8.701960438554067,7.31248001180677,10.792145460395545,10.56206523526106,10.358108057001573,10.4486159745083,9.48226537807011,11.808581637310738,9.930903965939763,9.783613664360416,10.693205503238062,9.322164256598342,11.353112362277216,11.467060404951894,10.462589743829483,13.514636324810795,12.559272056497605,11.2550124588833,11.932628701322813,12.542413227532563,12.679460123533886,12.419765378070167,13.490240638486796,12.840025899743637,12.823282578170847,12.77938976903124,12.32664016805677,11.756458926457356,10.55953457329855,11.562222745341728,10.720822270711267,9.728338126726044,12.48930345350692,12.086046145039234,12.086046145039234,13.44798855935369
1980-04-30,11.489477178785648,11.34877351125084,10.684418042500795,10.227153502570218,9.165817239549426,11.560543802049324,11.276209492153555,11.074012226528566,11.231095017327277,10.445298576355071,12.596909904479958,10.713912942674483,10.56190556420222,11.59416739145911,10.530327330695286,12.384141349792458,12.522875616285603,11.63977286020912,15.036292499966123,13.184195603264698,11.980338181389698,13.205755933125829,13.422037400139686,14.035028394063318,13.680083190070263,14.504573207431292,13.419525464375852,13.46242368486196,13.466891458299472,12.953892326355003,12.43493887583412,11.932961336771655,12.889414787292424,11.676225768195309,10.899771775139754,13.128254848056372,12.835560078091078,12.835560078091078,14.159876484341112
1980-05-31,14.983828542565902,14.722479941255415,14.500183339272837,13.29757287220292,12.334897510979715,14.579584170926012,14.623461229057682,14.456946822135649,14.836372855401805,14.08314127358068,16.127026207216375,14.538397910005358,13.730305567095343,14.074249829528242,13.41980331995154,15.27225575190721,15.437901228217697,14.403482650428714,17.558955600697516,16.475417504259383,15.252887262323839,16.44530945234402,16.7925614264704,16.869271460912614,16.98043682549593,17.580639488466375,16.68451738665175,16.75627372905774,16.993709674958268,16.545866512995815,15.560976980065732,14.905829550630415,15.6748856452204,14.730820100025483,14.101037043909912,15.915374661517319,16.047683129259326,16.047683129259326,17.101236556678714
1980-06-30,18.386086591084734,18.893185657925073,19.0826984617446,17.769883791605707,16.496584637959756,18.822691408793162,19.27636979420987,19.11869835323762,19.088823678758445,18.71131174299461,21.198890410529202,20.107918188306996,18.767339303758376,18.08087825775152,17.459125328063976,20.517537328932008,20.585378583272416,18.826063262091736,22.549620119730605,21.257839520772336,19.64282758500849,21.903789499070967,21.133951716952822,21.416829321119508,22.15988216400143,21.698147137959836,21.157880210876442,21.44466406504324,21.52561838361953,21.063034290737562,19.7627521726821,19.119626087612517,19.613739585876488,18.277346356709813,17.787111981709813,19.812429364522302,20.635272789001476,20.635272789001476,22.003472116258536
1980-07-31,20.668159800703847,20.93318626239744,21.124450753324766,20.024799375636633,18.286381616900087,20.969626219554698,21.57383226374145,21.42508236874818,21.69000119855332,21.235392978627203,23.02557642536783,22.52736941511921,21.34375991411116,20.222718667471327,19.513519028694418,22.206503004668832,22.307301580777732,20.785649195025144,24.30943059203446,23.679140878492774,22.15862256532074,24.3670294033584,23.349362022646062,23.316770561792566,23.8567754971084,23.369620444185045,23.042755524830113,23.293075795327468,23.705578945529112,23.31879194116084,21.78300302567021,21.57287932775364,21.806907805576145,20.279123027350295,19.72981449660432,21.626149237027732,22.510521086826145,22.510521086826145,23.696516865555964
1980-08-31,23.33632902740152,23.435670635264444,23.8608323456138,22.656292380056072,21.049390288322115,23.471218035298023,23.657030052267032,23.50929872246195,23.708814116447172,22.80055586291894,24.91676680041894,24.050589990103163,23.78835145683695,22.902863910634096,22.316677019673023,24.68472819994861,24.790170698268525,23.312061974310097,26.467773814867883,26.16813451295252,24.78693124094326,26.623834802771114,25.31143193398748,25.494684412146114,26.15361470868521,25.54221570414876,25.417097571588442,25.640331358550668,25.96806520851709,25.597160470613915,24.478972781601726,24.393329300419055,24.469348915674402,23.043252645513064,22.58869692894723,24.322053363759096,25.227140414330336,25.227140414330336,26.17558473976709
1980-09-30,20.498918194240957,20.213886727227134,20.280485577053526,19.56260634528269,18.124501419067315,21.045139439900822,20.86579102410218,20.731581497192337,21.252943801879837,20.115161683824397,22.53590007358133,21.14600749545633,20.83277778625495,21.143837356567474,20.015536032782677,22.544016393025743,22.672635099622937,20.971864700317383,24.440335294935494,23.86258193122012,22.277094735039725,24.09558974372021,23.505135642157654,22.152856996324317,23.106860902574397,23.81879124111606,22.91653972201874,23.014697816636897,22.95553440517847,22.44501194424106,21.95810873243545,21.540161683824294,21.909549162123028,21.414391284518842,20.555314678616014,22.9753857506646,23.22332140604658,23.22332140604658,24.196148554483955
1980-10-31,14.900836193946134,14.128238747709531,13.659748639342695,14.580300554665257,13.206174735612763,16.445821072978447,16.383538961923307,16.24499046981981,16.60990982465853,15.62020573359672,18.37855639303882,16.561882375901803,15.381955985612706,16.517538037864142,15.01696575123782,17.21879654340853,17.231862004598042,16.370137479228447,18.88692542865715,17.947049651607472,16.931009875061648,18.184816368677218,19.00586654088829,17.780285853724365,18.033837706042902,19.321907892534853,18.721820736956943,18.561903377245812,18.347151508126217,17.7817165702902,17.180421837427218,16.192899260982358,16.74932462220545,16.287972345659853,15.029776571130299,18.595993809033644,18.15365562438967,18.15365562438967,19.241115721835968
1980-11-30,8.750892575581872,8.924517250061058,8.303336694505504,9.761431312561058,7.546365123324904,12.952360132005538,13.019279077318004,12.903453339470843,13.503616099887495,12.845095592074927,15.152183808220798,13.698193465338818,11.449547089470798,13.171929359436035,11.814458656311047,13.760660913255549,13.721609263949858,12.755685869852641,14.953849389817947,14.870822588602778,14.0206137127347,14.86582584381108,15.958938365512438,13.406402015686126,13.131402015686035,14.57521169450547,13.263547197977687,13.133371416727812,12.567195743984712,12.005246416727687,11.677531030442935,10.03920637766521,10.785720592074995,11.526115014817947,9.752292315165278,15.218345917595741,13.849723413255504,13.849723413255504,14.769029511345707
1980-12-31,5.326241217719087,5.147359381781655,3.0482708401150376,5.972755432128963,4.246203782823329,8.038977220323318,7.235667758517877,7.047237311469246,7.645427958170558,7.264774746365049,10.227806430392775,7.914210510254009,6.112921990288612,8.967308383517718,6.7524700588651285,8.719345601399766,8.694782341851237,8.334276156955355,10.619022793240049,9.516269429524812,8.499022250705309,9.01263444688584,10.739310879177538,9.984270731608092,9.336023118760806,11.224193149142877,9.828416781955355,9.756246100531655,8.982097880045615,8.394828457302538,8.146426222059517,6.35212554931644,6.963513353135909,7.513741217719314,4.905616760253906,11.170276048448443,9.821998596191406,9.821998596191406,11.006861877441509
1981-01-31,6.30707392948932,5.725880108084766,3.663771258118288,5.436124563729948,3.6598545074463686,6.286991394207064,5.333785013998806,5.145035434025715,5.894513025591493,5.222714155463848,8.86557842377698,6.156181897399335,5.257460879254154,8.064209136142551,6.217644956035031,7.91475044578641,8.017804041216436,7.505835900255477,9.14856891016808,9.109863433017608,8.02793718973794,8.827854759462468,9.702500361780949,9.606797236780949,8.667879646055269,10.78938292226485,9.40688019209017,9.423794149583387,9.22438376231861,8.65998314067889,8.474837916384445,7.520738979052396,8.098005549112997,8.008235303817287,5.97602974266141,10.799476693266115,9.671670388662676,9.671670388662676,10.437337391350866
1981-02-28,6.391839395250599,5.846054308755072,4.334771524156849,5.672470324380072,4.281336698078064,7.532191190265507,7.112542520250656,6.942829908643432,7.142714232490221,6.682901523226803,9.405764130183627,7.101117320287813,6.29179986772084,8.279639339447101,6.633233438219406,8.430404894692629,8.49244858423873,7.228823212214877,10.687639013926116,10.14336236772084,9.234377411433684,9.875790055592915,10.456373900459027,10.566429006485691,9.635456861768546,11.115916892460405,9.942440446217859,9.993515246255072,9.059346021924682,8.526895663851803,8.073041148412813,6.867268385206046,7.86925348100209,8.05122543970765,6.263485368092859,10.43877252397084,9.408440957750656,9.408440957750656,10.601733484722331
1981-03-31,11.55980609360563,10.608313948108332,10.294354354694292,9.824268144176813,8.610988994311242,11.364288830500811,11.149452956004836,11.036300339237414,11.41526434293354,10.776020181307217,12.732757412490002,11.431592887960448,10.674210915514209,11.26346137754382,10.340210789506159,12.301704825124489,12.337976771529043,11.064381761448374,14.893774717597637,13.980066615278986,13.160405156945728,13.688263439875811,13.598049541186299,14.70180668164329,14.740564662154043,15.583632118471257,15.409575603854307,15.431417001703721,15.226404505904043,14.986902552778986,13.50524722683815,12.712772008424167,13.278086188531688,12.041884071596144,11.421604123679572,13.097099230366439,13.23132669592411,13.23132669592411,14.929889153921636
1981-04-30,12.95267119937472,12.860684437222062,13.00110869937481,12.16946264902765,11.162933243645625,13.507271893819109,13.710063234964991,13.544123564826236,13.68914309607618,13.033337974548374,14.946722306145546,13.612170982360794,12.970178794860828,13.406696807013645,13.08704619937481,14.164788712395648,14.339954185485794,13.882016902499743,15.011644723680263,14.735679011874765,14.188945070902548,15.773697132534437,15.795167944166451,13.737208959791417,13.87101429833308,15.256075604756631,14.40300214555532,14.446998998853871,14.423916859097005,13.956376711527525,13.305180422465014,12.382510609096983,13.300048043992831,12.8635571585761,12.318095461527548,14.542620743645557,14.368586455451123,14.368586455451123,15.229466989305365
1981-05-31,14.797678576233636,14.74777413234915,15.358821364372034,14.632815399990307,13.374522494244331,15.72130456329677,16.026818991220125,15.887916101435223,16.34254007236939,15.458472742060223,17.784098582113927,16.668032028854498,15.462384242396297,15.290853139405613,14.901102320353232,16.64733257908972,16.770340076569653,16.15130970862606,17.880555130332993,17.633873342698678,16.876887770622034,18.75983415419057,18.308825039607257,16.806698653518538,17.66051354767177,17.823830499956728,17.50789415503067,17.685505147134165,17.716421750796883,17.332960834298206,16.13586322005085,15.045993218370711,16.307895730131463,15.139420322705348,14.622380357147506,16.555758843370654,16.84064995140153,16.84064995140153,17.99436928943925
1981-06-30,20.720302391052257,20.44253546396891,21.0561313841078,19.440321922302246,18.223603714836997,20.430122269524475,20.948354148864837,20.777943992614837,21.294249873691058,20.513300980461963,22.735924678378694,21.76135599348288,20.72186217837867,19.711494339836918,19.607758988274554,21.763827239142586,21.91681931813565,20.67210903167728,22.133456145392586,21.65191860198985,20.04204447004531,22.403239674038446,22.0130541271634,21.27789787716341,22.250771141052212,21.926584943135538,21.633521249559237,21.79362595876063,22.354888979593852,22.043932490878717,21.078727955288343,21.094263437059226,21.261393970913332,19.465679995218863,19.580857404073242,20.651414044697958,21.625440194871658,21.625440194871658,22.41258212195504
1981-07-31,21.12009053384105,21.268916558706735,21.79403941656966,20.74189832954005,19.226428214452596,21.817873316939142,22.160951273928447,21.963536014351803,22.311893184210646,21.555178004439142,23.602257767544017,22.755948228733644,21.791989160353125,20.71404529694587,20.488947640695926,22.851118444627332,23.01751996932495,21.499243549634116,23.229746426818167,23.569036266368016,21.67070377308835,24.371324362806092,23.89357003652924,22.754152613814085,23.82421572285324,23.481339903800745,23.080503000238934,23.235907696139463,23.504220868182472,23.041873652960703,22.119528747886818,21.740010833740257,22.118158410185174,20.905249409009116,20.492158221173042,22.000671641031943,22.904490735453976,22.904490735453976,23.83792960054143
1981-08-31,23.601701703635626,23.130426292009247,23.718786822083246,22.192422259751197,20.684827648696114,23.492124565698816,23.52619399614241,23.247285646007924,23.598840270503956,22.579104257399138,25.034463275376197,23.581585041169205,23.187975225140917,22.67333728831312,22.268412998158453,24.810024536296908,25.122059881558982,23.32155164903213,24.77934682292323,24.370742047217618,23.003404912640917,25.649986418857395,24.769998599637063,23.27463464634394,24.049109087708075,24.385595247822323,23.918000321747172,24.036946684314444,24.01006233871624,23.50751592574585,23.182900775376197,23.0084951134138,23.568102178265974,22.46490944893128,21.97833718330645,23.711173834852048,24.452660414993204,24.452660414993204,24.995946810322494
1981-09-30,20.597885343763608,20.085792244805305,20.124369176228868,19.342932001749716,17.908760452270542,21.054368633694082,20.976769892374705,20.79712579515251,20.73807089063854,20.110879050360836,23.181126446194185,22.01562622918027,20.34357761806922,20.73257772657621,20.020818286471922,22.520715204874648,22.750378290812137,21.16533054775664,23.782933086819128,23.31214315626363,21.97161309984,24.545414098103947,23.887889141506662,22.128562969631673,22.927510452270496,23.627996020846922,22.76144057379844,22.80603150261777,22.937219111124705,22.461814922756673,21.78923191494414,20.942123625013608,20.97545695834691,20.957439380221956,20.17981893751363,22.927038447062216,22.663613425360836,22.663613425360836,23.842177878485757
1981-10-31,15.968223067252893,14.899648428476041,14.472525717622545,15.200251167051363,13.378896475351041,17.610142275082183,17.395786806332183,17.221507152434356,17.695846135129273,16.98285837891285,19.94741336043171,18.549797538018993,16.539863902266347,17.294888473838853,15.991009525586264,18.71138450458494,18.81974093939681,17.547975671419522,20.408571374544465,20.39124264050554,19.354611046083562,20.869640132945108,20.954577443933033,19.188206896217935,19.6992457277031,20.24528592427572,19.70574564369781,19.65209245989405,19.33417673828785,18.796103926627836,18.09637589403377,17.132815851191083,17.75279390478653,17.357585361439646,16.18703607128515,19.83090840411444,19.408705258113116,19.408705258113116,20.332486130088967
1981-11-30,11.11314241621244,9.826719347635901,8.59580300649003,10.220013618469238,8.533235189649815,11.024334907531738,9.870303874545698,9.686414443121976,10.22505647871236,9.60191466013589,13.258490180969204,11.156604872809567,10.404369629753944,12.43420632680261,10.711522950066524,12.840317980448447,12.842189725240075,11.812230957879024,16.229562229580324,14.775924534267972,13.677123536004046,14.49255051083037,15.075872993469204,15.511240832010913,15.014813423156795,16.80589957767063,15.67770133548305,15.610760688781681,14.361248970031681,13.733921496073435,13.501388401455415,12.507757759094261,13.233362685309487,13.300419976976286,11.836704699198435,16.01344352298321,15.226453505621976,15.226453505621976,16.85680561065675
1981-12-31,8.401032447814941,8.078989262051039,6.7743017620510955,7.019448788960858,4.128536245557996,10.530342886183007,9.941068797641321,9.742148441738664,10.39828450944691,9.601908641391333,13.047465282016447,10.665507274203833,8.74496419694691,10.994351132710847,9.169912656148313,12.15754828982881,12.295943472120541,10.854721683926073,14.37034397125251,13.757173940870587,12.207730038960847,12.683294275071944,13.687875980801095,13.022495121426118,12.432599830627453,14.486861440870427,13.376702478196933,13.379070642259421,13.314766714308064,12.768564457363595,12.551859813266333,10.929301219516447,11.835260963439964,11.496835941738595,9.536088328891253,14.349111874898256,13.813611115349659,13.813611115349659,14.845523007710824
1982-01-31,9.13450508527859,8.67389048094401,7.694810444821655,7.363340980775945,5.48392282301387,10.011064435077003,9.547709155339135,9.40413084132689,9.74524254747621,9.532378174156179,12.115199599727532,10.09287254579607,8.740451615856557,10.897494416595862,9.332350872408995,11.036271298316194,11.042282933060847,10.58276827412277,12.127246495728798,11.62944638652192,10.47265035157568,11.66861914357844,12.87453732234178,11.808561599895484,10.868307798652268,12.675785852247714,11.853612108128118,11.731728182556765,11.582282618040722,11.143386028658995,10.867509747576946,9.564355345695276,10.466281693981557,10.296181307556765,8.544999981951946,13.24258850261731,12.041046478927797,12.041046478927797,13.265264703894161
1982-02-28,9.023551218850344,7.875849047161239,6.930551079341342,6.841896061670241,4.740400409698566,8.763646084921731,8.256749112265425,8.106593908582454,7.863304869333888,7.106367206573452,10.323367532094437,8.109448028746044,7.716448470524426,9.634437565576434,8.238182799021388,10.360494345710435,10.4933271907625,9.19483911877586,12.133237207503612,11.041225256238647,9.865464351290768,10.84668296178188,11.829354790278899,11.346305125100287,10.437796824319094,12.63564954939352,11.246875949133027,11.274048219408314,10.712446308136066,10.232157757168807,9.939901083991629,8.935983208247649,9.764733091990138,9.849531269073509,8.707889016469323,12.00434839611961,11.049427218664277,11.049427218664277,12.275408431461926
1982-03-31,9.440603059338002,8.926009750366234,8.222175955003365,7.965849300097318,6.714166567402458,9.766874690722432,9.476260716428044,9.315456049929423,9.462237068914646,8.785865156112266,11.457776908464439,9.400648002214325,8.537750026743936,10.13146327439182,9.065146280104216,10.666708780104159,10.809234401743936,9.882174694922696,13.748107364613531,12.07619823742948,11.214738854028838,11.905719826811094,12.316235724828516,13.082314878894522,12.618733834707598,13.87074208823583,12.73213584243615,12.714730978524813,12.445711636286944,12.024243537328516,11.26166635738906,10.168593650735886,11.178214891495315,10.320701135614968,9.305044633598698,12.122805470292292,11.663844721804423,11.663844721804423,13.175844364781597
1982-04-30,13.34389127095534,12.569216791788733,12.278030268351245,11.200396262274808,9.882519743177625,12.418384000990102,12.612383566962478,12.411314773559525,12.637334738837353,11.91041145324715,13.823548931545872,12.232462777031856,11.348638449774853,12.031282764010939,11.190722868177602,13.674143007066505,13.821156353420747,12.059537972344401,15.472322803073496,14.148717117309616,12.985994678073496,14.032400385538836,14.258146370781844,14.046134652031867,14.324840164184536,14.933461040920747,14.18983311123327,14.224029074774876,14.021552403767942,13.59973979526103,13.27784309387215,12.733810975816539,13.12376323276095,12.361219829983213,11.801315858628982,13.898261388142942,13.864057286580476,13.864057286580476,14.93235698276095
1982-05-31,16.220225270589196,16.391598863499212,17.24562902142935,15.51715277394942,14.439760195824476,16.864557007820395,17.052513787054295,16.90335174068332,17.192781764204767,16.49047844179222,17.99332412391584,16.398983461113403,16.611270297470924,16.243003853418543,16.225706621395716,18.090738858458735,18.44034823345885,16.864732894077065,18.364924531341956,17.75448371312956,16.66603392734322,18.371613459433263,17.967502971362023,16.860968403149684,17.720708301503237,17.78879465903009,17.303511350898418,17.362385993875534,17.557396599554295,17.060250157181997,16.53904142482304,15.839465651973626,16.283182049823097,15.352397229594658,14.999700657013875,16.73040042179889,17.472884565784113,17.472884565784113,18.249304256644336
1982-06-30,20.727176666259822,21.224447716607017,22.022641075982108,20.367942725287605,18.906826188829257,21.50786785549593,22.30263510810005,22.208871544732006,22.15130047268343,21.33151423136394,23.853815121120874,23.304940880669506,21.68556154039169,20.756959109836203,20.709473758273646,23.90436308119041,24.27906468709307,22.31291614108619,23.776625993516745,23.499214426676474,22.43856718275282,24.9721609327529,24.380705854627877,22.1070621914335,23.861974843343035,23.284677208794562,23.249759674072266,23.36901694403764,23.545527903238906,23.18405600653756,22.03395292494025,21.506001536051315,22.010176340739008,20.39343100653764,20.16291885375972,21.71316570705841,22.843802642822254,22.843802642822254,23.801685672336134
1982-07-31,24.897499174712777,24.88940315656771,25.674911179080993,23.66745832709853,21.9299725030059,24.630020806097207,25.06273249964562,24.941011334491066,24.965648536272,23.661793214531315,26.79466084305966,26.008562157743768,25.017831625989686,24.407561443698,24.618514694706164,27.295251505862097,27.690179156231693,26.099986258886247,26.131343890774588,26.990955155895676,26.273851136238363,29.306786494101175,27.500366383214157,24.227797813825703,26.586169999645563,25.631832172024588,26.09548934608381,26.20627931164165,26.50253739715913,26.13857097830828,25.268159771991066,24.92369310112406,25.532141416816444,24.031616383214157,24.15707578761601,25.28258244504218,26.780427182105313,26.780427182105313,27.15749318932984
1982-08-31,21.910567937871463,21.81747948021024,22.540432374195404,21.899009323120083,20.294945038005892,23.649880878899694,23.902608428462827,23.79046912654752,24.216029862434652,23.323055337065,26.020691110754512,24.853061007427925,23.25519736915504,23.054576779437298,22.14847116367804,25.319766001547634,25.526033327656478,23.599196760116115,25.16165213226003,25.155716627387676,23.896313275573164,26.33124061092252,25.82242004640642,23.35552078985404,24.721713351177925,24.789755080848636,24.384925296742495,24.429637158301603,24.324864077824486,23.892735171574486,23.380268248691323,22.56354435336209,23.374548007595934,22.364514615458916,21.63289866703809,24.198005458872842,24.470009617139,24.470009617139,25.760825729370197
1982-09-30,20.395147980584,20.16941555870909,20.96129110124383,20.345221222771556,19.247893206278604,22.499770376417302,22.24097588857012,22.041374651591013,22.702686500549362,21.90177232954244,23.249884308709056,22.325095897250776,21.821376821729928,22.118373892042314,21.308505185445256,22.33225735558409,22.462126604716047,22.496374109056262,22.91684123145211,22.815091556972902,21.753060849507676,24.0793792088827,24.16604099273684,20.898186175028513,21.762764083014645,22.858393965827133,22.2086516698202,22.17370429568831,22.176080597771488,21.609394942389713,21.321837976243728,20.44670505523692,20.985488149854916,20.81689277225081,19.94349596235486,22.630819638570188,22.335791969299294,22.335791969299294,23.11598131391736
1982-10-31,15.178265938707568,14.537465052450898,13.939598789010006,14.582037780105452,13.13218898978289,17.40685244324385,17.046128106886442,16.85014093870757,17.4905139225786,16.600190816899783,19.259677649057096,17.46887466266594,15.76760828161747,17.211524192235856,15.712025599325898,18.414210789178014,18.490574301442734,17.253529505575898,18.120562120663237,17.964091606550312,17.51090622768612,19.650289523216998,20.215913473149783,17.382364876039617,17.67349600843204,19.01408005581112,18.534495987430716,18.370572621335327,18.6878110495947,18.110108701644435,17.66744762133527,16.361143017840675,17.26903899818342,16.912102779265467,15.657004702988559,19.44531377976938,18.739589863438766,18.739589863438766,19.50245056152346
1982-11-30,11.42437398698604,11.15132982465957,10.307970449659535,11.41659946441655,9.26937452952069,13.957761573791572,13.27498976389569,13.104663700527624,13.223625289069332,12.525901222229038,14.950518735249943,13.131258752610904,12.443262333340158,14.330648401048506,12.72848640018043,14.603044234381798,14.63694994184715,13.899775462680395,14.517822880215135,14.278065935770769,13.563780996534547,14.494743453131832,15.705963071187398,13.504376157124852,12.873777198791515,14.747654151916606,13.76497728559707,13.58687398698595,13.179883427090147,12.57650886111793,12.620736291673495,11.210539351569253,12.056066152784638,12.857737159729027,11.27263245052768,16.054338179694412,14.782699182298416,14.782699182298416,15.298931821187296
1982-12-31,7.822243584526916,7.9265323215061585,6.167735120985299,8.42608744303385,6.496673923068613,10.985931735568556,10.428309122721316,10.248523966471339,10.684803263346396,9.56454772949229,11.842097642686554,9.68721754286031,9.11078253851997,11.372121514214427,9.44232008192273,10.920553588867278,10.973526679144982,10.536612616644959,10.951955498589427,10.622436184353262,9.246820407443636,10.392686292860219,11.763706800672821,10.294940524631158,9.673065524631056,11.740353393554756,10.58269822862411,10.452495320638036,10.424823337131158,9.880774943033884,9.891104804144959,8.198532104492188,8.951651679144959,9.588240220811599,7.545521036783896,12.830294799804676,11.699142456054688,11.699142456054688,12.337795342339462
1983-01-31,7.62645180815008,7.415543184998285,5.675673708351724,7.533029954151516,6.210420432142087,9.82000282041497,8.2971848600655,8.12794290358022,8.497485179285889,8.084929525724078,10.794937716248171,9.070047448271055,7.801550514467351,10.394179567726837,7.754063850320847,9.240565236409509,9.120752568398757,9.143187254218844,9.688660414500987,9.0420579069405,8.45177050354664,9.174237741449815,11.306115681638062,10.966644705495469,9.830117592760303,11.313030374178368,10.341660456503575,10.073250153244146,8.502003093432336,7.876761577975401,7.893413018667616,6.7986392031433525,7.474806352840915,8.50348106302232,6.341429441718674,11.651632419709244,10.174161611577517,10.174161611577517,11.307234003210567
1983-02-28,5.879036817096619,5.510852409544498,4.215636984507228,5.302521982647136,2.831504962557858,7.367925512222939,7.118562021709636,6.923255334581654,7.304425698234866,6.421313835325748,10.004478595370415,7.508428441910553,5.942530818212617,8.355625475020645,6.3934323946635345,8.908426698048913,8.981895587557801,7.6379508563450145,10.751519843510266,9.424932348160496,8.749482431865943,9.335411212557858,10.78919016066061,9.66907297316044,8.476536119551895,10.234851432981941,9.138633868807858,9.011035515013248,8.568530632200691,8.057035677773683,7.787219597044498,6.741356036776608,7.328037584395702,7.5302238055637645,5.508797559284062,10.260166490645645,9.39080788294467,9.39080788294467,10.395080343882285
1983-03-31,10.206091222455427,9.809717104511947,8.797895972959452,9.293569696077725,7.76406280763689,11.045144796884188,10.621132910123492,10.435121380385567,10.61395832595008,9.864903386434037,11.933945305116765,10.16418829066788,10.012839479343882,10.968025236232279,9.581382616104634,11.357883687173228,11.397080070741879,10.160549807804898,14.196585489088534,12.373965466407071,11.435071502193352,12.306162627025344,12.657097711870847,13.764973740936682,13.731652483376081,14.043973971951402,13.127690579814328,13.110479978335889,12.629882595103311,12.277340907435303,11.712339122320998,11.061229201286096,11.614546363584452,10.739756377025344,9.863840193389649,12.241058460358659,12.12032173320813,12.12032173320813,13.496466306460832
1983-04-30,12.730456161499035,11.819640731811603,11.877689234415698,11.71393055386011,10.260230467054498,13.297741317749058,13.332270940144952,13.150139321221275,13.435870658026772,12.985962888929578,14.98843142191572,13.84622764587408,12.814063474867055,12.920785480075494,12.553063583374069,14.460330835978198,14.579485024346297,13.560968314276863,16.213510089450494,15.319003253512903,14.686044269137938,16.036575953165652,15.497288301256049,14.640734481811535,15.4208017561171,16.084481769137938,15.532699542575472,15.64978124830452,15.881169594658843,15.38136490715874,14.327816730075483,13.361293835110189,14.044738388061546,12.967269855075472,12.249461152818583,14.490927081637949,14.698251300387994,14.698251300387994,15.952982203165732
1983-05-31,15.775496111634027,14.877019234113732,14.838424014019665,14.70045568404663,13.339639466808705,16.627483888851714,17.103949257635406,16.93813314540415,17.128778096681003,16.434602294429737,18.320964021580323,17.35983488431532,16.480070204375863,16.085756843320723,15.803527655652715,18.348943062238845,18.54391166522936,17.157948963616548,18.53598103266893,18.035083225209235,17.65658650141893,19.474562601889318,18.653528180686408,17.204732082736143,18.16445412994716,18.30067147285712,18.009199068623218,18.202012408677035,18.744382620370516,18.437802374234764,17.16282652578053,16.453044099705266,17.059300400108498,15.457443881291283,15.226111451015754,17.144555356425656,17.717928802326185,17.717928802326185,18.515977252427035
1983-06-30,20.52376246982152,19.879703225029914,20.19204046461317,19.241655264960457,17.96316134134929,20.46041611565488,20.96374999152289,20.73310763041178,20.634588750203477,19.299749883016034,22.009138446384043,20.82873751322444,20.44753905402291,20.03982963562015,19.96336479187022,22.22365938822429,22.52230305141876,21.100346671210445,23.111981328328454,22.672197257147957,21.43884493509927,23.524720043606237,21.998320304022798,22.10253579881453,22.86893119812015,21.876933585272923,21.69107475280765,21.905120976766057,21.72292696634935,21.380663511488194,20.62527071634935,20.20398979187013,20.849047300550694,19.452194001939517,19.622145716349394,20.383663728502086,22.053745651245208,22.053745651245208,22.483237838745197
1983-07-31,25.715805431078763,24.767996396300703,25.892852012060075,24.263851256011606,22.661600961992917,25.016492175030464,25.4329304520802,25.216359341529085,25.13388443813534,23.492910290789894,26.298881497947036,25.41302380305467,25.683904389412135,24.982181229129935,25.591052196871715,27.511401974257637,27.99739932808825,26.405589327248265,24.88445409959371,26.79792856195934,26.5091653311124,29.076561269452498,26.212174823720034,24.420710294990158,25.534227810111076,25.007902625299266,25.097100583968597,25.31368744552782,25.279410626811398,24.773128599761606,24.36422192973481,24.17555898030605,25.015557615218597,23.81369007069577,24.18710446921733,24.93606490268502,26.640940889748208,26.640940889748208,26.478839390252233
1983-08-31,22.73370860520231,22.417622625699664,22.535264279765443,21.984714044550515,20.285469042870318,23.077707996163383,23.349756782285738,23.22095816417408,23.60830957966465,22.288270097137854,25.156980194584037,24.096968853858186,22.515588645524815,23.025086503387854,21.989161079160567,24.754053657285624,24.96223473087423,23.38044499633139,24.46234761309887,24.496900074456335,23.55086565325331,26.43266483840125,25.58476444777625,22.944887620659244,23.969125796902517,24.932998234738648,24.305034420054483,24.392825288670053,24.0824017965665,23.61591206622387,22.82001100355575,22.29362281471174,23.341466501707657,22.48456440997387,22.00852169323997,24.16209402186894,24.46314041383812,24.46314041383812,25.302146735242673
1983-09-30,21.1615761227078,19.955990727742517,19.51893560621471,19.761294004652314,18.328516769409248,20.938399039374417,20.954468917846725,20.796154573228648,21.130336973402166,20.264310497707754,22.58845329284685,21.33121859232591,20.021499082777325,20.797668245103694,19.692495176527302,21.99546012878426,22.081899473402245,20.93729226854117,24.463659456041114,23.847209803263354,22.507439295450922,23.997204377916148,23.33430290222168,23.135303878784214,24.01703944736056,24.28478575812437,23.852152294582822,23.78402349683978,23.336350970798037,22.879436365763354,21.889646869235605,21.109359868367562,21.878834152221657,21.304422802395266,20.601154030693863,22.604892094930108,22.85317225986057,22.85317225986057,24.352776209513365
1983-10-31,16.40769616814066,15.350097356816832,14.636308924357081,15.720729077246915,13.92767632187065,16.800633941158196,16.725107857488865,16.56053870006275,16.454752304733404,15.92892065150761,18.40354315234771,16.656593597576205,15.862309638402849,17.216200662428378,15.917480169316718,18.166915758194477,18.2667351466352,16.931236049693098,20.967342610512958,19.859403577414923,18.438003732824825,18.88315609757609,19.362742791124617,19.698063376642097,19.611503711823445,20.831742182085577,19.741801300869213,19.65162152936381,19.18133843124565,18.625871256346443,17.77485741646052,17.006213473248238,17.851031916628642,17.608784037764337,16.559199864377263,19.592311108496858,19.154317576910955,19.154317576910955,20.515682454262958
1983-11-30,12.751557562086361,11.180621147155762,10.685994953579382,11.629546928405716,9.116083929273884,12.825136121114042,12.753695148891836,12.68823562198213,12.373657713996067,12.174143282572459,15.193856281704427,13.395329263475162,12.128155326843228,14.142263942294846,12.656806585523839,14.738843260871079,14.801950899759959,13.997930717468364,17.14644417232938,16.566593911912776,15.232520018683545,15.44068516625299,16.41163514455161,15.678705999586327,15.215663464864122,16.96088644663496,15.909109645419676,15.772814072502968,15.016705131530841,14.52714078691281,14.249061902364076,13.229460122850242,14.074053764343262,14.227243868509959,13.106961207919767,16.9616242938572,15.880718803405784,15.880718803405784,17.010116047329404
1983-12-31,7.676244884067216,7.28047394222682,6.219498464796288,7.414173486497646,5.041026242573935,9.342290348476809,8.792057058546277,8.6962562772963,9.216362614101797,8.692626720004625,11.284415456983766,9.306181950039331,8.392222531636605,10.575059445699083,8.966359901428234,10.70684384240036,10.704163720872714,10.028830062018528,12.206634966532363,11.666522661844908,10.729128456115745,11.457060856289388,12.305395274692103,12.176239458719976,11.013384098476877,12.816785791185225,11.434936290317069,11.189933035108766,10.519436073303325,9.980701806810146,9.83322188059492,8.328119341532442,9.365893321567171,10.085001394483754,8.108143213060202,13.203892453511571,11.996180322435123,11.996180322435123,12.848255517747702
1984-01-31,7.239377040247803,7.021947499757175,5.404712746733026,6.127799524286729,4.364854820825769,9.32732804411205,8.51839302227063,8.27646541390368,9.075359168103944,8.317381282519364,11.036357046968192,8.8149241252612,7.303087242700769,9.763187314105323,7.8408082818472735,9.811109756141548,9.88246707300982,9.176572520758555,11.07283638164563,10.822161713466812,9.646818866524711,10.22411431343329,11.458250423144307,10.478590224891605,9.704682819817663,11.690480660879473,10.703212725731703,10.679964237828415,10.206819706578472,9.699487612324447,9.224896613500448,8.14226945036205,8.621152598883555,8.975432147774598,6.766321764710085,12.101374583090546,10.959542005805645,10.959542005805645,11.98284037190109
1984-02-29,6.591493422409599,6.439604279090645,4.850498563393785,6.084755702402447,4.011280599133727,7.69800889026169,7.4517074804196,7.299049434442622,7.813737158939716,7.5920237968707625,9.9550973870289,7.8729959816768655,6.447484128228609,8.52562035308489,6.817174771188377,9.080338721439716,9.169396731497216,8.119086925462796,10.49437315929896,9.839559940908202,8.928965921511633,9.804139906784599,10.482059491913901,10.728402994967041,10.19464985200733,12.15329186888954,10.898100372840645,10.900676477366517,10.186685816446925,9.647297795613667,8.922738932467098,7.656636876073378,8.530433010232912,8.308601787172563,6.7241684179196,10.700750561418204,10.067536772804715,10.067536772804715,11.303887347517389
1984-03-31,8.50874015644041,8.132107301937594,7.277725371494057,7.647593168033097,6.290370805801956,9.758343756070758,9.374024409632625,9.15327140644041,9.389379017327428,8.708491815546552,11.094764286984741,9.040473187354337,8.482275837724046,9.92573234394041,8.69225252623204,10.625182108725312,10.781684124854337,9.5022848683019,11.858945444578751,10.925139055969964,9.906342853012916,11.227033377206453,11.894537472468528,11.151908944242734,10.598644285304601,12.216107427945758,11.008577396023668,10.963051732381302,10.458336930633834,9.907784070250727,9.2702567685036,8.121950526904016,9.165667449787122,9.075201534968585,7.774693302441676,11.386189438194435,10.62127848389332,10.62127848389332,11.708544318906718
1984-04-30,12.472348721822073,12.046011373731915,11.381794251335975,10.945539368523498,9.916459507412355,12.657201152377638,12.601778517829018,12.371081903245738,12.34231671227343,11.616801304287435,13.495824199252695,11.705717319912424,11.363749546474878,12.218401781717887,11.248873244391575,13.09466588762075,13.252760505676292,11.939481968349867,16.785925653245783,15.49797534942627,13.98224726782911,14.508050219218035,14.31378209855825,14.818797832065172,15.70547046661386,16.31335620880128,15.539791213141598,15.706734572516552,15.068955167134618,14.6887386957805,13.76252070532911,12.818578105502638,13.235130839877627,12.423214064704098,11.846952671474867,13.96512487199567,14.15620288848885,14.15620288848885,15.665507358974992
1984-05-31,13.877530649656876,13.709611777849148,13.480620997439132,12.710919111518592,11.262955191827643,14.923549844885429,15.54187141746604,15.435924886888017,15.91135068913934,15.744526512392156,17.904506876135486,16.90395559085306,13.61961839327256,14.132843989710636,13.518817191995595,15.909064167802114,16.030488688971445,14.80162654179395,15.981416423346445,15.676033253823505,15.003727726269801,17.692773950228116,17.95600217183437,15.039577020624563,14.787203868743063,16.816327482654287,15.83962584874962,15.89709865200905,16.046746354462016,15.63905251205614,14.59395737596742,13.486312361686487,14.562481611518535,13.733994338333048,13.069023530201207,15.350276155369272,15.179690112862602,15.179690112862602,16.197625260712073
1984-06-30,19.43607694837783,19.56416125827377,19.22270618014869,17.75282770792637,16.29604602389867,18.641925472683397,19.04989802042644,18.902165815565468,19.222885216606983,18.467573801676394,20.68674426608618,20.12218263414178,19.14219402737092,18.106676991780603,18.12618382771808,20.25053821139869,20.415596262613974,19.03969294230143,20.684015316433488,21.172467464870806,19.87026206122505,22.335800255669426,21.257433827718103,19.545999908447243,20.60827475653764,20.59779841105143,20.423414187961214,20.61406631469731,20.89943415323893,20.54476835462782,19.425988515218194,19.199794938829257,19.708711496988883,18.27293947007928,18.136459435356983,19.182241227891836,20.19692221747505,20.19692221747505,21.008369700113974
1984-07-31,23.25006036655884,23.10255742637071,23.393428667130024,21.755869863366627,20.103071959300735,22.76734184757356,23.264842687627322,23.08502917956281,23.022757569179817,22.26451716679395,24.971464411417628,23.902910773984843,23.502278633527908,22.53797566813813,22.69455643930735,24.66366871249295,24.88647197190147,23.82513492133029,25.563227159233406,26.17471016914618,24.64581494485185,26.95777941057753,25.118817717029287,24.280664575228116,25.84690543964348,24.365307867398883,24.623398635208048,24.794501835812866,25.238751142768535,24.923229574388017,23.83263765150508,23.61944250701572,23.71000555305085,22.360978965349034,22.18675969031551,23.30412570174019,25.06773194754004,25.06773194754004,25.593277457452587
1984-08-31,21.622658850557116,21.955448774112313,21.942950349212992,21.030455074515316,19.289572283016696,22.439682015039637,22.416924433554357,22.222323354085347,22.819738088628355,21.72847149756649,24.57377034669281,23.238363130631,22.036550714636405,21.894752264535555,20.92790551134334,23.726859644407853,23.86614318355447,22.173776122062463,24.90615861954234,24.522713454051768,22.882637114165902,25.317304557882437,24.82223199823858,23.17175474269419,23.978951903312407,24.474258102909232,23.723559808218397,23.785910173641753,24.225974962788257,23.710672858453563,22.801188651464372,22.293696421961613,22.979479562082645,21.868161937754678,21.156056237989958,23.21571843137025,23.74089641776129,23.74089641776129,24.648721518567868
1984-09-30,18.371215099758615,18.00034107632115,17.74537688361272,17.81645435757099,15.872275755140492,19.51312590705021,19.550712712605844,19.39508662753633,19.851808632744678,18.955581961737778,21.960717052883638,20.416326861911386,18.652589882744678,19.260350841946092,17.71286820305727,20.797061453925267,20.859683524237767,19.272335433959995,23.87732946607815,22.938486692640595,21.28220956590451,22.670040512085052,22.930080117119815,22.088182873196047,22.664598888821104,23.232136323716873,22.257209565904475,22.297454791598796,21.82295121086969,21.350666597154373,20.3267598046196,19.836237886216963,20.529431788126715,19.567932764689203,18.484572304619746,21.110974756876658,21.16184281243227,21.16184281243227,22.844904878404407
1984-10-31,15.266872393700396,14.545250459896636,13.966904945783767,14.390378673102305,13.620815921086205,16.994797355898015,16.78277303634161,16.623233700824073,16.989494516516288,16.648096667053835,18.283578962920842,16.92319064806867,15.588644487114436,16.727550002067403,15.443228555494727,17.18035210640204,17.237147616314587,16.12421813882804,18.14348949719499,17.316233427806594,16.430955895044463,17.627168827672108,18.812594944943726,17.23815305566268,17.272159482074073,18.73314423509828,17.95089929642222,17.81939675525956,17.655560019708446,17.038574657645313,16.458782675958503,15.83880987269913,16.858222990138472,16.33534202575686,15.044641420918083,18.466146272228627,17.70852803466147,17.70852803466147,18.930207722161526
1984-11-30,12.768697611490893,12.335733201768733,11.74219750298397,11.883118184407635,9.64358367919931,14.533446417914547,13.981550259060441,13.846662563747827,13.865393575032613,13.363624911838087,16.242425367567364,14.215434265136707,12.705429924858947,14.621689690484004,13.265648566352013,15.191239929199241,15.25284203423405,14.243412780761787,15.514012824164524,15.970026821560396,14.837084113227093,15.618385654025644,16.881669616699355,14.098583136664502,13.839870029025633,15.751873609754796,14.977728101942375,14.79578908284509,14.696952819824276,14.179255337185396,13.76413760715053,12.68328365749801,13.858701409233959,14.163473002115836,12.783096483018653,16.911517164442273,15.77516191270621,15.77516191270621,16.54036373562286
1984-12-31,7.744539854261745,7.450391091240817,6.242491785685218,8.176093673706077,6.619553417629788,10.789792675442186,9.898134146796451,9.703513378567209,10.135569042629697,9.675662358601926,12.072507519192186,10.282297558254697,8.947412575615715,11.3056482526992,9.459288660685218,10.68073505825464,10.635078048706134,10.365367762247729,11.968704350789324,11.154582171970048,10.187942632039494,10.84814228481713,12.234166590372809,11.959144888983815,10.99641973707412,12.612324142456089,11.417771191067231,11.190877744886677,10.478128178914403,9.898706520928272,9.496986685858928,7.860514789157435,8.554229524400455,9.499297883775455,7.470755132039471,13.261968782212989,11.710067198011643,11.710067198011643,12.741629155476915
1985-01-31,2.653370157877646,2.7373414070375475,1.172825278005348,2.5075735768964478,1.2179099134220337,6.5799940868091085,5.904267965337283,5.730221951392423,6.64711963284401,6.3821876771988855,9.986094452232521,7.7490706577096375,4.616100647628912,7.448268406365514,5.083057657877646,7.880229301862812,7.9468140632875475,6.9684296966880765,9.86065867434263,8.921953722225737,8.078235224241837,8.779302092521391,10.159135026829233,9.27314869870429,8.35046252178887,9.582112597393746,8.16053161621096,7.964405314127646,7.752336366714985,7.25335755707124,6.703521367555027,4.6864157727970905,4.7264758366411,5.622303919638398,3.5748723840200682,9.333144288421977,8.391919175014664,8.391919175014664,9.717944040606142
1985-02-28,8.970056901659348,8.162849521636986,7.38931029637655,7.3632482846578,5.137487960997078,8.912064783913763,8.809554785773855,8.732848126547651,8.266199479784348,8.21020989645092,11.790206641242605,10.006660556793292,8.29882131758194,10.184999470483717,8.720908487410838,11.022814528147364,11.076365611666745,9.983743308839337,13.821340383802124,12.928974428630966,12.067384724389967,12.174908324650346,13.122964500245644,12.695494610922708,12.383212593623625,12.937321712857226,12.586081827254532,12.406545461927237,11.846565341949429,11.433325363340884,10.946660091763533,9.634741378965884,10.336020792098225,10.365930925096848,9.27979869388406,12.45024663380218,11.725587849389967,11.725587849389967,13.424949014754645
1985-03-31,8.658380003898344,8.353191096808303,7.42532546340783,8.17669317594141,6.690829705679334,10.248055743145642,10.06528629590116,9.883362152755865,10.340388152419848,9.577787345968318,11.626717852520699,9.675325463407717,8.806158586727804,10.145398548085211,8.863479130242581,10.484512501378276,10.634682612265351,9.612901593280242,12.042255696942732,11.143952080511383,10.099954264651103,10.984882650067732,11.957840794388915,11.91573309949655,11.482727387130922,12.807794066398401,11.99587685369687,12.01597513998712,12.326579768683303,11.863697019187327,10.926386031284096,9.695909405780071,10.355044465424044,9.908059733401046,8.769421985585211,11.59497694610269,11.190307297245113,11.190307297245113,12.619291252218261
1985-04-30,13.590431467692156,13.018529340955922,12.75565499199763,12.28206015692814,11.231346723768524,13.384992557101839,13.480440690782302,13.277844662136545,13.324038781060153,12.78617799546987,14.463578711615696,13.197503407796262,12.657966189914362,13.18574939303926,12.329773373073976,14.331628841824056,14.506816016303162,13.44535497029625,15.947134484185142,14.940214453803208,14.193800608317076,15.343325890435096,15.24480972290047,15.157963477240799,15.852424197726862,16.30238622029634,15.69023615519194,15.709262847900334,16.377266862657336,15.939340972900368,14.913643815782336,13.98762656317814,14.530549197726828,13.231398264567076,12.587984636094916,14.499478234185176,14.759637196858762,14.759637196858762,16.13134129842132
1985-05-31,14.743440308109314,14.613019336167213,14.863804261402436,14.589920482840569,13.40041747964841,16.59812938321022,17.087754719231725,16.9437485028339,17.600523536436015,16.8262722343527,18.18125532827071,16.802083936301642,15.668441883210221,15.218264946886336,14.863875140938717,17.009506336335164,17.189524607504552,15.625105609688774,17.041738149171294,17.10064429416451,15.97297974863369,17.264971936133634,17.58017323401674,16.55133313825064,16.87150912951404,17.391022003337923,16.38624944789433,16.552412082302965,16.27859918327738,15.863250350952114,15.215839291644443,14.32918092050869,15.099951249809692,14.300642719063717,13.862402421684692,15.69410815085132,15.852390030891627,15.852390030891627,16.73593495276674
1985-06-30,19.380352253384046,19.422876124911852,19.824774996439714,19.186651081509126,17.330669636196546,20.427116033766026,20.971099323696592,20.80704224904389,20.98938274383545,19.892819701300823,22.233287366231366,21.56044936709941,20.840066337585483,19.62532295650908,19.34795207977305,21.505601819356286,21.688376341925846,20.58918743133546,22.673150104946615,22.992548433939646,21.247173542446546,23.000659328036818,22.242537583245223,21.64820435841881,23.050124931335404,22.46362319522433,22.097439384460415,22.35933988359244,22.219102795918843,21.911762301127112,20.955683199564703,20.56799059973821,20.694379488627078,19.464363755120246,19.131635348002078,20.458867878384183,21.582633611891026,21.582633611891026,22.765834024217497
1985-07-31,24.30732498168942,24.05352898874588,24.57408930460616,23.549528232697526,21.717221340056483,24.48744038407517,24.94523030763031,24.724461553430103,24.883825002690855,23.386744189518765,25.621883113409922,24.88338922480108,25.120846172045674,23.74074022026474,23.91726176764388,26.202441644155897,26.610965039653138,24.703754228161245,25.73963239936421,26.167954811998698,24.76406746320845,27.175793563678837,25.774959285284922,24.11304942305378,25.923207773188153,25.21350410215325,25.275589325607484,25.40076521186421,25.87649553360484,25.458062128866857,24.712627296037624,24.224390673893822,24.694731525708335,23.249825926749963,23.370882924397847,24.107200548725814,25.756669739754045,25.756669739754045,26.356570508403138
1985-08-31,22.516607559368254,21.93340023409945,22.25138421007381,22.401241925967668,20.782117051975717,23.493566459737792,24.200773595994463,23.971425792735147,24.186219664542932,23.1149384775469,25.44277470906576,24.066559256276776,24.056827758460884,22.58934046427413,22.227794450329156,24.544009063064436,24.808221722674602,23.04854272821899,25.71431158742604,25.452248940416666,24.012071269045634,25.883595546599338,25.024238922775396,24.084100628924716,25.09148785170686,24.828585150933975,24.480732013333125,24.583950994348072,24.661561461417932,24.277502006612735,23.287992177983767,22.43718835153885,22.984934907318518,22.531581517701568,22.10326173023509,23.700198684200245,24.586087881108824,24.586087881108824,25.314894899757917
1985-09-30,22.516501914130345,21.56516727871366,21.817174657185717,21.3270135243734,19.78974952697763,22.290056059095605,22.343143081665062,22.135791736178987,22.588238567776216,21.154465781317924,22.79448856777617,21.362020577324756,22.227905993991442,21.749865086873342,21.130648507012324,22.74088884989419,23.026728693644202,21.72518518235961,24.190674548678942,23.08831452263729,21.48845015631781,23.069412612915073,22.92219039069272,22.337636354234462,23.19788754781092,23.51824616326212,23.03064308166512,22.973356840345616,23.284495078192776,22.822651545206668,22.229533598158184,21.78926395840125,22.401142756144225,21.664744101630276,21.259809748331804,22.953342734442856,23.19006148444288,23.19006148444288,24.044748984442776
1985-10-31,17.644355720602107,16.56022433619347,16.38050795934538,16.91346431855237,14.808846122987859,17.65740018044744,17.517525978498554,17.323604817544265,17.61544212013166,16.579529821744586,18.94913510148251,17.028942834177315,16.957459509244586,18.037529758740504,16.91240112550804,18.408489625172024,18.55735502755772,17.843532467913974,20.83490091549453,19.42582623471492,18.326936155750047,19.301409022013445,19.84590824496354,19.01489818531985,19.163217552759306,20.581049794022817,19.48688764264506,19.34430164214092,18.95577152621371,18.431118573424726,17.907914713377636,17.351552356186744,18.53051793498372,18.186069640292942,17.213040616435364,20.003856728666563,19.45808692439914,19.45808692439914,20.59048464785343
1985-11-30,7.937053044637082,7.947212007310611,6.601894081963451,9.460268105400871,7.097947141859265,12.55148446824819,12.681502914428734,12.60227385626905,13.21603796217181,12.753608491685611,15.903019841512048,13.999764633178813,10.702813678317625,12.691770384046833,10.706947792900962,13.562164264255102,13.618571599324582,12.46853362189404,16.002726872762082,15.746213743421833,14.733985010782817,15.37267316182448,16.483743582831494,14.630531777276019,14.14820484585232,15.170801417032862,14.278735987345328,14.116181733873248,13.305339177449639,12.75852385626905,12.226007037692568,9.993237940470465,10.796604368421754,11.351563135782897,9.647016694810702,14.833572684394028,14.009218300713428,14.009218300713428,15.28479338751896
1985-12-31,8.00616592831085,8.366175693935872,7.187505446540115,8.923310025533056,7.612301996019141,11.709830750359515,10.497496223449787,10.387377950880307,10.806651496887241,10.334388584560884,12.69206816355387,10.979264344109424,9.569224739074741,12.00907662709551,10.18387046390103,11.198014344109481,11.094938172234436,10.481325976053881,12.330186653137218,12.034369595845646,11.068489604526178,11.568497742546924,13.707099088032919,11.703111457824775,10.859874153137241,12.16349828508163,11.414149326748372,11.023806444803881,10.155278884039944,9.67402345869283,9.463140212164944,7.736713345845601,8.87041289011637,9.965844747755284,7.856431770324718,13.99198135799844,12.02079808976913,12.02079808976913,12.872802755567761
1986-01-31,7.0740434256933895,6.7122952738116055,4.964014758858696,5.9044706980388355,3.759445916452762,9.208974436278027,8.570439070014686,8.317144484161076,8.948087864537342,8.171657673005143,11.070599205263136,8.619414204423208,7.190950032716216,9.69059038469868,7.679845572030729,9.728907336983752,9.857910718199946,9.090965258690687,11.260740124281995,10.448119366553556,9.365198184597887,10.333837927541424,11.43323466393258,10.59253510916102,9.967897382346507,11.678081459127498,10.372695664436606,10.358057727608639,10.331257387386813,9.854631883354614,9.590605610673208,8.407087990545563,9.021595194006466,8.723189721056258,6.652097546156995,11.63296007135881,10.702933924685283,10.702933924685283,11.814710953415158
1986-02-28,5.00107706614898,4.4643135570344725,3.6568475042070645,4.875045281364805,1.844431790851388,7.391495709192213,7.540305233001675,7.4277215276445645,7.831599875858956,7.479220667339575,10.608490221840952,8.420426373254713,6.177323345910963,8.287401703425871,6.642623406364862,9.346004172733899,9.493755753835046,8.291531748998693,12.153130172547947,11.44464570454187,9.932174187614919,10.410114338284416,11.30880760465351,11.013260845910963,10.698955949147603,11.897642821357351,10.745005521320252,10.824374475933325,10.182607246580517,9.745348480769621,9.217365314846916,7.379059069497259,8.03435575848539,7.731147634415436,5.779394472213028,10.505535538991296,9.925021448589519,9.925021448589519,11.344091737838085
1986-03-31,10.038311033351476,9.383846147598831,8.703990636846129,9.066757353915932,7.000017707578593,10.9741230503206,11.00569332081784,10.884499814433468,11.306377439601476,10.471870656167312,12.217662511846072,10.423326049312493,9.65049233795503,10.957694748909205,9.740572353075834,11.536329031503328,11.694776297128328,10.588724759829972,12.857179690945543,12.156566976731824,11.33256874084475,12.121912133821922,12.960209659863665,12.39592979595227,11.850343753445543,13.353929732948245,12.56248095522642,12.583440296624303,12.595001536543691,12.188339385165932,11.116790431032939,10.345754959762758,11.234400583082731,10.737017875589459,9.862514032343427,12.45762386937298,11.911428787887758,11.911428787887758,13.273032555528857
1986-04-30,10.428857125176364,10.651535076565267,10.611669625176319,10.937860488891658,9.492575115627687,13.010812420315233,13.105937745836002,12.931135771009735,13.475119060940244,13.043353652954124,14.430387073093073,13.10846053229443,11.787857776218004,12.242721600002824,11.556651178995764,13.36600719028047,13.564802763197292,12.458468670315199,14.048429065280516,13.442084121704113,12.940201526218004,14.804491890801387,15.07721324496805,12.471348444620844,12.986354955037484,14.154592259725007,13.447021187676341,13.532747099134667,13.446725506252676,12.975289959377733,12.095423422919339,10.727961942884747,11.892585966322201,11.175539525349961,10.261645211113887,13.019018257988876,12.839474529690278,12.839474529690278,13.948336834377756
1986-05-31,17.389597213909212,17.147107819587973,17.852516715757417,17.242834571100047,16.280295718613615,18.741238468949575,18.96981709798183,18.753293240454866,19.007070857222345,17.601185755575898,19.258548826812444,18.239201338573253,18.842934852518056,17.81911932832452,18.25079145534073,19.035307164346023,19.26189066569009,18.341924162834005,19.811648100165996,19.450078459708948,18.630359247679394,20.98380661831112,19.65624602943342,18.58898922499793,19.976177880071816,19.35210193921165,19.32495770198051,19.491860633768113,19.517193505071816,19.204171096637765,18.616096709876956,17.44601207446027,18.33560538343204,16.787871953492584,16.99568287839179,17.763602275233097,19.3770331598098,19.3770331598098,19.887142681819284
1986-06-30,20.214227549235034,19.995029958089162,20.34029905531139,19.16419770982526,17.873982323540588,19.77731077406139,19.993247731526708,19.753686099582296,20.374663204617036,19.401404741075282,21.428086598714287,19.936764441596097,19.707803938123902,18.98711166381844,18.545097774929445,20.924950748019796,21.145675574408642,19.746209971109977,21.883832041422522,21.626054806179525,20.03347396850586,21.87851520114475,21.273754458957285,20.76133041381837,21.72777192857535,21.429806433783597,20.972240787082285,21.16300142076284,22.039083777533733,21.753376854790645,20.812987857394774,20.43856565687389,21.12625011867948,19.23714692857527,19.364884016248936,19.938335079617048,21.40379189385311,21.40379189385311,22.06428994072803
1986-07-31,24.11690163150911,23.78328740519862,23.72695129968787,22.108561472738984,20.697055886381406,23.071882625292687,23.311486959970182,23.148576908726852,23.515194747268538,22.49504133245,24.47423162562876,23.398658288935223,23.20454286554815,22.571121326569653,22.042506995252438,24.268686220722827,24.549025287423206,23.004455184936603,25.417627752980877,25.014034423007786,23.20702627448628,25.45419371820259,24.493996515581784,23.731009809432578,24.971257310272506,24.667976900326323,24.4267265853062,24.60185679363957,24.83719523029947,24.421119226435223,23.705540429392215,23.491801875124622,23.76603217586404,22.41717622408305,22.214258612355877,23.283927946193273,24.33506884421081,24.33506884421081,25.482957684096505
1986-08-31,22.796300916774328,22.54766862930785,23.218286173830734,22.840091344361724,21.159456158709702,24.6474565157327,25.079882065967865,24.893101362002938,25.227757780013576,23.902205444664162,26.531130070840106,25.439931734146626,24.47888135192221,24.029418461297155,23.233283758676237,25.870170519428882,26.17756981798408,24.63452231294366,26.683476446008285,27.063645401821418,25.538950446344245,27.872617176014955,26.715041466169396,24.857939861666807,25.95000712897189,26.00194607806469,25.692963803199063,25.89230593609551,25.390381687943716,24.936702777493394,24.24205444500018,23.39624893844774,24.135722014724593,23.142253432735345,22.845199921310552,24.486678100914162,25.302527815295832,25.302527815295832,26.55499284805785
1986-09-30,21.325578668382548,20.185848850674063,20.15391525692411,19.694393772549063,18.045470703972796,20.93673589494506,21.022879558139323,20.921789063347717,21.719217448764425,20.732740126715782,23.47997862497965,21.753226237826937,20.769982422722762,21.232550239563068,20.569070964389425,22.389231554667163,22.585387696160296,21.605447917514425,23.822033203972637,23.984926541646303,22.270519532097694,24.04278244442412,23.931014866299165,22.164950413174154,23.05909917619499,23.646612739562954,23.111809137132468,23.186177084180997,22.891059896681043,22.341526476542185,21.87491406334766,20.766811307271382,21.618368381924142,21.16784212324353,20.513973850674063,22.778874566820036,23.07785460154213,23.07785460154213,24.070316081576834
1986-10-31,16.810628981231446,16.582872029786472,16.17918419376491,16.79655283035777,15.39230058321391,18.00265214571391,17.957234113959885,17.847709479383298,18.16226236076767,17.17017986748806,19.889974684356332,18.060408467118464,17.22662097971937,18.4148350254182,17.554932366648075,18.87476183573409,19.036319925451778,18.7570886796521,19.423099054316083,20.02349072938324,18.795996294739382,20.44815890814681,20.7307529941682,17.995306925619786,17.922873289867084,19.363712503576835,18.671187932004216,18.500326246856332,18.183691607239496,17.581567321285206,17.41404222467895,16.538958219302685,17.67626238176905,17.99999285051905,17.047875915035092,20.142282207037795,19.38150326718568,19.38150326718568,19.740143220142613
1986-11-30,11.599526850382517,11.150134489271352,10.222416390312958,11.845007536146397,10.018531841702043,13.263030539618569,12.905310270521454,12.852239523993717,12.7511707305909,12.54801046583384,14.653178109063049,12.744245274861669,12.0004247453478,13.915862570868626,12.582976828681126,13.965404129028343,14.017487462361714,13.413396750556103,14.486820687188128,14.341198942396431,13.408440695868649,14.389660856458875,15.612837939792257,14.145607037014543,13.48395339118116,15.354222488403309,14.456278695000549,14.136685053507506,13.66154941982694,13.045739958021272,12.91241476270892,11.145975960625549,12.549933751424192,13.386698616875549,11.814720535278298,16.043347379896375,14.923949050903389,14.923949050903389,15.913353347778354
1986-12-31,7.807947476704953,7.6405646642049305,6.040331374274444,7.80221017201751,5.9179165522257335,9.514799690246605,8.01311240726045,7.813047303093754,8.32304621802433,7.962301317850688,11.310003683302057,9.048100471496582,7.9141377978854734,10.718765619066005,8.752901903788313,10.579236539204942,10.64696114857992,9.967436408996662,11.313372823927239,10.889685757954965,9.822121196322996,10.54034765031605,12.121676317850813,11.355877706739761,10.3524027718438,12.00201214684381,10.995678053961853,10.746497281392465,10.314829529656436,9.75361262427441,9.811164707607759,8.228270827399399,9.01850248972579,9.544487190246684,7.421717007954953,12.951423496670202,11.709802945454953,11.709802945454953,12.89043988121881
1987-01-31,3.8694221824728174,2.60415158015428,1.2783734803558673,5.206383497997081,3.1814942800870085,8.341724034791298,8.094745603171702,7.9474868036085695,8.47311106856165,7.694459984892092,10.77637835266762,8.60018757645804,6.416879969771173,9.084286933816884,7.172030549408419,9.55173485048357,9.585985417519908,8.534920649374726,10.955569695913653,10.038653638286007,8.934791491108626,9.789987223635478,11.188618986068263,10.110882510933834,9.297547707506453,11.21032650034914,9.74971714635052,9.700077844435214,8.818950702298139,8.29179596439485,8.324888832338445,6.128182368124726,6.825823392150198,7.409660757741676,5.271280276390826,11.176577340402957,10.187540042015826,10.187540042015826,11.389181822089768
1987-02-28,7.679884143102697,7.261767164866114,6.185144792284291,6.865544369107226,4.979665579114737,9.094606404077524,8.81938725880218,8.707974847157857,8.91258794239593,8.645495192209864,11.33446584883194,9.136586965833317,7.814734054747078,9.588941760290254,8.018887933095243,10.124783929189107,10.228354776473338,9.205664230528441,11.958521257128098,10.87240065165929,9.905379981086412,10.838950479598338,11.832216267358717,11.417156859806596,10.772241960253098,12.140193852924142,11.139010933467318,11.099402023497078,10.40188063212804,9.998970127105736,9.360048298608717,8.02083233878733,8.586355032239624,8.541180297306653,7.1158059483483385,11.116829013824429,10.249929250989624,10.249929250989624,11.50369308562506
1987-03-31,9.029541475029475,8.350780659337204,7.379274232926036,7.173508313907121,5.143413387831799,7.824904378255212,7.586654630271369,7.396287946803625,7.152827240318459,6.297009342973013,9.898621721165227,7.676419625230949,7.371272720829211,8.871304222845254,7.660776249055004,9.794856705204154,9.973630646736467,8.799077975365492,14.291593621366758,12.607249073315813,11.122611556514642,11.444906058362676,11.561558024088583,13.773907864478417,13.659681553994517,14.40750003937751,13.530819931850715,13.564532339444838,12.863688610446104,12.516822536017344,11.617597485614112,10.549398245862847,11.11821440009669,10.676960409841229,9.601896355741815,11.704690059538848,11.700064513503946,11.700064513503946,13.568533095493137
1987-04-30,13.301969337463277,12.586130036248164,12.58676208919951,11.769699372185642,10.92806525760227,13.378393491109307,13.146378517150822,12.951703495449522,13.12633999718554,12.280319489373085,14.39746629926907,12.73531623416477,12.691718143886987,13.380986807081513,12.479443295796841,14.577739736768933,14.79511441124805,13.497984419928684,17.511686134338333,16.16153693728978,15.067173873053719,15.745977041456513,15.226117557949522,15.672067536248164,16.402229754130133,16.68857686784537,16.150366147359307,16.28521586524124,15.777593252393956,15.335544098748187,14.707926368713345,13.589325565762067,14.433645227220438,13.135872332255019,12.635465431213333,14.477056143019013,14.936029667324476,14.936029667324476,16.403995704650924
1987-05-31,14.879490070958298,14.920471568774133,14.943061139506767,14.13840514152281,12.894437777611643,15.353794926469106,15.479810866489174,15.308652537356181,15.481102449150455,14.426357195454273,16.271535286852213,15.002891343639817,15.195334535004008,14.791743830198925,14.247402117329273,16.42841270200671,16.585854528283562,15.369829452678744,18.696599865985206,17.481984505602156,16.026034824822602,17.16424204508462,16.82716259700004,17.834087790212322,18.418668078350834,18.434631725024133,17.67125124367334,17.77566467613309,17.759401760306446,17.332557317262115,16.402854066254008,15.775312903619636,16.440908501737965,14.756322438229745,14.375738705870845,15.988550050797016,16.80074028097181,16.80074028097181,18.12726655365327
1987-06-30,19.28685972425677,19.10459789699985,19.76961797078451,18.445277150472066,17.08508834838881,19.741389889187303,20.19201922946513,20.04757207234701,20.624525197346884,19.702978430853932,21.791398027208118,20.77242016262477,20.17474763658322,18.76095640394425,18.706239064534543,21.186159854465075,21.44656024509004,20.027604081895618,22.575127410888683,22.262231360541477,20.596066538492835,22.311398569742835,21.696972571478966,21.63984095255529,22.6602999369303,22.250119272867835,21.845591820610878,21.950612979465006,21.90307066175677,21.617255232069226,20.70224058363175,19.97238489786804,20.32419967651373,18.790068817138717,18.63271475897892,19.782419077555346,21.100360700819294,21.100360700819294,22.27629657321512
1987-07-31,23.076107258950458,23.203871560865934,23.933970162176365,22.933912408480126,21.282602974676422,24.056822774743637,24.779426521383357,24.62176943132954,25.10782978919252,23.72401447501244,26.339871014830806,25.669053957539234,24.701012752902216,23.404379268359094,23.116400962747434,25.52043269577848,25.89523318300968,24.45800095014681,24.57753797551635,25.186414193594317,23.918778314898134,27.17768025962249,26.003243095644166,23.32081492024082,24.64203835354067,24.698967747021868,24.43737237991826,24.535249144031127,24.844929713587646,24.4047021640244,23.819502336235416,23.117621665872548,23.846840835899513,22.4442214432583,22.411931876726044,23.617044128910265,24.81808474550968,24.81808474550968,25.511557002734094
1987-08-31,23.51950231982812,23.29538385124613,23.77008248195864,22.6616630431144,21.22096296330932,24.16438009200556,24.47865995591684,24.35419549019116,24.710236526817425,23.895092982630615,26.46204526757691,25.882431797314837,24.838856633504236,23.648710464149417,23.318679592173623,26.14662345558088,26.424972644928914,24.545903634512342,26.063297997751533,27.106841659546035,25.987028991535112,28.025191058907467,26.629835506152062,24.221188727758317,25.82793330941155,25.68058262896801,25.381956641904708,25.519641453732845,25.270295120567425,24.841269162906144,24.470010027321507,23.65370090853787,24.146675958941046,23.17387794986854,22.773986106790517,24.61106818004322,25.74472860931064,25.74472860931064,26.579364025977384
1987-09-30,22.308637746175293,21.425345102945926,21.68246858384873,21.48630701700847,20.038064829508414,23.338262854682057,23.819607798258517,23.778575897216797,24.068123965793177,22.5411708407932,25.449099985758494,23.90207850138347,22.798410966661265,23.162408362494546,22.292497338189094,25.16793136596681,25.43799701266812,23.687698618571062,25.09528867933483,25.808770667182102,24.3141200595432,26.050714026557102,25.464361487494614,22.76112255520303,24.28075146145295,24.62541020711268,24.403749508327962,24.299691348605677,24.62844026353622,24.05811420016812,23.557430606418222,22.913043128119625,23.587335120307102,22.706359100341842,22.2057351854113,24.606589677598777,25.023885684543245,25.023885684543245,25.53734597100157
1987-10-31,16.76319141593035,16.587323535385963,16.377304844189723,15.985902794458525,14.244573724398037,19.016908653833525,18.95316694936446,18.81765577664936,18.875979134344277,17.809407498759697,21.261348547986756,19.65137763484836,17.496610854774417,19.15351977194524,18.02923906798003,20.02821787762383,20.095634817307996,19.45220088753655,20.240213320332202,21.74819645625297,20.67317703000964,22.01347230890741,21.866704415762285,17.752945385184375,18.42971369835641,19.85786810023808,19.134839076380672,19.133137967509697,18.422780629640044,17.843198661394013,17.603673081756995,16.550573808403442,17.469658254807996,18.083813685755615,16.816999484646715,21.41294937543978,20.365284199868483,20.365284199868483,20.885290605278442
1987-11-30,10.909111785888683,10.355959659152632,9.4575411478678,11.198898569742937,9.351258595784543,13.240980275472054,13.012356143527597,12.880644989013717,13.55143220689564,12.808620791965211,15.777812957763729,13.418535614013763,12.118785179985878,14.050222354465063,12.341688283284611,14.738769446479012,14.754459550645663,13.52189661661788,15.429852888319203,14.91035147772891,13.969048309326183,15.007676781548412,16.147393035888626,13.796581946478966,13.410766516791455,14.856567298041512,13.793755340576183,13.54411341349288,13.280257076687349,12.6848767598471,12.538169945610946,10.950084008110878,11.741810353596918,12.587399546305278,10.964941321478932,15.644636959499792,14.462027910020595,14.462027910020595,15.313858964708118
1987-12-31,9.336885685390882,8.358378198411685,7.405877113342285,8.98318831125897,6.761679522196459,11.103291935390871,10.588429196675634,10.554252221849197,10.752358775668654,10.27072357601594,13.352472707960317,11.456780433654842,10.207100529140916,12.463453610738213,10.829151852925577,12.495628632439605,12.39437808990482,12.00764577653672,13.75580387115474,13.12017290327293,12.6114163928562,13.261722924974265,14.625332408481256,13.371567217508982,11.845929739210362,13.306850963168756,12.443583276536799,12.073249075147885,11.576439179314548,11.12459456125896,10.882596948411845,9.327708710564536,10.514476288689536,11.400861379835362,9.72934445275206,14.566079478793654,13.15728227827276,13.15728227827276,13.85163177914086
1988-01-31,9.496708273118543,9.358907953898154,8.180470033871245,8.490294987668335,6.501260314449155,11.318711381317485,10.464584092170924,10.262561662735436,10.339122062601064,9.92549009015488,12.480912637197832,10.081632458266427,9.344330395934435,11.53910473649222,10.123301750101177,11.472498973723418,11.458286314113195,10.844655916767806,12.557412658199212,12.394093080746188,11.346063006821453,11.499514577722039,12.796134936424949,11.579857844691162,11.099756618212666,12.734892391902122,11.984138968683055,11.771894135013667,11.727599675168278,11.305766677856468,11.098349528158906,9.581083798152122,10.37301560678793,10.72321826975832,9.157993345363138,13.621248868716691,12.574061473723418,12.574061473723418,13.267759495396774
1988-02-29,7.8711892182799374,7.744715955887727,6.487978235880519,7.881967886563018,6.409861654522729,9.986864168890634,9.31012038746104,9.0512471385386,9.327389828912203,8.478364146440924,11.085954394285693,8.537653837532844,8.134790937927903,10.008404668172204,8.53791200922825,10.212525874170808,10.214229246117668,9.266360285090286,11.872075981929413,10.777680552690867,9.826407653984006,10.503165466484006,12.096867760844702,11.054841898775692,10.331456033114819,11.957090237496914,10.923923593279937,10.91525800419953,10.679816642849005,10.09938774108889,9.67560170930011,8.167598386742611,9.112240201577322,9.316024661886331,7.694529623272842,11.63454960351703,10.780531666196566,10.780531666196566,12.000098274494121
1988-03-31,10.179327860186163,9.890354615898502,8.618597223425411,9.46659737043484,8.114003179406666,10.98718393797526,10.567154431086692,10.33752048451413,10.320462142780286,9.417246837000675,12.417708866570592,10.191991670670063,9.676138281053056,10.919724995602905,9.547995954944327,11.64023385816995,11.762918459984519,10.645476318687543,14.331149201752112,12.458320215696915,11.599021345569213,12.668942695535577,13.294268216368948,13.842547681254757,13.674686563143155,14.822580653364923,14.122519224433518,14.30640961841874,13.709249525172766,13.325365956624466,12.129510046846121,11.407512714016832,12.2114441656297,11.104297933270857,10.18884934456122,12.361832165461692,12.345466868082667,12.345466868082667,13.842873202088185
1988-04-30,13.155894406636492,12.576947466532431,12.429554345872646,11.974568451775497,10.756116845872725,13.344034597608811,13.566368039449117,13.422151459588008,13.517510075039354,12.638975461324094,15.325469059414331,13.570803260803302,12.856423377990723,13.06461293962252,12.558352088928245,14.455490218268551,14.650162527296288,13.5420814726088,16.803990109761514,15.470352956983845,14.645800548129614,16.331027327643483,16.063913069830903,15.683053694831017,15.781491194831062,16.350048595004637,15.152454736497646,15.382467757331028,14.946560096740825,14.428713417053245,13.467268647087963,12.791088634067137,13.314949311150428,12.704299354553257,12.242784055074026,14.377720578511514,14.627932167053302,14.627932167053302,15.909076372782465
1988-05-31,16.55544663295956,16.506161728725715,16.831979206044196,16.188007116830477,15.044234540385617,17.698562917401716,18.032169268208122,17.894597338604626,18.17531967983456,17.38365563833588,20.06020606256311,19.080146838772635,17.211019339612847,16.736273455876244,16.562361325499808,18.634511443107385,18.775666727045575,17.641951169249808,18.59346169092322,18.27004361716655,17.70061579878626,20.247102273920518,20.141216122206856,17.75213209582921,18.309723031649014,19.14602280483456,18.486908746534823,18.763073796098013,18.264381129767344,17.796258544921898,16.83764169344346,16.341765832388262,17.27037701350389,16.292685691259294,16.031037820795575,17.32172004945818,17.752838266024014,17.752838266024014,19.02970161027804
1988-06-30,20.136363919576013,19.810729153950945,19.75128091176356,18.443018107944056,16.945795885721793,19.933314874437087,20.602016046312144,20.520736206902484,20.829479153951013,19.847390937805244,22.499403741624747,21.299666870964927,20.23250378502746,19.5164311938816,19.15086587270099,21.877466350131556,22.08541448381203,20.76326279110384,21.34447752634685,21.915386814541307,20.363251940409327,22.64948240915936,22.171050877041353,19.93507539961081,20.782834731208084,21.64307778676357,20.8022846009996,21.04834579891633,20.817578654819044,20.19146374596488,19.36075356801365,19.183143975999656,20.56839245690236,19.15648653242323,18.759389093187224,20.47027505238856,21.025122600131624,21.025122600131624,22.040663507249747
1988-07-31,23.27997520200671,23.170920472504008,23.610221337759356,22.885593586583354,21.345221127746015,24.56924246511153,25.50408579508462,25.466664025091347,25.74521272720824,24.79173070435894,27.23939272972848,26.02435209212763,24.666911840951627,23.495115595991876,23.174167805333298,26.084919968471752,26.46208048174458,24.479041692262115,25.256535076838702,25.650202646563173,23.908282913700248,26.74797965429167,25.75168114118685,23.906500424621015,25.273105137322545,24.887365574990497,24.350067187893785,24.830428306005444,24.676811349520165,24.011486143706918,23.12929843369352,22.967354444278214,23.786590625393842,22.52177155197313,22.419584261986586,23.58975815311561,24.521149387154594,24.521149387154594,25.62882852861975
1988-08-31,23.465041876351904,22.985024655249845,23.718005691036126,23.32638312719206,21.63222045078072,24.393842069564357,24.930381783106043,24.789867040162505,25.22056260467872,24.0934230927499,26.359108471614036,25.197009597286126,24.950942098966266,23.877059370471613,23.573550570908424,25.506866053099316,25.857339108374845,24.702551326956836,27.240372122487713,27.105517241775317,25.21364266180234,27.38668848673501,26.627030493623465,25.124331820908424,26.141896820068325,26.05074573639905,25.42530733334121,25.690546433643647,25.809303784114093,25.19694921842182,24.137336903233745,23.695547378704134,24.52601927890572,23.54362365558586,23.298931745303662,24.78027205108316,25.650562499671878,25.650562499671878,26.611439620807687
1988-09-30,20.31631266276048,19.148392740885356,19.42857394748262,19.126938205295176,17.70319417317711,20.661408148871658,20.658814832899395,20.370156521267347,20.688255479600684,19.70689425998262,22.40489230685762,20.636527506510504,20.240102810329915,20.351520453559033,19.46881917317711,21.592034233941035,21.73444688585073,20.640859646267415,23.161562771267427,22.209379069010424,20.94702826605902,22.531262207031205,22.948729112413275,21.555141872829893,22.235879177517404,23.096789550781295,22.4664265950521,22.48656548394098,22.338583713107653,21.749564615885447,21.33850504557296,20.99414469401046,21.62866617838546,20.923251681857664,20.238081868489644,22.227480740017427,22.106056043836816,22.106056043836816,23.37521023220495
1988-10-31,16.599187428464234,16.151068623860738,16.477781283470904,16.905757173927896,15.496874130413119,18.823951688376837,18.684177242812268,18.52898518552064,18.367146202825722,17.299676759781335,20.54357061898844,18.879988524734358,18.00961144560125,18.792255409815027,18.048246043215556,19.713565998692616,19.73878336260401,19.34839200255692,21.026853549095904,20.79251530144819,19.780641666535473,21.701364217778746,21.74853586176397,18.299109723491085,18.662574735251837,19.664533110587854,19.23190542241582,19.00321653632716,18.8894916329333,18.237399899062268,18.077280401414498,17.53563473609188,18.571943434848606,18.307948664183243,17.270912793887703,20.55687234529887,20.11572598693192,20.11572598693192,21.138207925776044
1988-11-30,10.799713240729432,9.966851912604398,8.690132077535054,10.431427107917045,8.026877954271072,11.619857554965563,11.061562199062848,10.978907034132192,10.871170488993357,10.527442190382203,14.426685354444714,12.089963891771106,10.492294078403006,13.013827281528108,11.60216278500036,13.706964217291898,13.667771508958651,12.472784529791966,16.692364607916943,15.7109328587851,14.425274764167057,15.378681882222509,16.189803844028063,14.81198266347252,14.090522702534997,15.905455970764194,14.68503225114614,14.48055091434054,13.819705645243346,13.110352346632226,12.818623288472565,11.480089759826683,12.314999156528074,12.77229896121554,11.203562524583674,16.094496769375326,15.284351370069714,15.284351370069714,16.371788978576603
1988-12-31,7.725522465176084,7.718141280280179,5.728283966912272,8.246580950419172,6.382784292433087,9.527405060662147,8.173051219516367,8.021157773335801,8.244530169169138,7.97115777333579,11.044313155280236,8.84652127159967,8.196448029412181,10.683988719516435,8.994109704759353,10.282960616217736,10.168179257710847,9.587300893995632,10.662170685662261,10.253338220384421,9.564856232537238,10.36960341135665,12.197044817606638,11.256818580627396,9.69391981760657,11.540170902676039,10.174030494690044,9.91182888878717,9.518062612745496,8.912813589308087,8.904537222120496,7.572611766391333,8.261972660488539,9.05781684451631,6.84909831153027,12.53917263878725,11.413334422641356,11.413334422641356,12.542224396599693
1989-01-31,7.565255593740858,6.955883218908809,5.283097285609131,7.573377863566179,6.290972789641444,8.737592623310718,7.405183349117237,7.369074163129312,7.618785394648057,7.563110831476024,9.637460839876553,8.118672512423643,7.541395441691066,9.894204896496205,8.048173625494826,9.435204770488156,9.281939586516444,8.19146842136172,10.607762314170941,9.328916968068711,8.990816329627933,9.06690419925161,11.139135697067445,10.901644622638685,9.37743532324356,11.302896302746205,10.211102052914214,9.94822035348551,8.88207924545452,8.226396281744883,8.198837267967974,6.704993286953197,7.961424948579577,8.676386831140064,6.877256811818768,12.166455820555313,10.587582647672264,10.587582647672264,11.891490472773114
1989-02-28,8.894469288417326,7.934973380679196,7.426248259771512,8.50059779939204,7.483586429414345,10.316745376586994,9.485173343476845,9.368724078223863,9.184014256795308,8.747005444481317,11.08972947256916,9.096588661557178,9.122900626772946,10.51006987435477,9.305015000842957,10.676724915277362,10.670156369890492,9.312179365612224,12.550884955269964,10.890827524094448,10.223146511259529,10.857301784697029,11.81215611412415,11.806535066877075,10.738777324131604,12.78394624619267,11.86374535333539,11.622432690575067,11.041718056088428,10.608010955084012,10.257584871564632,9.146957197643417,10.352683457874207,9.910605821155343,8.57533680143814,12.57302037193665,11.981903602963484,11.981903602963484,13.050010118030457
1989-03-31,11.843969455842,11.340837630405247,11.166471345963089,11.173010639477809,10.429337294383743,12.763221912999313,12.403521392166056,12.233195241292435,12.359867473315148,11.588758497340848,13.710547916863618,11.693581456010122,11.957098446097461,12.416555351339355,12.19002172818756,13.244570094282835,13.366532774894495,12.25970418786494,14.36160533453841,13.456484156782892,12.484266309840677,14.06753663914185,14.253905191729245,13.40716250019699,13.191111172911917,13.77528718517675,13.410517464914676,13.443484324793644,13.299638243644551,12.914675731043758,12.771971597979245,11.777124802784272,12.860933291527488,12.114836916359536,11.563291742468436,13.602902902582684,13.259210656278867,13.259210656278867,14.265658068913297
1989-04-30,12.088528548346687,11.932313813103576,11.598918088277117,11.369683604770216,9.973741764492502,13.350949880812038,13.435162120395319,13.275922754075907,13.53872657352025,13.033005544874413,15.54376400841602,13.969724294874482,12.211171234978622,12.466051334805002,11.949566417270262,13.858325640360533,14.02127051883275,12.979329872131359,15.010680241055013,14.840050358242422,13.850787120395296,15.661987749735545,15.41229428185369,13.990647146436913,14.463913747999413,15.207612207200839,14.349607107374425,14.402938270568882,14.771688270568916,14.262782563103599,13.279291894700862,11.818940332200896,13.033529090881359,12.414502398173113,11.944689030117502,14.140432845221653,14.119206174214696,14.119206174214696,15.109993934631348
1989-05-31,18.273910099973023,17.46820665995284,18.42392007561142,16.418068576115445,15.435121667513272,16.83019370212361,16.74415907090713,16.507119525376197,16.55914247984532,15.61357533854823,18.163532285792826,16.600339241438007,17.206424905920528,16.4437978477888,16.563833655080543,17.520733646680014,17.72864432796365,17.409439648864065,18.933436309650403,18.19549370632376,16.821081743958246,18.764307235389595,18.08638647346089,17.492079937842675,18.34659050151862,18.215127337876368,17.872768676921908,17.98412567877,18.25067998824585,17.74200380797032,17.098966278568412,16.4802509307861,17.613047679778106,16.332388342580487,16.571465018487743,17.384025397352048,18.179960587204107,18.179960587204107,18.733703026720264
1989-06-30,22.16707115173341,21.308881590101464,21.624661212497358,19.33222957187229,17.500748994615435,20.06873673333064,20.161054441663964,20.00099584791394,19.86420385572643,18.63708525763616,21.738455157809767,20.257758543226544,20.60617976718487,19.453418265448704,18.8171443939209,21.70338571336538,22.020830917358467,20.486287731594473,23.397279485066804,22.392160669962664,20.540351316664044,22.364054658677844,21.76280140346961,21.93285077412935,22.722672822740435,22.44190567864314,21.622425969441792,21.838582653469473,22.146929550170853,21.568883217705604,20.4702070024278,20.48226483662927,21.308599472045955,19.540137015448636,19.535791312323738,21.100998560587698,22.038208304511215,22.038208304511215,22.914331351386238
1989-07-31,25.27846708400284,24.898460888606223,25.31080915389515,22.866583473451726,21.194340949930165,23.391370309809247,23.906848300400668,23.780995120797172,23.829161703458453,22.724312493108982,25.27682110366004,24.28109225201348,24.254908826274118,23.1449274124638,23.265674640286363,25.079224707490653,25.462493986724553,24.49991050638181,26.753630369453106,27.112553840555222,24.78078773252429,27.09278370026624,25.50831104401618,25.14896754603228,26.41005363054171,25.456668738908775,25.087352227651934,25.410502534271643,26.062331751341503,25.495122199930222,24.41844891784018,24.497681738740653,24.871928315521643,23.26637556014515,23.427776139782452,24.344844457154636,25.80852788289394,25.80852788289394,26.456799997309133
1989-08-31,24.869493800337636,24.27796469247471,24.287620060418305,23.247974773119722,21.254437936762315,24.354769232965282,24.619745816466605,24.436488087972066,24.716740524127943,23.15818090131205,26.10614744617095,24.737033072851034,24.803365818146744,23.86342703706481,23.5523892556468,25.6091375125352,26.012507703227413,24.617435668617134,27.746754069994836,27.45188207318705,25.71583746633212,27.913966771607818,26.52067722607694,26.107964062434405,27.00854632469924,26.69735890870453,26.019863423993513,26.233549474900713,26.4802312625352,25.8901748739263,24.91836130285776,24.271218010687164,24.579126591836257,24.063827112669628,23.67613180016957,25.467987478933026,26.331956522951828,26.331956522951828,27.465997601580852
1989-09-30,19.76789805094404,19.70260670979826,19.253010898166337,18.762898593478724,17.3187606811523,19.864914109971835,20.46419253879128,20.30268537733292,20.980794101291224,19.75046641031895,22.930661180284346,21.43439924452042,19.436596510145364,19.977400546603803,19.282815043131507,21.67999657524956,21.82118309868713,20.39912363688154,23.514452955457898,22.988888719346846,21.979093254937084,24.291490173339923,23.873610941569098,21.559675937228747,21.47186669243706,22.407611592610692,21.405685594346835,21.325612894694075,21.06079355875653,20.56819101969404,19.970526631673238,19.336517842610704,20.1804550170898,20.19569210476351,19.310953606499595,22.116804843478803,21.902538892957978,21.902538892957978,22.307524787055115
1989-10-31,16.20822335109915,15.497606121596505,14.770933364540042,15.170140038767215,13.382605386549358,16.21405122408305,15.680929479291365,15.543906209802117,15.700497481643538,14.735585477275265,17.702644869076323,15.81188336033972,15.15689606615291,16.55389759925106,15.112444096226852,17.482107129661074,17.575148334298092,16.26233593930482,20.78710439948628,19.940324955601852,18.40986513117315,19.058444390245768,18.860916248444596,18.48839178187876,18.274149195353118,19.635191177040042,18.87509478087071,18.83668332253734,18.066902681576323,17.451243029358523,17.121070398310167,16.29687789999025,17.580201782718746,17.56127432136134,16.217663455265836,19.61765505472829,19.041231163599207,19.041231163599207,20.02349815368649
1989-11-30,12.387143601311664,10.718933423360284,9.944098896450441,10.755112351311652,8.453029017978224,12.29349397023526,12.153170077006052,12.123550393846358,12.052944925096256,11.753034443325532,15.683212937249095,13.629944165547727,11.241220749749004,13.560572963290838,12.037474547492195,14.312257533603258,14.35856829749224,13.120379278394978,17.55517203013102,16.690482902526867,15.379374504089412,15.648390346103326,16.522161504957467,15.004933314853247,14.858638827006018,16.574000697665724,15.747337828742161,15.615382533603224,14.928492885165781,14.347430059644921,14.164221509297647,13.278783141242116,13.944503084818564,14.056178432040838,12.639628410339299,16.91479117075602,15.964639261033824,15.964639261033824,17.123661613464435
1989-12-31,10.58948531680636,9.557907083299426,8.489840677049472,8.884415329827277,7.211070060730037,11.185334926181497,10.61804976993136,10.446359231736949,10.37029043833411,9.806005499098092,13.788001484341066,11.985836770799494,9.657399813334166,12.419503762986892,10.65789080725773,12.75708514319524,12.742423142327198,11.921182907952243,15.296969583299472,14.935020256042435,13.757077005174494,13.763400247362028,14.764048576354924,13.60511031680636,12.700368563334166,14.63527524736196,13.494533602396587,13.217349900139709,13.142770364549449,12.653645473056429,12.349598164028635,11.040478155348126,12.016913159688443,12.4669321484036,10.859895473056497,15.45632288191058,14.326757452223092,14.326757452223092,15.017575052049494
1990-01-31,7.8460459022112445,6.6828628334948235,5.337306717903459,7.48317155325293,5.658173128353667,9.128406348279668,8.07183660281612,7.965456919516328,8.64070001007417,8.275820032755576,11.013093218239419,9.10296059475155,7.76179376007417,10.466861384402023,8.588346284435659,10.337689992433013,10.297346410443708,9.321007049724642,10.999161451606426,10.918671175228837,10.014180037795825,10.769209859704517,12.303751820389948,10.588892319381785,9.647619952950492,11.649363064509544,10.544075451102344,10.3105273790257,9.686834712695088,9.069122179092915,8.831499846263625,7.165077320221883,8.476369742936981,9.485649711855046,7.736487140450549,12.74767560651236,11.450299199422261,11.450299199422261,12.114120183965213
1990-02-28,11.566710090637173,11.296646962847035,10.527653403509248,10.61153605324887,9.129919261024156,11.999545260838147,10.931598599751794,10.753506733122435,11.081704394022609,10.29769037337536,12.944671748933331,11.254262406485452,10.610684467497322,12.53747134435747,10.914383779253342,12.744633383977998,12.696194721403572,11.686600576128285,13.76311831701372,13.437452161879719,12.685531007675877,13.561475599379719,13.943494642348526,13.343431863330636,12.84270816076372,13.887284169878285,13.52947573888872,13.561150078546518,13.347919400533044,12.924489457266645,12.414197767348469,12.124635360354546,12.506732877095487,12.32007864997496,11.183170981634248,14.303198069617906,13.507261848449673,13.507261848449673,14.360138057527195
1990-03-31,11.699951446697298,11.495414106307521,11.015255126132843,10.662516550863927,9.931756407214777,12.05958371316234,11.674839089506406,11.527186514741686,11.794040093370654,10.893027303552117,13.236677547167744,11.489549480971505,10.846084049183844,11.930409696025265,10.658531545823621,12.733508969378818,12.81108005892844,11.49000363503734,15.035846944009108,14.244539925359959,12.916832327073678,13.830028521630027,13.778493848411017,13.788348729123413,13.14805712546081,13.972470137893538,13.40116794955344,13.305223309096448,12.831359481811546,12.304504013061546,12.046226858323564,11.426065042967423,12.353179878316837,11.731975871260431,11.1488814282161,13.511968415783315,13.295465559600473,13.295465559600473,14.291866454257729
1990-04-30,12.292363166809082,12.20965374840631,11.994522455003448,11.365152337816141,9.980118158128505,12.892034933302227,12.871063253614636,12.682985454135462,13.207548713684105,12.201591682434128,14.570073127746582,12.751239034864625,12.348651144239625,12.766923713684037,11.83940092722571,13.568781895107747,13.750577142503573,12.656859694586899,15.28377755483001,14.80315960778131,13.599131287468936,14.859594069586876,15.13275216420493,14.098835606045157,13.78941720326742,14.87004057566321,13.887629551357747,13.865496847364682,14.017178705003516,13.45513714684381,12.96727364857992,12.14202136993407,13.373873583475756,12.439704746670202,11.7911099116007,14.196190749274365,13.803854052225745,13.803854052225745,14.665410041809025
1990-05-31,18.65059935456975,18.017715975033298,18.238791873890932,16.583715323991612,15.51906268622281,17.717984792237644,17.779765496202742,17.628448186894843,17.73517964270809,16.83264950577933,18.827328290221487,17.27740021982504,17.321083015523868,17.144613971505237,16.96850720067181,18.043140727217406,18.29199352879681,17.680901668917784,19.19387524922695,18.330751509307504,17.12402477879681,19.129248863138116,18.701593243178536,17.75309903954951,17.88693798024167,18.199661119522602,17.945250837264553,17.991829193279273,18.46167126317181,17.932017365322395,17.47069659079284,17.330428613642255,18.250539500738967,17.1023120141798,16.92125417647827,18.214745334912436,18.454368045765875,18.454368045765875,19.016319385651627
1990-06-30,20.088624827067008,20.29568320380315,20.831647830539282,19.564967600504588,17.98523669772686,20.6621003044977,21.111658138699056,20.952234310574056,21.231631554497653,20.256653255886533,23.291207292344836,22.31658435397685,20.92280722724064,20.244923655192054,19.91770740085184,22.390469445122562,22.555644141303105,21.183107248942065,23.376900651719836,23.502527279324,21.766611480712925,24.249402279324045,23.005739084879565,22.11877619425462,22.89704225328245,22.559371354844814,22.26146011352546,22.543545616997562,22.423903147379576,22.028026411268456,20.995105404324022,20.464012739393468,21.039110395643434,20.126122114393524,19.789880794949,21.35965618557401,22.280375586615662,22.280375586615662,23.188500044080968
1990-07-31,23.840450254050666,24.119329727336947,24.348753660468844,23.044328677269675,21.195068449615235,24.0034705623504,24.388212560838213,24.216211552773814,24.401758427773757,23.261574455999664,25.318267584359717,23.975110872330276,24.137482764131335,23.086838022867823,22.72294248355331,25.281903757074815,25.602029870146055,23.623571998842237,26.285726001698492,25.673284805461947,23.615685994138005,26.20189651161121,25.008602765811304,24.26240138392302,25.840297994305956,25.203125090240178,24.781215963055956,24.90179255495792,25.63424855714203,25.166401614937797,24.237441286476724,24.106731546053425,24.57591207360707,23.44689556655061,23.447803874682222,24.1758338436004,25.178445885771055,25.178445885771055,25.94510782713536
1990-08-31,24.388724119945323,24.136035947902315,24.019670125489597,23.073512321390126,21.480520994945323,24.330566147835043,24.127714165308134,23.83669854030819,24.014648179085043,22.85007377132297,25.400920650523176,23.639761061309514,23.993691462855224,23.750740038964068,22.99042575384982,25.150949527371324,25.371216874481547,24.042721725792035,26.639548422700614,26.338108255529903,24.157326060469472,26.108243294172496,25.548462968231547,24.60535823452858,25.72746529938081,25.949381252001615,25.343190580798762,25.407281432613274,25.605796637586366,25.063471053749083,24.555800312821646,24.196280928581075,24.842080134730224,23.90982784558372,23.596104517290655,25.194162417996324,25.707703034595795,25.707703034595795,26.741572952270474
1990-09-30,20.465013355679105,20.065734926859648,19.870227114359636,19.59308410220683,17.800695864359625,20.988857756720677,21.13900424109562,20.93547776540123,21.195899857415156,20.0663832558526,23.961522144741423,22.45956359439424,20.747443368699862,21.103731346130417,19.820438702901242,23.299163203769297,23.46465257008873,21.663893021477577,26.725272687276288,26.347288746303946,24.767346254984545,26.35466721852623,25.221518346998494,23.599694887797057,24.93507900238029,25.053587574429002,24.2614651785957,24.37686231401227,23.53449306488045,23.038461706373425,22.227366871303957,21.73698872460261,22.558470386929002,21.878102005852668,20.97722038692899,23.941030608283143,24.1315552393595,24.1315552393595,25.451544931199805
1990-10-31,16.51749351255353,16.715097784226998,16.70619846467048,16.65252952985867,14.810000232983668,19.075753866216132,19.074724800356023,18.88679427280232,18.919664001464866,18.459010019610048,21.569385208622066,20.236101753481023,17.865320398474182,18.92614816645147,18.210451236847916,20.45063310848775,20.597973288259084,19.536562732983725,20.154795049851884,20.313410326229643,19.632412867392304,21.566463396626204,22.499847133185256,18.158089635705494,18.659218457950146,19.517469886041397,18.77571816393123,18.707167151666624,18.49031777330623,17.9567655009609,17.72395247592715,16.539300783218835,17.825110700053642,18.156611666115452,16.879281041955494,20.81774710378346,19.618124077909783,19.618124077909783,20.40752784975109
1990-11-30,10.772620540195078,10.492127376132544,9.157432280646447,10.253623686896447,8.453086577521447,13.190817154778358,12.811943456861798,12.64164723290338,13.386151356167318,12.746931521097792,15.368434884813098,13.42631520165338,11.323396364847838,13.426703113979727,11.643879763285383,13.758199967278415,13.774060969882612,12.812461577521447,15.302614572313075,14.802644411722838,13.908547189500666,14.946283192104772,16.192314550611684,13.49568911658389,13.909426095750518,15.138893869188166,13.887494129604761,13.862542957729715,13.366012467278324,12.806325509813064,12.36516882578536,10.896538183424184,11.551605457729863,12.163622601826944,10.456501833597827,15.344096777174286,14.25618716345889,14.25618716345889,15.299538400438053
1990-12-31,5.263116878933317,5.080939144558442,3.4091862148709424,5.591136084662537,3.159009891086214,8.116510433620988,7.450356462266768,7.25218209160704,8.102694786919471,7.914370134141734,10.754333241780557,8.500082482232074,6.536215294732131,9.009278445773703,7.105670589870897,9.040338558620874,9.03033964369024,8.305353207058488,11.183296457926474,10.133055029975083,8.967511410183477,9.72970487806532,11.12079917060015,10.665536583794562,9.416187625461134,11.57369359334308,10.048582373725026,10.034728749593171,9.152548302544517,8.55587946573894,8.233082156711248,6.05551596747506,6.579886627197311,7.768856896294551,5.425782352023646,11.383122846815297,10.241741010877718,10.241741010877718,11.594388580322345
1991-01-31,6.703406208817739,6.410353453441417,5.1375932467881285,6.774178113219477,4.8967839599937975,9.112940293999088,8.201124937816303,8.059405242755929,8.456808426559576,7.94303679517526,10.632749811808253,8.704695166310898,6.992287572224939,9.78779485969136,7.941810841714187,9.412138567688714,9.414842490739716,8.945404696720914,10.050666058448087,9.64889459507441,8.856737021989716,9.435807082473616,11.174219590874145,10.201014680759897,9.022035976122709,10.673760186472293,9.819401882540888,9.660718351794912,9.025264932776054,8.48907961691583,7.990302945208839,6.16006205979221,7.547836127332516,8.92724640959051,7.058370926559633,11.840235215874088,10.615851605323144,10.615851605323144,11.437009409422501
1991-02-28,6.650313313802144,5.78579973493305,4.8543305896577635,5.327222260974679,3.580852399553521,8.542461286272328,8.303930082775366,8.06732003348219,8.219913736979208,7.62824474516367,10.47254115513391,8.279155622209828,7.352819242931503,9.16143333798368,7.8547084263393,9.690776715959828,9.811431594122098,8.761978585379495,10.72117513020845,9.776580519903348,8.822391764322958,9.483963448660745,10.852214704241078,9.678494117373532,9.184402901785688,10.748143949962866,9.71431884765633,9.529568336123532,9.155053710937466,8.658704194568486,8.1377894810268,7.223462495349736,8.099171665736606,8.754418945312523,7.171236746651857,11.042949567522442,10.19115745907743,10.19115745907743,10.898316592261892
1991-03-31,11.570877308999343,11.48692706118345,11.50521923188245,10.592057164510152,9.647820983394467,12.780302712225136,12.692057689543674,12.522198818576044,12.740279400733243,12.19765979807869,14.067661478186153,12.540070962393258,11.28074899078706,12.067412087225136,11.56935996188912,13.007127729026251,13.175920781781656,12.28590744592816,13.603754913166085,13.60619369424802,12.592844714913326,13.5608675433744,14.39221362452355,12.703411541190178,12.344522197272227,13.906814808999286,12.959533432991236,12.965794458696905,12.724121491627045,12.278956001035738,11.882209109234566,11.065482588737325,11.964085474321962,11.754360801942937,11.076101393340707,13.465836461385209,12.879552439207714,12.879552439207714,13.708194597305805
1991-04-30,11.675848049587728,11.46522793240024,11.275259399414097,10.63083123101137,9.504247029622377,12.108592732747354,11.948317125108531,11.765173678928022,11.945506795247468,11.039389716254334,13.398485310872445,11.399215020073825,11.360621812608542,11.828368123372456,11.00679694281689,12.44422370062938,12.589178127712842,11.636142645941902,14.182187567816868,13.456254408094594,12.208554755316868,13.081029256184934,13.513499959309911,13.255074395073848,13.742555406358463,14.839297485351608,13.898989868164051,14.024399481879357,13.611750284830748,13.104539998372445,12.377223375108542,11.41808709038628,12.333747355143316,11.8012685139974,11.144001261393328,13.3393680148655,13.105858357747422,13.105858357747422,14.390510050455816
1991-05-31,14.550030337097894,14.743158697312879,14.364764355075067,13.281837922783382,12.028808478898895,14.222566879436556,14.330708050471515,14.111729660854564,14.467143282326447,13.606728715794077,15.638193979571042,14.005785755444663,13.73101204492724,13.583532731251125,13.208267589282002,14.770124423119341,14.98218024469196,13.719540060720135,17.246022755612614,15.732731529974274,14.095506122548215,15.884411112467433,15.933556882796836,16.416073263845135,17.00542348225912,17.076129757460762,15.99781049502792,16.06342394428873,15.850890342138143,15.33865705920806,14.754866946640902,14.389511813912407,14.892320743683797,13.955645046439201,13.60345775645277,14.87011969781696,15.03010006156012,15.03010006156012,16.287820680679886
1991-06-30,19.574559741550047,19.5110397762723,20.053862041897276,18.727006573147264,17.14189101325144,19.54883003234852,20.21606093512645,20.054616165161235,20.065917163425013,19.280139711168147,21.680739212036087,20.671451017591835,20.181208504570918,18.680687671237536,18.51671468946671,21.060925843980613,21.223735088772287,19.559089363945873,22.26220622592507,22.191619745890307,20.216516664293124,22.197959264119447,21.15388103061258,21.07081896464041,22.35801785786947,21.861156421237638,21.79259630839033,22.03483534918894,21.711332745022332,21.248116599189018,20.188104120890273,19.90800971984868,20.019864103529244,18.893873977661144,18.653257115682038,19.6912155575223,20.822031529744493,20.822031529744493,22.08558404710567
1991-07-31,23.97807195930085,23.94197327398473,24.900464117398883,23.341426714005024,21.691461366222768,24.02966963655217,24.725213151337016,24.471325277513074,24.14063023803061,22.62648583278866,25.17187236252653,24.117476256175735,24.929372467533312,22.49825425096742,23.080852537257726,25.465353020288603,25.803939314811544,23.507166696363925,25.791057615382726,26.0223139157859,24.124335820187866,26.37331200466366,24.59201212647139,24.53658695426043,25.94994328406557,25.065910080940455,25.04480373013405,25.288301188971445,25.24600973231827,24.734167599421653,24.01797188789618,23.82032036319856,24.212693725093743,23.049103755335693,23.106437424690455,23.614785458964718,24.98981433581281,24.98981433581281,25.89079299844724
1991-08-31,24.59400259858819,24.27036926105461,24.810303316834222,23.841322302049207,22.26560720628305,24.511842715355613,25.156297835483258,24.995414413944445,25.025170693346297,23.302212549025057,25.977450389246826,24.456052644791157,24.996005076746883,23.748911137734638,23.897650532055934,25.866450410248206,26.20073667956933,24.209620248117858,27.371096957627117,26.852978048016894,25.052950221236074,27.376294790288455,25.785702867405462,25.351442324730613,27.4006327229161,26.218566820698356,26.26762858565138,26.44223113521457,26.45085481212982,26.01887291528851,25.320040064986017,24.932247621269596,24.863512847244124,24.05683546989195,23.872908323554668,25.07332152499947,25.506335112869124,25.506335112869124,26.92236911404524
1991-09-30,21.800392871432848,21.31219300164122,21.196543587578674,20.673306825425925,19.4601259443495,22.223838509453685,22.288836881849704,22.18677524990511,22.46173184712734,21.20642043219675,23.537024815877317,22.27425897386337,21.553664355807825,22.061490419175925,21.36144430372451,23.461555523342554,23.61054098341208,22.57074334886346,25.01653327941898,24.78063375684951,23.161471430460608,24.960397211710585,24.67067281934942,22.929768413967622,24.045086881849556,24.936292394002294,24.230905024210642,24.268052376641208,23.603184212578583,23.086132346259262,22.45764927334261,21.748276986016265,22.78239699469674,22.281051508585676,21.455221430460654,24.278197775946637,23.72923401726615,23.72923401726615,25.256241395738414
1991-10-31,14.0807888359152,13.893855872205563,13.601094510478333,14.470631535848042,12.491667007118167,16.490244166056243,16.46305267580101,16.351357027279448,16.8195714930053,16.569815633630242,19.579591759302275,18.0080480555053,15.304741918912612,16.73747461380492,15.340486206546927,17.712931918072456,17.76066272284396,16.585928914880242,17.90891646108321,18.430028062225574,17.763356145222986,19.25885135691658,20.393729864140937,16.19606783877134,16.363942082723042,18.100763739309002,17.154217410343847,17.08851733053882,16.58633844108988,16.03855513295821,15.58094109565991,14.35771255903353,15.54276065211144,15.818954578522721,14.410344552481092,18.80151033709126,17.657706258630242,17.657706258630242,18.53139629979296
1991-11-30,10.1526426527235,10.038645256890334,9.024099900987437,10.384611511230503,8.390253872341475,12.650732930501363,12.354118347167969,12.286730109320843,12.667394171820717,11.996693759494406,14.477322557237471,12.578592088487483,10.988238355848523,13.017662726508206,11.054403177897143,13.268823750813851,13.275404696994428,12.460834927029111,14.34321339925134,13.710791524251363,13.084342956542912,13.689825269911069,15.565072123209745,13.150396558973569,13.381833733452709,14.857446797688738,14.175515916612369,14.06904347737634,13.455349900987414,12.865397644043014,12.197957865397143,10.759481302897143,11.621438768174983,12.1439892239041,10.460531107584643,15.096636793348523,14.123028394911046,14.123028394911046,15.30084415011936
1991-12-31,8.082896508110878,7.073882293701274,5.083571963840143,6.884233856201206,5.00284550984702,7.703936004638706,6.296883053249815,6.120732879638695,6.601201629638638,6.014122094048446,9.796001434326229,7.48221562703452,6.898809051513695,9.651991017659554,7.907958899603955,9.469688500298332,9.375119272867835,8.63089726765952,11.613777584499815,10.20693350897892,9.442569902208163,10.195206620958118,11.629654863145674,11.887692515055448,10.594034745958083,12.711056772867835,11.39703225029848,11.354798634847043,10.557020314534554,10.021454450819249,9.852254146999769,8.730050913492846,9.122406599256806,9.549153561062326,7.7164441426595545,12.652416907416466,11.227506425645686,11.227506425645686,12.387049611409509
1992-01-31,4.868363644999931,5.520626014791446,4.729647142143563,6.980563325779428,5.506484234717675,8.75379606267461,7.9517468565254035,7.854006601149081,7.966555429274138,7.56628031166656,10.03806238071894,8.309586133239236,7.055097095940766,9.731369252358775,7.762201850645113,9.32919876344738,9.256586616270113,8.377950758575139,9.868775796377577,9.065269621982338,8.316807970436685,8.768423498830487,10.64364138777546,9.788246142479636,8.495379774032187,10.479851905248552,9.23473209258043,9.099934965564444,7.999254522016031,7.3531744228895946,7.031809230517297,4.665385654408453,6.214838569395113,7.69691129704961,5.650238434986363,11.462646554106072,9.826523717244527,9.826523717244527,10.722202165665124
1992-02-29,7.277439832139407,7.1563404697112105,6.344025679840513,7.648505519998594,6.061512883504292,9.116624121830398,8.613686015688188,8.43505926461063,8.546923376499933,7.70049905448127,10.208176856205398,8.227775455343362,7.459234798913769,9.754311015688074,7.858531000422261,9.524905820824642,9.558364311306036,8.821735921399352,11.276690572979874,9.875954783647956,9.3052325763922,10.35213002610476,11.10406350760627,11.079127489287316,9.594721620932376,11.33183548587499,10.45438846719685,10.252764791729874,9.276940326033014,8.762625828008538,8.342984574416619,7.252388759043015,8.247983002936849,8.916538251679526,7.372449822261501,11.735371876859176,10.498617207318887,10.498617207318887,11.603547164215513
1992-03-31,10.52891912562876,10.6035027739822,10.09233005892844,9.789516928888077,8.481891865884108,10.849095116892158,10.667509620420503,10.481361581945862,10.875212913431199,9.885474695185167,12.258077916791365,10.56621226238957,10.174161796159694,11.25056468594454,10.216647515245711,11.599050489036017,11.72195823013135,11.107797548847884,12.797946343370654,11.869167151502324,10.735023691320862,12.267854042463398,12.833212850427174,13.006471313968746,12.008230176536017,13.179430508357257,12.665693004156992,12.560085120252438,12.310749287759052,11.885626954929933,11.330078399822355,10.424030537759108,11.398143756005027,10.93877610647553,10.117137896630084,12.787259284398942,12.252864333121977,12.252864333121977,13.345740152174471
1992-04-30,12.901715087890636,13.166103108723917,12.934850396050308,11.836583794487808,10.967543538411519,13.025285508897639,13.132783338758657,12.944727240668442,13.253369818793317,12.547868516710139,14.240736897786519,12.858100721571248,12.724363199869742,12.81762220594618,12.604831949869833,13.98176066080731,14.209709337022616,13.07930026584205,15.641398790147605,14.236562093098996,13.257951524522639,14.525613742404516,14.92895575629342,15.648248291015648,15.761895751953148,15.885471598307333,15.413214111328159,15.42270033094627,15.381115044487728,15.102013481987854,14.164546034071236,13.35593329535601,13.987077501085025,12.850912136501734,12.403112114800365,14.00830417209204,14.185322401258759,14.185322401258759,15.371436225043453
1992-05-31,17.831281465099664,17.58690720014681,18.036874123029804,17.24980937588606,16.43921524786191,18.527021867485473,18.312012731900836,18.114592221988232,18.046188219132034,16.86936477743177,18.170875824138648,17.015486879246282,18.316543771887268,17.53317788647081,17.708182086739555,18.782915369669638,19.0250004881172,18.07243464890348,19.016783712243523,17.59688283858776,16.702175702330862,18.25738298559702,18.321652348836324,18.543699559857714,19.133472430321547,18.576792427801365,18.492823803809415,18.541126895207356,19.18757189268706,18.779702164024513,17.798445863621282,17.291780562041936,17.78910814100692,16.823051563386002,16.795558178809415,17.710723249373928,18.11943565696805,18.11943565696805,19.034613853372548
1992-06-30,17.987399313184937,18.29045649634469,18.405812941657132,18.0587182150947,16.787827915615537,19.722531149122517,19.964989916483603,19.796492195129474,20.448095385233557,19.436783536275243,21.37546626196962,20.19388260311564,19.160904630025243,18.619357320997437,18.013698683844723,20.35876433054608,20.49377409617108,19.26935732099753,19.757033644782155,19.904931322733603,18.935538419087834,21.20502626631003,21.208512051900186,19.40299989912245,19.618407885233637,20.264119148254338,19.825127177768366,20.02674393124056,19.97642383575436,19.534697490268286,18.24475065867108,17.594246101379383,18.727028761969677,17.757622294955866,17.31207921769891,19.512575636969643,19.60984668731686,19.60984668731686,20.6373314963447
1992-07-31,22.66790696420975,22.523483346098203,22.873515373147995,21.87026541515064,20.453898017637243,23.13792754552702,23.07366080745578,22.861746744955838,23.672243741763623,21.967367754700433,24.083190167334806,22.694744056783748,23.243073399861657,22.0943103790284,21.910482989075433,24.345591461017477,24.696922946232633,22.600694787630516,24.83309303611844,24.07351642321521,22.040176789478664,24.582736013268914,23.35050577553369,23.54081470530525,24.7554746935445,23.905833816528286,23.89266597378645,24.056969989243385,24.315633043678872,23.90306688944503,22.87190351998936,22.90810721202564,23.46447481955255,21.90325327637379,21.59627137953231,23.192919565016325,24.25489453141404,24.25489453141404,24.90994482963316
1992-08-31,23.825397540677045,23.358700422061418,24.123049590408243,23.789624376194524,22.252260359897434,25.388818974648757,25.831243789836947,25.665768949447227,26.147235263291236,24.457960649715915,26.712972095448436,25.194601169709244,25.313592160132714,24.583317672565443,23.720322565878632,26.725192252538534,27.055672028244146,24.85368897632884,26.730387460031807,26.26853902673207,24.624632566718674,27.181480579991444,26.050728836879955,24.90948429722937,26.4403142703477,25.991090270011682,25.969167491953897,26.070538354689063,26.191282957343674,25.739803937686418,24.864596549413648,24.087683326967408,24.6159563864432,24.040469680293995,23.598073741953783,25.823964198943145,26.061541903916293,26.061541903916293,27.05232231386242
1992-09-30,19.545593579610227,18.996667798360193,19.2647857454088,19.51090119679776,17.888185267978315,21.513475524054684,21.642238002353224,21.51488882700602,22.107868427700453,20.65766497717965,23.335556687249095,22.001005363464344,21.0493587705825,21.410440042283767,20.299697854783858,22.86832578447138,23.020601717631052,21.718616040547715,23.894706535339367,23.897147941589367,22.653731600443507,24.784767299228236,24.11726241641577,21.1246625900269,22.348211309644967,23.227052455478315,22.42904627058249,22.55873648325604,22.55526154836025,21.973886765374004,21.198056687249107,20.438776630825487,20.975709682040815,20.789045185513032,19.98400503794352,23.056205558776867,23.139538892110238,23.139538892110238,24.035705884297784
1992-10-31,13.8367313754174,13.68818099319293,13.272152242352945,13.937201805525035,12.186135987312582,17.578330837782914,17.705499226559937,17.55226029426825,18.094339112312525,17.579664423132442,19.93340843774945,18.691898231096218,15.57864585794431,16.853514074510144,15.328737738824657,17.882984210598863,17.982089553340757,16.833927695981856,18.258385861304532,18.06806380569293,17.28150834114325,19.309610764698334,20.592567123905326,16.183849465975243,17.16066923244034,18.425000024610995,17.889862150786996,17.815315254785673,17.383569623065227,16.867128195813905,16.27720044043747,14.705759118193043,15.576172949678153,15.660548474711788,14.31959690381126,18.463406232608293,17.806717829550507,17.806717829550507,18.728986604752095
1992-11-30,12.29634022182887,11.81686431037059,10.894563420613622,11.837041176690036,10.334295950995568,14.49677967495387,14.092176267835839,13.945507431030308,14.57845827738447,13.847137747870647,15.989884058634402,14.491641871134448,12.865054957072005,14.55358034769688,12.78904041714145,14.719392522176179,14.679405000474844,14.14166899787051,14.786422687106665,14.646299531724765,14.14243668450257,15.069688203599696,16.915583928426145,14.41710573832205,14.593041610717819,15.681330998738702,15.216972817315082,15.013104544745602,14.716921276516416,14.227592934502582,13.525590981377434,12.33860096401645,12.81943321228033,13.094501029120522,11.62311431037051,16.00946413675939,15.14563221401636,15.14563221401636,16.252348793877502
1992-12-31,8.91883021460643,8.970992215474439,7.689343452453613,8.726132731967539,6.693740696377233,10.616299290127245,10.045989502800865,9.84350198109945,10.182588895162041,9.51378464168971,12.531691000196759,10.584281603495356,9.177456516689688,11.336619928148082,9.717783122592493,11.456867323981385,11.445311334398127,10.475584771898127,12.84679516686333,11.967088678148059,10.909569146898036,11.35338153839109,13.003045166863387,11.895639567904993,11.115309164259145,12.841217909918896,12.058144993252256,11.904713461134236,11.3811430401272,10.75257044898143,10.60159117380772,9.023129802280039,9.955483860439756,10.574684164259168,8.972866672939688,13.577763048807867,12.359935357835525,12.359935357835525,13.258763482835548
1993-01-31,7.088185862059277,6.9842607108496395,5.941226331649318,7.1527177420996395,6.0925698926373,8.910895140453079,7.81715826629312,7.696463541830838,7.909044397005459,7.437944871635864,10.138678343578135,8.605530347106253,7.094407510244707,10.066567603490626,7.73835859811436,8.986106203961242,8.878109417166797,9.181080057287716,9.9578672716695,8.978351457657368,8.552746093914095,9.161937332153343,11.141881048551113,9.928084740587508,9.13572502956589,10.391951928087394,9.396545972106367,9.05001066884688,8.219572895829458,7.618989583497353,7.493039272677549,6.059204007220558,7.060668850970558,8.348342637092856,6.402849000500055,11.911191784438302,10.201721753356253,10.201721753356253,11.457838394821295
1993-02-28,7.406822209131235,6.717659727732325,5.446625850314206,7.202508476802279,6.349019009726419,8.189723064785937,7.299164912814206,7.117689954666901,6.738225668952566,6.408763708387141,9.378097902025502,7.244936629704,7.299231760842474,9.337457207270916,7.816937769027049,9.41102782204041,9.537239805857325,8.435851692018105,11.007646474384103,9.833379477546316,8.8369282359169,9.687081114451075,10.68577031180979,10.680721832457039,9.275788447970456,11.10151854469666,10.087445581526993,9.989338833945169,9.1464985484169,8.588718600500215,8.203961694808356,6.999104458945169,8.235092530931809,8.775988992055318,7.481540866125215,11.02925001326065,10.168311350686281,10.168311350686281,11.0456684702919
1993-03-31,9.57804992429675,9.201088923792724,8.290433891870634,8.083150625741666,6.436603246709296,9.313721757294047,9.083557526783352,8.961912491500982,9.272412113476832,8.4207131047404,11.173661168416345,9.248643842307445,9.01709089791899,10.118256997549452,9.217871622885468,10.68920478820803,10.867721463275245,9.735082224363964,13.399675008302097,11.949201427993046,10.940304733604535,11.590781989148923,12.108974403463378,12.514512982932501,11.61757445386661,12.799419841971428,11.880364272415022,11.824994228732237,11.089558660855914,10.716244018718726,10.323558261830271,9.67021432281831,10.47422190430342,10.34697738565427,9.510824621877362,12.134304649599073,11.829882291568254,11.829882291568254,13.066869333738964
1993-04-30,12.464517402648994,12.490846612718371,12.301607788933666,11.806197632683734,10.378050931294695,13.2733580059475,13.220740275912874,13.043545722961426,13.315963257683677,12.49967907799612,14.778818617926675,13.222541491190668,12.237339125739254,12.898526191711426,12.336281183030906,14.091771634419786,14.241389147440543,13.168336847093485,15.870702298482286,14.593469768100363,13.53388589223232,14.930294312371132,15.555191230773914,14.553796916537863,14.843662367926811,15.784113756815543,15.08477564917672,15.173436673482229,14.800292142232195,14.350311130947546,13.541834025912863,12.750989299350294,13.580817858378111,12.420482571919706,11.847593031989163,14.269883071051709,14.396372328864118,14.396372328864118,15.73442571428086
1993-05-31,16.563496710664595,16.415576368762515,16.745549487042126,16.026844114898438,15.070122634723646,17.97186784641724,18.235550222089216,18.079712373466805,18.37724366546962,16.9682293635542,19.056550516108075,17.59267020276792,17.286554611370093,17.046503998130845,17.03743404265373,18.44192780525458,18.650770421182017,17.946485096921265,18.76075708532852,18.679350625315067,17.241685239730316,19.358589221585248,18.951593673870207,16.65330370831242,17.744887944703464,18.248295412781488,18.04371606970352,18.225188683950762,18.234319018292183,17.650366145308283,16.621875196887572,15.895163062310985,16.868488730153786,15.907992258379636,15.526397836336571,17.58943862094685,18.13327367639033,18.13327367639033,19.169493119434662
1993-06-30,20.854596286349818,20.797858005099897,21.379753621419297,20.20019090440536,18.96867234971785,21.57507968478734,22.160623847113754,21.986673651801198,22.282968139648517,21.134668986002623,23.21020880805122,22.403730943467906,21.41547410753043,20.172741360134467,20.085341729058143,22.292891099717906,22.47149353027345,21.20749070909295,21.90840216742623,22.44873691134984,21.015913560655406,23.587387084960938,22.579078165690078,20.954457939995734,22.343981594509614,22.30334303114148,22.17572530110681,22.355198499891458,23.04396531846794,22.56173875596801,21.35981004503043,21.00239088270405,21.939977688259603,20.315796915690214,20.260846286349818,21.629786173502623,22.540086195203912,22.540086195203912,23.15568678114147
1993-07-31,21.993875880907922,21.88158169408007,22.700513355706335,21.500948083528954,19.505074847641822,22.618285218105484,23.330708563199664,23.18000291803844,23.483343706848927,22.75870545500061,24.928713960545053,24.23349596659341,23.247251846969846,21.668659567063912,21.95120640006121,23.69349365644564,23.952049078992673,23.04596446457731,25.280832996163326,24.88722843047111,23.59755426632472,26.384296117803103,24.85756403194972,23.4288373434415,24.642581148045053,24.100945983394524,23.611144761116293,23.886776901573285,23.99782150842816,23.571040069416085,22.710578249859623,22.167727632420053,22.875722319080012,21.668145034133715,21.363578291862325,22.796111473985945,24.016116304295053,24.016116304295053,24.71265738292408
1993-08-31,23.689114896712738,23.561568483742292,24.375239308675248,23.609210032801514,22.10631709765363,24.552968433339117,25.255035490630803,25.090739350677893,25.525929202828365,24.184523477862,26.65796990343324,25.57023153817778,25.53858513780824,23.793790845973547,24.154730446107976,26.097942811699397,26.53980584093324,24.8527494943271,26.355211901921166,26.336825225173925,25.004691593621317,27.832456945603894,26.234774443923868,24.054233764320372,25.61635311495877,25.57757938343991,25.12769909110125,25.340127686531332,25.191968454340497,24.644938569427893,23.984971331524605,23.33967090729749,23.91690335017381,23.1864135988298,23.00608555783515,24.51099724718324,25.64415626936062,25.64415626936062,26.200867773896903
1993-09-30,18.989347203572606,18.29994833204495,18.494528410169835,18.37839885287815,16.835896682739246,20.774389521280966,20.776906882392097,20.603173700968455,21.43642022874627,20.583824200100423,23.08020278082961,21.909233813815604,20.286865107218375,20.449929343329643,19.774099265204597,21.865508227878195,22.09263225131565,21.292192798190683,22.028322898017052,22.32256660461428,21.54848620096851,24.101320944891995,24.043584399753172,20.850488154093455,21.533010398017097,22.327023527357255,21.818117819892052,21.831092537774055,21.664493687947697,21.11924900478789,20.52975790235729,19.467841127183704,20.389360766940683,19.756271574232358,18.936569425794858,22.2057751549616,22.05931519402401,22.05931519402401,22.842900806003172
1993-10-31,14.087505492343666,14.27793517984378,14.293675687236146,14.346449439756327,12.791126649097748,17.656298020065492,17.735782857095046,17.593469874064112,17.956296969998277,17.802540879608557,19.80943719597269,18.72369920874155,15.898606277793931,16.984927052323542,16.144130366335673,18.130757760488905,18.199697297619252,17.437828913042665,17.996467290898806,18.735688351046747,18.22222123915151,20.212796885992873,21.084491799467344,15.697801926315549,16.031040753600507,17.58060392564346,16.874667370703946,16.792741127424335,16.382608503936524,15.79865038061655,15.629691942276509,14.30055362742445,15.460200594830326,15.622278467814112,14.36435046042169,18.625289535522484,17.59629980517974,17.59629980517974,18.31062377191364
1993-11-30,9.970485263400633,8.753775193956187,8.243930901421493,9.885952928331221,7.729277038574196,11.938847351074287,11.813557094997805,11.765561760796516,12.619847785102024,12.391136847601956,14.915550910102013,13.08923526340061,10.975085957845067,12.942707485622918,11.366174825032601,13.245694139268721,13.241768900553495,12.347649976942364,14.727220831977093,14.132225714789513,13.267167663574185,14.711872524685361,16.023938496907647,13.057719421386707,12.583820766872805,14.511829121907567,13.287103101942364,13.218852233886707,12.168165927463235,11.568705749511764,11.487181769477047,10.051426018608993,10.930215623643733,11.775403340657533,10.305893792046447,14.908465406629716,13.716163974338087,13.716163974338087,14.284900410970124
1993-12-31,8.726816558837925,8.549272070990696,6.901824696858739,8.214783138699033,6.4316613939074045,11.482543012831002,10.872275543212936,10.712322743733807,11.522731272379644,10.821852366129576,12.725948503282268,10.635277387830968,9.065990278456013,11.701670074462982,9.656826866997733,11.270753733317065,11.336804623074045,10.965640343560096,12.042965104844882,11.361867014567167,10.786603885226839,11.411701541476816,12.95486560397677,11.420216623941997,11.169912804497642,12.363771311442122,11.439924197726839,11.364153798421171,10.68022910224073,10.195772722032359,10.000848134358762,8.776938629150436,9.32755711873375,9.975587717692065,7.889804840087834,13.489010026719825,12.075169965955922,12.075169965955922,12.901333702935176
1994-01-31,7.053535654211544,7.287669138754666,5.964038426388925,6.7602965119065175,5.793134738552908,10.16320729819671,9.687962632538131,9.549965425716891,9.906184973768063,9.174238254177965,11.60444816261213,9.576721138082519,7.90083488136213,10.272944571382311,8.475959314325792,10.368750077934749,10.426640282907897,9.746650888586544,11.360756441341891,10.89967455710132,9.891197889594594,11.191601115401056,12.46486797948046,10.321305416476378,9.795135116577114,11.39869011909741,10.60414626829089,10.700558188653929,9.991122284756045,9.454947469567742,9.141596915132368,7.846554282403758,8.53729373972908,8.751365690333898,6.800374951926699,12.098664917484427,10.83328405810937,10.83328405810937,11.709250119937394
1994-02-28,8.091869109017523,7.693347322373256,6.954383059910413,6.848620759873199,4.667070234389541,9.14180749257406,9.104442351205023,8.973257455371709,8.778659938630597,8.555535752432661,11.323416146777959,9.276253409612764,7.682038379850837,9.74912182944172,8.408278265453646,10.015002595810756,10.133974647521995,9.537707673935643,12.228788403102442,11.563784217834495,10.48894058409195,11.129138337998143,11.983979297819644,11.015162449791319,10.835320908682718,12.46596520741781,11.852901940118727,11.928091439746652,11.295845694769014,10.854564421517637,10.259669285728876,8.881446048191663,9.586518360319644,9.499569420587477,7.9646166211082345,11.995814305260126,11.261267825535413,11.261267825535413,12.441091928027959
1994-03-31,12.436839573357702,12.157616203062048,11.708568088982702,11.124901359312048,10.113773272114372,12.542216442477297,12.516912448021742,12.379072751281058,12.173640228599652,11.442131912067396,13.403791333270306,11.940163036059346,12.22538491525961,12.483620067309346,11.603067836966602,13.12101348548805,13.197266740696364,11.930688804708552,14.830370634345627,13.670133004137313,12.675244206254206,13.56440961284028,14.028116665091602,13.581192311933023,13.800937250609024,14.216771739016394,13.837416585286462,13.756516782699237,13.286640585622479,12.90586784116681,12.434610805716545,12.57677152900294,13.109670134513635,11.925107697517717,11.541213628297214,13.591028816469304,13.335804732127883,13.335804732127883,14.561448423324123
1994-04-30,11.868258539835608,11.748624208238482,11.080153613620325,11.210964160495394,10.215372255113436,12.747677485148131,12.588541200425936,12.360234451293934,12.846831130981457,12.01041077507881,13.97991218566898,12.095206239488448,11.652421951293945,12.064900249905122,11.171475770738311,13.115977181328674,13.337627029418968,11.912882020738436,15.764471647474522,13.92090610928011,12.569902420043888,13.870095019870348,14.572354676988425,14.579141786363436,15.025197558932916,16.068074078030122,15.16057624816898,15.23773282368984,14.941815397474556,14.523333952161977,13.68412768046062,12.562762663099477,13.60844679938424,12.633414247300948,12.312117046780088,13.6080751630995,14.035180197821717,14.035180197821717,15.131249533759274
1994-05-31,17.33804168290993,16.92034857555103,17.294351011706908,16.35267699456972,14.965052561606115,17.420083433582022,17.78014360243276,17.63978636956989,17.848308714999916,17.126017363353526,20.036588389899237,19.089784794468983,17.46155583781581,16.625668216008023,16.799076314126296,19.075989536572536,19.354328225248594,17.906537566646477,20.253558525987955,19.720090259018832,18.659393749442188,20.81664656362227,20.289441947526825,18.490167543964958,20.06264318240585,19.490317178541716,19.324858089159875,19.499670652163957,19.562162776659875,19.21107543206989,18.33099310680109,17.752022802701617,18.04198836049727,16.668552960631757,16.813884886874916,18.077257492721742,19.123137554045684,19.123137554045684,19.743123483145155
1994-06-30,21.131125428941573,21.28428569369845,21.45488573710128,20.0684138403999,18.207970046997104,20.67434917026094,20.937828445434604,20.72690450880259,21.050360997518,19.82506531609431,22.219734912448473,21.386322911580407,20.944054031372048,19.676437928941482,19.770166227552636,22.082839838663688,22.31175693935819,20.757799148559513,23.185028966267907,22.564016596476222,20.99801996019147,23.422995546129016,22.41368836296931,21.509133783976324,22.97262933519147,22.30356195237897,22.19558669196232,22.267814339531867,22.823171869913836,22.551956049601245,21.53600824144155,21.408206049601347,21.894601991441505,20.167092768351324,20.33021939595534,21.019018766615147,22.10631802876793,22.10631802876793,22.816745546129084
1994-07-31,25.72998449674219,25.34017854916152,25.961729078395365,24.76823581982694,23.15030014694389,25.33022653723276,25.613904817642663,25.40963786955797,25.3627681198941,23.57331709502847,26.100041305377943,24.753962781352413,25.876390116701884,24.36677675144648,24.474579275808026,26.86919453118452,27.354036811090282,25.337345992878,28.033432917441132,27.432710471204473,25.567021942138638,27.736670799665603,25.671285740021744,26.229973996070157,27.47539570305935,26.16736898934971,26.194867624262372,26.272034437938544,26.2145301326629,25.86555342315347,25.242758564282553,24.964955409880588,25.399735735821537,24.29347943541825,24.652920064618513,25.160231157528415,26.78139053672868,26.78139053672868,27.19319276707148
1994-08-31,24.711305462416817,24.755011884627834,25.62257215848524,24.55613965680527,22.703240946287792,26.022729143532445,26.531662590273072,26.382264278781008,26.435038031301303,24.663821423438264,27.938377245010884,27.0984757413147,26.481647889332123,25.39219791453371,25.323817538189644,27.679821822463907,28.191847717121163,26.461851497363,27.69760471056867,28.778604269540438,27.752244957544463,29.998616975353684,28.18972920653647,25.789821612450453,27.353707701160033,26.702933801630593,26.720616933350925,26.92269711648271,26.776417504587528,26.356364371187,25.50094024904314,25.004906877907388,25.651617017356273,24.848764509795842,24.68708828751761,26.427734813895256,27.08965780196661,27.08965780196661,27.71330059010495
1994-09-30,18.930961905585434,18.550487730238217,18.594389639960525,18.950444327460445,17.33698946634928,21.659946823120208,21.796125751071486,21.638063685099382,22.670984692043703,21.50154024759928,24.355609258016045,23.17609808180066,20.978561189439688,20.94775335523815,20.380199644300603,23.044652769300683,23.360828442043726,21.908883455064597,22.806992721557663,23.45069118075901,22.57332301669652,25.53089951409237,25.132033411661723,20.993727747599223,21.621489249335355,22.51197590298125,22.029263771904823,21.92916611565488,21.88502820332849,21.37684406704369,20.504497061835366,19.55261989169651,20.656659062703397,20.31860567728677,19.367241202460434,22.764387469821486,22.187838533189563,22.187838533189563,22.81905598110626
1994-10-31,15.478059366697892,14.823830746066164,14.733343829903617,15.083704002954676,13.470036853257113,17.15386686837809,17.16098369885509,17.069202574863198,17.71299090231622,17.19421045036728,20.16956012274636,18.340484811926444,15.969443565286667,17.314448395595832,16.134206985145454,18.33126259670462,18.48440439777994,17.53411720439965,19.481884236489634,19.52672998161728,18.65049090231622,19.576621299661667,20.61361516726913,17.84986978756484,17.845911034204732,19.110218199863198,18.281547164916958,18.1723664273498,17.919182098552767,17.395300945159022,16.893565709103825,15.793460177349743,16.623183904668338,16.944152696670983,15.852103805542015,19.52885636770594,18.5505402554748,18.5505402554748,19.17134786216161
1994-11-30,13.401542112562367,13.213174057006938,12.227250120374947,13.28108312818739,11.486451509263873,14.782930458916553,13.755866114298613,13.596520953708307,13.665930133395705,13.027884885999867,16.024249903360953,14.208985688951316,13.808852767944359,15.493957477145727,13.998918957180479,15.253769217597096,15.290794499715105,14.937639660305422,16.02143686082627,15.564617199368001,14.953058497111044,16.200389226277707,17.28226314120826,15.232032563951236,14.842091157701304,16.48989660474996,15.424561860826316,15.301197603013804,14.943124686347119,14.400899208916485,14.150606240166553,12.986603418986078,13.753492524888713,14.351913748847096,12.982328245374902,17.461069022284676,16.18583573235412,16.18583573235412,16.786177529229064
1994-12-31,9.021204969618054,8.759847005208371,7.4718505859375455,9.439463975694423,7.556174045138903,11.019759114583337,10.33413899739594,10.134095594617918,10.063935004340294,9.223914930555623,12.5867919921875,10.446693250868123,9.665228949652828,12.035375976562534,10.307145182291663,11.693714735243134,11.729014756944423,11.307343207465294,12.577094184027828,11.807305230034729,10.917173936631968,11.969506835937636,13.512207031249943,12.091842990451426,11.76663682725706,12.933938259548654,11.9981553819444,11.82580837673612,11.244900173611143,10.645486111111211,10.323814561632048,8.619341362847308,9.407516818576426,10.481985134548665,8.596799045138937,14.248404947916697,12.650661892361143,12.650661892361143,13.574066840277794
1995-01-31,6.8560015442550934,6.8589469827632,4.8903203656596475,6.6079467937510685,4.808751145229564,8.402057491835762,7.6401576052430755,7.3765356084351765,7.952809864987671,7.281696163710706,10.325964371876012,7.979389691096458,6.619300645397573,9.178949712937879,7.4724723733882,9.321362452353242,9.367234638173159,8.651023175639637,11.463192404470021,10.541264901109912,9.103967039046836,9.667194210585762,10.917464602890846,11.267606886997044,10.999162456553563,12.291036511492962,11.345881521573745,11.44766978602263,10.813975229570985,10.23263702392586,9.81285165766235,7.848577569120607,8.836798440256473,9.356894101378714,7.309473066432531,11.741134692776598,10.904296760148952,10.904296760148952,12.37391306559249
1995-02-28,10.121795295533673,9.839158925556035,8.59418124698459,9.199606400444395,7.755706428346116,11.155698871612515,10.215376722245082,10.034079056694452,10.407201499030691,9.915156414395312,12.504102075667618,10.627195453643822,9.327315198807469,11.10047077451435,9.490066896166127,11.656701592036654,11.710563664209303,10.62494005929858,13.77124132882983,12.712746397654257,11.757406693413202,12.572734655652766,13.763056805020256,13.1185081164042,13.137998676300128,14.041417807624441,13.708180386679544,13.705343705131895,13.0648872784206,12.611047295161654,11.700777694157239,10.384199964432526,11.309388301486194,11.136746002378914,9.8049995831081,13.324359353383386,12.668795272282182,12.668795272282182,13.99231066476733
1995-03-31,10.01055546011969,9.507751780684316,8.508602335119747,8.946097084783787,7.469198563278326,10.362522235993481,9.952791263211168,9.709335807062018,9.945600928029705,8.91547712510635,11.928374575543216,9.72430451505926,9.401427225912869,10.699835324030971,9.151618863177646,11.419525134178912,11.532244598224679,10.36259574069777,13.805104561262283,12.713441569830763,11.36315752665206,11.759676028836111,12.778737373762226,13.547019043789135,12.54073964190735,13.631622958439664,12.83177889341954,12.879932350240836,12.888503523795862,12.434761609313284,11.875879090832143,10.917624512539248,11.848750604609108,10.887755350912869,9.910990712975945,12.47067128253235,12.203444930045805,12.203444930045805,13.600787734985317
1995-04-30,13.84724491967097,13.202537345886242,12.480521286858448,11.800402471754296,10.576105054219568,12.476506529914047,12.378012063768153,12.222573153177848,12.135062302483504,11.310452927483539,14.104965188768233,12.312962150573753,12.1359818988376,12.490834871927973,12.0216020160251,13.92207944658071,14.185612975226547,12.96471182505286,15.701555358039059,13.988428730434805,12.835564147101536,14.421835305955597,14.784123717414104,14.973891512552939,15.099390644497362,15.484264776441762,14.936801126268222,14.888157463073696,15.032900301615427,14.5709184222751,13.885905943976468,13.425706291198765,13.917261738247362,12.951270527309873,12.530461608039047,14.328340297275133,14.482574780782102,14.482574780782102,15.782249259948742
1995-05-31,16.842026585404653,15.984394696963761,15.844045339604861,15.303210851197548,14.1021413577501,16.371192202004124,16.434773771224457,16.26123703987372,16.408826610606184,15.64827343520301,18.197739476029653,17.13804315546514,16.396420066587325,15.50733078987372,15.652870104389876,18.21961500106329,18.581336901264876,16.503949573475836,20.23446820166805,19.723607881607563,18.228131046090198,19.926499241654597,18.870055504255447,18.96954412152695,19.769288430162646,19.335783935875043,18.89854120234014,19.128558423442257,19.153132621190935,18.832864749047076,17.674441109934207,16.673065521896547,17.228976350189555,16.035661603045753,15.847880710068637,17.174903139504067,18.502647490142465,18.502647490142465,19.35401047737372
1995-06-30,20.554168976677886,20.84998060862233,20.212708473205566,18.002937422858395,16.56881741417783,19.373697514004164,19.856198056538915,19.680232344733383,20.269232453240306,19.36079603830973,22.403371450636143,21.269210751851404,19.774212921990284,18.489091936747343,18.185351159837637,21.52690931955982,21.853100183275046,19.39554809994172,21.959295929802806,22.179925812615352,20.635530196295974,22.89333998362224,22.324269888136143,20.571538225809718,21.551475291782026,21.583387184143078,21.048974206712558,21.236712921990318,21.08271444108749,20.67422106001112,19.912865808275,19.6083139419556,20.233077939351404,18.926803525288847,18.908303091261246,19.808832062615352,20.989281823900114,20.989281823900114,22.087448056538904
1995-07-31,24.806168349071243,25.097604000953027,25.444362443493276,23.713560297155936,22.476722889561813,24.749015816309054,25.177823885025532,24.92938585999201,25.11988642702812,23.644962031866953,26.128796247256844,24.83074254681992,24.745030811268805,23.532260943997244,23.58699044668549,26.103707516578027,26.46855861704836,24.603529005153234,25.402955668459697,25.684024531866953,23.9947394176196,26.723031903338665,25.364523208782202,24.414768924508053,25.792425594534905,25.238995550012135,24.96907577514645,25.259912888721715,25.552947267922093,25.13134003505911,24.26551499725673,24.302847511537664,24.706152073029557,23.48438312981716,23.539863430556466,24.332538161739308,25.612241937780766,25.612241937780766,26.17615427817077
1995-08-31,23.671790038898507,23.88661278755444,23.457345314436054,22.065672872399887,20.792177618703533,23.539431692964286,23.708778656169898,23.547346574516723,23.785609448340722,22.34192980284331,25.55356034719813,24.038300245551625,23.03397659383802,23.580092920282937,22.58607305301132,25.34748203318611,25.66586240953012,24.225666361983087,26.17912738348855,25.86911079242668,24.360718130296277,26.89961786987965,26.60874400395221,24.692859637352797,25.45286940297774,25.838774350894425,25.136190135504705,25.2918730992144,25.215441332581292,24.75820269430841,23.908472561579913,23.48453942985941,23.9704212762976,23.31002876117668,22.7706643668555,25.071737010504705,25.300570280833938,25.300570280833938,26.41417705166731
1995-09-30,18.396446948581342,17.78079482184512,17.525719409518842,17.326950963338277,15.706144756740969,19.297548294067383,19.33082737392857,19.211646058824442,19.92979384528263,19.043096796671648,22.07117839389383,20.807520082261874,18.14886936611606,18.985468758477168,17.545055347018774,21.24679145812985,21.421550030178537,19.37744195726185,21.884606128268842,21.696775182088118,20.792934036254962,23.378160815768695,23.373378372192406,20.674224726359057,21.154357104831263,22.488292651706274,21.772374682956297,21.81876140170641,21.204137378268797,20.730854500664634,19.664309904310528,19.220589743720154,19.52226346333822,19.08652670118545,17.902520624796637,21.357373597886863,20.962988832261942,20.962988832261942,22.539589309692417
1995-10-31,17.72531056968114,17.014835099251115,16.964489627140836,16.399437963834316,15.266488955097827,17.936946364372034,17.53462624088405,17.336822456441894,17.421484124788662,16.24773212966096,19.095194117228232,17.328765815817007,17.445761678552117,18.414285914103175,17.404869436448564,19.205671687792744,19.472583020118066,18.316750421831784,20.031268650998413,19.97606924323628,18.72489054279953,20.163632247268538,20.020103811448564,18.822066387053496,19.14106630304815,20.23748347374709,19.499900518437926,19.328104273478118,18.872406608827703,18.35464734723496,18.010500946865307,17.562991181240307,18.157767621932578,18.166330919983693,17.188151316488984,20.3429732250911,19.59571390049433,19.59571390049433,20.672993596394917
1995-11-30,11.821265178256624,10.600553915235821,9.847814114888592,11.122979587978762,8.747049140930187,12.724536662631635,11.724175877041318,11.49488171471495,11.205130195617642,10.609014744228773,14.746582561069147,12.372936185201013,11.418742391798219,13.669786771138604,12.042467435201047,14.279365221659418,14.424259969923241,13.240202352735821,17.463232951694124,16.327542304992676,14.616059557596941,14.984405369228853,15.953912205166262,15.908398967319101,15.685417196485844,17.719605022006533,16.34448023902047,16.313230239020413,15.389079305860719,14.894849162631601,14.280398750305267,13.094873576694113,13.686567370096839,13.77784069908995,12.039502482944044,16.591173489888604,15.836572795444056,15.836572795444056,17.40129176245796
1995-12-31,8.751835081312322,7.953953679402616,7.098843002319313,8.006145519680501,5.433163748847107,11.051799816555501,10.963309690687481,10.865238401624879,11.565460840860965,10.999390962388759,13.62070443895135,11.522901704576327,9.130540593465241,11.669689899020739,9.811302312215219,12.305136405097073,12.350511296590184,11.171531804402719,14.33898243374307,14.01435407002765,12.573780610826248,12.740778223673544,14.243585840861101,13.054086600409676,12.272494803534642,14.233551661173522,12.99009191724997,12.893821843465219,12.357735146416474,11.880719629923476,11.450012164645727,9.66110699971523,10.547087902492933,11.102364052666587,9.503788206312436,14.601664182874913,13.400405502319416,13.400405502319416,14.43624534606937
1996-01-31,9.490095249299088,9.696958488546443,8.740339389924031,8.048780880179436,5.3601100552466505,10.684622824063922,9.983868350777641,9.860944858674031,9.897526574903964,9.391997971073295,12.206981380011484,10.10497260144956,9.296045455112221,11.355815280381137,10.104106296006137,11.762125659245385,11.842505678566567,10.871301146476526,13.60240256196721,13.239966616066567,11.887855455952433,12.45548240907732,13.23502342470232,12.257683874971121,11.508250911261484,13.481274684782989,12.39208722678569,12.221493308774882,11.707750554238544,11.21123677735693,10.838187277188922,9.850725079608196,10.798463234850146,11.042055199735898,9.53802031650332,14.031483648156666,13.055698197887864,13.055698197887864,13.999073323895857
1996-02-29,6.679664668817622,6.169753120685414,4.8714160831495406,6.2285853988823305,4.074841348056168,8.048201957790411,7.819150345900937,7.653446210663844,7.928601113681111,7.319604952581926,10.582328327222854,8.294029117452851,7.050865054952737,9.007913142237214,7.399997373559017,9.523569010592041,9.624688128767389,8.675348711561924,11.462651715333436,10.620838003049016,9.40780706734489,9.979682628587682,11.286982713896691,10.377606591411109,9.67067917133204,11.651237720182621,10.56350424317111,10.455291015800356,10.210774358113667,9.689211409119423,9.036236260951227,7.451098531964192,8.381650345900994,8.665184604162505,7.197509384155353,11.18464008638233,10.422974654449888,10.422974654449888,11.543383688214249
1996-03-31,9.528579884190776,8.95356045794739,8.06160712293405,8.199231555897768,6.409076986005232,9.739808777839926,9.715625730124884,9.540466644943422,9.542251759190776,8.814791451731082,11.833141376126207,9.892113150319688,8.649518749278116,9.991129237349355,8.95131593929824,11.34627509168405,11.52159693728214,10.157389002974355,13.418388456939397,12.98693946920423,11.900282673169272,12.809205094204117,13.018381106469008,12.380045252974355,12.51043997323643,13.622658030192099,12.75535502279962,12.77545330909004,12.143667249782084,11.714546786072447,10.808564553209521,10.071514507006498,10.821753397295595,10.416319824546918,9.588312957107462,12.255612289264604,11.98492071500391,11.98492071500391,13.321498755998562
1996-04-30,13.293955548604288,12.955199580722365,12.701087167528044,12.167696868048836,10.900552770826607,13.472867223951596,13.369503508673802,13.198238860236245,13.349272388882127,12.261490270826528,14.495542462666776,12.614249059889119,12.493391312493316,13.010038990444627,12.450094328986324,13.910635778639119,14.099204572041913,13.01398321787525,16.132095739576528,15.119951099819673,13.792450014750159,14.610993851555747,14.736712710062648,15.153571976555781,15.37579962412525,16.3405375798543,15.387141312493213,15.440374819437636,15.55339565277103,15.074711842007105,14.01300123002801,13.209512731764107,13.66580070919457,12.911018265618225,12.377098994784944,14.35748093922939,14.608869828118202,14.608869828118202,16.004933738708473
1996-05-31,16.331331897038183,15.821351008261445,15.82312562183671,15.357822467434744,14.273775088402544,16.659921551776222,16.793177705170024,16.68338792862437,17.085427159135122,16.2568978832615,18.025484072777488,16.45156721709884,16.28915857294561,15.837485290855511,15.557589877549049,17.52825362502881,17.73849020517008,16.185852961386445,18.299286471131097,17.388053902246668,16.523935223651222,17.590021203153924,18.09523478682337,16.60889091081509,17.816273933328603,18.556398051272197,17.961293464578716,18.131974013133743,18.436669388637824,17.96929235150725,16.99521588561356,16.339462042367643,16.295991885277658,15.56576465073448,15.101359303792435,17.168009694417265,17.536108127717114,17.536108127717114,18.829853927448312
1996-06-30,21.61742208268913,21.083698124355635,21.47926290300154,20.63038866255016,18.951474274529346,21.292481761508554,21.620232412550195,21.39757073720307,21.482244131300263,20.37014289432102,21.88860263824472,20.25083950890445,20.94107930925162,20.184937816195998,20.140449968973826,21.514128896925115,21.790894847445998,20.488976987203102,22.810135841369572,21.392392243279346,20.019649187723815,21.885930654737763,21.339603614807118,20.936809560987683,22.459077898661405,22.54145637088351,22.03142490386972,22.040449968973803,22.775158627828034,22.34885925716827,21.372367286682163,20.970107629564154,21.03408332400852,19.919662751091778,19.91067566341826,20.88387716081411,21.729639964633577,21.729639964633577,22.83009569380016
1996-07-31,23.3697171652189,22.818158865487646,23.246924931515935,22.058440493511966,20.33324570604549,22.80832498611943,23.310543253088497,23.094468299291464,23.118134188908414,22.248639166227008,24.76768738531291,23.756535671603388,23.156918421099363,21.829502216462117,21.940462817940727,24.67764937288024,25.032653468142257,22.90338494495677,25.19434019109252,25.182316921603274,23.093662372712117,25.509972016529332,24.477414682860115,23.4534573995939,25.042865371704124,24.75132733826996,24.485242933868108,24.5855374777189,24.930151157994487,24.53024881424443,23.66422163850524,23.353727266865462,23.394204732423248,22.222760259976894,22.190147797779332,23.13065098998368,24.49696955937219,24.49696955937219,25.265705383464876
1996-08-31,22.010958607991597,21.927420511553407,22.39377373315955,21.90626428255473,19.910023523146208,23.41390352146601,23.98071404733969,23.82457692956416,24.3326781980453,23.331536249960664,26.285616811116597,24.96460339125764,23.613859943677085,23.21301253944324,22.58516160698349,25.73400075768916,26.085513379496945,23.722058868408283,25.354530096566805,25.5162404460292,24.04436912126431,26.830575438468713,26.26847708917444,23.789874833629995,24.58935925063264,25.217378193845036,24.659254348918978,24.728963060276556,24.692168705437894,24.24809003440288,23.302759158226763,22.488237778858434,23.03068412042444,22.333520876976763,21.866506113031903,24.2211505602765,24.72080141293111,24.72080141293111,25.593646149994242
1996-09-30,18.063454437255928,17.47768783569336,16.564884016248925,17.231664615207308,15.13621105617949,18.74793523152681,18.637293412950328,18.466682518853077,18.733785925971176,17.936357540554525,21.377006954617002,19.720339202880893,17.79543685913086,18.65880762736009,17.439585622151753,20.120778656005825,20.25876964992949,18.807681867811482,21.773792436387907,21.485258907742036,20.01780285305449,21.717675357394796,22.157302093505905,19.930693478054536,20.233143022325294,21.31434419420026,20.582863616943428,20.48685124715172,19.936908213297613,19.497550031873914,18.997937944200373,18.714181433783608,19.61793306138776,18.775382063123914,17.744764116075316,20.691856129964265,20.33638466729053,20.33638466729053,21.039889441596188
1996-10-31,14.729745565434996,14.568930398264285,13.81240423058955,14.764938567787055,13.250145746046485,16.202879596012963,15.875345258815344,15.690772321147335,15.912780154648658,15.062391104749508,17.299811299642045,15.43294669530735,14.983134657336848,16.024255289057237,14.803896061066723,16.58685767060973,16.65413285122122,15.806127453875717,18.2801619170815,17.146945141207823,16.213369767383824,17.717945435226625,18.312819007135147,17.48418209937313,17.399801324003533,18.368795464628477,17.62691248411778,17.431363718996693,17.737959716140665,17.311711186234675,16.77567025461508,15.859896145072014,16.39613133912445,16.074017973869047,14.982289353237434,17.734775387343575,17.219066381967195,17.219066381967195,18.277247980589493
1996-11-30,10.741216765509762,10.509958627488913,9.612912729051288,10.571072451273665,8.910273297627839,13.96211249033604,13.496715354919445,13.340728484259728,13.773440615336142,13.019401444329162,15.702715788947273,13.83186346689854,11.78630411360001,13.431282954745825,11.915221214294434,14.34140936533612,14.452791743808348,13.307126596238902,15.88616576724587,15.474357499016662,14.234795867072194,15.569333627488845,16.845356305440305,13.952268197801288,13.883653831482036,15.517687034606979,14.46111965179449,14.314694955613845,14.317000728183245,13.760004742940282,13.430916743808439,12.209863683912488,12.727173254224965,12.969957542419479,11.401408280266708,15.87032917870414,15.11311617957233,15.11311617957233,15.924346648322228
1996-12-31,8.746591737535311,8.765393278333931,7.947402826944995,8.137477154201974,5.784978781806217,9.87275818718797,9.511164220174123,9.382643169826906,9.714812766181126,9.441999181111612,12.658625157674123,10.36577033996582,8.91658142937564,10.978810162014497,9.725652609931103,11.710703065660198,11.777603022257495,10.839829042222732,13.474570253160323,13.059067323472846,12.10758349100746,12.555196338229734,13.768190044826952,11.948883946736657,11.32866367763944,13.34783142937556,11.864869732326952,11.729271316528354,11.105049853854723,10.565916824340775,10.75153151618116,9.117633946736703,10.288909445868626,10.824890348646477,9.256463156806205,13.713236702813049,12.63359803093806,12.63359803093806,13.5123740726047
1997-01-31,7.606404487035661,7.1896616904967345,6.865036039454992,7.235258233675381,5.286036858507316,10.43036597057062,9.942924774334017,9.862933279878348,10.045563593218446,9.401961652694183,12.109142537270827,9.960321762741273,8.890508044663306,10.947959846578556,9.822957221410661,11.120454386229142,11.16353864362162,10.085781167143239,12.592202328097471,12.137013946041009,10.947482066000703,11.828417570873,12.795831360355521,11.154959594562513,10.224775937808545,12.256493217714478,11.139870128836662,11.024706633373057,9.99070283212967,9.509535787438892,9.442620254844769,8.118406755180843,9.126500148157959,9.594551853467124,8.053155579105521,12.98871557994562,11.60460887211633,11.60460887211633,12.434295847082694
1997-02-28,9.739163698468815,8.74883922395253,7.747112800961531,8.802884401593928,7.118752960931658,10.624821599324605,9.805102012271107,9.62351079668315,9.581457574027013,8.631314577375235,11.227404258364686,9.47753504798527,9.525334294637048,11.287491916474835,9.669586526779938,11.06639060974129,11.064018957955568,10.384162884666807,12.839028839837965,11.893350128900465,11.042610150291864,11.735263261341004,12.62630678812667,12.813234220232346,12.38381120590941,13.227726872762105,12.28180983407151,12.280969874064112,11.624278095790316,11.25463756379628,10.554837526593928,10.070372427077473,10.477645492553734,10.69116100129628,9.28955839247925,13.086663000924261,11.9917678651355,11.9917678651355,13.141245869227816
1997-03-31,13.137077831965598,12.385140457973762,11.535061177899763,11.259641676051615,10.69130592756386,12.066728579613539,11.500448337678051,11.282940042147061,11.078389575917242,9.978578062980489,12.347193654378316,10.441103789626993,11.407386131696853,12.253044628840655,11.289366453437424,12.46235452467397,12.5190502782022,11.393640751992564,14.602559497792356,12.45896280760411,11.391519616239862,12.537342448901086,13.397541751656547,14.079103621616241,14.088682859687424,14.296380902362216,13.7768942802183,13.496077432940183,13.64093420377344,13.153070355487216,12.867620086669945,12.733240361367564,13.043154570876936,12.267714067684665,11.707083187308285,13.722624181932076,13.302838815668565,13.302838815668565,14.404881721414654
1997-04-30,14.691175969441758,13.730705049302912,13.192708630031973,11.997214380900004,10.687747149997335,12.127208413018195,11.875019285413941,11.633547931247278,11.289909150865299,10.103998777601475,13.386963187323659,11.452148734198659,11.86045765346961,12.544078530205695,11.789350340101464,13.550260713365333,13.737082544962561,12.935962210761204,16.981421195136193,15.602089055379338,14.009383434719439,15.168253877427958,14.826269827948806,16.096913274129236,16.128334172566838,16.11078317430281,15.516756481594541,15.431467310587607,15.648603269788964,15.209348169962652,14.520041529337561,14.253521347045933,14.622057045830616,13.598657523261238,13.236068005032052,14.874050860934801,15.149200057983364,15.149200057983364,16.257221433851498
1997-05-31,17.3724428074334,16.992833012406606,17.442778933945647,16.661421302057136,15.359211960659252,17.260085616573292,17.819897444530284,17.61899333666736,17.654766501149822,16.90623659523584,19.69186800064574,18.6391520018218,17.749012657903904,16.817755307433345,17.411547310121648,18.687927623461633,18.97905875585417,18.49951406499389,19.32451774022917,19.674258373629755,18.492363107332608,21.62646981516201,19.70363662883807,17.89300312329368,18.788781328098764,19.378446566673972,18.96486447242006,19.105534100276202,18.976911368421383,18.442920693018095,17.668346495269418,17.13951690017535,17.936523158575937,17.07177443965793,17.109889254006077,18.14165641210417,18.84432200770226,18.84432200770226,19.58234599123722
1997-06-30,19.63543332417811,19.197187338935123,20.044648276435055,19.46573660108777,17.720410537719715,20.895329157511412,21.66435313754613,21.549216418796163,22.252070151435134,21.564431805080858,24.372317547268324,23.72866249084467,21.35791053771976,20.50607948303241,20.47086355421277,23.495028050740643,23.806380589803098,22.337652291192,23.040603680080835,23.388978788587792,22.430916722615564,25.412592612372464,23.87907752990725,21.33706635369191,22.91772227817114,22.958455785115575,22.734896214803086,22.936252551608618,22.968886015150304,22.5416317833795,21.2984677208795,20.557221518622498,21.240313424004512,19.875548341539286,19.859150229560043,21.630569500393392,22.21572303771967,22.21572303771967,23.086949708726706
1997-07-31,22.41468112494357,22.288148026825297,22.939026933075354,21.767348820676204,19.940594158377735,22.779180452900505,23.442093129311843,23.280857935259405,23.6942772690968,22.686351886872444,25.072758241879058,24.436252130487958,23.32789307050814,21.881294238182818,21.97176540333743,24.402621103102206,24.69583399372715,23.21727899120708,23.802523446852206,24.408194334789016,23.235789050850883,25.892262190131817,24.84867652564924,22.36246390804172,23.68602374087095,23.81967891980247,23.62655055958743,23.754763765232553,23.80547938603212,23.41809121818943,22.62560549910353,21.939916865030966,22.86817102329701,21.738550727598124,21.61435927934548,23.05310885931857,24.021412580756817,24.021412580756817,24.548433435091454
1997-08-31,24.370284591182553,23.63082726591381,24.379842827909727,22.912683679724296,21.25852331346084,24.025576404858725,24.056204240040074,23.92010502969066,24.259187480967512,22.522560086814337,25.497219340006552,24.056934036747066,23.76910274054427,23.65598687612868,23.540592365880116,25.609978181572444,26.065505210302263,24.782307335638222,25.27016330842048,26.156196889569742,24.899699598743098,27.29194957774172,26.16510145946222,23.419784759193362,24.937011111679965,25.35875485327938,25.19810244652541,25.189985427036106,25.080111645114073,24.65250590334665,24.242412657378736,23.619273901498445,24.71675426524172,23.925318613360048,23.65796362764098,25.105987926196065,25.73927558160608,25.73927558160608,26.274106310772595
1997-09-30,20.947506735060017,20.646277893914146,21.323591804504417,20.826263788011318,19.278577698601623,21.751339742872517,22.09998069339332,22.005821079678014,22.248507711622494,20.981008254157246,22.46052756839333,20.8708520041572,21.55608963436555,21.915925788879406,21.30212913089332,23.086102655198886,23.399074660407223,22.29591168297668,23.79694792429615,24.01118674808083,22.153344408671046,23.485790697733535,22.958411682976646,21.493890741136283,22.525067498948886,23.745949660407177,23.10845508575443,23.084852112664123,22.298787117004395,21.789908536275163,21.424291674296,20.65558507707391,21.475601895650243,21.220458666483523,20.576323466830843,23.358495775858557,23.22858041127529,23.22858041127529,24.2485375510322
1997-10-31,17.57290504619641,16.51716222865616,16.043715803084865,16.50076805442893,14.474175102480046,17.248261018978837,17.354480567029782,17.272134296868444,17.125880936653346,16.130411976640005,19.30752418682141,17.48285390792364,16.742438396330897,17.89861751679456,16.959046259234015,19.44428231434165,19.60256419438184,18.191665021834922,21.29915252603513,20.50336959592761,18.830132133729933,20.31062713541013,20.6857085156185,19.13668612818566,19.359723027547204,21.161060813165477,20.68499446991956,20.455339522002816,20.391238169516328,19.82509181114932,18.92862318715754,17.906199002009544,19.327417710006955,18.720318730672204,17.821778849119823,20.553906705302666,20.30515891044371,20.30515891044371,21.597928147674963
1997-11-30,12.065258789062511,11.349530707465306,10.78820258246526,11.265239800347217,9.238457573784842,13.423421223958371,13.282234700520917,13.087207031250045,13.843657769097206,13.325295681423654,15.856296115451414,13.779763454861211,12.09715169270845,14.034375000000011,12.647900390625068,14.60303276909724,14.654584418402806,13.793145073784842,16.671435546875102,15.521473524305577,14.381070963541674,14.816794162326403,16.252102322048643,14.871590169270803,14.646799045138891,16.506328667534774,15.229386393229163,15.109312608506968,14.784445529513903,14.27673882378474,13.87746582031258,12.277888997395905,13.275379774305577,13.75060492621526,12.091110568576369,16.639754231770837,15.647626410590306,15.647626410590306,16.750021701389016
1997-12-31,8.265196333991128,7.883213912116162,6.301093143887044,8.179695574442633,6.0203205744425645,10.794872983296727,10.242727258470438,10.072582944234227,10.137578603956399,9.394026629129996,12.75499125586606,10.467930708991162,9.07002489301891,11.536566776699544,9.65463589562313,11.85693081749821,11.92173659006761,10.986257531907825,13.62378194597028,12.515407922532802,11.623537805345393,12.349972809685596,13.479017406039759,12.189889801873107,11.423885027567621,13.376698070102293,12.169729211595325,12.138601281907825,11.408368534512022,10.927831967671693,10.336203278435619,8.565795834859216,9.59700785742865,10.31807990603977,8.247189606560596,14.029798656039759,12.703643057081479,12.703643057081479,13.524346182081445
1998-01-31,8.164415326682445,7.802486038207974,6.381894745365287,7.653486752253741,5.7317456358222785,9.97761362137328,9.247244627757766,9.033786966467403,9.312771446474244,8.59602182449828,11.140313659175717,8.989180111628684,8.324238180345105,10.611914591635468,8.869110177153004,10.363051289384146,10.36617786448494,9.389880506454006,12.468478036695956,11.544988558369369,10.413919169928477,10.50508075426984,12.040470644222921,11.489319245533295,10.615434941937849,12.373166061729535,11.271406674128741,11.345908942273866,10.734003280311526,10.179754183369312,10.023509433705385,8.73318685306009,9.51720115497551,9.885197206722808,8.22602539472689,13.03930244445803,11.765899071642252,11.765899071642252,12.657618766702683
1998-02-28,9.16980051313135,8.248024331955719,7.2406943003337005,9.041809790475043,7.729240036010708,10.133098039172921,9.818540282476533,9.72712124415807,9.964138194492932,9.497762752714664,11.309774471464607,9.664641589210134,9.168975085303941,10.765460041591155,9.40894497462682,10.500701159522634,10.434071113949756,9.790330414544997,13.297430837722061,12.163199996948208,11.019081460861969,11.189308511643219,12.245216714768219,12.458334041777164,11.504883520943793,12.642355037870857,11.717608479091098,11.690128126598552,10.982902145385822,10.553008288428828,10.379119128272691,9.432920165289033,10.18946545918783,10.511681674775673,9.251494616553884,12.775684883481006,11.804284213838116,11.804284213838116,12.617827624366441
1998-03-31,11.517721963697909,10.644370569208661,9.846371997300082,10.050035156742297,8.702746430263744,10.370471039638801,10.104323631204636,9.871077453449288,9.553382245955959,8.649463395149496,11.460821447064802,9.410880250828257,9.75947631097614,11.00410521722597,9.903626911614538,11.752826760404844,11.842581254692504,10.73398592959171,14.38630080274362,12.962026399181752,11.902891864571643,12.45508020462529,12.946663915982867,13.99325277266962,14.296814075593034,14.763201424383396,14.067274635068998,14.01451663355681,13.47545675872476,13.044333291822966,12.334149215041919,11.55966952334171,12.488627226634662,11.722516570552841,10.94933108668181,13.489018376668298,13.209062584497644,13.209062584497644,14.463706506708661
1998-04-30,12.350673272874644,11.816933038499656,11.781898858812156,11.328730456034407,10.123383776346941,13.358955065409361,13.492608494228762,13.318151028950979,13.673226441277393,13.033553589714927,15.592103936937235,14.21495549943711,12.41758136749263,12.77246146731909,11.913314331902427,14.75438963572185,14.894350030687121,13.124710273742835,16.07372828589547,15.38282930586081,14.33643173641633,15.82179957495805,16.22869247860376,15.00501626332607,15.87217392391625,16.729574097527404,16.04815319908988,16.10920734405522,16.190082995096873,15.612492391798355,14.702566719055199,13.174856758117642,14.23973848554823,13.358111423916284,12.841124661763558,14.864513333638456,14.77050834231909,14.77050834231909,16.19313475290943
1998-05-31,17.39876633100613,17.238310811852955,17.252253079158038,16.313695136449724,15.37819551447393,17.451156808996814,17.48777527757875,17.27235924095237,17.196379003217203,16.173251273042467,18.414047433996757,16.67713389653028,17.5175945610128,16.975741507417467,16.672169703821965,18.278363000192996,18.48016491551556,16.916824861752048,18.04218450976964,17.352529246832717,16.5155915578207,18.388276159635097,18.20580598154379,16.735365373344848,17.481091599823344,18.195951100831337,17.750118817565237,17.857207296227898,18.043914495488707,17.49456658722255,16.791278826805808,16.183578683996643,17.59417071188659,16.62613213241741,16.311626504057244,17.608249487928163,17.699733967934947,17.699733967934947,18.58028357310974
1998-06-30,21.15603542327881,21.04713785383433,21.586691347758062,20.097411833869046,18.53221001095244,21.205256885952338,21.86838080088296,21.67486409081357,21.99197563595243,20.99068169064003,23.98613253699415,23.24191324445934,21.782502979702315,20.290974659389974,20.77514078352192,23.578922250535697,23.949340544806716,21.79496500227185,23.14249918195941,22.82536051008441,22.12443006303573,25.884361161126094,24.088487137688617,21.64037787119554,22.940407710605257,22.49987222883442,22.383761660258074,22.621557341681637,22.795019255744137,22.43208794064003,21.29539360470244,20.734458817376037,21.490022510952485,20.32770697275805,20.274495167202474,21.288568517896863,22.47715901268856,22.47715901268856,23.2214135699802
1998-07-31,23.627130803754312,24.20567583063604,24.817211343908923,22.969373957316066,21.266734613398057,23.7542204374908,24.566400166993446,24.394708928754312,24.690688746462627,23.815237217564743,25.89598738557561,25.235014708324115,25.04918169001104,22.812202523344297,22.900481673209924,25.80091167573005,25.987868265951874,23.740811079291973,26.154387923210038,26.148239779728613,24.035060911281164,26.695870828115915,25.62603873386189,24.388760298041973,26.139217077275873,25.592016556442445,25.4724952820809,25.71427325587132,26.0739081475042,25.7000527207569,24.44318265607285,24.150770441691122,24.50470346840484,23.399904136247642,23.197335671865858,23.994179169849644,25.37616736709441,25.37616736709441,26.252403821227347
1998-08-31,23.949485356320622,23.500563250305788,23.978433083975233,23.514090741065274,21.968021667644564,24.78795089311501,25.4219945969121,25.21667495645505,25.62767126021845,24.470657336327406,25.48538452886777,24.022638288108283,24.85152196166348,23.875655131186306,23.59116042352497,26.015794475104258,26.25777458683143,24.213272738713215,26.7335994146203,26.494669748121737,24.440901056925497,26.716764212167448,25.64252971115934,24.193129824566597,25.97832545208672,25.920716140090917,25.401124511226556,25.472571083807225,25.1764075043381,24.74239635262444,24.108791051885248,23.77336020931125,24.623715132026234,23.99344641982873,23.750505496609605,24.622174158404107,26.006666765930902,26.006666765930902,26.616254404539745
1998-09-30,19.660333167182046,18.720752546522363,18.703971947564014,18.526186031765462,17.137473466661277,20.45934032864045,20.63772303263346,20.420234425862645,20.673259056939003,19.78214035034182,22.315327199300157,20.892510901557102,19.513474443223743,19.858195580376503,19.161993323432114,21.618913353814094,21.887270016140462,20.486052025689048,24.371362898084897,23.998036617702894,22.62151209513354,24.466271209716865,23.955038028293245,21.9452371385363,22.84471087985571,24.208906300862566,23.46585888332794,23.57124354044595,23.36701990763345,22.921430714925066,21.940715111626616,20.960533905029365,21.667467498779388,21.208510250515474,20.197651418050157,22.49580951266819,23.02669872707787,23.02669872707787,24.252290089925168
1998-10-31,15.036851152809732,14.658840085101417,13.844016811411961,14.572889459261319,13.083461010840665,16.984791445988492,16.7629017450476,16.58217730368341,17.20132580418749,16.374770654657823,18.565948515040873,16.906550938596126,15.585645150625567,16.648738438596013,14.997775526969633,17.534330991519425,17.605032016385053,16.27914365953012,18.830898846862283,17.63345996077345,16.674207818636262,17.97093580922774,19.225094075356765,17.38513219279622,17.655640005296277,19.212154622231708,18.473731613159202,18.4206297146377,18.17069534383802,17.622111359462963,16.848542601062377,15.713047179355385,16.684592983286905,16.603388661210317,15.1006978639993,18.611852202877003,18.01212207014845,18.01212207014845,19.15849093775597
1998-11-30,9.260269059075256,8.425248442755844,6.951610204908604,9.465005387200279,7.535285335116896,11.437330691019724,11.076775677998796,10.925012440151647,11.646873876783673,10.93639753129753,13.645007557339227,11.635895686679419,10.221719254387779,12.046938980950245,10.216464805603096,12.663125504387665,12.71348357730443,11.622259076436308,15.501778390672541,13.987211333380856,12.792197227478027,13.488860638936444,14.406004736158593,14.707781537373933,14.095818646748967,15.767845556471059,14.622299766540607,14.640954822964204,14.201786528693333,13.64818409813779,12.916432253519702,11.017322010464227,11.596670426262733,11.840065066019633,10.04258785247805,14.173040326436421,13.74157873789477,13.74157873789477,14.864636463589136
1998-12-31,7.22459112803142,6.718238046434351,5.2688728120592145,7.2924405203925176,5.018563567267563,8.779213523864712,7.855998463100889,7.623742061191081,8.031907208760629,7.644133228725877,10.592497486538377,8.33591382768418,7.652979257371726,9.91721808115642,8.166846444871794,9.531923484802235,9.492728063795312,8.756380950080143,10.865677282545278,10.097654279073083,9.522567473517483,9.969993146260606,11.921799786885629,11.104058901468932,10.102713415357869,11.330472204420346,10.608480559455018,10.216727087232869,9.218072573343932,8.579845576816183,8.619035572475866,7.489896032545346,8.461684226989746,9.438325394524554,7.362221336364769,12.640121184454983,11.392839283413423,11.392839283413423,12.224507035149543
1999-01-31,7.679842270061556,7.669885007796836,6.218760385821042,6.201972436392168,4.692264565088351,9.138839770901598,8.197835171607267,8.083913380612614,8.267730269893605,7.982109365155679,10.208162582561556,8.224089476882796,7.65680904593512,9.80485539590154,8.242636288878828,10.105988418415052,10.183428249564258,9.014076036022516,11.447325889013143,10.678582189416375,9.700678228562879,10.30983271445001,11.830687049127391,10.55358481458444,9.542186335081738,11.82748959449026,10.942516581217433,10.938069546607267,9.61524213565292,9.089827884140902,8.885865455545513,7.697554278630207,8.62156879055891,9.146657521237671,7.20534052695001,12.327862368347894,10.824478526781945,10.824478526781945,12.047549553327713
1999-02-28,7.367081351507295,7.018157895406091,5.227912475949324,6.03261450812937,4.609585653032582,7.912535104297433,7.196302077883729,6.902423613412054,7.215281105041527,6.60676059722897,9.433446911403166,7.190003831045999,6.367354556492444,8.61266647520523,6.992651012965723,8.984108997526619,9.083753249758843,8.035933658054887,10.659695516313832,9.419775036403166,8.103499576023694,9.04556849343436,10.117607416425528,10.720841117132409,9.89491919562937,12.011923590160563,10.601758620852536,10.637542661031091,10.089946864900128,9.583738717578683,9.107493019104083,8.034622855413602,8.87304535820374,8.63971958160397,7.113829049609933,10.679965001060907,10.034468814304944,10.034468814304944,11.539055170331721
1999-03-31,10.976750207716464,10.865884112286324,10.055828143704446,9.36743821174872,8.450737417897926,10.900667588428803,10.509462426298455,10.31192378382525,10.555849145048398,9.87049653248124,12.180780890680069,10.278854542393844,9.931174665881827,10.945463455364234,10.507013144544487,11.97925986833468,12.117112690915349,10.983625522736531,13.988030554658678,13.222431806338818,11.982929853213761,13.025628210908678,13.24275848224596,13.025166181338818,12.502923132783621,13.682686762655976,13.248066571963818,13.140673573811966,12.690898288193637,12.255624430666728,11.744249577676044,11.023436195619752,12.338755626063175,11.454664669241936,10.470686069611645,13.398218306674721,12.995974313059321,12.995974313059321,14.361384574315878
1999-04-30,13.489721722073057,13.290714560614731,12.669281726413317,11.9691054026286,10.9567491743299,13.379573610093814,13.288246027628588,13.116661283704957,13.36058218214248,12.521082941691247,15.038671917385557,13.431456205580048,12.700230619642468,12.7755018870036,12.387765884399357,14.5023085276286,14.700084135267446,13.030707507663294,17.12963057623972,14.872531509399437,13.889938735962005,15.033327950371643,15.406738323635636,15.895643488566066,16.463349109225817,16.685367880927174,16.576532702975783,16.521061240302117,16.667876561482842,16.31490618387869,14.97214630974662,13.967141426934063,14.7492703331842,13.195874065823148,12.708531400892468,14.821107355753611,15.322808202107808,15.322808202107808,16.662679078843894
1999-05-31,17.356587654031728,17.592813397479347,18.519374322378496,17.10286254062453,15.685445075906841,18.165128900671505,18.495868568010167,18.355928736861017,18.609470088507635,17.659083138742858,20.642127178561395,19.681105673185016,18.449437221404082,17.07073835967691,18.004324234172827,19.93047563286234,20.192635411088247,18.86735084287585,20.88446168796986,20.509926342707786,19.669888330275114,21.55873346636372,20.619183210147355,19.13562726256663,20.611814363541157,20.14579191310429,20.263131672849,20.46078582271457,20.404919622277646,20.121049704603024,18.955049830611074,17.892476325906728,18.806008541968595,17.456246907223942,17.6910970626339,18.421778451242858,20.057665022983258,20.057665022983258,20.52343020695514
1999-06-30,20.57795893351232,20.76070090399844,21.409406958685963,20.055012427435997,18.464251793755466,21.78832677205412,22.191663360595726,21.978506893581823,22.0895800272624,21.039745500352637,24.22500754462351,23.25291553073464,21.986940595838803,20.38646045260964,20.57836854722774,23.8110155741374,24.13771099514429,21.48831320868601,23.68400277031793,23.24363818698464,21.90682991875542,24.682000817192886,23.916476186116483,21.90120383368594,23.342525990804063,22.78160747951938,22.690057457818,22.85918723212353,22.888692982991472,22.56228781806101,21.23838102552628,20.620851728651246,21.264666832817852,19.920306481255466,20.050379180908237,20.94802729288739,22.41801427205405,22.41801427205405,23.337697431776178
1999-07-31,23.616470242572063,23.88571009892297,24.674538958969947,23.123500442504906,21.569621494252203,23.7830896562146,23.78466475702112,23.531855827249558,23.91799704028722,22.39517120443361,24.89688806431269,23.745431621100295,23.912510439144683,22.803256196873292,22.968717911422914,25.132880167807343,25.480869814144683,24.028128088674237,26.30793162110041,25.81684669166492,24.049331570697177,26.594148438976617,25.31610114394988,24.53485114394971,25.781144406718568,25.295438446537162,24.89854192015946,25.063541605139335,25.335488009709195,24.985584615892037,23.982998825401523,23.81500382372127,24.27271499223616,22.92088735026698,22.877755839850295,23.911617882021062,25.31737697560311,25.31737697560311,26.013747418311368
1999-08-31,24.1582934348815,23.64074418672965,24.10586882970665,23.184883761662377,21.273711571642195,24.605225663544104,25.270448487804742,25.13213363565427,25.369527578866666,24.150433681857123,27.44406134902789,26.94373057785856,24.66412393303324,24.07558751670257,24.123662218483616,27.297366960587055,27.73162750326179,25.74757277375909,27.071781023087,27.698106732932445,26.56549637086937,29.149047593147543,27.97933310642037,24.86533518555342,26.362116729572335,26.313619375741666,26.1869838960709,26.396766322146107,26.457851356588435,26.106724634478212,24.978275163712112,24.153948781823715,25.131787113476832,24.215603477724073,23.684054208570956,25.933064520230914,26.71632014859108,26.71632014859108,27.44871052157498
1999-09-30,20.881062401665645,20.623708343505882,20.822221798367025,20.080378807915622,18.810012054443348,21.858951399061425,22.002620018853236,21.83982162475587,22.292094845242048,20.770238833957308,24.216953786214276,22.598599836561334,20.955471038818416,21.729692501491968,21.08338716295043,23.883587900797636,24.17412338256844,22.502620018853065,23.89299274020732,23.916129133436414,23.230820973714287,25.690244801839242,25.388137054443405,21.22588119506844,22.68593436347112,23.815996212429525,23.430074988471176,23.4585282219781,22.964487965901696,22.350704871283654,21.60047971937388,20.837662336561493,21.71158811781146,21.74779417249897,20.855546993679525,24.25376747979061,23.793649207221165,23.793649207221165,24.69568099975595
1999-10-31,16.266443629931416,15.915978450159912,15.666072956208325,15.59615160624196,13.82822170872845,17.946548531645078,17.839748821463672,17.69016937337898,18.30444556205498,17.368021880939466,20.762196108089995,19.29827904239778,17.378073649252656,18.257058654292962,17.78744759918544,20.011395431846665,20.201993130099368,18.786072011147724,21.11057690446097,21.583962951167962,20.563586397068605,22.26901104424593,22.373715870354715,17.891469881611442,18.350333498883003,19.850483133459647,19.12008788816405,19.17972908020016,18.289358721497308,17.72547263278767,17.38254956071097,16.497547670589995,17.739680042061877,17.7412787693803,16.486225320959647,20.63018690950139,19.91165217327824,19.91165217327824,20.45765824266664
1999-11-30,9.20435837639701,9.138624869452599,7.508872265285902,10.228509309556841,7.983603710598459,12.711725997924816,12.464354578653968,12.322202343410993,12.79154913160545,12.620338736640065,15.324443011813685,13.502481206258153,11.121456358167848,12.964549891154036,11.438402430216513,13.608994335598425,13.706715689765133,12.549038823445755,13.771461783515008,13.579312260945642,13.005090798272079,14.455674023098481,15.961688020494194,12.698976431952644,11.803693771362305,13.65113572014701,12.488795767890053,12.401238801744228,11.814552603827622,11.164010069105416,10.911872482299827,9.019104470146942,10.003544574313764,11.056892013549941,9.313030793931716,14.523338953654047,13.407654274834613,13.407654274834613,13.996185090806705
1999-12-31,7.307836320665103,7.219131893581846,5.4822802225749,6.964772627088848,5.153721194797072,10.1272861904568,9.485776858859651,9.362333933512332,10.169400448269414,9.750042809380432,12.26709196302619,10.266557566324877,8.181444719102728,10.545770348442943,8.66978293524852,10.508275773790274,10.488644154866506,9.677752770317966,11.87290250990128,11.512586212158226,10.452996910943,11.177573733859674,12.462217288547208,11.5669970194499,10.450832197401269,12.288595326741643,11.333121151394323,11.334705352783203,10.590806155734583,10.016568417019357,9.901117028130443,8.22751134236654,9.002381134033271,9.738115183512377,7.486216311984606,12.87718853420688,11.803873104519312,11.803873104519312,12.894316355387389
2000-01-31,6.168596378449536,6.1914642169911644,4.521586969847306,6.59563770909466,4.22385879024381,7.947000696325745,6.755484189269453,6.622823949014048,6.979720790411818,6.699289842831149,9.229594782347363,7.15859973866452,6.819241644746569,9.111493723879619,7.280580795452238,8.601701847199479,8.488656862320397,7.81399918422909,9.161967829222306,8.360913561749271,8.035269345519339,8.328327351231735,10.260997042091958,9.884057042932056,8.132828464303032,9.975573024954883,8.809281757313784,8.390562209262669,7.5704912247196035,6.958535684565163,6.945538477743867,5.47534988567395,6.712250297300443,7.82786794682977,5.7403264691752725,11.220803094679411,9.565059752105412,9.565059752105412,10.5195865918231
2000-02-29,9.556733703613304,9.037822626925049,7.955695965646328,8.593337960078827,7.117665029942373,9.953108636264119,9.101330057780046,8.907269129259873,8.83014875390063,7.961050222111851,10.773718594956733,8.473310571429352,8.843416534073071,10.537505524734001,9.169669789281386,10.721368671285745,10.742841821429465,9.809231234144931,13.218001214389176,11.2103037691665,10.221820471752721,11.147455798620513,11.894018186371909,13.142384969777083,12.502742144705223,13.701051681343245,12.843977776889176,12.883298448584583,12.067854730014233,11.824140649554408,11.18291511974121,10.674283205229699,11.40337971654435,10.508281611300049,9.190999822507024,12.592975958462432,11.887838902966735,11.887838902966735,13.541465092801502
2000-03-31,11.286119592318016,10.727709604078825,10.148285145913405,10.116226594166108,8.784389606598893,11.266611968830091,10.953778572492695,10.764162687076123,10.746694819132472,9.829017462781735,12.992203156666221,11.144179383144603,10.370224725046512,11.324024393225216,10.425145864999422,12.576237409858322,12.619760070308587,11.466271747055885,14.5993782658731,13.201463174307264,12.203838951357056,13.449237031834116,13.883025044266901,13.715793966477918,13.621789325180885,14.299316311907944,13.656053018057264,13.60443696462977,13.080660817956527,12.627026535362347,11.953090778473893,11.78736129678714,12.634831159858436,11.517221007808587,10.794302241007529,13.347740161034437,13.28659737289604,13.28659737289604,14.461643575852861
2000-04-30,12.732498868306493,12.611787605285656,12.743043030632862,12.00726557837595,10.734354337056516,13.994586541917613,14.241336758931482,14.100725322299525,14.296344354417556,13.336407830980079,15.720804532369073,14.148457527160588,13.047746806674581,13.228128751119016,12.620234870910735,14.997904141743959,15.114749844869038,13.935550626118982,16.163143942091267,16.11670839521622,14.92267898983431,16.846469137403687,16.260914124382907,14.029376580980113,15.008632765875973,16.36768767038984,15.770723152160599,16.023877991570487,15.907336107889819,15.365688429938473,14.364804098341267,13.172038798862104,14.074849128723201,12.971474562750927,12.47172955407035,15.187346416049536,15.504200257195407,15.504200257195407,16.36917964087604
2000-05-31,17.93750490988458,17.534103217176266,18.78409534167224,18.006672836631935,16.524923004642517,18.7492016084733,19.120893896779705,19.017982060422185,19.2272158263832,17.961911096880556,20.726444026988133,19.093227251114456,18.745893896779762,17.90695845491149,17.951877704743424,19.775878565798507,20.081813020603647,19.247321988177532,19.758431699199036,20.153364599904762,18.74154399338596,21.119111407700473,20.124508753130556,18.386006989017574,19.510791725240722,19.623104288244747,19.3692741681171,19.646418405348356,19.659525869226,19.17439744600688,18.407486113681614,17.84928876405121,18.59507536939401,17.382581144763606,17.47448302648405,18.624773895099622,19.841552393923564,19.841552393923564,20.246434681390042
2000-06-30,20.520613437228747,21.136873202853792,21.945936245388452,21.23805050320101,19.80245751274964,22.06252695719411,22.492265997992604,22.378561570909312,22.687019687228712,21.50963253445093,22.845776197645478,21.373369513617604,22.328276740180115,21.179855516221778,20.885934617784358,21.93688947889541,22.079695468478747,21.642952304416212,23.520998636881643,23.224961853027366,21.28286387125644,23.333680386013498,22.602256774902344,22.057684834798238,23.402240498860692,22.918595208062072,22.43767344156896,22.653051588270444,22.835644361707978,22.407614305284255,21.460668775770444,20.545220099555138,20.91904822455524,20.129513719346846,20.040334574381518,21.377848137749595,22.570667690700873,22.570667690700873,23.36146087646489
2000-07-31,22.20466918124953,21.768791535080197,22.52991437194163,21.30459882674677,19.29138110581266,22.79699371501971,23.11270167032876,23.04074056481801,23.48219669301028,22.455740249797884,25.345438565490156,24.58313440302379,23.61623777163925,22.07060447610843,21.891000981484808,24.406460595900114,24.790556803057314,23.303861154535866,25.77626801357468,26.540695936961924,24.97621393511372,27.518802035752117,25.812408701578818,24.430386377150057,25.53568186606134,25.001032273487397,24.62644179969709,24.950986070530462,25.38964901995911,24.918221348588247,23.654045441330084,22.773464334139135,23.370335658904082,21.867647486861074,21.590140976444445,23.235079127486074,24.617348217707786,24.617348217707786,25.60679766747262
2000-08-31,24.03942488393477,23.818716508598754,24.71842721508392,23.234293730540912,21.318797888807126,24.73366369021835,25.277257230204953,25.095844994821903,25.47937941602487,23.882752231885092,26.605463610413324,25.390063324794994,25.549069751206275,24.273802509102893,24.612317924089325,26.33212586679764,26.863780142671317,25.25355983857196,26.654362614949605,27.203912661152515,25.73325941434473,28.102730810514117,26.4294618463004,24.553755676105595,26.126646091092027,25.444388551609563,25.185420977684828,25.30680087099796,25.427466718612266,24.877207877046374,24.232886640487266,23.721737551945523,24.400170221636472,23.444769200971052,23.287125236757277,25.117607637631124,25.864622821602836,25.864622821602836,26.434607175601457
2000-09-30,20.966503673129637,19.945919905768505,20.031651242574128,19.97564267052553,18.24049998389353,21.273754649692137,21.556971338060237,21.41925432417122,21.364271142747782,20.227774831983822,23.041346338060237,21.50062096913649,21.43167565663657,21.240676307678257,20.34303362104623,22.85859080420596,23.160698551601797,21.67263160281709,23.263045014275463,23.23151289621984,22.157144949171254,24.380132145351865,23.75944258371993,21.73206356896293,22.49676354726165,23.395011160108766,22.786211246914377,22.808617930942034,22.814705170525485,22.24518477122001,21.551128239101843,21.11804175906724,21.55824900733103,20.98504479726165,20.20562313927553,23.004378022087906,22.67600888146302,22.67600888146302,23.83709557851165
2000-10-31,15.444594955444302,14.992919048186309,14.460687235350235,15.577123937299177,14.206334706788482,17.79744641293763,17.748746921170152,17.57067389949674,17.675696370934986,16.636224344725292,19.093147962836838,17.236017481486044,16.542450718213217,17.549806438979317,16.175536235686252,18.106210798858342,18.18451168511507,16.896409996606906,18.140739633703788,18.42843442117021,17.24768635329383,18.625868056922855,19.662943304738633,17.362340566163425,17.148646639752144,19.11892711270241,18.3906530031594,18.266611189483342,18.28142238739997,17.748628788609608,17.11222768393901,16.00980937916745,16.977204792473913,16.770273298858342,15.634373601277673,18.982838403025028,18.47756181532344,18.47756181532344,19.354554317843622
2000-11-30,10.913335058424195,10.907475683424195,10.043746842278438,10.859637684292238,9.208414268493698,14.505142784118675,14.227880414326933,14.057340049743686,14.588600900438053,13.838283517625655,16.36512271033405,14.254985449049286,12.186563682556255,13.957228830125644,12.670713530646424,14.80419334835483,14.858096885681164,13.68320810529923,14.946898969014512,15.138546646965892,14.240928374396447,15.414319758945112,16.94710784488251,13.460937054952012,12.869606759813166,14.442469173007566,13.649261707729806,13.553797298007566,13.532790353563087,13.040624554952046,12.615985340542238,10.985931629604806,11.867634646097827,12.438427289327024,10.428374120924275,15.787518543667261,14.536520279778358,14.536520279778358,15.167127376132612
2000-12-31,9.827547603183348,10.164768197801436,9.294455697801425,9.580423037211062,7.573345671759739,12.311827659606934,11.52427069346112,11.35454413096113,11.578331565856956,10.962684864468088,13.67989677853052,11.443115637037465,10.396392546759671,12.613650576273642,11.35333699120423,12.63274779849587,12.575410016377816,11.965207650926459,13.48993095821811,12.816504308912556,12.039480654398687,12.30339395735001,14.082397863599965,12.247515593634773,11.609117698669479,13.063246387905622,12.446563445197171,12.131779374016674,11.916751162211199,11.488753657870802,11.120600446065282,9.765394825405565,10.629142655266719,11.509114985995836,9.400382889641719,14.861811383565282,13.294173579745802,13.294173579745802,14.145025359259762
2001-01-31,7.643778860440818,8.391521215951627,7.838694960071223,7.741631998041669,5.629122547436907,10.636236752745901,10.521855557349511,10.392193258962322,10.586518695790346,9.87662338749044,12.404022266018842,10.088204053653271,8.664995468303744,10.685773673108827,9.640124626569786,11.165596631778214,11.14346909061561,10.602639852544314,12.474707539876306,11.6946493661531,10.640072123209677,11.014502461751363,12.47912307247043,11.412136660340082,10.826598185877685,12.86416696527965,11.785648190077893,11.6022828296949,11.961392687725834,11.561293456374926,10.959536693942198,8.815309963431389,9.788454494681503,10.14328795402281,8.37441562119352,13.098032682685414,12.074988957887058,12.074988957887058,12.920416440246015
2001-02-28,8.103287746792773,8.290767401740709,6.949461714426718,7.9672549156915125,7.021814532507108,10.219478339240766,9.621970317477292,9.419961388905847,9.611916955312154,8.637563346681134,11.310066136859689,8.981528422946042,8.655687881651318,10.357083552224253,9.040020447685663,10.687417443593404,10.740791234515996,9.943997614724367,12.264641448429643,10.411936719077005,9.61160015378681,10.66725259054283,12.063998544783828,11.843388425736237,11.277563462938645,12.793758124396959,11.89177477246244,11.81680034909931,11.295972828638071,10.844882333846328,10.030455366770468,8.421289630163301,9.40007846014845,9.714351386115652,8.180895401182681,12.087671466100801,11.220309579940022,11.220309579940022,12.422245847611237
2001-03-31,12.499066904539745,11.98447359556792,11.519637721072058,11.39659347124001,9.524226514754844,13.696290526851556,13.603530215191597,13.43696593007735,13.576147087671472,12.651124511226556,15.09596710615267,13.717908785420036,12.829473175541011,13.268889548188952,12.414134843887837,14.980194571710399,15.070282462335342,13.691465468047738,16.719875036260134,16.23236558565526,15.392737099432225,16.126395428565274,16.283474981656695,15.044177791636457,15.91404558817544,16.720539203766805,16.611744365897266,16.767915610856903,17.100931298860928,16.731475653699647,15.31903288236225,13.699718996273532,14.651925187469885,13.510956290460399,12.976348700574647,15.14511287648196,15.37910197678434,15.37910197678434,16.584820642778993
2001-04-30,12.828007888794048,12.543242263793957,11.8985889434814,12.026480653550891,10.715535015530179,12.942832650078742,12.78838386535648,12.575308778550948,13.064447233412068,12.117607498169036,14.72858026292596,12.718282953898154,12.459279590182916,12.73026212056476,12.002150683932825,14.196806716918957,14.344264941745337,12.823312250773142,16.96719517178002,15.193296517266162,13.81839146084252,14.793917719523108,15.368269390530088,16.353097407023142,16.146058019002282,16.76057624816889,15.979776551988436,16.037190288967622,16.801184972127317,16.410307693481457,14.992656326293968,14.077961773342622,14.95850105285649,13.406656434800993,12.884632237752328,14.442775683932894,15.005595779418911,15.005595779418911,16.43071513705786
2001-05-31,18.255598773751274,17.683044380270076,17.74705122670821,17.28038298494073,16.246862214611497,18.515936685377596,18.824393926640994,18.646336655975688,18.839415137998515,18.047903356244433,19.6574489921652,18.186743241997135,18.373282430505242,17.442584240821134,17.539198299120812,19.242433556177275,19.52618796645953,17.996562945458265,18.86114890395953,17.836246560209645,16.823013088267317,18.74872870906711,19.10227058574725,17.737264600364142,18.455232300296927,18.80133970117049,18.277860198482358,18.442875634470283,18.965155435377596,18.368775017030714,17.37361320167463,17.007712034000008,17.830723206714993,16.638988810713556,16.769653923280828,17.4533658058412,18.2465786964662,18.2465786964662,19.285454809537498
2001-06-30,22.28646655612522,21.431277211507165,21.663457658555842,20.56260859171556,18.542106204562685,20.96281204223635,21.53183330959746,21.397661760118297,21.703898196750288,20.544178687201736,22.633100128173908,21.869384850396102,21.980883873833477,20.055596330430717,20.118299780951645,23.023670874701565,23.351980336507097,21.153336673312765,24.64682083129884,24.077715471055853,22.395336998833557,24.79349780612523,23.289917076958602,23.655235544840536,24.658349694146125,23.28422588772247,23.268202124701645,23.56634665595152,23.60374357435444,23.24647632175015,21.958691491021057,21.70914179484049,22.006727515326588,20.412991078694688,20.746443769666882,21.286981964111305,23.12480205959747,23.12480205959747,23.983346981472437
2001-07-31,23.943791777087768,23.22846762134185,24.174517793552923,22.976320233909064,20.928670809345874,23.788552466771932,24.358542071106683,24.2059463049776,24.519709010790848,23.549386535152337,25.840732931321668,24.78827682413089,24.688809208203452,22.869932675105304,22.915379583707363,25.100401425105304,25.57560146290774,24.087191579675107,26.12974555312951,25.687100223828395,24.46190543636203,27.163258447954775,25.658388761294702,24.83264741384852,25.38843748441309,25.035929923929245,24.732801773727488,25.070338001046252,25.29329352019937,24.870987992645667,23.749319330851222,22.950659216604038,23.39868614032713,22.644475370837824,22.51880332782713,23.819148799937295,24.88463624113342,24.88463624113342,25.77870283639561
2001-08-31,24.86170746998124,24.11888730449067,24.904670969645167,24.333216521560587,22.39333549417472,24.677389173610322,25.045164711244695,24.917536918065935,25.320725972165405,23.957176955028217,26.33181205667472,24.85877515731329,26.149058360438232,24.31804042529035,24.318617962252745,26.007238908993315,26.485463140344223,24.966002769880447,27.086597737958357,26.683287926130504,25.145430378247397,27.449453710740556,26.003190899920696,25.27490366453776,26.296994453348134,25.981774779289026,25.804384301298455,26.076559095485266,26.37642678701752,25.86830976752833,24.92371918873124,24.5134421810028,24.998415719309264,24.029279819611645,23.893359120686796,25.0941792231734,26.348190479893788,26.348190479893788,27.109189933858886
2001-09-30,19.232531738281295,18.27008327907987,17.772068956163196,17.900693088107687,15.893843587239644,19.38956027560772,19.54350992838539,19.36084391276046,20.184053548177133,19.363399251302155,22.671979437934112,21.343124728732676,19.15102132161462,19.292115614149395,18.164519585503513,20.805895996093795,20.966114637586884,19.734105088975753,23.7795233832465,23.349713812934,21.77294786241322,23.89706081814245,23.594879828558987,21.69052870008676,22.29816487630211,23.40248616536462,22.214188639322913,22.389573838975764,22.12041965060763,21.61345621744789,20.744109429253456,20.027665201822913,20.614592827690956,19.796605088975753,18.820769585503456,21.659126790364553,21.5185723198785,21.5185723198785,23.341768391927246
2001-10-31,18.089047573458743,17.458193448794816,17.734426752726222,17.5197300121348,16.25678530867384,19.250550534648312,19.157939857564884,19.07134344039423,19.232849026751694,18.55899465007161,21.592833065730304,20.245861984581097,18.979995469124106,19.439360493485765,18.9008151515838,21.163570842947934,21.383137270199313,20.415201072282684,22.00058728700037,22.31151481136203,21.361146237773312,23.2480014965098,22.528080671577072,19.03158527087146,19.782165433001808,20.89872814301532,20.57227274987008,20.525623514318966,20.095936014319022,19.489627210555682,18.965751307497783,18.210532473492435,19.206505465763883,19.11240106808242,18.025736396543437,21.5614596828338,20.82330444089837,20.82330444089837,22.0198927725516
2001-11-30,9.318787871466725,9.516558053758445,8.568239911397313,11.166568904452902,9.16647938622367,13.189086808098693,12.862358835008479,12.722108183966668,12.727853626675142,12.188823678758467,15.778542645772347,13.553257815043139,11.766015519036216,13.820732858446036,12.135864151848693,14.731743600633365,14.753062502543173,13.317670249938942,14.133593644036296,13.995475154452834,13.360511504279259,14.976044273376488,16.561121855841805,13.052704429626544,12.086612849765345,14.08971072302927,12.852172745598693,12.625943904452924,11.932926326327845,11.307560115390402,11.165510961744587,9.289165475633467,10.671785375807076,11.583257272508433,10.04744726816807,15.006119685702856,13.503480254279339,13.503480254279339,14.025854386223727
2001-12-31,5.367497528923877,5.446211179097531,3.9961623509724404,7.009587372673877,4.616512828403074,8.052360810173866,7.119873831007169,6.9067553414239455,6.867049937778063,6.426093991597497,10.723218557569794,8.140197181701694,6.4369121339586854,9.47555959489614,7.7399584664239,10.101405949062837,10.034655189514183,8.993937958611468,11.025312741597531,9.832628822326683,9.373389456007146,10.237679820590529,11.997279972500337,11.57393470340304,9.7159106148614,11.173535940382237,9.828809377882237,9.498476261562814,8.461111895243278,7.773701413472509,7.613981903923843,4.816797659132305,5.823061222500257,7.071607229444851,4.424965519375235,11.941510115729443,10.669317732916966,10.669317732916966,11.403424178229443
2002-01-31,7.40835282930766,6.557937527728313,5.407817295033453,6.96270693297032,5.016567505046851,7.975478375342675,6.62605801243933,6.4126239776611555,6.714100897184039,6.687636578467561,9.645184986565766,7.648495323427198,6.937597200947437,9.42402508233181,7.681672196747172,9.104762649536156,8.892530941706866,8.177718693722966,10.905575401552369,10.003129269999874,9.333721927930014,9.21310070817185,11.105705084852048,11.690810406592561,10.107734339724345,11.829658167849345,10.579610914825196,10.407549527896435,9.597133911296908,9.136844827795528,8.980670957667883,7.888700821579164,8.53876067540972,9.176876014791503,7.086780248662535,12.183092412640917,11.000354467412478,11.000354467412478,12.049166841404428
2002-02-28,9.390646280561157,9.262202153887074,8.45450067974275,8.535442016238278,6.94418864477251,10.969707152957028,10.712446875799287,10.570482008797796,10.825896699088048,10.031178274608806,12.40258882613415,10.392105311439082,9.17011172884986,10.992644745962991,9.269212477547683,11.123649442763565,11.12732608431861,10.202396420070158,12.539667974199574,11.343117332458462,10.37808757055376,11.201864542279907,12.698123959132658,12.60416178930376,12.03266055697486,13.100828107198083,12.30199998219814,12.237671833946592,11.656887444995675,11.28019589923673,10.521993936811214,9.814529627845388,10.549395815531454,10.194656580970445,8.699629492986844,12.520200665791833,11.664604032607258,11.664604032607258,13.101450084504563
2002-03-31,12.032539683516347,11.498126356063324,11.406962146554008,10.71002466755533,9.8847742265271,12.44454142662795,12.335801717286415,12.179816859255595,12.500384000552685,12.080039473502836,14.383658530122489,12.38372415932281,11.396710865471903,12.194478422595637,11.421237810196487,13.276719686036529,13.406497491816083,12.027998142857655,14.446258286506918,13.638730354719257,12.50322705750824,13.671747092790554,14.41924005734029,13.577220043059413,13.403412919403422,14.536351427467935,13.929388956869786,13.897238524242198,13.377161239295901,12.864494803643936,12.472397084389968,11.600859680996223,12.496267737111793,11.861572991648075,11.177183815740875,13.652263095814703,13.158967774914117,13.158967774914117,14.367461243496223
2002-04-30,14.264661598205635,13.737589115566664,14.191058625115318,12.438226593865352,10.930631107754209,13.94353529612232,13.969240591261212,13.779676246643078,14.04412394629594,13.010258928934775,15.583237987094492,13.863408342997275,13.179008928934707,13.396955977545815,12.771055369907003,14.738392066955555,14.951350508795883,13.712621667650069,15.8386606216431,15.208848338656935,14.066367869907026,15.752758386400046,15.985842153761098,14.90188761817086,15.1509300443862,15.439458147684832,14.930330000983304,14.932893477545804,14.874676789177784,14.390331628587546,13.651185035705566,13.271136750115204,14.042737770080578,13.30463826921249,12.86995673709447,14.789067522684775,14.624242761400126,14.624242761400126,15.419723447163847
2002-05-31,15.861659827283631,15.96242952654444,16.38144571858072,15.676441098284954,14.429129270328076,17.312973461356194,17.812225288473144,17.66934264398401,17.807980391799845,16.776436372982516,18.701288313506836,17.342685112901904,16.684962393647936,16.087203762095385,16.042087624662713,17.836064439178813,18.07977453662511,16.71956998353363,19.212518782256723,19.329908420193647,17.749851296537656,20.33389867556997,18.932757252518854,18.083090123822615,18.67859636122182,18.214377401208424,17.8410338822232,18.02413147546912,17.443095164145177,16.984927216396557,16.116936414985275,15.498438956147822,16.37383798168554,15.406673583164036,14.967013069891209,17.090451094924845,17.351237910280986,17.351237910280986,18.225636746806515
2002-06-30,21.465007824368,21.015352333916553,22.30670433044429,21.133896170722096,19.866195975409653,22.386340289645716,22.994792980617945,22.81805958218041,22.94100608825687,21.314373058742945,23.800310558742865,22.59260927836101,23.144605806138827,21.256688054402673,21.551270845201202,23.70622961256231,24.316334321763748,22.077429156833205,23.605491765340275,24.229970932006836,22.544046995374913,25.23353267245841,23.172060775756847,22.266136296590105,23.767582151624936,22.893767589992933,22.865265528360965,23.17610537211101,22.931427637735965,22.29182531568739,21.88990474277074,21.136440658569313,22.26511633131247,20.401981565687322,20.574323145548476,21.535941526624867,22.83663597106937,22.83663597106937,23.38158226013178
2002-07-31,22.783325141988826,22.909871365947197,23.57231151211647,22.09483807881685,20.561435441048047,23.38487189098072,23.768348558487446,23.585229963897405,23.956709613594967,22.843087091753716,25.362550087385273,24.4647898807321,23.772199679959215,22.535401649885273,22.327391212217265,25.08936722868225,25.492246512956626,23.011754136444438,24.989658097297934,25.06688528983824,23.309925969441736,26.206103199784422,25.180129787486067,24.27859458923342,24.680985592257628,24.302906270180927,24.111681156773727,24.279114372499578,24.573915489771025,24.087414103682306,23.448912864603017,22.973329552271025,23.77716387266753,22.119265267156834,22.005458983554718,23.037118509764355,24.313627456336917,24.313627456336917,25.13104177085313
2002-08-31,22.030166654689424,22.537112849245716,22.99476363889636,21.965994422666427,20.24953619433984,23.0092256894676,23.021655859998475,22.90283813066378,23.44882582387612,22.16537068274721,25.008404011880145,24.074718380999855,23.024202272968978,22.319678058419242,21.78687920929275,24.457525630663838,24.760244254655788,22.688117763560285,25.238780880999855,24.990783884192012,23.59385323063026,26.271960379487837,25.54185390267321,24.04924900095955,24.615797010032168,24.801645779353294,24.06056610025388,24.192572673674533,23.70710297861416,23.21162876826469,22.367340608822417,22.052057930730996,23.21125861957512,21.783080591181317,21.2193992655765,23.55978642535456,23.71906849440711,23.71906849440711,24.98434959739774
2002-09-30,19.280397245619042,18.28215777079265,18.06042111714686,18.545297961765016,16.965173721313477,19.955147679646814,19.674833552042628,19.543789715237097,19.830117840237108,18.61154145134816,21.8027496761747,19.973515192667662,19.290596898396814,20.127049806383013,19.14716699388299,21.44688487582738,21.6430274539523,20.041730795966316,23.279461373223285,23.099602974785682,21.518700197007888,23.52789344787601,23.354762479994122,21.443225479126,22.3420427534316,23.527136611938488,22.764205296834405,22.81915592617463,22.32599728902187,21.74449772304962,20.71997786627884,19.989397896660762,20.953663847181645,20.11508420308445,19.234783638848285,22.241500218709348,22.096836047702368,22.096836047702368,23.990067927042674
2002-10-31,16.37735650667588,15.505112933087048,15.237721195015922,15.440557426534667,13.768089138564221,17.541710400325144,17.073716448712105,16.94105883362471,16.917356191655642,16.059406657885518,18.92992024575517,17.216268322032022,16.146441478113957,17.456360937959403,16.256706410069626,18.162746396628734,18.21785129834251,17.271391599921856,19.99852638654818,20.130336072368095,19.08482615973361,19.972566100089864,20.52469406127932,18.26758773147418,18.63841108916904,20.22037933513684,19.058495724585725,19.117761517596477,18.994515129827676,18.425801357146327,17.652177470217453,16.498009228449973,17.683067822199973,17.496053478282022,16.161906342865336,19.969003747099237,19.078964159565544,19.078964159565544,20.202793334632815
2002-11-30,12.23439193301732,12.479715283711755,11.804905170864515,12.001796446906212,10.61342025332982,15.040142801072932,14.897081820170115,14.734508577982695,15.287847879197841,14.33476085662852,16.97067394256601,14.935259988572852,12.977089415656224,14.721270730760466,13.727588547600647,15.452013460795172,15.493647575378361,14.743376308017389,16.32564084794791,15.355263243781224,14.561703130934063,15.521072705586732,16.983217345343746,15.276354281107615,14.77595280541317,16.6119662602743,15.473641607496518,15.526394971211857,15.424691412183961,14.877067714267298,14.377119255065963,12.764624680413135,14.010146056281258,13.732295036315861,12.006885422600703,16.715584966871518,15.658993169996563,15.658993169996563,16.446590826246563
2002-12-31,8.989395650227891,9.020333692762563,8.019511752658502,8.924478658040414,6.756412251790437,11.217186991373808,10.580522494845923,10.369709777832043,11.082193501790414,10.246684604220889,12.731227789984871,10.473960537380606,9.580839877658434,11.813161383734837,10.281819152832043,12.08804473876961,12.059846496582054,11.395897928873694,13.473927985297394,12.99212459988064,11.84771542019314,12.289319695366771,13.539935472276454,12.789791700575051,12.1145556979709,14.010825771755549,13.261875576443174,13.083015441894531,12.616435580783445,12.168817308214045,11.806656392415391,9.939680480957065,10.637456088595968,10.865814378526466,8.862266201443163,14.296736145019565,13.06513892279736,13.06513892279736,14.177717590332122
2003-01-31,5.898801011936712,5.509021316036126,4.316950898529399,6.799299268825052,5.087624096614093,9.065651440364206,8.897120904409803,8.791872668522728,9.601059706493174,8.862004031930041,11.503907488751224,9.37598305158724,7.445174604846557,9.872735718757895,8.268099147017267,10.224928259080457,10.183164461197407,9.444108786634274,11.22889751311277,10.817806703300903,9.63993056922834,10.58097979637887,12.198282803771406,10.420169879544119,9.402019467917853,11.53125648908724,10.707444640128926,10.579711840229606,10.315197286298144,9.767516359718968,9.408944661130306,7.197067350982422,8.172684790498408,8.56293964180901,6.57368182930901,11.776447181291473,10.867577263616852,10.867577263616852,11.860124411634274
2003-02-28,6.4397211574373046,6.06581107094172,4.807446348099461,5.631868548620332,3.818287354423944,6.773914795830137,6.120574138278073,5.923651472727499,6.169155216217064,5.6934443019685546,8.824341460636731,6.281491874513165,5.592309048062361,8.070757825034036,6.8761050860086925,8.578018102191834,8.615296050480481,7.555347901298887,11.100037261418038,9.972979504721536,8.920994990212591,9.652001430874805,10.266265056246823,10.805286866142694,9.630918144044415,11.673785168784093,10.340419864654564,10.379444580986444,9.661342716217007,9.143407099587648,8.725984759557832,7.673933397020619,8.528405239468611,8.42639514832274,6.952358341217007,10.853057048434323,9.867638637906055,9.867638637906055,11.07277198519023
2003-03-31,11.251352482457321,10.332703813942487,9.894676155172363,9.699557917605148,8.876147719352446,10.98073178773285,10.477796849896833,10.322927688270454,10.157040696503145,9.437106745730205,11.712731010683228,9.835770010179033,9.992146018243488,11.065138814782642,10.370774000434494,11.598289436422363,11.701707930205941,10.48894856360647,14.616704990017752,13.38615748497756,12.008083413236932,12.531738802181735,12.527060752786667,13.374738004130847,12.666593682894131,13.822951314782586,13.120170211792015,13.107732165757056,12.368411349224857,11.843010223552824,11.445677919285401,11.015058484641486,11.748551428189842,11.320998189782586,10.3591655074909,12.960741133330998,12.307867099392809,12.307867099392809,13.86274886182565
2003-04-30,13.757680702209427,13.000625038147064,13.074181895785841,11.923487451341316,10.632173432244201,13.339210107591498,13.288030094570559,13.10989966922341,13.355534977383115,12.470484521654043,14.704251882765163,12.998840098910932,12.674813948737267,13.252781613667821,13.013629595438658,14.372665511237301,14.568474430508104,13.88904734717471,15.827233653598398,15.305301687452527,14.506649886237312,15.81202640533445,15.686093245612312,14.695291921827618,15.226612451341452,16.010387950473444,15.37610789404988,15.484045177035853,15.362682872348444,14.958868853251204,14.036841943528941,13.270951101515038,14.028793440924744,13.272717052035887,12.75785431332065,14.973330116271995,14.913163015577538,14.913163015577538,15.870934825473341
2003-05-31,17.943144201463326,17.86375124531412,19.01379272296873,17.97075046826444,16.884526824951195,19.058039929789913,19.6785955203477,19.616956575455276,20.351048057310038,18.85448702740422,19.96925149733022,18.770707415508923,19.281208087552045,17.95568462905061,18.635981168029105,19.320433347968674,19.553850161644846,19.18963960216894,19.299880907612476,17.820417596960624,16.943553727672963,18.95309096305607,19.439122444070847,18.567459032612533,19.03694145448742,18.904664488761682,18.332327984225344,18.43516894104664,18.67336618567026,18.2141639217254,17.6016150936004,17.087431310838213,17.790167785972812,16.82368855630193,17.048095793365235,17.78551336308965,18.60671316987731,18.60671316987731,19.337037535636625
2003-06-30,25.5054154078166,24.42090477413609,25.670842382642945,23.73961408403187,21.96470631493463,24.40233923594161,25.279270659552594,25.173522504170762,25.440506553649925,22.949070464240094,25.543108007642957,24.284386761983342,25.585669856601214,23.88138383229574,24.533635351392945,25.932571983337425,26.463914214240276,25.186982790629088,25.102238867017945,25.227675607469337,24.070657920837448,26.646243858337414,24.922684288024925,23.771414756774902,25.48408565521237,24.58456851111515,24.957376670837448,25.10984791649713,25.41385453542074,24.883838801913782,24.34404388003884,24.1406964408028,24.56877261267772,22.904620594448545,23.669562000698477,23.817793337504156,25.63916378021247,25.63916378021247,25.831047460768048
2003-07-31,26.19665563029622,25.5312122919226,26.158690450524773,24.34926714743341,22.509958931707615,25.608809633152475,26.094449964133673,25.91800717179484,26.50774066473855,24.44921779427483,27.648334162722335,26.70496691221831,26.579405126263964,24.972657919442725,24.916628958589342,27.871268680531614,28.206247994207615,26.242850711781443,27.385581096526153,27.87487566137827,26.465394079557086,29.164095671458995,27.70584109316593,25.743617260840665,26.98700708778955,26.267351404825888,26.300588657010053,26.58650620573303,27.005364887688756,26.525744066956292,25.664518323508673,25.33077021362965,25.494940345518046,24.51890025395221,24.703504693636376,26.106210716821863,27.16785228688235,27.16785228688235,27.93200194246026
2003-08-31,28.646035602528627,27.351087475848487,28.157255570606537,26.301994208879364,24.76368775726661,27.43522411059314,27.443482889155007,27.27414642662137,27.807866709719406,25.368828361265116,28.4612894037719,26.650700526083654,28.147316684517875,27.014099908644198,27.240911799605215,29.467862824470842,30.026225559685884,28.066957666540702,27.842980957031216,28.459982070102456,27.05359293619796,29.707829432333767,28.338785938550075,25.952523967783975,27.253882754746257,27.309457561534032,27.435547006258446,27.486281003234183,27.58133046139949,26.999737614457388,26.544901004914266,26.64046762117772,27.26941324869796,26.041905688214115,26.14668926936332,27.7331124254452,28.52511511361729,28.52511511361729,28.80590833438339
2003-09-30,20.573118803236298,19.589956368340438,19.52325714959045,19.769529936048798,18.263798056708424,21.017530695597316,21.150964397854295,20.962921863132067,21.396453221639092,19.80889896816683,22.70114343431254,20.80266524420847,20.580326377020924,21.199909167819612,20.51761478847925,22.680120213826513,22.854235882229318,21.581245973375246,24.00546201070165,23.597305001152904,21.957664701673764,23.502472644382067,23.74750845167364,22.128693347507067,22.627762900458492,23.79183896382648,22.859514745076524,22.931216133965393,21.86014679802787,21.263450834486264,20.865626398722327,20.25254859924314,20.873520278930698,20.902882258097293,20.168488269382067,23.053462770250178,22.781167305840427,22.781167305840427,23.754949315389013
2003-10-31,14.884958542034155,14.48503782210804,14.00930750036764,14.315575351510063,12.11127952657722,16.919602884272138,17.137321193243906,17.015395264984477,17.404901943411915,16.802234247679394,19.96209647886218,18.382225742135063,15.48218688964846,16.88070839502484,15.821185335548932,19.033603430306982,19.120955895864938,17.47648502472913,20.061871239446816,20.054221499863502,19.34585141417807,20.795335306147138,21.518624221637765,17.244504177954923,17.652515665690146,19.591178615118906,18.661281101678014,18.472623402585214,17.9087451893796,17.357998066563766,16.846368572276106,15.515135373351313,16.375547314715675,16.43252133605307,15.221268815891733,19.45452024398321,18.85794031286764,18.85794031286764,19.822581924930716
2003-11-30,12.260335498386041,11.236762364705385,10.959822803073394,11.47619378831655,9.558056852552625,14.251676644219344,14.08998230828172,14.00413975185819,14.20005989074707,13.847724278767942,16.42542338901103,14.34361457824707,12.849937820434604,14.666726557413767,13.513159391615147,15.440459738837319,15.419873258802738,14.208165359497059,15.371801969740147,15.475927946302761,14.485121197170713,15.24155023362897,16.965166770087365,14.102045567830487,13.655254660712444,15.729554790920702,14.80711284213595,14.69127896626793,14.30223274230957,13.765592659844344,13.507720481024819,12.13719910515681,13.108431201510939,13.804972542656799,12.275344721476245,16.81358528137207,15.577362950642907,15.577362950642907,16.25969802008734
2003-12-31,8.420639398362994,8.139839702182371,6.977402093675437,8.396624098883763,6.612127028571194,10.298487705654622,9.741125509474045,9.647367371453242,9.227507887946217,9.253801833258706,12.324499532911489,10.126105435689226,8.847199185689306,11.018444845411636,9.534620518154611,10.900093608432428,10.80334881676572,9.941955587599068,11.864790874057292,11.0995971891615,10.054867913987948,10.74694148169624,12.403563117981037,11.503845236036625,10.143018955654611,12.136853048536523,11.150785340203129,10.900728374057337,10.741098382738016,10.224857605828163,10.030676290724102,8.471702766418503,9.286296950446285,9.945037184821217,8.130532519022722,12.826436381869826,11.670441373189306,11.670441373189306,12.53514677683512
2004-01-31,7.54731823090583,7.126141525596665,5.421449300294341,6.944666286181416,5.051339988298253,8.597474690919341,7.706266903620929,7.476354689239145,8.08881163648391,7.384116786013465,10.743875060542905,8.239979311214995,7.471663514004035,9.694574405301012,8.086149716120929,10.097718831544285,10.12051841571764,9.229195121026805,12.01907142311012,10.988317579864145,9.805658389676012,10.572420087424689,11.707091206376333,12.049704508627656,10.948790425126276,12.689229563231208,12.255312917565846,12.26410985556987,12.074730235274046,11.59162844175944,11.020352505099424,9.416855256275483,9.909615042901805,9.761062035509383,7.6687637534192845,12.099753336752599,11.333080894716431,11.333080894716431,12.782328521564466
2004-02-29,7.458355840047261,7.022379614292902,5.97412956939354,7.513739281139237,5.836824320650692,9.877876426433716,9.351554138359006,9.204965933438018,9.583608399314471,8.591246914041506,11.414576094178074,9.643347084659354,8.21638161231732,10.07941872169232,8.377068236778598,10.47875701641209,10.428407923380519,9.448511641053017,12.507863068854647,11.575543340047261,10.967133677690924,11.730047874889124,12.248394902547261,11.708252010126216,11.100181899673657,12.073654757971099,11.104702710557262,10.942997430384935,10.135029466124877,9.624421976900635,9.223332604594589,8.080437377403541,8.93611659345953,9.126616436311565,7.767957020902145,11.50495583106732,10.611987642310169,10.611987642310169,12.021366571009821
2004-03-31,9.657402990197681,9.197838453067277,8.601775680049798,8.918313188450327,7.264667355117069,10.225066695674798,10.089177498766219,9.967923613517598,10.254969984485172,9.499919161232583,12.169478763047039,10.306557161064518,9.410135790096831,10.481716246246037,9.48729997860488,11.228852187946302,11.28278363955917,10.41021454513725,13.22660504412903,12.74716535998931,12.060182518087288,12.974998441306525,13.064965574203029,12.58605354883332,12.257561025311873,13.316540675009549,12.506190687610285,12.641922374438195,11.619881463820036,11.238531182401971,10.628187495405939,9.46420637561431,10.52377668811431,10.204698017079352,9.272275092012194,12.158521311770244,11.738074403168184,11.738074403168184,13.17728338754307
2004-04-30,12.497864172193715,12.467143143547958,12.784650739034078,11.833587370978591,10.715051672193738,13.079179276360435,13.209159745110412,13.09924763573548,13.584431012471669,12.970940886603444,14.451708030700729,12.884577496846532,12.34143242306186,12.548303625318738,12.001577822367324,13.717004797193738,13.88358465830487,12.773083898756227,15.255177540249292,14.543116993374326,13.546437305874349,14.437889671325706,14.961679818895163,14.177586936950718,13.870802540249258,14.472487110561758,14.053411589728512,13.968331294589575,14.017590734693727,13.568757184346623,12.71913153330496,11.954352887471487,12.953823916117358,12.17948038313125,11.631593555874304,13.991215409172924,13.78711927202005,13.78711927202005,14.97221041785349
2004-05-31,16.173355479907002,15.712669996036084,16.211459793583003,14.959181147749746,13.47300790766235,15.786849368515846,15.93750776065292,15.775464014853242,15.87176042782363,14.973283550303506,16.920819567608646,15.295223654470135,15.159568097514523,15.16442465833444,14.82774423578735,16.346451183031945,16.53795718941643,15.416963195800804,16.797717564080415,16.309184297951333,15.56505942395944,17.35199553787072,17.374088951849217,15.89837175594863,16.548856886996987,17.195317635484912,16.680627195296836,16.657381332561556,17.094049154302127,16.522376817272516,15.958070701681208,15.288125200169134,16.391806210753657,15.16989813363682,14.834257277622044,16.441135742843812,16.305440808367905,16.305440808367905,17.242043000908268
2004-06-30,22.474377907647067,22.110491731431807,22.760171635945653,20.50398674011234,18.82203144497339,21.00876918368874,21.15066642761235,20.999147330390088,21.15560349358458,20.145656119452667,22.128327560424907,20.92662128872348,21.528064431084545,20.07888094584149,20.011926735772022,22.599150043063673,22.937924999660936,20.811416753133244,23.40496601528588,22.39008157518174,20.529363801744296,22.463982942369285,21.70810729132762,22.352055316501264,23.956875737508085,23.17873988681373,23.176670116848527,23.333495203653968,23.459520594279013,22.936433029174907,21.881118901570687,21.788982942369216,22.13758049011227,20.484073003133233,20.544074630737327,21.291573545667916,22.520108159383142,22.520108159383142,23.74376538594572
2004-07-31,24.031216844948403,23.35240877623204,24.222982742965883,22.82675825959899,20.757571956675577,23.810773611581453,24.304336699619057,24.113463358725312,24.66844225237452,23.44877081840275,25.51091117038527,24.212282558154072,24.352500657112444,23.05099486074147,23.029872758926842,25.12502722381265,25.44396413577499,24.102878681306038,25.57755631067414,25.341551081339503,23.60391562267023,26.697098586379923,25.311852555633834,23.94245466416885,24.862975077475312,24.81268735906133,24.469869293705244,24.61352636275751,25.10716033033151,24.567003135271023,23.514510275728014,23.242936645015504,23.711484507078865,22.36564749851027,22.383196746662122,23.8639936426635,24.9021110821796,24.9021110821796,25.601697355701162
2004-08-31,24.602790922759766,22.796709458546047,23.600706539359123,23.00361207531347,21.15980432161723,24.139729661839056,24.409972332369932,24.27005350256485,24.78292995165765,23.334889902094403,25.915372302968137,25.29824255666432,24.82824297669123,23.77138971308227,23.15833685269922,26.069747933008443,26.31787356304875,24.461995286839,26.672426129412997,26.912392737275866,25.100756417551395,27.803823663854985,26.710459563552774,24.73061560353932,25.66631473828386,26.39360966015886,26.03167512134837,26.2142975591845,26.640204817248957,26.189896622524486,24.733222395373957,24.696370286839,25.216321563720726,23.815946689728833,23.554729346818874,25.45527223156347,25.91936780868042,25.91936780868042,26.89913563882152
2004-09-30,21.033840221828825,19.829464679294233,20.344275877210805,20.413858668009425,18.998168563842796,21.748724661933068,21.61388308207205,21.40737809075256,21.88691639370387,20.532201766967717,22.827704154120568,20.988698620266405,21.76072552998869,21.918445799085816,21.23945274353025,22.927329805162287,23.208433320787208,22.428770234849765,24.116663572523407,24.322145885891416,22.330685382419176,24.318592283460816,23.853045950995636,22.24951404995386,22.97524375915532,24.08313221401636,23.399061033460896,23.462193086412242,22.87748985290534,22.33406537373861,21.51991335550946,20.65251426696784,21.80232437981499,21.36271120707204,20.746546385023407,23.492116589016348,23.438880369398305,23.438880369398305,24.596188312106676
2004-10-31,17.432756698772437,16.66732858637323,16.69574603008965,16.4125534057618,14.940374936339595,18.876722487582924,18.94089471960592,18.87435721120528,19.25874218684379,18.269237608550668,20.805937457341145,19.544911751695906,18.01435479605084,18.86726138207223,18.095758630896114,20.707798176427048,20.842269782609833,19.421730993127312,20.465907320412327,21.356755459693204,20.087468350318204,21.719719064363915,21.982474755728106,18.314576885264444,19.01482207595666,20.756964948100517,20.241337322932395,20.10735399799961,19.88001444826847,19.309502435499724,18.617082870647494,17.6671789517967,18.73130393079532,18.447754283617883,17.306262978174402,20.96836710283833,20.35455031856418,20.35455031856418,21.133873445244262
2004-11-30,9.835622957017733,9.747309154934442,8.42989379035106,11.609065882364916,9.661995569864928,13.814643139309396,13.449948586357948,13.350860044691274,13.54029689364961,12.756193161010685,15.458159849378717,13.31153712802461,12.166832266913616,13.903165817260799,12.641392813788627,14.069124476115064,14.02533378601072,13.327962366739996,13.037223434448265,12.913278664483016,12.202102449205142,13.354543855455233,15.560745027330142,13.336037996080165,12.628702926635697,14.853632397121885,13.616908221774679,13.453599845038639,12.85675739712201,12.228144115871885,12.05459810892745,10.15186915927461,11.24214693705244,11.974831941392722,10.341167661878842,14.732695982191274,13.637180031670482,13.637180031670482,14.520914840698254
2004-12-31,8.341488138834677,8.364551289876317,6.645649380154055,8.884071689181837,7.424919128417969,11.665123664008206,11.297865634494428,11.250109015570729,11.857224358452811,11.35563473171652,13.61589406331376,11.395486619737483,9.714752027723648,12.004495408799869,10.768183559841646,12.411852179633286,12.427110968695786,11.486401875813897,11.643007236056803,11.647206454806906,10.716230434841634,11.540039571126329,13.577894931369315,11.237023078070706,10.2058788723416,12.622371927897177,11.57063310411246,11.396490308973512,10.8626035902235,10.289526875813863,10.426782735188738,8.567727830674869,9.840628221299937,10.593202548556917,8.744347296820763,13.780260382758286,12.4671093410916,12.4671093410916,12.966222296820774
2005-01-31,6.551132805116765,6.452463240264649,4.582435308476931,6.567122703470204,4.941217020506599,7.667981658443352,6.856395216911039,6.73872468599717,7.470815789827725,6.8230188308223205,9.427001735728254,7.363446418188062,6.279853193221641,8.912040903234868,6.972839794364063,8.314116886097906,8.199368167179898,8.011886543355956,8.411534245808923,7.7219813644245505,7.245883519162419,8.68039082763022,10.453781074605956,9.806648283107279,8.642514903570998,10.278456603839913,9.142044998497113,8.970910295876081,8.026821124169146,7.436951122488949,7.4859131310576,6.114761627361361,6.9738977370723205,7.662492432132808,5.517601534115386,10.812799051756542,9.624810770506599,9.624810770506599,10.516890113584452
2005-02-28,5.360781515212295,5.444594410487639,3.8746655600411373,5.4354914528983045,3.6108425503685453,6.796479524884944,6.3967980702718705,6.235624567667628,6.7033921922956665,5.69993643987749,8.960969270978637,6.469034630911665,5.5430063338507125,7.769077646164703,6.268307440621527,8.312124869937008,8.402451088315047,7.160966945829784,8.987185323806045,8.141822251819349,7.303832807995036,8.209167280651343,9.569806580316424,9.227367382957766,8.126237941923648,10.278459621611148,9.033461597987639,8.982383891514473,8.372866476149795,7.900335202898361,7.5509409041632125,6.195312300182479,7.4522325243269165,7.28815839858288,5.593680045718315,9.501822135562008,8.766909444899795,8.766909444899795,9.832243220011378
2005-03-31,9.045520606092339,9.128265901791167,8.774797529815316,8.493878300984704,6.8334175314953995,10.185389557705207,10.09764856728168,9.942540515366545,10.191167552496836,9.403690653975332,12.038671542752184,10.196239377093548,9.201458211098952,10.38755899654933,9.604917657503506,10.897823403471364,11.010385357436292,9.880069392214523,13.174516111804621,12.271439939929621,11.53682867480859,12.307827393726711,12.684609882806,12.4061714377454,12.049526612476711,12.754599487140638,12.394541943457853,12.532560151623102,11.89917011466082,11.597110407839637,11.115733349707796,10.099937713787142,10.880591800648688,10.070086928336991,9.159324264526447,11.605531946817962,11.431315296952448,11.431315296952448,12.702870551488843
2005-04-30,13.517976421780077,13.06067119174537,12.76589580112045,11.761726421779997,10.565781868828708,13.095957650078617,12.87256897820373,12.70886455112037,13.259550857544014,12.452733908759342,14.138731087578662,12.527828852335574,12.354084820217622,12.798160341050846,12.300148730807962,13.823184755113346,14.007855436537,12.910481304592622,15.940651660495405,15.271242480807814,14.289940940009274,15.135559972127226,15.05044983757881,15.13907559712726,15.556200705634183,16.168269390530043,15.750086339314748,15.965855111016197,15.83878534105088,15.408037185668945,14.58313212924537,13.96048130459252,14.7715137481689,13.22906854417596,12.818065940009262,14.375531217787056,15.05995504591209,15.05995504591209,16.199014833238436
2005-05-31,17.96002813359746,18.010814633933478,18.21354585873172,17.3099840307749,16.17145916518342,18.306902083530247,18.725401117468436,18.589703557824635,18.621575722643115,17.50887725994147,19.345922580842057,18.358056107387767,18.82635720365795,17.58499400641341,17.6195412174348,19.324506460210443,19.60726855698448,18.03803500103703,20.551588743476543,19.737944170223898,18.58912602086224,20.250807493476543,19.521979473483157,18.868850798248047,20.012904267670137,19.804914831346082,19.41313738258941,19.65877435335551,19.622316020022083,19.138723320089355,18.537147694249256,17.738765847811237,18.634268409974993,17.128582296063826,17.381086706346025,18.01627498339576,19.46996701968618,19.46996701968618,20.095854326473955
2005-06-30,23.58800154791942,23.232890870836002,23.668673748440256,21.447368409898502,19.967260445488762,22.185351265801273,22.548713896009644,22.317710749308333,22.759616131252756,20.822596274481896,23.244433297051387,22.106876330905493,22.712014134724882,21.666487333509735,21.91076901753746,23.646101591322235,24.077921252780413,22.881588787502835,23.690017064412473,23.81911048889168,22.277964655558435,24.327308188544407,23.385701200697156,22.35600827534995,23.85235972934305,23.421918106079147,23.502150853474916,23.762003284030527,24.635535727606907,24.244300376044407,23.376429282294396,23.251103761461025,23.572192086113887,21.718473010593016,22.422566435072156,22.389680692884724,24.02820337083608,24.02820337083608,24.498990588718073
2005-07-31,24.900579358172706,24.214890724100144,24.515362204274766,22.999524565665922,21.222745226788334,24.1495870446646,24.918698267782872,24.80426456902609,25.12286283431513,23.639228131694267,26.103751611196856,25.216366068522234,25.138703098092037,23.451042962843474,23.483117265598764,26.014537901519418,26.381329001149766,24.53658668764183,26.2740856375745,26.19549073250073,24.224661599436104,26.732132827594796,26.172515262070533,24.76878017302488,26.16284939345502,25.60631377517535,25.31192218411354,25.566132953602846,25.9749319917413,25.56492800148584,24.736359348092037,24.691227459651145,24.70634317705708,23.48379980928155,23.52213776291063,24.589916975780227,25.788072532735896,25.788072532735896,26.380105672856757
2005-08-31,22.956432207169144,23.22217271456151,23.30604945767317,21.920779800415062,20.37566628815017,22.91480754319059,23.207524277061623,23.06023397548222,23.33550121758566,22.39208408888942,24.892963520173055,23.924885563183864,23.43856793885601,22.59001913173222,22.22113839836527,24.20994205679932,24.437617628036037,22.92491444003207,25.646368363083127,25.047906186503837,23.471230279245674,25.72710803042179,25.471928573936566,23.675384345105897,24.59138159392984,25.04922664601321,24.512400789158278,24.666064998667764,24.718599860898905,24.150355993291328,23.594563297558864,23.25062953579811,24.019047714561623,22.82438888139626,22.32729494238413,24.239724587881426,24.867722529749642,24.867722529749642,25.806991892988947
2005-09-30,19.802450095282722,19.414629999796546,19.405054261949317,19.6710644616021,17.914399422539645,21.11065050760908,21.265481779310505,21.14473253885899,21.57054905361605,20.215500768025606,22.809481345282563,20.921262486775674,20.24612142774805,20.542375225491014,19.92140897115081,22.079055998060426,22.25768284267849,20.722095277574454,22.508111445109023,22.27086914910211,21.23751953972709,23.237817933824317,23.517893346150743,20.925434578789634,20.805108515421637,22.23570747375493,21.634551874796614,21.66161621941461,22.041545147366094,21.492453893025754,20.878505325317406,20.279039722018922,20.854096688164645,20.335411792331286,19.52159343295631,22.30797852410211,22.043069669935505,22.043069669935505,22.92138726976185
2005-10-31,17.01862229377997,16.50354332872621,16.210768841158995,15.571818698349887,13.92840314475444,17.084209491360582,16.89686700144125,16.787415871568953,17.06746879495597,16.469770542267838,19.01819176622621,17.09838014828273,16.34703343709316,17.555810423820276,16.733560549828326,19.21418943507706,19.30951453588341,17.91966658561455,19.62697872859178,19.689607361824244,18.52009763820206,20.64544153521132,20.97882737190497,17.6776575970394,17.791385125601266,19.52838791877997,18.76061290617912,18.717927674324358,18.683747986824358,18.052363578222185,17.701042593679176,16.938321029499036,17.63821182250979,17.721836549492252,16.670357004801474,20.03349649572891,19.099616602415665,19.099616602415665,19.913825586790665
2005-11-30,10.311530537075441,10.142560810513089,9.479059833950487,11.182008510165701,9.122845098707387,13.109555710686607,12.866169208950453,12.743268818325532,12.696228345235227,12.116348245408858,15.429545402526912,13.08182404836026,11.617913458082455,13.535081969367127,12.17975699106853,14.41268613603387,14.368030103047715,12.902432229783756,14.320026630825396,13.758741908603213,13.33220924801293,15.227635680304672,16.63685877058242,13.151138284471358,12.304507425096403,14.647560267978292,13.391342820061652,13.219953388637862,12.83770783742284,12.197177780999084,12.180592494540747,10.919481383429627,11.875476392110158,12.442845641242116,10.892392624749164,15.462083922492127,13.976683531867081,13.976683531867081,14.644673983256098
2005-12-31,4.4302026324802455,4.759732797410777,3.201754824320517,6.47985269758442,4.47106363508442,8.940147293938537,8.403699811299703,8.240008947584329,9.075824377271829,8.494807667202451,11.381453175014997,8.791056039598232,7.300450028313605,9.728333600362191,8.012971729702542,10.27464165157744,10.262811681959363,9.149071990119069,11.453124724494103,10.359816890292677,9.453634707132949,10.114669863383085,11.999853240119137,11.462301699320506,10.124223899841354,12.285109859042677,10.503471946716331,10.414235835605268,9.26191649966762,8.76620252397322,8.450436464945483,5.873982471889974,6.421641434563526,7.644273270501117,5.0206757227579715,11.744349225362214,10.508050939771863,10.508050939771863,11.804752328660811
2006-01-31,6.515107357886507,6.303017409129893,5.0819310096002255,6.288211461549167,4.229029673914795,7.516766464069349,6.768283811179572,6.599979039674224,7.294632622503514,7.046462364606953,9.577478724654043,7.333198965749432,6.087989897369027,8.664043639808483,7.245998759936299,9.268102674586885,9.219928216421522,7.536308214741439,10.126902762792497,9.347679392496843,8.5226284642373,8.906128758256159,10.24095843735563,9.895273688531688,8.736668912826133,10.632334235406688,9.350926725326133,9.121943820420142,8.592124536986091,8.02651371289329,7.980680904593498,6.601331001199753,7.410452409969821,8.36718439081676,6.676324175762886,11.332820941555894,9.926707450292497,9.926707450292497,10.696477590581424
2006-02-28,6.33062619708835,6.302954019818969,5.427265194484164,7.445229875473785,5.5784986859275705,8.762339482988637,8.177561650957387,7.989701252891905,8.271279680161228,7.57021243685773,10.553485897609164,8.170810000101767,7.50775022052585,9.297161492847295,8.07293286096484,9.799963297162776,9.884505707876997,8.344876452854692,10.75677365802585,9.71066886356897,8.893815022423155,9.748993128822008,11.074653471083934,10.54988772982648,9.604383405049703,11.292929722014037,10.214336785816045,10.079036376589897,9.485018984476767,9.01950384775796,8.682092784700046,6.968010520935138,8.155498895191101,8.977465157281813,7.599006498427684,11.157178815205896,10.027874383472295,10.027874383472295,10.852982502891962
2006-03-31,10.351753427649044,9.74574126787087,9.07764125947034,9.329754519719017,7.587569644887083,10.229074076170605,10.098548097508,9.946138718307736,10.099309396231035,9.416130422776803,12.237506115821077,10.263067376741844,9.543080922608738,10.784638382286118,9.870079725532207,11.699215415216258,11.822020774759267,10.639382585915143,14.57723698359672,13.45681790177548,12.352706363637026,12.931282892534853,13.122526382118053,13.44883476585477,13.759680910008,14.820897202850745,14.459597954698836,14.690825378254033,14.445954956546927,14.141456468643696,12.911271236788878,11.777684312225801,12.666429691930034,11.450254981748515,10.54321743134534,12.727753616661175,12.572950084235174,12.572950084235174,14.296131367837233
2006-04-30,14.33976792229555,13.97405340406641,14.294995244344022,12.837934154934374,11.873944897121874,13.94915106031624,14.087684588962134,13.938587909274645,14.175379901462122,13.384719636705256,15.928252622816274,14.232945548163514,13.716702058580154,13.732902145385822,13.579090838962202,15.89473754035106,16.08435885111487,14.179850387573197,17.681231138441262,17.203534740871874,15.954703903198265,17.228868399726082,16.90505112542047,16.147702492607948,16.753960630628853,17.187014558580188,16.491992314656613,16.668367640177394,16.635530726115007,16.20322820875373,15.377677536010765,14.46473537021211,15.37822007073305,13.90181761847606,13.528032896253762,15.366308720906602,15.825192726982948,15.825192726982948,17.15302475823296
2006-05-31,18.06426307514164,17.48644521979884,18.367679993824254,16.632753708542054,15.059272630753071,17.533601112775955,18.19353422349502,18.062504212574254,18.487542540027334,17.397738167547516,19.969182114960063,18.91268849936864,18.024021874704715,17.43287341620345,17.238435097150955,20.08514891183512,20.36128770971817,18.37719885303136,20.53787751146541,20.800444190732833,19.38986266351526,21.28762287016832,20.2933352357598,19.22527250474502,19.94152334479884,19.767010050948045,19.483539158810856,19.70594601784984,20.066546971310856,19.69550309950307,18.866522294731567,18.7113039857598,18.934464268017905,17.31747890595466,17.59295091116303,18.405028259113294,19.4351494368687,19.4351494368687,20.248555119832417
2006-06-30,22.20177025265167,21.839218711852993,22.989978260464113,20.396985096401636,18.86965219709606,20.9727066675822,21.289180734422473,21.092652956644713,21.566288481818276,20.312989870707213,23.239072227478005,22.13797088199192,21.547782622443208,20.580402522616907,21.641513633728096,22.995314089457167,23.5082209904989,22.914153607686444,23.25096187591555,24.121222835116953,22.334230105082213,24.85316999223494,23.3977554957072,21.703232383728107,22.672861289978016,22.447530343797496,22.37572044796417,22.62065046098502,22.97496089935305,22.56778587765166,21.870080799526704,21.65183264414469,22.237572118971173,20.561210356818265,21.12047956254753,21.365040651957145,23.108915434943242,23.108915434943242,23.339093928866987
2006-07-31,27.80687242733535,26.892943810903887,27.64364998109886,25.627662707913316,24.01650259366596,26.044675896757383,26.00425093455982,25.805927366851563,25.957494067120365,23.74009865381396,26.9144596879201,25.029095524613638,26.413845398605645,25.754311313424125,25.761115748907912,27.886506898941548,28.39246340515797,26.647096826696895,27.3750349147345,27.286409242691548,25.317155210433498,27.93831983996978,26.29256001134081,25.6668827179941,26.935896809895894,26.050805664062466,26.32769263482868,26.438117702032912,27.26582530031925,26.867248666414582,26.221381205897274,26.223468214465697,26.73039603284616,25.38055826822921,25.729498225386408,26.158324670278887,27.251071856098747,27.251071856098747,27.588261561240017
2006-08-31,23.193414327149753,22.545252469790967,22.73638570231776,21.577851806148374,19.626895194925282,23.294598802956216,23.631373731551605,23.420475609071673,23.54344110386353,22.462785441901076,25.864682913339266,24.44323844089314,23.406441460886356,22.46076406253286,21.413936315557066,24.661741675100018,24.957532480711563,22.882358169555687,26.45484693383662,25.703119573285505,23.711569989112093,26.139818897042346,25.815140742640438,24.439413571101397,25.26444087284864,25.67947731018063,24.915768682828514,25.100549008769406,25.466752070765438,24.99962179942804,23.885508371168612,23.784833177956102,23.876475168043555,22.510419115456273,21.80606028649123,24.473152230375547,24.680545753561034,24.680545753561034,26.0226839004024
2006-09-30,21.116351890563976,20.457722875807008,20.70500477684874,20.030609703064044,18.62613921695288,21.59178320566815,21.661650827195956,21.472959963480662,21.683731990390356,20.378363609313965,22.72019574907091,20.762339846293173,21.339029841952936,21.175905927022256,20.658080948723693,22.156960614522404,22.413243166605696,21.377047962612608,23.803640302022302,23.397487958272336,21.967323027716702,24.004928821987562,23.432183053758536,22.43403309716126,22.969151369730696,23.653624025980662,23.15532758500848,23.158262697855662,23.226698027716736,22.828184572855662,22.120290692647302,21.118253474765424,21.825089412265356,21.568096139695967,20.841918839348693,23.06638715532091,23.015112198723614,23.015112198723614,24.008127064175085
2006-10-31,18.289202318909304,17.547177579326103,17.37645765325084,16.86134981134893,15.623094813028956,18.86671040442684,18.53557433671847,18.36678653429908,18.48240418382869,17.57018717694035,20.307972270186212,18.44392972146312,17.641106090750725,18.897091473815237,17.845890196933567,19.586284707182188,19.676558984736005,19.03230862771312,21.792801424252048,21.510472480199667,20.532964919715823,21.32985567072393,21.59002819676556,19.456333640313915,19.99828119995783,21.47480957277361,21.04323720214194,20.915168380737327,20.566278301772286,20.0805513402467,19.416546593942996,18.432591620824724,19.4132205060734,19.147075722807244,18.09545179387578,21.326813100999402,20.882227772538442,20.882227772538442,21.86662902421847
2006-11-30,13.434759542677114,12.997481981913324,12.312982198927159,12.855156135559128,11.158986430698008,14.577104377746593,13.423214403788279,13.195941183302125,12.949220805698019,11.861970371670168,15.64677939944795,13.362881830003516,13.42476605309389,15.28975086212165,13.915711148580044,15.73882584042019,15.780191400316085,14.59967924753829,17.435152880350756,16.77881064944802,15.589932611253573,16.230948236253653,17.201591682434184,15.495008023579942,14.789753574795157,16.756051317850734,16.00198773278123,15.71660090552433,15.651561843024467,15.026895501878585,14.702842224968833,13.90410361819795,15.117789056566096,15.181062168545168,13.548737949795168,18.103251838684116,17.204168722364614,17.204168722364614,17.769015185038313
2006-12-31,7.4729283650716525,7.749083964029921,7.188859897189673,9.361109246148033,8.222743903266121,11.672792731391098,10.850215148925827,10.70787845187715,10.53441382514103,10.096317036946687,13.080689324273067,11.00340796576603,9.949854363335646,12.329636806911935,10.928635830349435,12.55786488850913,12.49155629475905,11.404826694064809,12.393924458821687,12.088008117675884,11.506907314724458,11.982631598578621,13.816260613335544,11.502333747016166,10.348563130696618,12.473055860731336,11.442608812120284,11.251283942328598,10.887061394585544,10.21267445882171,10.143262566460578,7.9250849405924555,9.19886966281473,10.432034810384096,8.56070234510645,14.085751173231358,12.553668382432704,12.553668382432704,12.972757466634164
2007-01-31,8.606215639011907,8.525294835080444,7.213157108265875,8.562314954368048,7.264542146908298,11.58549518790295,10.484066571471601,10.34484078602128,10.40910752409252,9.523696107761907,12.414567873554859,10.380695330712115,9.189134195799511,11.683230192943313,9.639500144220165,11.438659040389496,11.364952198151627,10.806256066599246,10.904510854905709,11.08708866488547,10.680353008803536,11.352052122546809,13.181770599529273,10.763376572311643,10.33402509381682,11.854721918413759,11.113881129603271,10.848048741330444,10.188748296102005,9.685290949831767,9.34307404795004,7.98882600107504,9.068809620026627,9.733864433534848,7.664693881619371,13.059558527956767,11.490545486122073,11.490545486122073,12.274835430678593
2007-02-28,9.520161951155899,9.222377236684167,8.304449176788296,8.88394310815005,7.50632731573927,11.406476706550336,10.536141536349362,10.31896391823176,10.82014393125263,9.907441643306186,12.247323176974419,9.93867420469013,9.832063225337492,11.483067108336002,9.930541996728834,11.735113239288296,11.74734352202637,10.909275604429695,13.66526286261427,12.954944433484854,11.708597823551713,12.273661300114213,13.237993517376196,12.874840150560715,12.118091406141048,13.67130243664701,13.131147116706472,13.192292717524936,12.649321061088983,12.261085151490704,11.528721405210945,9.92570278076903,11.305135095687206,11.24028960182551,9.831903371356816,13.156061086200623,12.259675530024936,12.259675530024936,13.405418763841908
2007-03-31,10.544908613799748,10.503735478719136,10.149119908322518,10.375511772401921,9.355710130096838,11.69533861631993,11.511093824653301,11.343584479055096,11.741415565244608,10.852510050291755,12.684911448981211,10.759862620856211,10.618486822805096,11.26239853315468,10.48293627256993,12.229195408154567,12.362078787690848,11.026521937052337,13.223042014337352,12.207495769377715,11.248647903114318,12.085771979055096,13.233587314236559,13.028790082213789,12.90931606087645,13.998154371528358,13.56671850963312,13.587525591286294,13.59565573661564,13.09927584330245,12.338415523241906,11.41851464958603,12.633337398241906,11.47183443705245,10.896660125896517,12.648941396897783,12.434635806340111,12.434635806340111,13.682538297099484
2007-04-30,15.132767211066323,15.130377345614988,16.058624415927454,14.821070162455271,14.022486178080271,15.461437458462115,15.358529472351051,15.197996160719242,15.454392645094117,13.938398721482997,15.63875679439974,13.892687458462149,15.41423422495535,14.877575153774728,15.294743665059457,15.261209593878846,15.55488092634414,15.04388103485121,14.781516668531708,15.072844250996923,14.357745509677443,15.76558513641362,15.957135158114966,14.078549003601097,13.925348048739977,15.416835678948303,14.941770574781742,14.93743843502466,14.76839546627474,14.26328207651784,14.053079711066403,13.710612805684434,14.677165540059491,14.138301065233009,13.962234984503823,15.238512653774649,15.207468816969197,15.207468816969197,15.753549003601051
2007-05-31,17.77681987311263,17.349718163603086,18.157064958798003,17.29515667166754,16.056948926371945,18.13624212613672,18.107990068004995,17.963760712326234,18.37658938336125,17.34244644821331,19.20465925483296,17.650236896802085,18.724074997440425,17.512630840014424,17.13281103154668,18.83174363823349,19.09269583917427,17.92759377264207,19.18136876424154,18.95177419518916,17.923860783730845,19.25054456649292,19.260436199557432,18.435842050531846,19.587482255504995,19.90812552667444,19.895516844718713,20.078766697709284,20.363290282218713,19.864419104463366,18.90045216057888,17.94547641713126,18.870141970726763,17.34678060059906,17.5345194908881,18.285708691996888,19.152662552044035,19.152662552044035,20.279980575397474
2007-06-30,21.325228669908313,20.484077411227815,21.56397921244303,20.297681469387385,18.541379928588867,21.114388826158347,21.64032198588052,21.510428322686153,22.16690076192225,21.12179442511666,24.058564715915224,22.809801695082,22.038572311401424,20.301910527547307,19.97614555358882,23.249916712443053,23.546306143866616,21.385837936401458,22.51914414299864,22.127857250637476,20.913376998901413,23.450952953762453,23.262324481540247,21.630065366957012,22.749808205498653,22.724718687269387,22.734657923380553,22.922893057929173,23.64460258483888,23.29115748935277,22.12562200758191,21.446778149075044,22.204132207234636,20.61900850931812,21.095261764526242,21.16733750237364,22.59291530185277,22.59291530185277,23.254278691609727
2007-07-31,23.02215974869273,22.31166327691841,23.702716179304275,22.76711942611206,20.765242430984415,23.512735395534037,24.414231216266614,24.259624571441293,25.03989538377334,23.86226864066174,26.149989679808357,24.88745187738897,25.321455153598606,22.482097059680598,22.75964294761735,24.836544619324457,25.182478759109358,23.714668569257242,25.88511285269135,25.748367851011324,24.009929090930655,26.672190725675307,25.729729158134887,24.72087184126667,25.496047202489706,24.789459605883508,24.663756060856656,24.865295459378103,25.122441166703425,24.71501246626667,23.89760077691841,23.069565032630862,23.84214147752334,22.652872114284094,22.73421557026529,23.57552941435125,24.85003535773177,24.85003535773177,25.57487312234855
2007-08-31,22.44895942031701,22.237706900155615,22.761551301197358,21.72902809471219,20.199933357648945,23.553829632010434,24.540735293972944,24.433158534060226,25.27237486890573,24.398682202575117,26.77441199928205,25.512204968031995,24.074329569006522,22.75309300986669,22.466319656372093,25.857763708791367,26.31176026457092,23.626743673509168,26.462841308757845,26.844527611681258,24.955272949382845,27.050584924349266,26.103896836311606,24.588907126970128,25.117731471728234,25.598460113361455,25.00023682707109,25.288322764571035,24.919197890579085,24.393124721896243,23.718931698542804,22.73210216645282,23.41201018056563,22.561537125290045,21.981779270787456,24.035049180061606,24.69343081648634,24.69343081648634,25.82802580556563
2007-09-30,20.2027270211114,19.512687958611423,19.299857012430778,18.838024330139206,17.481071747673866,20.29521562788227,20.491949568854466,20.321428192986446,20.66095727284744,19.543875567118278,22.6303393257989,21.110954560173866,20.090012719896208,20.257143253750314,19.585515107048877,21.890576956007294,22.05861623552107,20.7618226157295,23.18618785010443,23.295164087083606,21.705304061041943,23.848885875278086,23.577043427361446,21.606014781528188,21.94162676069476,22.947239282396197,22.01627140045167,22.125196096632237,22.148253822326694,21.543997637430778,21.258057424757226,20.51242211659752,21.017033661736434,20.128158336215563,19.377485593159918,22.024086613125235,22.03223548465303,22.03223548465303,23.11539520687529
2007-10-31,15.457928060716256,14.801048020393694,14.930198411018637,15.421296466294109,13.793547915386853,16.764287792739026,16.771814149425836,16.60126223410333,16.843019206549513,15.925139712261966,18.894727140857356,17.007333722678595,15.959668547107356,17.28606618655624,16.513195722846547,18.303308290050893,18.380270340622133,17.184627069452745,19.088740182692106,19.011058836085795,18.065822465958206,19.342961452853388,19.848558311052273,18.120544093142314,17.78454096394205,18.996457651610058,18.20660235087081,18.068245496032148,17.634263221166464,17.07835764320953,16.795109890353388,15.873460654802216,16.878220084405655,16.970486864479653,15.816707147577745,19.089561860279332,18.240343635312968,18.240343635312968,19.02197165950662
2007-11-30,9.665875201755057,9.544795015123213,8.37630814446345,10.876910358005148,8.68185284932457,12.29030011494956,11.842527219984277,11.750749333699616,11.773562918769017,11.493837441338428,14.718932384914865,12.494496621025803,11.094936074151008,13.076028739081494,11.705181842380114,13.824072901407817,13.875529607137082,12.560919147067636,13.928263982137025,12.929245969984265,12.440123791164808,13.604799355400985,15.259866629706494,14.251177936130148,13.125708643595317,14.291018973456517,12.968029064602376,12.5310146331787,11.765522554185623,11.112166976928734,11.028152762519085,9.559633339776042,10.560734685262048,11.784663179185713,9.846257146199491,14.811705822414865,13.795399941338417,13.795399941338417,14.768381712171902
2007-12-31,7.6961300955878755,7.141510412428204,5.694624561733633,8.035461150275353,5.920118268330839,9.074990230136507,8.265330399407276,8.09918727874765,8.339806853400376,7.944223086039244,11.654167747497638,9.272801102532299,8.180111757914233,10.430209414164267,8.878405486212841,10.601493051316993,10.596574974060104,9.57889376746283,11.386049800448916,10.594309891594776,9.785591358608713,10.730258242289267,12.53188584645585,11.929685868157264,10.630241966247638,12.581896697150398,11.265737300449018,11.166787105136507,10.533798281351835,9.903427187601721,9.568360455830941,7.906950950622615,9.007938363817061,9.43134059906015,7.371211475796201,12.875285911560127,11.68084960513653,11.68084960513653,12.810260412428136
2008-01-31,8.872806085566083,8.585791216614496,7.492702758953158,7.886995118664117,5.795641897057976,10.234257593462587,9.3349695390271,9.12338624769643,9.544329313052515,8.831388809860414,11.790058164699076,9.745081161170845,8.847063688052629,10.636577716950455,9.183085193428951,10.621165355559356,10.545069610431597,9.803722164195108,11.64096437269643,10.461371378744843,9.993356425787738,10.496509252568728,11.881151494672224,11.669195429484034,10.716054678476041,12.470800982239382,11.402163339430444,11.282605312716612,10.688078262985357,10.256847164195108,9.786149289531124,8.43911782951767,9.406767884121109,9.901152649746166,8.30304224568033,12.960022042387322,11.678244383617198,11.678244383617198,12.825429678476041
2008-02-29,9.837716060945354,8.557316343811806,7.681800000420992,8.304350175528668,6.76786097384047,9.54940001389076,8.745739588244248,8.541938290650819,8.905516999343433,8.10066112649855,10.708621794602038,8.541708181096226,8.382130011196807,10.148807341476981,8.864509792985643,10.741103722583318,10.74054809219541,9.069470056994192,13.048830352432446,11.548044612489946,10.576558553761458,11.34895214212355,11.911137846146516,12.558466891584828,11.55492264320111,13.261889350277215,11.973632233718433,12.001899228150876,10.9850900058089,10.46533145246832,10.056937504910934,9.494504854048841,10.565715342554597,10.37960722473855,9.11868543953733,12.602426235155122,11.732853453186806,11.732853453186806,13.060276899666633
2008-03-31,10.89733663989648,10.042539932907232,9.405033632504058,9.749684065131703,8.206366167786257,10.9362022522958,10.881312614358933,10.718767461469042,10.99207370306857,10.270892797490603,12.509336807907289,10.755475185763544,9.774276639056495,10.891626899473124,9.61958861402286,12.14228581664372,12.215488626623653,10.572923627463808,14.273234447356288,12.919225290770157,11.606764668290339,12.571028256160048,13.258147606798445,13.949984384352206,14.005414806899239,14.93610774624733,14.30037080908329,14.42449400296772,14.052153298162693,13.692736295474504,12.448574669130437,11.52753184738981,12.38006040921772,11.222581830588808,10.36690306714786,12.609933246079379,12.864724177698918,12.864724177698918,14.310782225414073
2008-04-30,13.613367886013464,12.950753953721858,12.708384704589832,12.04664696587463,10.921033901638452,13.873773701985726,13.783848571777355,13.63544362386068,13.803000047471812,12.990576002332887,15.426204257541258,13.856553649902366,13.437445576985738,13.478984747992683,12.53669959174266,15.366804843478803,15.556917148166235,13.599940151638464,17.412640889485715,15.77575395372179,14.556019253201043,16.281103346082944,16.420418124728712,15.417898050944018,16.069441562228747,16.907258945041292,16.30823008219403,16.405902608235692,17.073358662923226,16.64278954399964,15.436930168999652,14.56066877577041,14.875515238444052,13.411352369520444,12.933032057020398,15.007603454589855,15.252123853895398,15.252123853895398,16.756472269694086
2008-05-31,17.44333206504905,16.82112261864455,17.61118793282452,16.44584435083533,15.386812197777544,17.730874592770817,17.92750755228019,17.79033464821441,18.258793254565205,17.384286786151222,19.783396329161917,18.390705321937503,16.933049281950957,16.92587732294561,16.774171488772083,18.595948832522197,18.881149710378338,17.85695878715927,18.38774413242129,18.060955342938826,17.26723316971976,20.094321228355568,19.331573412495345,17.61550633420228,17.952656661823312,18.346169346635122,17.77103178783136,17.90555327220636,18.404400823449635,17.876539915351486,16.714677306144438,16.024160988100164,16.69182259344285,16.12187499179629,15.879004948113618,17.629432850499313,17.68140330160827,17.68140330160827,18.36562971709884
2008-06-30,21.197345352172817,21.01406898498533,21.502040990193734,20.09854164123533,18.63994246588817,20.864584392971437,21.520877795749243,21.40862736172153,22.048777643839628,20.7658593495687,23.246170764499254,22.023172717624277,21.220055855645057,20.149816597832626,19.90000919765896,22.502686606513237,22.84569604661732,20.71092228359646,22.92864146762423,22.13674422370076,20.397665447658994,23.32232365078403,22.563860109117286,21.798777643839458,22.459823650784017,22.34400333828404,21.715585369533926,22.042793485853394,22.1745371924506,21.57250811258956,20.332805421617252,19.879940838284085,21.062351862589537,19.60730900234637,19.425150256686663,20.832303576999266,21.27790633307569,21.27790633307569,22.559810087415883
2008-07-31,24.186783316827643,23.383403150496918,23.983372173514454,22.5762689939109,20.896557867398826,24.08257989780884,24.713087500295273,24.572591133527908,24.798216448547976,23.706332943003645,26.549634039273826,25.32544731632356,24.886429969213395,23.420583405033256,22.665697967365247,25.89790457858834,26.254019119919064,23.878446833292685,26.435113709972825,26.601504733998297,24.665296316659635,27.344183140416362,25.98145055053061,25.147434673514454,25.611837395288717,25.28984478776175,24.85092194669994,25.211105498447125,25.474299592869272,25.15947369401175,23.76055053792976,22.91156332774824,23.859010089341098,22.74041549928728,22.576990915113868,24.01920046652515,24.742090356478116,24.742090356478116,25.876084182083048
2008-08-31,24.070246325257074,23.076895875828313,23.695810736379315,23.20208751309309,21.34578658483366,24.662686366419678,25.192209005868563,25.027303826937157,25.633063970586363,24.218282174551405,26.68795623369124,25.089215789302727,25.260576256372588,24.046525307111892,23.471524257044678,26.441599966890124,26.838572623140067,24.37630678812667,27.031168074248967,26.38711197965887,24.625647870955902,27.45609876981348,26.324585727978842,25.291847257716654,25.786547043502992,26.08361105559976,25.40902425704462,25.62633566497476,25.953187458489538,25.524941175727463,24.51916843127185,23.859539840042032,24.414938760572852,23.75083425788472,23.465809266285248,24.97597916715887,25.575704049551348,25.575704049551348,26.632137286278464
2008-09-30,20.078579139709518,18.79170847998728,18.784313731723387,18.90385583241789,17.102108870612312,20.219404877556713,20.667362234327527,20.492747433980355,20.844920285542855,19.755106374952504,23.191179508633127,21.468303532070593,20.174558957417787,20.655646197001147,20.03890086279972,22.50665259891099,22.781793657938636,21.14375383589004,23.99075361887617,23.7028657065498,22.263342052035966,24.32887210845945,24.014383718702618,21.70999190012617,22.26505374908453,23.463941552903975,22.750880029466487,22.84700633154978,22.685762299431758,22.140474213494258,21.108860715230264,19.74088111453591,20.901967811584427,20.678462494744224,19.770047781202493,22.468802664015072,22.496528900994235,22.496528900994235,23.802173974778896
2008-10-31,15.955154550203758,15.110028962166098,14.88892156129242,15.872543138073354,14.482091399162073,17.83190028693093,17.603681305916098,17.458966294155402,17.959659338510164,16.78280701996181,19.613908960485958,17.770313845398505,17.08776491226689,17.99229017688384,16.72725583968628,18.895405726278966,18.978232402186222,17.868195859847503,19.807583355647296,19.30351434523061,18.325998909242628,20.07018416209894,20.731256595734635,17.923418894121824,17.28449500299274,19.202673766433577,18.372797779370444,18.31951999459227,17.60149716613114,17.00405355474004,16.626368007865096,15.536820901850263,16.860601248792477,17.181724925707783,16.07053593461245,19.617009283906725,18.712470893449733,18.712470893449733,19.816125652354287
2008-11-30,10.206750912136556,10.215816667344825,9.139216189914293,10.72830852932401,9.030893707275425,13.878042687310199,13.504963260226816,13.345588260226918,13.710269249810096,13.15117908053935,15.83424928453229,13.622679731580945,12.057985178629508,13.690290408664339,12.339338260226839,14.110893164740844,14.086416710747528,12.957491472032302,12.912558746337936,13.261020660400447,12.617213694254588,14.083381228976805,15.953484853108762,12.090881771511533,11.396529557969814,13.487873416476702,12.40902684529624,12.06070599026151,11.753191884358728,11.166256120469825,11.214452192518593,9.471738433837913,10.742414432101782,11.770287153455968,9.85419286092133,14.602226172553117,13.63798192342125,13.63798192342125,14.396119944254565
2008-12-31,6.640898047553264,6.516790517171273,5.1084490458170535,6.773016103108773,4.404925282796228,10.00164294772685,9.535621897379599,9.431148698594882,10.062219662136556,9.574963802761545,12.364330122206013,9.97329279581703,8.43778389824763,10.332827843560153,8.46500557793513,10.372473568386567,10.267927127414225,9.39650514390729,10.715455881754508,10.019188520643468,9.532363976372608,10.363299306233671,12.207488759358853,10.10921130710176,8.959965430365685,11.034276411268422,10.012192535400402,9.851374393039293,9.348037804497665,8.809715864393524,8.987463802761567,7.221198611789248,8.230421702067133,8.766492123074045,6.7594039069282985,11.90841378106012,10.441806793212834,10.441806793212834,11.246562110053219
2009-01-31,6.010812049783681,5.359292602539085,3.7791042204826226,6.045682156470605,4.3444446522702265,9.224083324145226,8.89596882481726,8.71304449266006,9.400121840610325,8.957439758957037,11.558067699145283,9.28812167259963,7.340604031470548,9.648932639501481,8.01507794780116,10.35041165915868,10.312354598506829,9.01396750173268,11.168361507949044,10.517188582881886,9.674286512149308,10.279518997028333,11.848130388157358,9.817728317424894,8.888576351698987,10.98826448173935,10.00345370384963,9.87341863160492,9.388605228547249,8.846445030294376,8.60610039823797,6.8425440306304495,7.8754268851332085,8.539232118668167,6.7993416406775395,11.460162058184267,10.472828493836062,10.472828493836062,11.30168329054311
2009-02-28,7.2546905608405154,7.231654149010069,5.9201074600219386,6.60560201917383,4.972455279032374,8.71428238096695,8.038408125014598,7.819111715044357,7.931863993690115,7.083478228251238,9.750232087998256,7.382091276986273,7.219008245922225,9.068390918913394,7.839846229553245,9.137735575721365,9.189592207045791,8.458888035728819,11.402968206859668,10.147044890267523,9.246456627618727,10.039227739969931,10.657839393615689,10.70532183874218,9.64534462520055,11.854311561584495,10.579374340602442,10.5449417931693,10.015092695327041,9.499389221554736,9.238902800423716,8.227637454441663,9.1010621661232,9.170264407566663,7.812845439002615,11.096263640267523,10.319230878920735,10.319230878920735,11.681666356041319
2009-03-31,11.040606927359022,10.587458300846947,9.49300213065203,9.632020527829411,8.118737177695095,11.308468570504147,11.017232431391278,10.818520338817393,10.76537906277565,9.796762946344188,12.452955192647892,10.445783233642658,9.939742722049914,11.180801399805262,9.956100143924857,11.824760363178825,11.89110098397856,10.54961650397189,13.824106696344188,12.037065575712461,11.12936385780256,11.882264668454468,12.886323178199063,12.904751857634551,12.612150631155998,13.190884670134551,12.540050391740692,12.491616041942336,12.102272123931527,11.702385531189691,11.244524728098213,10.870863563783757,11.68270464661299,10.89092509772189,9.901163252963784,12.366135636196361,11.823762799334816,11.823762799334816,13.256051840833436
2009-04-30,12.797155994839159,13.407659467061308,13.19737029605443,12.919006580776681,11.931669341193356,14.45652828216555,14.394511138068367,14.207236289978027,14.392595990498876,13.250055842929498,14.665151871575233,12.831558121575313,13.12059078216555,13.550096533033638,12.965648290846218,14.074242040846116,14.21302242279063,13.343331125047598,14.964015261332179,13.702722401089204,12.67234859466555,13.90988928476969,14.864584922790527,14.758638742235007,14.436427370707236,15.26403696272115,14.662805408901704,14.84117183685305,14.553888850741941,14.117718060811399,13.21948129865865,12.418067995707247,13.438277414109962,12.827141888936467,12.237509727478084,14.187531428866919,13.948544883728061,13.948544883728061,14.937954605950267
2009-05-31,18.394900730092047,18.409572794104122,19.01485515717542,17.91102188684613,16.75011483879507,19.10485904242404,19.467848898774832,19.259659949682202,19.299129350723717,18.07563042179231,19.621242715979122,18.11125657686631,19.539838881133733,18.821619165071866,19.53611376772642,19.489341149278857,19.719526381133676,19.458482299312493,19.934527641214345,19.701564981604065,18.44247664995089,19.72461395673855,19.465239481772187,18.76460839138241,19.86088905334475,19.56027843926546,19.40391293187298,19.634801708754708,19.74263573513241,19.350824159191404,18.582815506637758,17.966953716483147,18.740091947330086,17.507696324010055,17.655787301832618,18.25793258913103,19.788494795112285,19.788494795112285,20.307942039735906
2009-06-30,23.10409236484105,22.423140758938246,22.507287894354988,20.665976587931425,19.103973007202114,21.118653996785497,21.638670815361934,21.557334009806425,21.327749591403574,20.265870793660497,23.09507543775777,21.901008054945237,22.017327499389694,21.174168862236854,20.88385581970215,23.460252846611922,23.647481579250723,21.722961722480022,24.361031383938325,24.07734269036189,22.120726479424434,24.268572616577103,23.222307968139717,23.45996801588268,24.57466256883413,23.673482555813223,23.724255667792477,24.108918211195203,24.32910864088285,24.045097139146662,22.851436657375757,22.57569609747992,22.62184681362578,21.22693036397294,21.536826197306425,22.18156089782724,23.583009465535497,23.583009465535497,24.181050915188223
2009-07-31,24.87541843537366,24.2700704431021,24.894926058861643,23.180701848512058,21.124307989305123,24.294145858928687,24.93506750291391,24.80324994159008,25.00429843369352,23.52156416370019,26.507908039708298,25.21935219713447,25.011071367161264,23.746709072974454,23.735061202510735,26.372016217631653,26.649937504594106,25.00613080096514,27.67595554474866,27.653179587087322,26.13448576568271,28.403872631442255,26.345583400931332,26.174068048948925,27.116190969815875,26.21138481222181,25.965141427645165,26.315756241993256,25.892148631106124,25.64844115882795,24.570618053149133,24.047587454190875,24.432395081879065,23.48092918806185,23.537761450326627,24.736024639170694,26.1389222996209,26.1389222996209,27.076272665044314
2009-08-31,26.103155082784667,25.555046253819626,25.59965048349045,24.716853734498443,22.76832802885309,25.50295241981422,26.123059106642245,25.969597035069626,26.56082687377932,24.740372614706814,27.374933476601882,25.956812466857173,26.16959283480088,25.210729217529263,25.020740558255113,27.13790705691099,27.471119632515922,25.43351672592985,26.50442513906819,26.69581826322809,25.145323156541338,27.84910182337609,27.119670014740336,24.990041843537313,26.19011902347694,26.42226000549971,25.978701117730907,26.047028990714864,26.25660927885326,25.82996434857779,25.294222686111254,25.034236546998443,25.71044307421613,24.704759585472857,24.667857598745627,25.558209581272536,26.55717001474045,26.55717001474045,27.18404438470003
2009-09-30,21.816616249084518,21.01381405724419,20.506739404466373,20.64059899648032,19.233071327209473,22.083372433980287,22.214972368876204,22.025391748216407,22.24562286800807,21.04726403554281,23.475592486063647,21.572543440924733,21.33150340186228,21.840113427904043,21.126571761237244,22.66336104075117,22.789429834153964,21.653788015577447,22.595774777730412,22.17370717790402,21.103844981723398,23.197337277730412,23.69894318050808,21.4957259496054,21.56291344960539,23.06240617964005,22.170652707417844,22.145460107591475,22.049889903598398,21.441741032070638,21.190504052903975,20.871968354119247,21.829477034674767,21.07570370568169,20.366469764709507,22.871509912278952,22.445823605855253,22.445823605855253,23.208057763841396
2009-10-31,17.128115713468162,16.087790507654915,15.106665465652327,16.026246068810906,14.211766692130823,16.88850612845482,16.42614316222489,16.239215448851155,16.26342212307833,15.619316150296129,18.365864054361907,16.388472001270543,16.338840574859262,17.828048509167047,16.66365786316578,18.271864663401004,18.26646731797092,17.18563839491975,20.699423152144163,18.98522256830688,17.993861996230294,18.472327743038022,19.399823227749096,19.8774410452894,19.622828625094485,20.64975759854883,19.883373924993748,19.757116469516518,19.295142028152327,18.853790906680615,18.453072135679292,18.14247538248702,18.798959022440044,18.09914960963755,17.00890158376393,19.557204675161756,19.129052898448094,19.129052898448094,20.344390180033997
2009-11-30,12.27259423997674,12.47318560282389,11.467803658379466,11.658694500393437,10.125819608900258,14.223397191365564,13.305970976087792,13.159942330254523,13.683200793796118,12.551128853692035,15.16008067660863,13.400111601087872,12.639556588066966,14.640321562025349,13.3155440012614,14.798850207858607,14.77479150560174,13.960791397094795,17.28797781202536,15.80142724778915,14.856765789455892,14.869713380601638,16.16895654466424,16.016072972615575,15.981963814629523,16.972729873657272,16.592670737372543,16.361974122789206,15.865335125393301,15.431540637546107,14.801088163587792,13.665256457858675,14.42786767747674,14.164882108900201,12.40124007331002,16.83086246914337,16.02245589362252,16.02245589362252,17.33170068528915
2009-12-31,7.228736178080283,7.356069077385882,6.088792059156617,7.385645357767714,4.7576804055108255,10.23664362165664,9.821924654642771,9.648020574781697,10.914809311760848,10.420212957594117,13.304167493184423,11.119494099087149,8.897144381205237,11.227198092142771,9.49044679005948,11.86029271019828,11.845690388149649,10.889380709330283,14.258502345614943,13.03513537512896,12.262734116448371,13.26412029266362,14.213046073913517,12.607962523566357,11.60324789683034,13.140617688496945,11.720953517490045,11.6492494159275,11.221298027038586,10.71501547495535,10.175277519226086,8.196053886413665,9.31683296627466,9.980198309156606,8.068723699781629,13.69771675533724,12.523199611240045,12.523199611240045,13.61690349578862
2010-01-31,5.451630508258859,4.768044633762827,3.2636894800330083,5.76882430866209,3.1016273580572147,8.43183149112167,8.12561876850748,7.98576031756653,8.502629647203719,7.9894486786216135,11.260998682822049,8.773221465080042,7.1231091078891495,9.106476043372993,7.536019159132479,9.903970583023636,9.869901152580098,8.689247590752075,12.674586027412033,11.48674213040266,10.501939228016909,11.220471339072049,12.367210355368968,10.954578571934917,9.775111586047728,11.275305848480627,10.145908692062505,10.021543982721084,9.54875909948862,9.048108057822049,8.693250971968439,7.10616364837972,7.761200820758802,8.193665748514206,6.632305071430835,11.427326702815208,10.34217150288248,10.34217150288248,11.289788900395877
2010-02-28,6.2945540791466215,6.447092560359408,5.431909338633261,6.226238300686816,3.9173161234174927,9.372248926616919,8.978476256415945,8.796969327472482,9.33996714183263,8.506476860954706,11.912741393134809,9.66166601181044,7.918702493395244,9.765556567055853,8.430770015716632,10.66211069652013,10.754456887926438,9.627954260508261,13.567802660805853,12.554703353700233,11.596093908945704,11.995900340307344,12.857891132718066,11.870019690195761,10.45260606947403,11.908794453030623,10.635702818916002,10.60379887081325,10.038822587331197,9.594082655225577,9.09836092903521,7.178165849049947,8.278025177546965,8.773819564637733,7.226825400761129,11.544042546408548,10.911796801430853,10.911796801430853,11.639187635694213
2010-03-31,8.627004754671532,8.652686773320738,8.192985727453788,8.498019749631226,6.625035878663425,10.426636181082756,10.65442463454383,10.503915876983342,10.766183287097647,10.139471677554582,12.83116669603578,10.997190196539748,9.245486462500821,10.533186500303202,9.631149894960515,11.775851780881226,11.900271618750878,10.628535227621796,13.916279893280432,13.148118980981963,12.423963760047911,13.248565784577465,14.02310322997397,12.59514834086093,11.523573135047911,12.668440406553316,11.792679107830054,11.765295980310043,11.65552195477244,11.222721005511517,10.668020379671475,9.375358774328731,9.8910782803772,9.759153087164805,8.765303855814011,12.025413377823384,11.319043670162102,11.319043670162102,12.577675222581433
2010-04-30,14.555764219496098,13.220917214287738,13.091259553697398,12.237554041544627,11.35267719692655,13.811884011162704,13.965470165676663,13.825989913940475,14.316699006822432,13.459377500745973,15.446410920884944,13.614366107516844,13.133029301961301,13.499259228176584,13.064325417412647,14.746899202134898,14.935855907864038,13.542529084947319,16.642596901787783,15.559087244669627,14.614428499009932,15.971031146579378,16.057961485120984,15.146576393975238,15.067227978176561,15.57044249640569,14.758452479044536,14.866332795884944,14.863693364461199,14.34488097296827,13.846646923489118,13.3550887637669,13.82596549987801,13.008194775051606,12.66196267869742,14.343283208211233,14.684285269843201,14.684285269843201,15.72682270473905
2010-05-31,16.427485874135073,15.94058546250875,15.75491782978014,15.290278842885016,14.279864801386339,16.638982534921354,16.797823575747827,16.64845151593613,17.023997550882314,16.400640906057106,18.44517950652761,16.755343106997998,16.582137146816535,16.144030733006048,15.791181900680726,17.177961029544917,17.380610874135073,16.20293950316733,19.058153611870296,17.231188936131048,16.26347325232723,17.78524639580843,18.623612176218444,17.528987995270768,18.5658768561579,18.960460609518123,17.848200549874264,18.037210021480462,18.434636831796297,17.845509752663304,16.743671610022147,15.853206745270711,16.586216657905197,15.257411739390477,14.868758240566592,16.632188600109487,17.278499714020768,17.278499714020768,18.580178771480405
2010-06-30,21.730696105957122,20.628067525227834,20.87519480387374,19.878428310818265,18.376515875922337,20.828148905436194,21.06990237765848,20.849980502658468,21.247417026096002,20.281208801269543,22.46028323703348,21.208104960123705,20.714333258734825,19.6972108629015,19.576467047797337,21.50567169189452,21.687401835123808,20.142081197102755,22.844818284776522,21.565537685818185,19.626561991373705,22.521128506130708,21.930587599012597,21.361569044325165,22.094153679741737,22.38577965630435,21.586482238769577,21.693223232693242,22.45189022488063,21.897159322102823,20.980576748318185,20.85356123182521,21.32884877522787,19.54833119710281,19.62085723876953,20.70774146185977,21.539883931477902,21.539883931477902,22.64380374484591
2010-07-31,26.268374051329886,25.499598849717017,25.748094628446836,24.638974269743926,22.86741376487157,25.315823963124274,25.74477641608138,25.553603806034232,25.22510603217671,23.61801755351405,26.464728743030264,25.065800336612085,25.891691318635026,24.813592570315166,24.581168070147157,26.480500752438843,26.820494137015316,24.935442368702184,26.755943880799066,26.30129890852089,23.98339106241872,27.296733741350067,25.890969397432116,24.95417556762692,26.271983657344776,25.721042272096042,25.357847652640373,25.597113340644455,26.618965239165902,26.19921137491866,25.36128137239848,25.3108413942399,25.5357395377211,24.1400190866122,24.341343221356794,24.84519171766061,26.02586365566458,26.02586365566458,26.80780932518752
2010-08-31,24.240316911922946,23.588865719046623,23.76721175819324,22.082875085646094,20.38442025953725,23.612515857655637,24.191819558092448,24.088282931748324,24.551538455101763,23.626395120928464,26.30004210933572,24.887615089006374,23.94270686488005,22.962768398818127,22.233368092198475,25.5443927477765,25.749402618408226,23.1191181552025,26.757984292635342,25.762426076909605,24.03987483363005,26.610730743408226,25.933886300363895,25.223862358831695,25.931943676035928,25.9004994136032,25.24499233615012,25.455126534738838,25.781227530202557,25.31074754448349,24.413373237527765,24.479070692164953,24.389552462998267,23.327230974423117,22.98904370543778,24.38941595426172,25.301919104463252,25.301919104463252,26.494648439140747
2010-09-30,20.33585245344375,19.070970726013286,18.73926228417298,19.37278007931178,17.68997843000625,20.83917276594383,20.955107010735446,20.79361612531875,20.748159853617324,19.443648677402052,21.874779319763206,20.314598655700706,20.31201347774936,20.484783660041046,19.54089260101324,21.913291147020118,22.083693165249258,20.51727335188133,23.913622093200843,22.978102344936758,21.531010331047924,23.14738402896461,23.206468772888286,21.926729732089655,22.74594631195066,23.813741450839643,22.82683281368685,22.908554818895198,22.932502301534043,22.338255882263127,21.619774436950706,20.926374371846464,21.264541689554846,20.91051879458962,20.103354623582675,22.351108529832686,22.529461394416046,22.529461394416046,23.789072397020107
2010-10-31,14.750468375093362,14.357084323513902,13.950395920456117,14.909262162895573,12.711878405335199,16.736589111820308,16.689572352747803,16.578490993540868,16.675687839138902,15.87290096077868,18.608186894078415,17.019361709266548,15.375828023110671,16.666339615852564,15.612783563265225,17.682292761853944,17.714059919952092,16.7271831348379,19.029040703722217,18.778888443977564,18.185183071833762,19.3522776408862,19.949450859972217,17.80635820204219,18.099287574521895,19.460035537391605,18.097683596867455,18.066998007989696,17.463629392398445,16.91277988803006,16.54586540550315,15.1203755491523,16.068609861148445,16.75245037694134,15.421637204898445,18.991424671296215,18.27439153117524,18.27439153117524,19.278562923144307
2010-11-30,9.991218800014906,10.2484996159871,9.133387311299657,9.884225527445437,8.157516543070471,13.348342280917734,13.412418344285754,13.289295514424737,14.117840978834408,13.374329694112078,15.545442432827485,13.632001135084295,11.317767736646886,12.961968040466274,11.614371469285743,13.988766543070483,14.02194525400796,12.729171816507971,15.101727697584408,14.336371252271874,13.851635466681614,14.78807209862606,16.30686550140382,13.560693083869069,13.182671165466445,14.972786182827463,13.98313774532744,13.93333577050106,13.332104216681614,12.809570036994103,12.368923335605245,10.734746360778843,11.593779563903865,11.711335987514985,9.739458274841354,15.287323400709454,14.071340327792655,14.071340327792655,15.048643387688514
2010-12-31,5.523453309800857,6.065179655287068,4.862618891398142,6.235842090182871,3.8228836483426107,9.596532736884285,8.747308561537011,8.503412077162011,9.452435514662,9.092417611016117,12.191262012057848,10.032440397474545,7.869145584106548,9.885112380981468,8.225642437405043,10.68668573167588,10.637860319349613,9.639902962578674,13.326241938273142,11.7191320207383,10.963112597995405,11.720816591050948,13.050970670912022,12.029613791571762,10.968939420912022,11.542309104071705,10.13808547125933,9.947880935669048,9.300588183932803,8.837637880113391,8.906067784627282,6.798583518134251,7.869373448689828,8.835934321085574,6.53787388271752,12.31863560146752,11.086476855807916,11.086476855807916,11.924286100599488
2011-01-31,6.396567568215062,6.389106840728459,5.295299087032163,7.139797259915326,4.995793668685451,9.154834222280897,8.269183915661301,8.157614275204196,8.678977892475757,8.161074246642443,10.935863708167972,8.888350792341384,7.502902623658542,9.652164426413947,8.094531487905897,9.76585520262364,9.678392480009393,8.874266765963682,11.73009778914917,10.676231966736452,9.83629371068804,10.35495077974059,11.85178220195155,11.158034302086037,9.811299486057862,11.264747381723055,10.097280038813096,9.872198133571203,9.382391660957012,8.823112742106161,8.482407936998584,6.904545453799699,8.19719130813445,8.41751903410875,6.78770972631321,11.568266681958278,10.3988855915685,10.3988855915685,11.339685427758013
2011-02-28,8.564716502598401,8.123740405128103,6.592237545195019,7.5929205576578624,6.216577784220419,9.250867916288826,8.110873612903447,7.944887052263596,8.867779304867668,8.30404116312667,10.184606988089456,8.255204318818585,8.131625566028447,9.789581643967438,8.307706178937678,9.570796766735214,9.502652468000122,8.662445413498688,11.341077877226326,10.241782397315717,9.424940181913882,10.171952365693642,11.17770420256113,11.449188577561245,10.644535954793355,12.478595897129651,11.384796487717438,11.163096455165316,11.107429486229364,10.73970720200316,10.01513270423527,9.227500170753103,9.873908978416807,9.36715151468917,7.884375054495706,11.699580946422827,10.79681285676503,10.79681285676503,11.942931020827473
2011-03-31,10.709206271428059,10.274620207919895,9.705853931878266,9.390846896428002,7.665187454223599,10.661113193470953,10.31288465684463,10.113991427677945,10.550785257483028,9.85682734417668,12.143327680198126,10.144130981609408,9.498995942966985,10.840989705567665,9.858391944311052,11.428830452375621,11.47228748362545,10.421422228249241,14.33485731309463,12.98093216188488,11.698133312758557,12.46059761047377,12.91869205351793,12.591320476737053,12.026830599384937,13.42859156208658,12.403707594512639,12.485754595520632,12.012507682718365,11.526032548309729,11.030274819815133,10.538307833928002,11.455840806038168,10.879304032684729,10.016293174989812,12.64102540785268,12.089543237993837,12.089543237993837,13.40866128654892
2011-04-30,15.651728312174498,15.156993611653661,15.101964314778684,13.988740030924589,13.387500339084283,14.78835754394538,14.554137166341206,14.331632826063355,14.370217895507835,13.539613511827326,15.458111233181455,13.724257066514838,14.12019348144537,14.304845174153684,14.251798841688355,15.376334974500878,15.523649427625799,14.423440551757892,17.83306783040365,16.69151238335502,15.460010104709227,16.190207587348084,16.25526292588978,16.042486233181478,16.887931654188435,17.048966810438344,16.660728963216116,16.84283074273003,16.476117960612044,16.061165703667598,15.693354288736998,15.271720716688435,16.10753072102858,14.78104960123693,14.685075208875844,15.856955634223084,16.51066657172322,16.51066657172322,17.401088121202235
2011-05-31,19.124867232127883,18.941367988176296,19.5369634812879,17.57714430286046,16.617816030850918,18.197161733976145,18.291914548156058,18.07509404664404,17.90052562426507,16.39382619550156,18.236883151146685,16.44468357537386,18.099631492040544,17.649365300004206,17.59629227833085,18.643482298492188,18.866847343855056,18.13208644415755,19.62998368458085,19.051480660387256,17.63905626522603,18.82278652396252,18.7683956679478,18.101140963646685,19.359672759681644,19.794676224903412,19.137381408035196,19.321405685588843,19.875494647282324,19.363418874432966,18.514468416603734,18.183508235152033,19.26344197591152,17.82314092164404,17.969005756993454,18.60736786216819,19.576356752457173,19.576356752457173,20.314645877961198
2011-06-30,20.34929989708803,20.274196815490825,20.609008555942182,20.004470252990757,18.79558624691441,21.633943451775394,22.182893647088008,22.01301788753932,22.19702938927543,20.70184167226165,22.87331519656709,21.214488156636662,21.665600352817137,20.495301416185214,19.90334178076853,22.618437809414445,22.79628340403241,20.796891042921345,23.57236304812966,22.078238699171266,20.55695234934484,22.923098182678302,22.550273746914343,21.98406823476165,22.777650048997657,22.58646352556019,21.917100461324083,22.29776452382407,22.57649445003932,22.176459185282397,20.824009641011628,20.763769298129603,20.834168603685157,19.806713634067137,19.540120209587883,20.803474701775485,21.621212874518562,21.621212874518562,22.964588525560202
2011-07-31,22.568789090392556,22.19142643918275,22.142516933974377,21.352435868786188,19.690657264955632,22.69289128293275,23.15571890390055,23.0354232049757,23.93770920127963,22.919795054774113,25.703310574767386,24.728467559814476,23.228669697751343,22.046706177086037,21.437407306958278,24.91201143162226,25.178652371642443,22.86590298068137,26.389744756555103,26.481964283604725,24.390786948255254,27.155645399196203,26.112251371978402,24.887106462704253,25.702418017643822,25.508444353329196,24.849876329975757,25.159761662637038,25.282805912469144,24.94538781771098,23.59263611660208,23.065940783100757,23.384210902388418,21.929009394491914,21.578407705983864,23.35001808904832,24.53279541179694,24.53279541179694,25.811527875674756
2011-08-31,24.364426631312313,23.23052731175585,23.831438770089107,23.118414261520513,21.704750787058288,24.16285573077471,25.03597611047894,24.92789269314028,25.238557700700596,24.045109069988314,26.36196422371819,24.619781974054206,25.15378577529748,23.914929613503148,23.862833154329678,25.796558162730264,26.141696876607853,24.452293629800067,27.563666382656436,27.195481318812256,25.16615819213206,27.624719915082437,26.162286069316224,25.58432908006887,26.70927395154081,26.474457923314958,25.991062110982966,26.26633722859043,26.16362227983376,25.72395389105685,24.875801484302826,24.43913103739419,24.711891244047365,23.623745977750445,23.33292461518323,24.90675221514971,25.900779957925238,25.900779957925238,26.99482397674234
2011-09-30,22.615030733744277,21.111138047112433,21.4183998743693,21.211813502841494,20.104128498501268,22.511995251973417,23.01502802107069,22.91413283877904,23.44936504364017,22.22494013044576,24.17144349416094,22.612784639994345,22.650357882181822,22.394810464647037,21.82704516516793,23.603333685133236,23.67275100284155,22.505511962042874,23.821280733744345,23.586227565341574,22.33999818166103,24.566552543640114,24.52547181447352,22.307809596591596,23.312280082702728,24.217010985480442,23.63600241343181,23.61941170162629,23.84382305145266,23.272696749369345,22.844569036695702,22.499194145202637,23.01313457489016,22.145000351799865,21.659068277147128,23.812811766730476,23.867569796244425,23.867569796244425,24.875705104404005
2011-10-31,17.87983074803509,17.052866072295842,16.555562119842932,16.135703248875245,14.455396209224602,17.546570919406008,17.510112586072637,17.363381445279742,17.154549330024338,16.108724397228627,18.848294604721957,16.613909104049867,17.165086754419463,18.093984078848337,17.110795654789115,19.216810439735355,19.23108347820994,17.999409776092875,20.238977358418083,19.636624682846843,18.157851791381802,19.369870860602305,20.133878757107652,19.10077801366009,18.98530737353917,20.821202870850982,19.860506886307917,19.670510351529742,19.449494831536413,18.88068130247052,18.516683381603627,17.876268395044463,19.138869201496163,18.301044205696314,17.354337741482652,20.616951673774395,20.165792924614323,20.165792924614323,20.998551346153363
2011-11-30,13.668983925713519,13.037839719984333,12.10596851772732,12.63307355244956,10.370641369289842,13.67355206807457,13.070106972588519,12.948386594984242,13.100204086303734,12.93959481981068,15.922792519463485,13.747868474324548,13.183385509914842,15.109538396199639,13.942936833699605,15.634272554185713,15.627018864949605,14.422542953491245,15.329392454359265,15.479368040296777,14.674623574150928,15.513998031616154,16.81068314446344,14.291881603664876,14.359367497762094,16.673888439602308,15.584202024671754,15.44943097432457,14.906527328491222,14.337818018595385,14.167638439602342,13.188026894463519,14.433466890123213,14.868338309393948,13.720503022935645,17.589396794637082,16.312063895331505,16.312063895331505,16.91248978508844
2011-12-31,9.27260928683819,9.155625237358947,7.6735370212131215,9.218418206108936,7.686378818088144,11.656666904025656,10.512922329372884,10.20789303249785,10.766147698296436,9.847340732150599,13.188036261664536,10.582179599338133,9.744321526421572,12.320997958713065,10.504334004720135,12.370742967393653,12.40514509412992,11.788803948296504,11.737157355414467,11.836877950032601,10.906116231282567,11.759550476074253,13.202538214789456,11.889851040310305,11.29345075819225,12.895531378851956,11.757686869303427,11.61157684326173,11.456243726942319,10.889517381456244,10.763150193956221,9.178910827636685,10.05080210367845,10.805535719129693,8.498857116699241,14.452920701768619,13.042042880588099,13.042042880588099,13.759987216525644
2012-01-31,8.005210166849167,7.95590951160716,6.443311330323638,7.631714388119292,5.569093630390796,9.38909898573354,8.178641891479572,7.919779324275339,7.946863182642119,7.297556752030687,10.707597494638094,8.148121688186507,7.992341593260335,10.467376245478192,8.452956197595086,10.49723753160049,10.518399010935127,9.672693260767062,10.00491089769588,9.991472662648846,9.144210187850433,10.415471423569556,11.934249250350547,10.940434146183861,10.112962813018498,12.14830282477925,10.907343903408275,10.792361544537357,10.233534154584333,9.730095184490267,9.436840291177134,8.303862405592497,8.963777140135448,9.268488266647466,7.134817336708011,12.246008952971408,10.993530794369292,10.993530794369292,12.182752904584333
2012-02-29,4.41823427923805,4.149634692312759,2.668688885918982,4.163449684230841,2.3549429268672384,5.987457968174738,5.640635163756656,5.6270222192522965,6.506074392384505,6.431154088864446,8.843631077908924,6.666208192671888,5.124886690337064,7.122043995473632,5.8220737413428765,7.759902068390204,7.679902517384562,6.424194677944854,8.971207182434796,6.974308048993635,6.0132414631460165,7.623208574317005,9.136944992240728,9.313394121192005,8.383397937643224,9.835928020258052,8.541716117420435,8.377193398311249,7.756287664654678,7.226314492061249,7.227790560667529,5.997223593174681,7.0396002320038065,6.7258711102365965,5.167560787858633,8.657834449855784,8.093791032111483,8.093791032111483,9.13457093512875
2012-03-31,12.058088249288517,12.111499917635342,11.896459280034605,11.217210183092448,10.37591734035044,12.864256344046623,12.34597729918778,12.138295007521094,12.061238450901556,11.260047674691748,12.769222636889367,10.829661880001026,11.726637161418921,12.30690954885182,11.609074262393449,13.09904087025626,13.209074787427028,11.450965643441748,12.920894343878615,12.40640604162735,11.672075669483434,12.780621116392012,13.294702517601763,12.75644594418111,12.595882793139367,13.226889177548003,12.840934351439103,12.668925467870679,12.339220116728086,11.847405390585664,11.758220557756317,11.722720410746945,12.474744415283169,11.38990686067973,10.748641319685078,12.979593100599118,12.51958753524292,12.51958753524292,13.510060800531903
2012-04-30,13.025902409023729,12.924725108676569,12.968206553989035,12.412032508850189,10.952372678120867,13.79551775190572,13.777009179857089,13.65927643246124,14.03597456614176,12.926746050516726,15.49998823801684,13.785277409023706,12.866630490620992,13.29732439253064,12.792235416836263,14.936036957634826,15.129618771871037,13.79770687950986,15.148550521002846,14.951108572218118,14.37961877187098,15.762439409891726,16.02849301232237,15.00045210520426,15.318762652079272,16.405343055725098,15.495284461975245,15.641353797912643,15.859797265794668,15.441239865620958,14.532279904683435,13.293315060933367,14.171890364752926,13.231683116488966,12.659848806593175,14.873007986280697,14.819237369961172,14.819237369961172,16.056976085239
2012-05-31,18.052104753063645,17.095430525913002,17.61089539066444,15.9064788080031,14.657584003735735,17.028659377559563,17.052102127895637,16.870345995503044,17.219170445267878,16.051012683171166,18.800038745839174,17.0062378175798,16.9701995111281,16.417895663681975,16.053582722653573,18.47590400121544,18.672560587237,16.913317370671166,20.181874683339117,18.827532130415648,17.669588897048754,19.573463119998962,18.833375754407655,19.151204845469522,20.08010479506629,19.658896587741083,19.63025337957572,19.87578534362143,20.52717090729743,20.21562909362143,19.002139930314968,18.321436490294843,18.546618151921166,16.986333793722167,17.29438938428001,17.97593812839966,19.213670718285414,19.213670718285414,20.14673943468324
2012-06-30,22.403923797607547,21.836087968614322,22.791274600558836,21.18268085055888,19.5372761196561,22.15249150594076,22.744489118788067,22.58803838094076,23.041811709933825,21.939104461669956,24.670115746392128,23.623609670003248,23.14849845038526,21.572109561496347,21.90183503892689,24.43034523857972,24.708963945176833,22.995701683892207,24.97522913614904,25.140919240315725,23.537452443440827,26.347836558024085,24.57878545125328,24.078687795003304,25.210293155246347,24.24710413614912,24.454618242051936,24.75812030368394,25.49031973944767,25.297101423475567,23.572828420003248,23.107938554551822,23.27762171427412,21.69042824639223,22.096987491183825,22.66922598944774,24.499941592746325,24.499941592746325,25.032816484239333
2012-07-31,23.637460060529804,23.658897182505655,24.494818931497548,23.506430049609037,21.441052865469317,24.825876244165556,25.370341339931656,25.173939395207242,25.654660161336324,24.6373235517932,27.047553306497605,26.088012395879332,25.365400773735473,23.987820233580862,23.444423581195167,26.407818238453103,26.646404007942465,24.49932634497202,26.50708634161191,26.233703970140027,24.639468314058036,27.722384245677745,26.9281947925528,25.028554965603746,25.71529891721667,25.305415684689763,24.93570539823145,25.199009749709944,25.614854738789234,25.326364525415613,24.080252399239555,23.330604171752896,23.653376454179067,22.931515630086437,23.043332036336267,24.01248368704188,25.172162156464026,25.172162156464026,26.10918175071805
2012-08-31,25.81162744747695,24.915977875904332,25.19838820016514,24.394700889177216,23.020958344654332,26.1296219241234,26.604475439748455,26.413817362631505,27.131299406482356,25.575107685212117,27.852784831549513,26.613133243847926,26.72593933843808,25.769619508968844,25.50370049015163,27.982520634640935,28.398473255608735,26.18802928719481,28.458466220158414,28.767763515185266,27.069951855239083,29.36510474502404,27.796438225366728,26.91823027005762,27.988372134137023,26.765227602886966,27.01538511296752,27.225031030306184,27.19060982734925,26.912355144049513,25.95393255500386,25.43988528097833,25.631341409170545,24.949157374392257,24.88975507264496,25.976130975702745,27.17477218874052,27.17477218874052,27.82140357314904
2012-09-30,20.291277970208114,19.98120310041645,19.95105444590257,19.749765925937368,18.247763972812265,21.44510283999972,21.61963626013852,21.507741186353883,21.7944924884373,21.071613799201145,23.55301842159696,22.0483851750692,20.60304283565955,21.174977514478826,20.401602405971914,22.86698055267334,23.059667184617865,21.16530140770817,23.893556616041394,23.73974802229145,22.227692900763714,24.108696047465003,24.159650908576168,21.85848988427057,22.498409589131654,23.151862822638634,22.811595895555342,22.757776451110885,23.035109350416406,22.519682375590037,21.98521243201361,21.455693117777514,22.05458905961774,21.468241945902548,20.552763430277537,22.38929771847205,22.865358373853894,22.865358373853894,24.04979033999973
2012-10-31,16.574863483059858,16.178182220459064,15.927410421063826,16.343426046063882,14.547110206850164,18.475002091930833,18.22366325624529,18.08712564283809,18.569970169887767,17.638933333530304,20.31586703228703,18.819361130909215,17.356425878053074,18.198810790687503,16.806377049928017,19.55745599398051,19.626319401238618,18.140875957858157,20.38581988426961,20.665161387125636,19.558584816225164,21.10360382244147,21.45055127707866,17.910995245492586,18.455599475163297,19.418232833698255,19.0092211569509,18.895084102179453,18.573524647374313,17.999741675264147,17.74075309999523,16.933235668879604,17.692058858563826,17.9449622943838,16.71112807899391,20.148378688032892,19.810663949289733,19.810663949289733,20.589530296735916
2012-11-30,11.350328614976661,11.564209365844704,10.965674209594738,12.030325359768312,10.595795737372612,14.982986492580835,14.811480416191955,14.72454465230311,15.292779244316876,14.488563749525326,16.665234756469715,14.830797364976661,13.385278701782227,14.926595433553132,13.761418024698912,15.74832666185165,15.74052772521975,14.489407391018403,15.69523963928225,15.94019949171286,15.318622885810043,16.62073877122674,18.137381023830812,14.11193614535864,13.676503202650338,15.488460667927995,14.70424842834484,14.568801922268449,14.158542590671118,13.663571887546254,13.503969022962849,11.655591201782272,12.710707304212804,13.26286659240725,11.773353788587826,16.832441245185066,15.521452204386435,15.521452204386435,16.162937121921175
2012-12-31,8.276999855041538,7.90193203820121,6.449026764763744,8.158461443583235,5.809419017367929,9.931668366326164,9.135452546013767,8.909079933166538,9.588778283860904,8.869789568583201,12.448503218756798,9.740682580736063,8.653158166673506,11.03306810590965,9.369599681430373,11.488178782992918,11.502498986985927,10.51230801476379,12.763903066847035,12.150990740458155,10.829978370666538,11.850692346360916,13.289597511291447,12.394187355041481,11.326742151048506,12.60392585330544,12.068471209208212,11.887362268235904,11.58341532813182,11.202341651916527,10.484787940979004,9.135175853305384,9.811274486118009,10.360254520840101,8.09652567969431,13.755355432298472,12.687109989590226,12.687109989590226,13.448329607645746
2013-01-31,7.178204657441881,6.382844379384039,4.823048302435097,7.030909105526462,5.118298323436477,9.240376511440502,8.414540657945906,8.270321802939122,9.276619580997021,8.620786982710683,11.522453439363858,9.085152952132717,7.674038515808832,9.86598817558695,8.176099272697172,10.37802457091641,10.408227128880071,9.440766086373344,12.188794585197229,11.11510349396741,9.788897491783246,10.764961209861212,12.3033779185306,11.507584487751046,10.756789061843847,12.901769215573609,11.962762369135362,11.9948471725628,11.70351915256964,11.258839318060154,10.730907530425725,8.728101225822115,9.153234059323609,9.062589633080279,7.038120442052048,12.346953082341145,11.159416329988858,11.159416329988858,12.49396774127922
2013-02-28,6.501239463261243,6.000675614674947,4.093483929407,5.312745462145131,3.2947255588713915,7.921649619511243,7.476976535433835,7.242031873975407,8.04298460370012,7.1485289210365295,9.759206004369844,7.441579051244901,5.936815402621335,8.11849962416153,6.586624740418927,8.953222233908491,9.020965444474086,7.696453144436816,11.004355162665945,9.876393504369844,8.282945773715028,9.36835139592489,10.483635180337103,10.65111274265115,10.522552358536586,12.387228697822309,11.405420080820761,11.371632762182344,11.135987649645074,10.658416616349086,10.055868834541002,8.342269039154019,9.057976000649603,8.46492354529255,7.09158021381927,10.396549638112447,9.825824424198743,9.825824424198743,11.389141132718066
2013-03-31,9.912665159984272,9.43404452826394,8.717518045568966,8.286066432665734,6.415728731052866,10.968003701651071,10.951966550273312,10.83317244745075,11.233295305313618,10.452439080515205,13.057747695266585,11.37133451482299,10.027904785320345,11.190575946274578,10.092586299937352,12.366181310017907,12.532509330011123,11.32808749701394,14.415938744493758,14.050885506086445,12.865511892175107,13.638692125710179,14.258601924937238,12.845810006254453,13.174635926113297,14.50464579674508,13.740572271039468,13.854950841267964,13.919816117645667,13.473981209211445,12.615493515999106,10.904456259614733,11.867047615461502,11.205500026415677,10.290996498189998,13.165303453835236,12.909192062706097,12.909192062706097,14.25623664855965
2013-04-30,12.397207408481165,12.296640459696448,12.465412161085396,12.82695458730052,11.50336517757836,14.41873247358535,14.856319279140962,14.713808970981177,15.229425832960317,14.448599010043665,16.074065589904876,14.567001787821482,13.700573836432625,13.66963308122422,13.458329370286776,15.16692854563405,15.306750594245102,14.06805701785612,15.729433970981177,15.12898909250896,14.184693845113145,16.095286835564536,16.176205889383937,14.68221174875896,15.576979001363156,15.883025550842376,15.338011444939468,15.535545624626991,15.40763492584233,14.9134183459812,14.06449799007845,13.060095320807648,14.248886553446425,13.11410736507844,12.78411062028681,14.502331648932625,14.866244951883914,14.866244951883914,15.85555973052982
2013-05-31,14.912246609759563,14.710221555156181,14.534211915539174,14.786241170411472,13.538525066580917,16.557812175955746,17.00473127877848,16.868338049611737,17.762349516345637,17.162503876224662,18.7419519609021,17.33600385522334,15.667654455861737,15.397784559188437,14.667195051459942,17.206877091110414,17.31757517578785,15.507834227367198,17.664407123032504,16.763669975855066,15.827346051123925,18.442685432844314,18.48735791688324,17.22432133254182,17.64598369393292,18.30449921392625,17.41401072266285,17.646272462414117,17.39244496745448,16.926136373704594,15.799393262145315,15.017479094638702,16.183108819941083,14.91325467427572,14.517250705021695,16.18851929121132,16.620905463926363,16.620905463926363,17.766935684860357
2013-06-30,19.73764695061584,19.749281607733792,20.302070236206134,19.286995908949166,17.696224424574098,20.289434602525546,20.988243738810183,20.769651073879686,21.025656933254652,19.968945778740874,22.02918340894911,20.60905265808111,20.4641768985324,19.379869715372763,19.20539597405326,21.370502853393532,21.544238747490795,19.931944910685218,21.303361468845026,20.27556470235197,18.83302184210885,22.083860058254686,21.45624775356714,20.50240389506024,21.808889897664415,21.521332931518657,21.257802115546326,21.398044628567163,22.08095478481721,21.65761494106721,20.390267393324166,19.788704893324166,20.976118087768555,19.323367436726926,19.272331195407446,20.293313725789346,21.392304611206157,21.392304611206157,22.117125574747718
2013-07-31,25.647785789735792,24.925179417928064,25.37796839642266,23.49047522185947,21.8581746296216,24.619368346019485,25.044068026799096,24.869735869540932,25.04152948933273,23.381932400118956,26.14261683392266,24.26000122152351,24.472264431369013,24.49819059064322,24.185703716483147,26.301195357948245,26.714071282007353,24.97951777058273,24.88246005888908,25.03267742280042,23.601824348203706,27.0723174597627,25.76598135425195,23.86145083929921,25.209020458754708,25.04195214138241,25.181261932208997,25.20362573849269,26.274689036543577,25.838302107780237,25.166862885669957,25.043054711946922,25.629023713963022,24.052534193633676,24.380357299312436,24.65492362155709,26.205998890374303,26.205998890374303,26.52534532854628
2013-08-31,24.02669755669052,23.983321905648836,24.17879716606552,23.36384525914349,21.72187617312204,25.26032963414349,25.619142848189142,25.44078630837066,26.164474249398836,24.310816865326274,26.839906352053447,24.971114874398893,24.625558758807472,24.783733006959437,24.3564659118652,26.633169120870605,27.046756465460703,24.997442684378655,26.302789101549365,25.652886757799365,23.679952239990257,26.576045464956678,26.263637345837026,24.604843558034645,25.467221750238878,25.589630709412347,25.027881507463462,25.159475929506414,25.383192747382736,24.885219377087026,24.22921089254396,23.887760539721512,24.629113236294074,23.66790009365286,23.219875795097835,24.916881528464728,25.836934661865257,25.836934661865257,26.560173699163727
2013-09-30,20.88944250742594,20.17158226437033,20.3852053112455,20.157734065585714,18.441238297356506,21.42806284162731,21.497995567321652,21.301437950134357,21.83668643103698,20.374330202738463,22.938908110724526,21.492464425828814,21.2897327635024,21.31401661766904,20.42783226437041,22.311314794752377,22.393126318189843,21.2792347166274,23.60294348398844,23.105306222703746,21.697301122877434,23.27538814544681,24.083282025655137,22.325583457946834,22.41334116193991,23.901250775655114,22.968679703606483,22.933637385898237,23.100198258294085,22.51761904822456,21.942285389370454,21.52840463850231,21.972830094231597,21.134443049960737,20.31979732513429,22.829009564717637,22.967060237460657,22.967060237460657,24.28977887895377
2013-10-31,18.169531512516812,17.29089565482201,17.230141391549125,16.63763834635415,15.197389795446838,18.965800098706325,18.711287434895837,18.567677618867663,18.798933919270837,17.959252929687636,21.303937489499333,19.940060326360936,18.13358246177762,19.328711200016812,18.49600528183811,21.219588216145837,21.27174242901532,19.612898763020894,21.843325510332704,22.485685746387787,21.109719684559877,23.168838468161937,23.14408838415659,20.140951308383706,20.55769673009081,21.840469327536994,21.332039913054473,21.331955907678093,21.66743137810812,21.1088770056283,20.31703970304102,19.182743983114904,20.1730676138273,19.21126905871978,18.148829437584084,21.70941569010421,21.234837817120308,21.234837817120308,22.281471301663316
2013-11-30,10.303625255160966,10.198804834153918,9.172204356723398,11.283855289883093,9.681682438320593,13.72191952599428,13.391361257765027,13.207018809848364,13.776753510369247,12.985737885369247,14.94460290273031,13.019640880160978,11.839668549431735,13.669101058112346,12.122594981723353,14.049987559848375,14.00219296349428,13.040156830681724,14.162959565056724,13.848777707417753,13.222272173563681,14.395961952209575,15.989104313320638,13.928147824605333,13.466610823737255,15.622581418355367,14.712289534674767,14.551316769917833,14.473899777730367,13.868913883633127,13.418509695265072,11.334587711758104,12.627198388841407,12.82729061974419,11.304778141445638,15.05239098866781,14.547486474778964,14.547486474778964,15.031636322869304
2013-12-31,7.5720167583889975,8.309066454569518,7.253760464986215,8.907810486687595,7.365682665506995,10.97132231394454,9.693094232347335,9.607994948493172,10.026994514465343,9.58034195370152,11.96984933217368,10.099894905090366,9.041428650750106,11.472309727138963,9.785422791375083,11.272125265333386,11.140533468458443,10.102694384257006,11.257913568284835,10.960978889465366,10.332973247104292,11.075494405958409,13.213886875576407,11.91932036081954,10.247410096062538,12.198543993632029,10.779935052659823,10.56741063859738,10.141463915507074,9.59061213599307,9.383342170715366,7.458957947625095,8.520679410298612,9.638515239291735,7.529696337382063,13.509259054395898,11.774599223666712,11.774599223666712,12.744900872972266
2014-01-31,8.80131133705055,9.035919977003573,8.139194086546638,8.422286954490062,6.613963596795145,10.858374614100399,10.233952151062795,10.082256817561358,10.760392843267084,9.624963050760243,12.203051298408184,10.022150970787209,9.34624371272281,11.170349580498169,9.882870056808713,10.938242725659507,10.93008632865002,10.329888916015648,12.566327298072167,12.200861908287209,11.051999131069465,11.364375748172904,12.63450553647931,11.67416657478583,10.686625622164911,13.029120791855746,12.040012613932333,12.086779982043879,11.960795544039854,11.523909833354367,10.956873543031861,9.347002386277723,9.910037920552043,9.97588238459764,8.121377071257541,13.089252890310036,11.987651012789854,11.987651012789854,12.999994552776343
2014-02-28,8.921698052542638,9.228774642944416,8.264983022780712,8.209048661731515,6.701927893502443,11.737953167869875,11.425235185169072,11.25395019167945,11.741423452468212,10.577387110392294,12.6033444904146,10.502962003435414,9.687822959536618,11.153983325050035,9.856361370994989,11.484767714000952,11.560378646850666,10.681210817609497,12.800107301984553,12.712324215117007,11.396574819655598,11.924598675682489,13.277809124901239,11.778233464558923,11.59213727315273,13.6479001544771,12.462725303286618,12.551418104625895,12.614888854253934,12.090471885317868,11.416771643502443,9.35352468944734,10.235773340860987,10.19645507449195,8.577907362438339,12.774123764038109,12.0281491779146,12.0281491779146,13.152373159499405
2014-03-31,11.773190865465438,11.171252966439852,10.355308746009769,10.50906746156761,9.65615562521009,11.692443322622637,11.150847535492346,10.925715752058238,11.399109674269198,10.389152412004364,12.151732217111942,10.157560090095785,10.66317794963885,11.59821554204467,10.608403819094406,11.750283649403627,11.829054440734296,10.826221884450604,13.392365617649602,12.288831616473487,11.00879969443048,11.972968776251719,12.78453684160786,13.21021833522343,13.167627609417025,14.609256998697958,13.85387277910786,13.860598459551454,13.947121372017818,13.462221338415702,12.65917456842243,11.900766155283918,12.761734632266553,11.69472459362396,10.952269326486999,12.985233561197958,12.59354011781761,12.59354011781761,14.013871519027248
2014-04-30,15.678150473700555,15.112924236721426,14.697391467624243,13.648121176825668,12.460976537068689,14.392828750610363,14.289125951131155,14.068886693318746,14.150597847832557,12.941754531860397,14.949919679429854,13.201712756686732,13.966350343492252,13.867516793145,13.32105683220766,15.04211260477706,15.119966337415974,13.87975908915206,18.09629554748534,16.88054576449923,15.361565187242263,15.865113364325623,15.954110760158926,17.216572782728463,18.022472847832603,18.07642521328404,17.992901992797897,18.15756399366586,18.431831571790894,18.19563636779793,16.445956463284062,15.302659479777049,15.566892878214617,14.443813451131234,14.340894614325748,15.652295981513248,16.39020016988121,16.39020016988121,17.780510499742263
2014-05-31,16.933809370635686,16.902745757564446,17.080548386932776,15.90086351210067,14.420848916166563,16.798306073424556,16.889381027221702,16.7263843454341,16.89142340793404,15.878704468922024,18.066592993787538,16.494259114419265,16.64915190255772,16.261645602154545,15.680126259916563,17.85933597933871,17.955435504708362,16.44972576428495,19.627229124499934,18.392612609042942,17.01539959240978,18.814070207329223,18.51621864482928,18.89893663878081,19.02234316179829,19.057205392981075,18.392880376180017,18.519308467577844,19.648708249163917,19.18230514936556,18.023395854170587,17.29397717137499,17.695226226314446,16.19594027201333,16.041391380884306,17.35759024261148,18.14150741331042,18.14150741331042,19.153908706993263
2014-06-30,22.93114270104303,22.558773994445744,22.62501477135561,20.891103638543086,19.18326129913339,21.5216510560777,21.850535604688844,21.677553833855484,21.861356459723538,20.924455960591672,23.356403117709704,22.09685721927218,22.16742742326528,21.3441743850708,21.268870565626344,23.619017050001446,24.000047323438935,22.33582477569587,23.431039619445755,22.471604940626435,21.029325209723595,24.128554810418052,23.592894003126446,22.65067395104296,23.096282132466683,23.15610201093898,22.729281806945778,22.957290161980552,23.459142918056898,23.114098972744443,22.052846802605472,21.6378619935777,22.12330849965423,20.785146607293086,20.837653117709806,22.079184150695824,23.13885754479304,23.13885754479304,23.943753920661095
2014-07-31,23.475667900167537,22.617421722412132,23.039924137566743,21.95809765067162,20.043657126477967,22.80235430809762,22.941682475100265,22.76704317318496,23.21020041024815,22.162459104804668,24.900433210147355,23.929254929737397,22.91411821098734,22.17565844956266,21.525979245093595,24.637097356652703,24.91029071602776,23.056754089683636,25.800724078762983,25.486092442338247,23.741203644455084,26.271574213171448,25.39935951643099,24.714114535752287,25.293168845227967,25.265061171336924,24.98135401407876,25.19294518091351,24.936371760214683,24.50987646451557,23.53585775231801,23.536099267775114,24.062503207627117,22.619377472580084,22.40969742805737,24.014386503158107,24.93973460043628,24.93973460043628,25.819612162600265
2014-08-31,22.704692171978763,22.74776592869921,23.07179829177045,22.243699543450475,20.132444923154765,23.51356418978787,24.290356654505615,24.166543230446564,24.42710428135382,23.41780593625964,25.98250320188464,25.155239256992218,24.214308162402062,23.234136056387285,22.470212165258204,25.71639254580259,25.89109485175021,23.642016285722036,26.606710401145392,26.47241993155535,24.781152815459905,27.373663736158846,26.27470015248946,25.803406364686964,26.08836310191822,26.142071414250267,25.597913463141367,25.826232200540517,25.589048270769013,25.22135936367897,23.965140340661492,23.375795372583525,23.532573031353763,22.98293110427045,22.50386156882007,24.829584540090195,25.51087864291287,25.51087864291287,26.47942913014407
2014-09-30,22.22891146341965,20.788188807169604,21.049047639634864,20.364797422620995,18.586333338419536,21.46126009623208,21.76366623772509,21.576299158732184,21.351063156127907,20.494791454739016,24.226895946926504,22.835560226440464,21.431762483385,22.22132682800293,21.514813698662635,24.247197596232184,24.46799566480854,22.666408750745973,25.24464225769043,25.668540912204435,24.370279735989072,26.30231912400984,25.483753585815464,23.222780821058507,24.221676762898767,25.168980365329332,24.4990829043918,24.543646706475215,24.589558707343258,24.07099045647516,23.050064892239106,21.912233946058564,22.400035052829367,22.036496098836267,21.43220464918346,24.38782802157931,24.47223286098904,24.47223286098904,25.400322596232115
2014-10-31,18.782292158885753,17.724412454584694,17.32767081311954,17.602767419302438,15.888569460632937,19.26582447995429,18.97264046617738,18.82207132975259,18.886437824208258,17.761579583280877,20.57576231597568,18.62210178170153,18.520985560263455,19.94450654060614,18.92632987729968,20.939279831096712,21.031326097057786,19.97727388771625,20.794381057575208,20.844779033045654,19.797342247091365,21.578012084960903,21.87757263183596,20.008576391076588,20.13971403388581,21.348974051526795,20.831369674846712,20.58419960596234,20.937090440975737,20.47124387679571,19.85969261251472,18.623280482138455,19.56799444383188,19.178934043966308,18.22379816527007,21.6400946832473,20.916075971049793,20.916075971049793,21.606797052198942
2014-11-30,13.641349919637094,13.487774615817614,12.894285032484277,13.303369776407862,11.451592975192625,15.81361825731068,15.38900345696345,15.267155583699548,15.334801525539831,14.605184555053711,17.380200831095408,15.31822980244965,14.385542085435702,16.228518973456403,15.074957233005023,16.744328435262048,16.765319103664865,15.606150266859288,16.644149398803734,17.042660140991245,16.166377046373213,17.55714039272749,18.222485987345465,15.24731237623422,14.440479151407885,16.518373574150985,15.595082558525917,15.40797589619956,15.400195948282885,14.83057246738008,14.601617389255239,13.13525725470646,14.421069971720442,14.828084945678768,13.09250009324819,18.025876829359333,16.610029390123145,16.610029390123145,17.16566361321344
2014-12-31,8.073899777730446,8.72256242964005,7.48012536366781,9.710059716966441,7.978131548563681,11.504916487799733,10.849385346306804,10.62808814578591,10.590270762973432,9.923161930508115,12.983122868008138,10.72462406158445,9.947207069396995,12.088681136237312,10.313651296827572,11.775608762105207,11.71562341054289,11.270134586758104,11.597394243876238,11.488130463494258,10.643140771653975,11.979791704813636,13.52030548519565,11.506633610195706,10.62603465186237,12.416391097174767,11.216583697001113,10.922565142313658,10.69305125342487,10.151059065924812,10.112075233459507,8.464654986063636,9.091892941792821,10.123311127556747,8.02675622304281,13.27345489925807,11.852751774258081,11.852751774258081,12.629987017313681
2015-01-31,6.826718164259432,7.424214279010812,6.369676413587399,7.98940245105365,6.566934163083431,10.094159780522773,9.120222448533639,8.907988115536284,9.232684646114194,8.45238758210212,11.06425124137644,8.837515480287664,8.193714026994598,10.750060633177384,8.854069789763457,10.417273334790366,10.29363842215588,9.886023334790366,10.485942479615574,10.094653312108846,9.414566786571243,10.137083902666632,11.960368092854878,10.763887393090044,10.04887300716939,11.679104967014723,10.586231773130294,10.276921352263514,10.080839678036227,9.605361372424738,9.526847847559111,7.361722154514837,8.269885901994655,9.208687985327913,7.001509725919391,12.19535738216939,10.659056558916632,10.659056558916632,11.810646885697622
2015-02-28,6.597880754016728,6.641747592744423,4.99592007228307,7.523938115437829,5.408253242856006,9.230879265921487,8.845450973510765,8.640314719790467,8.872655214582153,7.825187301635765,10.256203042893219,7.929040073213116,7.6535506293887465,9.373530051821717,8.099807721092532,9.51514905293783,9.556158865065754,8.68714612325033,11.104408609299469,9.925157074701247,8.803226271129802,9.516401726858987,10.701163864135765,10.523537027268219,10.17920864650182,12.256319300333644,10.996515891665638,10.952152052379859,10.691287794567359,10.217314929053998,9.348685836792072,7.357030214582153,8.6155722300212,8.662063580467645,7.138899285452737,10.610128475370857,9.560068021501763,9.560068021501763,11.262225178309848
2015-03-31,11.09074384217621,10.920268056725945,10.031701188446448,10.656304788076852,8.954379489857672,11.345477020099622,11.090654586463813,10.942957383842838,11.106140452559316,10.342423949703118,12.524883627122449,10.447015893587547,10.477995501282464,11.538786516907464,10.49410090702844,11.969755098896712,12.038749764555291,11.159901268251417,13.615241910052589,12.7018567033993,11.741302477928855,12.479003565798507,12.97571160511302,13.79732356327844,13.241276226248885,14.143856241369747,13.554658282700473,13.59310649338596,13.574735567646599,13.244996089320068,12.415597882834845,11.582282925677475,12.59550589694777,11.486779313446448,10.701693942982729,12.758964608305234,12.23973525262653,12.23973525262653,13.701722819830877
2015-04-30,14.368184513515928,13.683779674106233,13.283559947543665,13.10750200483534,11.77262244754371,13.67422835032147,13.621160316467297,13.43351383209233,13.594698185390996,12.80515282948818,14.723786184522908,13.064842499626991,13.614514266120125,13.732653914557602,13.313556692335396,14.727592065599254,14.905887964036708,13.719237030877082,17.513426484002025,16.597961531745113,15.075042152404762,15.92276621924509,15.715897729661833,15.64629866282155,15.67880191802982,16.11213796403672,15.68098562028672,15.906503740946448,15.660279782613202,15.159742673238213,14.542631128099288,13.864986271328405,14.69133175743957,13.701254717509016,13.444850095113168,14.808239852057625,15.014381345113122,15.014381345113122,16.459834904140962
2015-05-31,18.220911977624326,18.288069025675497,18.296931592879844,17.605191946542448,15.89484248417682,18.204118777859662,18.54720461035288,18.33334792352497,18.35340158195902,17.669534814486042,19.396239073558604,18.198553421676763,18.41526366613249,17.713758394795093,17.597169433101556,20.14815807137444,20.410391354304522,18.242842631186306,21.10753884674409,20.038486427389103,18.75158969099806,20.612384906891805,20.12492795964721,20.348195873793713,21.081638939149855,20.379406496273532,20.49863375181792,20.56577767402905,21.471216497113573,21.074942135554465,19.847523830783132,18.98926452718763,19.832780887234605,17.78532309993625,18.264030362201026,18.430179870769564,19.64336976492274,19.64336976492274,20.804730967039745
2015-06-30,23.837410375807167,23.14530425601538,23.407326825459847,21.608902888827856,20.097534073723693,22.353499242994587,22.715641170077845,22.518988609313965,22.65649403466125,20.955978626675176,23.45949967702228,21.825933053758376,22.757302411397347,21.959049373202845,21.73959679073755,23.83703602684875,24.199847984313976,22.651518991258456,23.55663238101539,23.340269533793162,21.56225575341125,24.23448068830703,23.240923288133388,22.50727528466126,23.69060319264736,23.715660158793128,23.490871747334893,23.4778400633071,24.175458335876556,23.686409399244496,23.166454972161205,22.862844403584745,23.41292849646686,21.95523535410564,22.357364802890345,22.276660050286182,23.712185223897336,23.712185223897336,24.320751847161205
2015-07-31,26.308241924162928,26.204576664586227,26.798933078396658,25.844721258840252,23.95642215769783,26.71150448296663,27.223393868887342,27.070952987670807,27.320987114855086,25.566487576884697,27.629864383000324,26.10048087745588,27.535938496743483,26.01124091609836,25.641008221205936,27.937814966837493,28.228505071004236,26.26800072372606,28.381468360654765,28.070346573860434,25.752866630143956,28.032846048826798,26.88586551707283,27.80310709553379,28.186436753631995,27.275852601246186,27.212688433739515,27.518079478766367,27.571811417610434,27.139188979774474,26.56876622271801,26.3533396854196,26.676994024297244,25.51935793558755,25.72673045742897,25.99989756512383,27.410001311763608,27.410001311763608,28.107062173658846
2015-08-31,23.648739279470078,23.053248793079035,24.110277942944663,23.508613061392225,22.099086851714844,24.920134398757853,25.673922516197365,25.507662750572365,26.246731550975596,24.460940010316847,26.77698923746749,25.16364498343512,25.215148154638143,24.730736402286084,24.08978325628476,26.763950027958117,27.08026964741373,24.897893975370607,27.68354113178873,27.68354375695668,25.62698451216511,28.052007088609855,26.94583479358306,25.992410524429715,26.836556924799424,27.04937404509525,26.16267367127125,26.357364006452713,25.845372238979564,25.28770517328735,24.543771936560233,23.60728525141235,24.44414418538412,23.585375599194663,23.00243079072692,25.298912015525275,26.10599104358306,26.10599104358306,27.223876838273895
2015-09-30,20.064671113755935,19.27675336201986,19.48904719882546,19.749629338582338,17.86802669101303,21.736437606811535,22.101411565144872,21.99056900872131,22.59104643927685,21.69558474222822,24.070080184936558,22.40205718146433,21.345931964450415,21.82627593146441,20.76227311028373,23.36267729865176,23.523796547783718,21.96482031080467,23.978622394137915,23.421040471394804,21.918694008721275,24.447166230943424,25.018186738756015,22.135764863756094,22.436434894137903,23.279436196221354,22.31669476826994,22.357859590318526,21.712671873304657,21.18711848788797,20.62266265021441,19.84456477695045,20.33902278476296,20.21896798875605,19.372814559936558,22.753736326429646,22.555277125040732,22.555277125040732,23.376392576429566
2015-10-31,15.410038043606619,14.621290563767957,14.20802348967527,15.455834099554295,13.7047236534857,17.44875139626123,17.472551169446774,17.389230961953444,17.464226761684586,16.960036993539518,19.92268610308247,18.126357138028823,16.239010972874098,17.606103966825685,16.444073346866105,18.790049489339253,18.838769982450742,17.40157187677204,20.512818621563667,20.00760766306223,18.959661594514046,20.649574123915784,21.561378979426536,18.952038106610757,19.223472603418543,20.459131310575742,19.093907436247832,19.06428241524651,18.43057735812289,17.932806125763932,17.361454059231733,16.356634250763932,17.057919007988346,17.224485918270545,16.102909137356676,19.711530714137496,19.050153761012552,19.050153761012552,20.20432200278009
2015-11-30,12.892367659674733,12.28105852339013,11.028853119744156,12.340813297695547,10.516483328077527,13.936158349778964,13.268010563320615,13.141879378424846,13.910488319397018,13.36729984283454,15.587536387973444,13.851729096306713,12.744415728251113,14.708573171827538,12.893705007765163,14.875421587626136,14.836698171827493,14.12415476904971,15.349146631028873,14.800489404466418,13.986291270785898,15.277567312452618,16.990137841966373,15.231799083285921,14.377301470438738,16.24586158328583,14.975502967834473,14.708152707417753,14.47536190880669,13.873940467834473,13.723468462626215,12.602138710021961,13.427315033806678,13.863100624084552,12.253307872348444,16.52907555898031,15.545915836758127,15.545915836758127,16.6785737143623
2015-12-31,10.262909528944249,10.8155869377984,9.626871660020583,10.53836797078452,8.939762285020606,11.470778995090143,9.971831512451274,9.793939802381715,10.313153669569317,9.957147810194158,11.915749698215052,10.357538435194215,10.11494674682615,12.54177508884004,10.634453582763626,11.830338456895674,11.628054385715075,10.664740583631783,12.822184160020583,12.030503929985912,11.418777041965086,11.53228615654848,13.721820661756738,13.603021833631715,12.554207271999871,14.026744164360935,13.315649329291489,12.909442732069238,11.538682640923412,11.047224850124678,11.052053409152563,10.374091169569226,10.982172224256715,11.509347788492846,9.538777584499769,14.942238956027495,13.269460635715063,13.269460635715063,14.875165388319317
2016-01-31,8.876208733999704,8.681072120256374,7.791465685444507,8.331937900666276,6.489188089678464,10.71115392049154,9.997937774658226,9.771834679060078,10.049585330101763,9.054539022138044,11.726996809436457,9.785543306412308,9.331213354295357,11.334738954933755,9.866905138569507,11.718593646633963,11.747685758529144,10.688803240048003,13.5553160718693,12.871520183932489,11.562086380168978,11.945187648650233,13.06490318544445,12.511441638905637,12.25623330557221,13.869210036082961,12.883160178892183,12.80275390789069,12.703220662763044,12.26879735967168,11.657571616224061,9.897918873448475,10.948248594550705,10.953842827581639,9.185296015585664,13.926031797675762,12.927585897138101,12.927585897138101,14.288882520121888
2016-02-29,9.16281081013301,9.418400788581323,8.486069834917487,8.960592217280919,7.181514226979289,11.734835100722023,11.66820715980964,11.503732146339871,11.85513749835144,11.15427991932836,13.131524329350043,11.390467733624405,10.066512767747838,11.496638037144521,10.05808009443615,12.313330520980742,12.329640237216324,11.267763216742196,13.249778190700567,12.928957765951964,11.601809328451964,12.473722492963361,13.845683363114347,12.42302262317179,12.296880494041034,14.26994925751086,13.286800573064113,13.259263194292487,12.957474513437603,12.375064424536731,11.67131083258272,9.918052818035278,10.93991603193615,10.827344754098476,9.41354884443615,13.285060720334116,12.609498355032372,12.609498355032372,13.91302408240307
2016-03-31,10.274905961559682,9.745837476176519,9.362631200974931,9.72706227456365,8.404171859577161,11.580149997177955,11.390011703327218,11.229571935182037,11.381199014315087,10.433103836223609,12.602897077991202,10.590312022547607,10.49483203682854,11.493385569254599,10.650323363273401,12.00937284244003,12.109945654100045,11.127319015995283,12.985226547077161,12.227251286660533,11.41666765930836,12.720801248858095,13.485641323622815,13.334568154939973,12.95646520635131,14.279431751210268,13.449206616801632,13.48008646811212,13.410183494321757,12.938291168212913,11.951243747178012,10.561028273387649,11.380750110585211,10.846672804637649,9.832089996337913,12.877783670733038,12.552693364953484,12.552693364953484,13.885094763643053
2016-04-30,13.480539321899414,13.145195897420308,13.645751995510523,13.691739951239754,12.560500801934154,14.956163236830037,15.339586088392537,15.233930163913328,15.5408827463786,14.978458701239731,16.753119617038294,15.4728895823161,14.864827516343894,14.485972807142446,14.365809504191077,16.184003406100828,16.313579686482797,14.814103232489686,16.20115292867041,15.352229860093814,14.718633397420263,16.704782485961857,17.272664430406337,15.698388714260489,15.66450199551059,16.37614750332301,15.746633614434188,15.884806357489708,16.191585328843928,15.708365927802163,14.471953709920285,13.260286500718905,14.248586739434131,13.268109851413385,12.770190472073068,14.905647828843826,14.99274906582309,14.99274906582309,16.341392729017457
2016-05-31,16.55895650309907,16.01868905098212,16.811159019060085,16.09090742295797,14.615788765363902,17.06258973562592,17.063180398428358,16.89230033710453,17.172907170941755,16.241056532500863,18.44096832685574,17.197428865330266,16.75332919295124,16.097929747386672,15.80494524637868,17.99274189036379,18.142258334416283,17.008645158172953,19.39487037658705,18.461224123226714,17.353975509315433,19.654830264019722,19.04029155854255,17.77879594782354,18.674500647924333,18.96178590918106,18.23003345202369,18.370372308710614,18.931121321647367,18.473793427662144,17.537776647588316,16.71734864019578,17.58426574789081,16.052682351553358,15.778480927662201,17.472651479577507,17.96113749268244,17.96113749268244,19.241576315767077
2016-06-30,22.132321612040244,21.17220062679712,21.967344941033332,20.115796004401318,18.547583113776284,21.299368053012472,21.491097111172166,21.354801538255458,21.705281681484678,20.709364255269406,23.001456811693004,21.82430294884574,21.420035913255504,20.348266707526363,19.74018022749152,23.481738387213795,23.83349891238737,21.250599606831884,24.130137909783286,23.26139604780417,21.148925887213863,23.884803708394372,23.040893660651363,23.302088864644418,23.83740244971392,23.195795461866567,23.01227766672764,23.225656572977698,23.827615123324904,23.474815644158184,22.46219628651943,22.095450952318004,22.37014713287357,20.415714624193015,20.46256521013055,21.777503903706872,23.035047849019463,23.035047849019463,23.746012475755435
2016-07-31,25.35889290020026,24.56354312281462,25.210836049561863,23.67336965171245,21.991264371974523,24.553843127014773,25.27596646790863,25.096315720260748,25.47087206686706,24.026391745126375,26.425805807626375,24.863846592236655,25.248071432626432,23.830430828627755,23.85566131837902,26.45037475503898,26.90817517926621,24.383173079131836,26.474880698419383,26.31120934845302,24.19585946606054,26.981551250334746,25.935747318883102,25.5128905060472,26.383593106013507,25.54245514818416,25.350710251510804,25.530416127686863,26.372997927922086,26.071896407424845,25.148517186154606,25.154927846436863,25.259422659104928,23.794972684306515,24.01309526915196,24.250901363742003,25.895128094252755,25.895128094252755,26.372065993278227
2016-08-31,24.85655857209241,24.266641317388064,24.739420950284625,23.715849566716088,22.114607337213386,24.543971941548023,25.012475175755014,24.866085306803427,25.035833920714765,23.634067707677048,25.892426242623344,24.225200415170264,24.861065985566825,24.138953145345056,23.674238028577633,26.12873336627922,26.459150137952633,24.30004395515698,26.54799369894056,25.511393606534625,23.796589234054693,26.348767073436534,25.75674180881964,25.11393529420252,25.705422399377312,25.666336272865237,25.000113259592467,25.110475322764444,25.695071361910948,25.2841538131878,24.691509008920377,24.686161541682395,24.91244314870528,23.741702221286005,23.57578635267032,24.56518592424294,25.468023205828956,25.468023205828956,26.17006926177652
2016-09-30,23.100149981180834,22.16469804975725,22.041466712951717,21.30989661746554,19.954384464687735,22.166767819722452,21.79760278065993,21.5821486790976,21.417847463819726,20.15725989871561,23.370674069722497,21.2594897164239,21.981513913472497,22.12864661746562,21.36442678239615,23.202667342292045,23.402219751146106,22.03679006364615,25.002455753750326,23.932495901319726,22.047317949930857,23.85700490739606,23.80021508534753,23.393392711215597,23.693704668680766,24.401688067118357,23.490780406528074,23.513197941250326,24.016366344027972,23.529962264166954,22.627881643507237,22.07380449506968,22.756001218160065,22.020736461215506,21.29527530670174,23.764600393507237,23.694643253750257,23.694643253750257,24.77004201677113
2016-10-31,16.714161768267218,15.356805522467596,14.927385789604557,16.02943919602268,13.88997977061939,17.81541712361002,17.574258689470184,17.43260462360996,17.69248313083449,17.111381190310283,20.735079106976855,19.047369093536076,16.930914015411076,18.360921785908317,17.317407000962078,19.571552141251118,19.575566023139572,18.05724760076049,22.04872893056563,21.94915368274968,20.45402074424169,22.296893938126118,22.13974613066648,19.4706118060696,19.720651183589837,21.04106343997421,20.062571441486398,19.98627355842183,19.578424831103234,19.034482143771356,18.570134550525324,17.54842178590843,18.23456194887882,18.091487667124795,16.96726471685605,20.64499121635197,19.997417396627498,19.997417396627498,21.22201102061939
2016-11-30,12.166078334384565,11.61084016164142,10.65711837344702,11.776706589592834,9.780827140808071,14.293519740634565,13.83070507049564,13.670114792717811,13.8046986685859,13.315538512335934,16.328488816155414,14.175865660773411,12.697092331780425,14.669037861294271,13.267315313551137,15.582359801398411,15.579034063551205,14.295868915981771,15.865896585252528,15.539391051398411,14.911219935947031,16.19116513994004,17.425393655565017,14.348500209384554,14.187625100877597,16.187668503655402,15.044159931606714,14.807283846537302,14.257034280565108,13.642358716328886,13.39235057830814,12.088867505391477,13.173193677266454,13.83228927188452,12.068489901224837,16.87131379445401,15.868948343065085,15.868948343065085,16.58512944115546
2016-12-31,9.165231662326335,8.63344184027784,7.389347330729208,9.050968424479208,7.584556749131934,11.049351671007003,9.412887912326312,9.325990125868032,9.474503580729163,9.107335069444446,12.992070855034854,10.911919487847229,9.953507486979277,12.819816080729197,10.924118381076426,12.641468641493077,12.510416666666742,11.673630099826369,12.777441406250091,12.651445855034808,12.145320638020848,13.341484917534842,14.382744683159729,12.740749782986143,11.586531575520837,13.470298936632048,12.656361219618077,12.343237304687477,11.370806206597251,10.727452256944503,10.748806423611143,8.82471245659724,10.011414930555645,11.121663411458371,9.16577962239586,15.081448025173643,13.49341362847224,13.49341362847224,14.378089735243066
2017-01-31,5.880300263435629,5.584664342736801,4.1720089327904475,6.892824940015032,4.736304547709835,7.65087895547191,6.666278191022968,6.450867404732719,6.3731808077904475,6.015052762595531,9.675264141123819,7.14717484340872,6.965828237225878,9.382967434134514,8.181228522844265,9.333498768139862,9.258888868106396,8.682580484369737,10.345091510075406,9.652603690854903,8.576780963200406,9.28005034744092,10.502709222608985,10.330781719248876,8.992195424726049,11.329295874154809,10.308738183462538,10.056638049053845,9.537613456480074,8.992192799557927,8.661770777548554,6.566679316694945,7.435888196063274,8.332396197575463,6.3340133010700015,11.560053392635837,10.581004858529752,10.581004858529752,11.533476191695001
2017-02-28,9.869718805948935,10.270876730056045,9.628650283813556,9.53686503455765,7.458423233032249,11.375482268560518,10.886919094267341,10.715067345755472,10.824988755725656,10.075633984520323,12.142778469267341,10.304478036789646,9.997668838501,11.762729989914703,10.44731483459475,11.982732663835804,12.032159514654268,11.13327732994452,13.74811933608288,12.765665490286722,11.592238453456332,12.234772981916194,12.785574576968202,12.38598031543546,11.723551232474222,13.671802139282192,12.589276795160117,12.733002962384887,11.79891221182686,11.299880055018832,10.893993359520437,10.073271052042742,11.22803876967663,11.284725897652777,10.195544815063556,13.236426744006906,12.4935504186721,12.4935504186721,13.519083459036722
2017-03-31,12.560633349675072,12.221792413855155,11.919160420407536,11.577581434352396,10.552676465434445,12.877346744332272,12.338376125212676,12.162718258109066,12.124603443761032,11.401563919231421,13.690644795407536,11.738160336402188,12.043611760293345,12.737989700481478,11.85222388646946,13.364024016677718,13.473349138485446,12.139716535998957,15.019197697793288,13.88945139402989,12.920858904110503,14.576271475515057,14.414768514325601,13.73705251550166,13.536754821449279,14.55674547585113,14.108847185360446,14.133022357571576,13.718623836066115,13.289863020374014,12.856138011973314,12.294291678808065,12.995117031630627,12.236448726859237,11.548011541879418,14.001241548599808,13.707445870676452,13.707445870676452,14.785938394197842
2017-04-30,14.78985500335699,13.878903939988959,13.990845129225079,13.25433254241932,12.168009842766708,14.501668696933336,14.291507021586085,14.159747038947216,14.12189439137785,13.214003223843065,15.32523911794027,13.75870808495415,14.389537620544502,14.304565832349965,13.581065940856888,15.36289374033612,15.453874100579242,14.171655676100045,17.381372472974988,15.897965897454185,14.423595237731945,16.12823662228061,16.09023477766243,15.787033822801448,16.024894608391662,16.313371170891685,15.748359235127737,15.730697017245802,15.659785016377839,15.086068110995825,14.446804873148608,14.048752572801448,14.78171969519724,13.46109523773191,13.074186600579196,15.05681735144725,15.227222082350067,15.227222082350067,16.42494886186404
2017-05-31,18.449432647869116,17.36226656924009,18.276725469609744,17.05660250674015,15.929174226330133,18.52300035620243,18.73679141383019,18.611098369475314,18.63415259494576,17.635777573944438,20.189950541014298,18.799438423238826,18.6983878310009,17.902612776397405,17.805807080832835,19.84093707915281,20.16340221692161,18.898693400557306,21.132278224986123,21.054833143500844,19.246168513964506,21.318465640980833,20.118262452976694,18.76737987149147,20.416867438695817,20.08183562165948,19.931374117123198,20.076658790342435,20.30937205899147,19.79124789904523,19.016069912654075,18.50589213627643,19.326897680631305,17.596457807479396,17.77154338795657,18.776722844441736,19.949380144509007,19.949380144509007,20.50478694054391
2017-06-30,23.92677576276992,23.405801370408767,24.596483336554684,22.5235748079088,20.98074711693664,23.352801153394978,23.820886548360193,23.67708229488801,23.8578982671101,22.549497116936664,24.82055288950602,23.60798507266577,24.52015141381156,22.95080462561714,22.859203063117093,25.203525437249084,25.696586418151867,23.808709356519955,25.278731600443507,25.337184291415724,23.587387741936595,25.70886397891576,24.601393275790826,24.184140671624164,25.3618099424574,24.386150762769887,24.52846304575604,24.723276413811618,25.12435334523525,24.850519794888044,23.70660703447129,23.371420945061686,24.27918190426294,22.953194491068587,23.491660202874073,23.052668232388044,24.38133847978378,24.38133847978378,24.883866691589446
2017-07-31,24.22012922635645,24.198999249037854,25.51478858455539,24.130624123029804,22.13196295871529,24.931570758614498,25.501358225012325,25.37585944309035,25.80044624164543,24.686143801289177,26.830391533144166,25.649766848164234,25.937438009118523,24.533280268023134,24.497916629750364,26.294250845140027,26.699169884958565,25.296245972828217,27.091829390166936,27.564774408648077,25.82761148022081,28.230128491309472,27.352857720980182,25.555827836067408,26.438461824642673,25.747893003238232,25.586484548097076,25.715658565234094,26.162622295912854,25.758291293728803,24.944250320106505,24.51600666251244,25.33848230095316,24.052026592787854,24.220252609252952,24.934219553137268,26.384905772055447,26.384905772055447,26.796214470812117
2017-08-31,24.77240879099861,24.28158637836418,25.5432027468118,24.74760095329691,23.010028498659892,26.018589171542942,26.62023830208733,26.45204641280651,27.19990165054162,25.71254183451333,28.36106596505772,26.82676551982911,27.4011444050779,25.653937583841355,26.26473017456709,27.82168844489655,28.384786983202844,26.543491515292885,27.34587936811556,28.348026755548233,26.696714696576464,28.942787445232455,27.60681581804829,25.033003969089975,26.170796412806396,26.185153456657247,25.65979170850528,25.672421391805074,25.98334891616662,25.552606098626256,25.046568212201635,24.750220870971646,25.54869722345819,24.495776461529488,24.547103746475727,25.552934244627636,26.85809164970152,26.85809164970152,26.940393292006604
2017-09-30,19.501955244276246,19.017941029866677,18.787683868408237,18.610169219970658,17.16947640313043,20.227050187852683,20.145615726047083,19.952481502956857,20.534265899658237,19.717026858859526,22.94534445868601,21.22490175035267,20.339664120144334,20.47533849080412,19.165244632297174,22.426721954345737,22.58864686754015,20.26021262274844,24.286330244276257,23.752937232123543,21.842032284206823,23.78692160712353,23.853395673963746,22.26533143785275,22.585470326741472,23.59450081719291,22.63698671129015,22.660608673095737,22.473279571533226,22.003306155734663,21.127866702609595,20.470059627956857,21.049345652262446,20.164891984727717,19.200368330213735,22.229019588894346,22.06065750122076,22.06065750122076,23.48374777899852
2017-10-31,17.754207762851536,17.018761694303237,16.726176218832734,16.69418854662166,15.073790466144601,17.911095678678237,17.35699884148056,17.234180356097568,17.728675378778917,16.502766545613667,19.355221602737345,17.317736828711816,17.384353092152594,18.580720909692843,17.305254154820602,19.537914920109642,19.678508418093486,18.55597082568761,21.151322178174155,19.58972523596981,18.399964966312552,19.840418280324627,20.123807792253444,19.559632935062552,19.84785800646705,21.162135245210436,20.075869599209057,19.98213009988109,20.203489516883735,19.611913155996717,18.941145976897303,18.44541187491467,18.779887156332734,18.782005666917428,17.70476797370503,20.612511694303237,19.832818418933527,19.832818418933527,21.03420293254237
2017-11-30,10.841493225097736,10.414621480305925,9.4936904907226,11.179543897840801,9.441265360514308,13.222596740722679,12.702937995062939,12.47036149766717,13.00051286485467,12.128643290201865,15.007747565375496,12.791900126139296,11.576885477701865,13.570643615722702,11.930902947320021,13.962760586208844,13.981781853569885,13.00062679714631,15.248798455132373,13.929278055826899,13.267217508951717,14.19128706190321,15.604695807562962,14.91594255235458,14.433737691243493,16.1557401869033,14.943340555826865,14.524943203396276,14.236046176486695,13.629153272840767,13.173198954264365,11.243487040201842,12.249552578396276,12.709795633951899,10.703784349229636,15.608580356174116,14.622713385687973,14.622713385687973,16.149403381347668
2017-12-31,6.892011388142919,7.016428163316505,5.39746928744853,7.2267553117540615,4.881779183281935,9.97437087164991,8.961274083455407,8.769965489705442,9.54603157043465,8.636767790052716,11.314005745781799,8.947925016615102,8.161000103420747,10.525841140747161,8.797453011406844,10.743603727552625,10.711664708455487,9.745209630330464,11.706364144219435,10.930026796129084,10.020244895087387,10.486946826510916,11.951025602552647,11.657281027899899,10.243579313490216,12.536664708455476,11.278220155504073,11.022406895955442,10.719536887274899,10.160717985365238,9.958463753594287,8.155577468872082,9.05577820671931,9.430471674601222,6.781551318698519,12.938891813490102,11.913251622517919,11.913251622517919,12.944075732760894
2018-01-31,9.776999327957014,10.300715095766236,9.4939589633737,9.048420698924758,7.129559391801081,11.642882119455635,10.820713625672113,10.641238764280956,10.863320102486682,9.922470388104898,12.825806451613005,10.465176621303783,9.993903834845469,11.909945711525609,10.58829175067217,12.117520371303783,12.144790616599437,11.37431430611565,12.033761760752668,11.484508358534981,10.569290784610246,11.77993689096104,13.575210538474437,11.332272240423379,10.668771526377725,13.06578356014785,12.104050634240593,12.06231308803757,11.76355846774203,11.226204952116916,11.021457598286247,10.289085601478519,10.988259723622377,10.94420152889785,9.003291435651818,13.47269247731856,12.486537613407279,12.486537613407279,13.366866704469146
2018-02-28,6.264573601313998,5.67872620083034,4.714399796440432,6.326998033977759,4.102461319878046,7.954340621403219,7.660249987102702,7.514204483940489,8.479838784535787,8.039031260354136,10.654097062065489,8.368560068947943,6.974307836805167,8.7448621522812,7.386518937065489,9.725822089967323,9.74866086414886,8.601513821738138,10.65870376314433,9.992228921254537,9.091041932787277,10.059977944692037,11.579794025421108,10.692438765934583,9.779588249751498,11.437957041604193,10.078483222779766,9.984061836061073,9.41192990711761,8.968317672184583,8.836833413442037,7.370167328062507,8.007374359312564,7.9983179046994906,6.4978848457336085,10.699669978732231,9.839257381075925,9.839257381075925,10.72556632359823
2018-03-31,9.993549047490603,10.182277626119628,9.28543097793414,8.76145006815591,6.588175853606231,10.874642062443627,10.905479911065868,10.779784241543041,11.281243834956967,10.565599408713751,13.403022753807818,11.564840735158668,9.899321266912693,11.196332775649239,10.190636161065868,12.519467331260842,12.705793881160105,11.413659934587315,14.235324396112958,13.519262568155966,12.522268385528264,13.368134270945006,14.348744780017455,12.698989445676148,12.349240936771537,14.64783542181857,13.531692738686843,13.659569922826734,13.812212941979908,13.42256712964786,12.546485560427413,11.038896199708347,11.708731444164073,10.993441415602263,9.76837788653637,13.084306355958347,12.716885216005323,12.716885216005323,13.829208279681495
2018-04-30,14.656711853875095,14.451267517937595,14.895275221930603,14.012717713250083,13.300011550055672,15.755469449361215,15.812470859951418,15.647724766201407,16.059245491027866,15.397269037034732,16.753755039638918,14.952252218458455,15.389331754048612,14.95728965335428,15.107525655958455,16.006573507520955,16.21070762210428,15.263558642069597,15.77611832088894,16.007311354743138,14.82535877227781,16.399477153354212,16.751951111687617,14.489475525750095,15.573177782694529,16.65259944068066,16.216238763597232,16.45820111168763,16.393674744500117,15.882113329569506,15.169320360819597,14.345155864291712,14.945364740159846,13.866485616895886,13.502843581305626,15.123261875576532,15.330409770541735,15.330409770541735,16.25035334693058
2018-05-31,17.451084760440324,17.309178678451076,17.629751070084126,17.051980467765645,15.92848468903577,18.14074527371315,18.454014447940438,18.2778735499229,18.85820369105187,17.789392787154043,19.12156054589059,17.358468833020936,17.256281543034447,16.925951401905365,16.59102721675754,17.779779421898695,17.93536525439191,17.06506167996315,18.086669437859598,17.12649848691882,16.122944009432274,18.258373801938944,18.591922399049224,17.567781354022316,18.033620042698487,18.96908553749006,18.448168198780422,18.61608182025219,19.875808067732066,19.39992548624673,17.978906291018234,17.350795466925547,17.945356643840796,16.624624116959126,16.395215934835505,17.072855803787036,17.55967746037311,17.55967746037311,18.896229249687565
2018-06-30,22.3283519532946,21.859740299648763,22.00700592464881,20.97373227013486,19.63282243940563,21.8867015626696,22.393968815273695,22.120401106940335,22.2665843751696,21.047937456766874,23.30904042985702,21.43698910607236,21.79265859391961,21.132553884718163,20.684998003641795,22.662295638190358,22.772115516662552,21.21672000885013,22.680204709370912,21.686921289232032,20.409064843919566,23.612433984544452,22.844381141662723,21.879466862148718,22.82285065121124,22.895710351732077,22.428042708502858,22.54044776492657,23.663388845655675,23.322579383850098,22.26806549496132,21.834211328294543,22.726227929857032,21.062585894266704,21.13430898454459,21.58883372412788,22.621355968051432,22.621355968051432,23.61154422760012
2018-07-31,26.76868396471906,25.917893264114298,26.38495003074729,24.08283257022981,22.359501652051165,24.991970255041508,25.582336413475787,25.34769627150672,25.72709605309285,24.089757763442265,26.798377240088655,25.73717669825396,25.397351324430133,24.500378668180133,24.05419723756853,26.87067436710481,27.071945998489298,25.228442764282306,26.185993797548406,26.385280801916622,25.127016773018852,28.36951666801201,26.885068163307835,25.227229936661274,26.008661073254075,25.79032847496768,26.017087862568474,26.225450072749936,27.1161538277903,26.845302118280813,25.74699220144612,25.610780108872348,26.20769868666133,24.651010808637125,24.776039685485273,25.440663971439562,26.525428021338712,26.525428021338712,26.984283763106134
2018-08-31,26.380153377081797,25.149923517370837,25.70537494126188,25.00470184818397,23.227497232088524,25.882382144722953,25.851077016194665,25.665763781147575,26.010666229904302,24.047510462935236,25.826573697982326,23.589610282323747,25.899256724696045,25.792052738640848,24.63164709767983,26.242389810213467,26.43973419025383,25.021447794924484,27.490405183197424,26.797591843143607,24.542236500401657,26.08823206911802,25.839665410852035,25.68954780332507,26.7043458754016,27.059447101880153,26.32207153484387,26.452844279299654,26.759849802652923,26.362682883970194,25.54864978585192,25.587940675468815,25.683643800468815,24.925035874561615,24.559541607928566,26.115276549964847,26.70082289993121,26.70082289993121,27.723207707558856
2018-09-30,22.86218884785967,21.973788240220813,22.624347050984795,21.58218939039449,19.671322419908336,22.53353758917916,22.65718939039442,22.5099698808458,22.64700058831113,21.545882966783267,24.013127432929252,22.21881590949164,21.86111462910975,22.73658934699165,21.534861373901435,23.764554299248516,23.89418212042915,22.441727150811232,24.82812851799855,25.025494511922318,23.55111300150554,25.416732576158267,25.238827302720836,23.12925156487364,23.59427163865837,24.6584073808458,23.70047281053337,23.72730657789441,23.667611482408404,23.07614826626252,22.90790011088052,22.585810809665304,23.02264077928328,22.546517732408347,21.738987350463958,24.349520662095813,24.16940184699166,24.16940184699166,25.18697454664442
2018-10-31,16.727078968991577,16.6963382515857,16.588126201014404,17.21060866489205,15.806490301316842,19.26184406895794,18.957248449838346,18.7459303004768,19.0325198922107,18.17185855988538,19.77615385978453,17.851036777291313,17.55862193774152,18.91769766858829,18.005005506290047,19.34358130014084,19.39133310625641,18.541920618857148,19.648985471007734,19.460256892378652,18.320605829710644,19.759890943957885,20.907567145234736,18.143779762842314,17.63894420336652,19.77913605064481,18.898305552492843,18.766409236128595,18.40412292480471,17.851567061229503,17.70236563733829,16.607649575510436,17.666266952022454,17.802379288211966,16.824441200174363,20.18252199234496,19.156443573326214,19.156443573326214,19.953825230752273
2018-11-30,12.195318158467614,12.4750083711412,12.148082372877354,12.513786040412015,10.37370900048154,14.523242420620477,14.254253705342649,14.097379790412106,14.417304378085646,13.842738405863429,16.073912451002343,14.203540272182863,13.226682090759311,14.959570545620409,13.864266183641291,15.235463015238452,15.231532351176043,14.263265207078689,15.24969912634947,15.398383479648146,14.237500233120443,14.88638803693982,16.729557524787026,14.112161148919085,13.464450645446846,15.601215510898214,14.385991986592671,14.144371435377309,13.854234716627388,13.369873279995488,13.241203032599572,11.713685671488406,12.682023345099537,13.502287016974606,11.830515098571823,16.56834333207871,15.215731027391257,15.215731027391257,16.061968549092626
2018-12-31,10.193616951836475,9.125656339857244,7.844297832912957,9.800732294718443,7.528328323364292,11.289783944024066,10.409784486558749,10.191935094197618,10.87386868794755,10.119056404961498,12.917776023017097,10.900512568155932,10.182598071628206,12.551684443156034,10.756925328572606,12.145797941419858,12.136414803398964,11.72177450391979,12.639748679267086,12.26597480773927,11.54328058030876,12.052826478746226,13.93193617926704,12.996408292982323,12.10920939975324,13.36088040669756,12.544544686211566,12.294409052531023,11.767355558607278,11.389518102010186,10.969522984822618,9.55766588846842,10.259941821628217,11.284534920586509,9.164542516072629,14.667757034301758,13.057619773016995,13.057619773016995,14.105327563815763
2019-01-31,6.538867158787241,6.433681926932422,4.5231424024028115,7.364529751193118,5.235557871992853,8.187963575958008,7.264311337214622,7.008084438693118,7.328638454150166,6.191974832678397,9.914780717254985,7.148323538995498,6.919085992792702,9.486639441213242,7.723098824613828,9.139697236912241,9.127408825453813,8.459608086206515,10.809852751865208,9.92204980747681,8.943137782107158,10.034766646354456,11.253206876529248,11.178376462382744,10.2880901090561,12.130438269338242,10.851165020850544,10.617317679620555,10.153980776058859,9.618241738760332,9.339595905427018,7.06247266954,7.6508279492778115,8.42657559712734,6.229325723135446,11.501545145178397,10.6455434860722,10.6455434860722,12.012639105191795
2019-02-28,9.405184682210347,8.60512713477732,7.47772060575943,8.569200679234143,7.575065867106105,10.337554822649281,9.690640295119636,9.450882575625485,9.254326121012468,8.498487091064476,10.831788453601632,8.669583166213272,9.338906315394809,10.913473837716253,9.470896294003467,10.535311635335347,10.438012876964706,9.46531593686069,11.633055078415623,10.76510027930857,9.85372332618357,10.469759877522847,11.876745205833913,11.763350604829384,11.275604139055474,12.979478999546586,11.938536035446873,11.794987160818891,11.297611672537641,10.804177311488615,10.294426218668605,9.33049218314045,10.044214048839649,9.963415127708913,8.728955841064476,12.487692587716253,11.515678660074855,11.515678660074855,12.870243508475141
2019-03-31,12.301084772745696,11.67442829173092,11.235941228558886,11.018275422947397,10.133018891529332,12.19417218033982,12.162930055843844,12.003023196804918,11.97304902845815,11.092756689748512,13.147336557860001,11.343305349862703,11.226409243511966,12.267700511153066,11.052439359439347,12.993693349694695,13.074818916731033,11.764894206549627,14.629876565420489,13.075039430843901,12.007753749560266,12.892842270225685,13.816315997544223,14.15286516169067,13.505824251072454,14.58635390497028,14.073787225702745,13.915237578525364,14.186564443444809,13.71021195688553,12.932078031314347,12.37571304895556,13.236030484271282,11.952698726038761,11.06681215429819,13.67752861515163,13.424470294419166,13.424470294419166,14.676528426139612
2019-04-30,13.646816910637824,12.887702327304453,12.95627871619331,12.293049006991907,11.390756797790516,13.691524484422473,13.851260270012745,13.686454497443208,14.123303455776636,13.058231841193333,15.080869102478061,13.324434640672507,12.970691151089113,13.240892431471138,12.670810508728096,14.230163807339238,14.372207535637813,13.241996489630765,16.09664872487383,15.288923030429487,13.89878631167943,15.367365413241998,15.416296619839159,15.104474788242044,14.626151763068265,15.803199831644804,14.859335899353027,14.87387854258219,15.047882991366919,14.605280452304441,13.920148616366987,13.467311159769736,14.572763633728073,13.109799766540561,12.443629519144736,14.82175451914469,14.832819514804441,14.832819514804441,15.858410877651636
2019-05-31,16.59397644945375,16.640730691725253,16.26117865039464,14.555018956174138,13.170828242968469,15.18369156622117,15.215453473983303,15.08166966181932,15.365095926100253,14.377722984231923,16.47906759528712,14.969827003889236,15.176117956510211,14.971486110072021,14.32480484747117,16.72087707109347,16.91950778345904,15.096522862424194,20.605314550092146,18.55736848154379,16.283377071093526,17.714757804460362,17.58010768685301,19.67090962317684,19.611399689541088,18.933515679964444,18.29217925943351,18.385742872504807,18.601946459534417,18.154533825125725,16.99826019861365,16.97127347146312,17.242303692397343,15.53860115543489,15.329572152578692,16.76909878228298,17.585581162155336,17.585581162155336,19.027029414843412
2019-06-30,21.946820767720624,22.054774326748372,23.250759569803847,22.223735915290035,20.802495680915,23.115150303310884,23.653621440463724,23.39177519480387,23.758341492547004,22.938075107998372,25.32524416181775,24.206732877095476,23.795198588901087,21.91978354983854,22.616593445671924,24.364282247755284,24.76994631025525,23.268001323276167,22.59088815053309,23.979855706956698,22.147186978658,25.406100824144062,24.00116375817197,21.96861438751222,22.72413196563724,22.6170708762275,22.605965190463678,22.889176453484424,23.147884135776053,22.739301236470567,21.68935277726922,21.44939509497749,22.019957160949673,20.37984756893593,20.96677248213024,21.376098654005204,23.086344422234504,23.086344422234504,23.377604187859447
2019-07-31,26.551150340418644,26.559831771030247,26.69407236242813,24.75106213477352,22.898651705506154,25.342347102011445,25.887731006581305,25.742294073617643,25.868057997508743,24.404466452649842,27.108896161151222,25.874786303120345,26.51832261444423,25.15281784713909,25.177909202985916,27.287538844282892,27.74973905009614,25.71576150053295,26.720757195257363,28.31044868551271,25.925215780606834,28.752038697273576,27.27921706168877,25.19903918030451,26.762880641157892,26.427630935176694,26.462388159639147,26.622394775062446,27.196540020358157,26.726669073617643,25.83411457512966,25.857124172743966,26.52722193400058,24.71511308403427,25.01170456588909,25.817229494484536,27.236510828489884,27.236510828489884,27.452428272206248
2019-08-31,25.473011845414362,25.21777726040085,25.762024467222147,24.314937353646883,22.69724844655684,25.449054562148262,25.976810463525908,25.78018800468857,26.735523396153724,25.38423391362676,27.5268566664829,26.010252478814834,26.147165491247733,25.435135921355197,25.21120646487003,27.02804324242379,27.378794565508485,25.935107044507163,27.177236790810866,27.618372648505783,26.23089785011871,28.981223370952023,27.828855994439948,25.59587758382162,26.414362966886245,26.524255124984336,26.08266511322364,26.223119477302816,26.466220535770503,26.02057201426527,25.39861195882156,25.103543074413096,25.81022780223566,24.7641298519668,24.436705771825757,25.793001449749,26.56991467219541,26.56991467219541,27.061104608351286
2019-09-30,21.507241121927905,21.60415952470572,21.171534199184805,20.951788647969636,19.041982332865416,22.679268031650167,22.55425989362925,22.411353535122373,22.86144847869872,21.819968986511242,23.800123066372407,22.024510002136253,22.28309832678906,22.83837718963622,21.71374068790027,23.789676560296016,23.828774325052905,22.93548005421951,24.22176477644183,24.372502623664047,23.063813930087633,24.545921134948742,24.459750345018165,22.47931685977511,22.75805492401122,23.812378925747396,22.92615116967096,22.967747306823696,23.11621735890708,22.719477992587542,22.240398131476525,21.529178513421016,22.799477450052905,21.810669941372396,21.15563250647648,23.78644847869873,23.577594312032147,23.577594312032147,23.840276061164104
2019-10-31,17.787095129361717,17.386260850967915,17.355992663804045,17.547049766458485,15.87008719085361,19.206875245289098,18.760696439845617,18.540481596095674,18.869617285779782,17.95253321739932,20.585679113736774,18.84216065355531,18.438176173548584,19.635355168004253,18.55707528309165,20.409882112728553,20.398116109704517,19.40061789481871,20.417012069045825,20.484799157419616,19.450779605168236,20.983455071398055,21.38758656081336,19.528702467231426,19.37036808383084,20.569164181781048,19.800331226471826,19.647601576774377,19.83716758399885,19.36310949428116,19.124258582822847,18.23492516548413,19.18005127855531,18.78768579216421,17.60847869791013,21.178182158931634,20.629046889274264,20.629046889274264,21.191339501001494
2019-11-30,10.835486963060191,10.806879107157386,10.15256324344216,11.554388872782397,9.321288829379625,14.955956798129648,14.82915287017812,14.631084293789229,15.318025483025394,14.084057384067137,16.237521468268483,13.953037961324014,12.78647437625466,14.420740869310237,12.894417084587872,14.871722857157465,14.9063257217407,13.76287140316441,15.387836138407408,14.887358707851888,13.641140174865825,14.41745039621992,15.979600461324083,14.386767345004614,13.857657644483766,15.696416325039365,14.780316607157431,14.746953434414365,15.043882687886594,14.56281172434484,14.207635943095,11.954871728685248,12.707218191358777,12.783479584588008,11.041764089796288,15.809559228685202,14.81491133371992,14.81491133371992,15.686298052469965
2019-12-31,10.448522440592455,10.425996398925804,9.531104363335487,10.42295277913405,8.256991407606336,12.544239128960498,11.87634904649525,11.691624111599367,11.653185526529967,11.069391038682795,14.027265930175815,11.819320509168904,10.801058790418836,13.07386695014111,11.702705383300838,13.404162089029967,13.409009636773078,12.799878777398021,14.11842803955085,13.913683573404967,12.750776672363315,13.581063673231256,14.874018859863327,13.13967369927309,12.194778951009141,13.939828321668926,13.161676194932681,13.086399502224424,12.934221225314843,12.469279819064695,12.066993035210487,10.576498243543881,11.567402648925793,12.21218346489809,10.436605665418824,14.941781446668813,13.668173048231324,13.668173048231324,14.364858161078587
2020-01-31,8.737060596096967,8.656856463032398,7.880791169853637,8.882219261251464,7.2483881960632175,10.230203657252844,9.211299822407398,8.837748915149348,9.056525166829488,8.492988225465126,11.482225036621116,9.2859937278173,9.541464577951842,11.648070025700463,9.41688985516953,11.052705547373819,10.965736356345474,10.316771197575406,10.380021995626464,10.683782811318679,9.93976031887911,10.678028443039068,12.685281782252844,10.9656182237851,10.259810302078108,11.473057949927465,10.609304169685743,10.532132105673611,10.342143446399405,9.789086175734042,9.574893467400727,8.099654052078108,8.889275712864446,9.675143383395323,7.922686226137159,13.471285961520323,11.938413607689654,11.938413607689654,12.471018194383248
2020-02-29,10.923008219401027,10.626585019868003,9.61855363516969,10.107668330751721,8.438826848172653,11.479584301477246,11.20993238427178,10.927596379422653,10.983976026513176,9.75553055686504,12.679190309020214,10.894906791599283,10.528013944077657,12.263239226944108,10.124581383014515,11.862343483409632,11.714753460061957,11.30462527220277,13.994712601585036,13.27848819425742,12.10294266624021,12.759425582008816,13.725840811893818,13.625883466347943,13.31121145664963,13.997588971017478,13.491322694975793,13.487775640378118,13.660130502985794,13.351842630320562,12.43333508721713,11.437547214551898,12.001481189947071,11.926153985385326,10.734034957008816,13.910983592066316,13.041840160852189,13.041840160852189,14.210448727662595
2020-03-31,11.391407472343872,11.11878114925912,10.46531120218259,10.105224781651657,8.704230368009235,11.134839301981003,11.348110576342492,11.11795684650383,11.325757270730946,10.352612739480946,12.732479800972953,10.932703990320988,10.534311118177243,11.803755737632912,10.341778671100542,12.449967095159764,12.508329830374748,11.455122925132855,15.297660097511823,14.79406624250521,12.867544695126128,13.497619144890905,13.664259559877507,13.876567397579095,14.276708631618021,15.000687966295516,14.275243787868021,14.352008950838524,13.89262555030092,13.422589217975599,13.067033837431211,11.722525163876128,12.641845875401657,11.91134037304954,11.051366834743078,13.790264999225656,13.635506094655682,13.635506094655682,14.794449517034764
2020-04-30,14.482348060607933,14.064927270677344,14.244845347934358,13.386354679531564,12.265062904357876,13.909124861823159,14.279651663038578,14.031463729010795,14.029551294114924,13.040865855746858,15.310074297587164,13.742327986823113,13.643659909566281,14.236332978142627,13.781244002448204,15.616625404358047,15.78911889394135,14.797682804531576,16.425593503316293,16.64772620730929,15.321152856614844,16.505365096198204,16.13675615522601,14.451762665642661,15.126114336649607,16.08438256581627,15.387163056267696,15.483226966857956,15.384982066684302,14.90398705800385,14.79177731408015,13.764910994635727,14.485814857482922,14.039154158698182,13.588044675191213,15.844145478142707,15.865678681267696,15.865678681267696,16.55710391998292
2020-05-31,19.4477383070095,18.917375613797105,18.841040978380477,17.76973353970442,16.382744397399335,18.28640860690865,19.168399429321255,18.953513676633122,18.646379520047105,18.01794317512099,20.311507838259445,19.16063680751347,18.199386912520254,18.03290663278233,17.72540495267475,19.810011492493402,20.033875319778247,19.052847408992022,20.764005423104948,20.9561467201479,19.14714344393832,21.51246444948265,20.295163542224543,19.065873492661296,20.946394220987997,20.333034215947634,20.53043897485213,20.636251621861618,20.552059858588848,20.077067209059237,19.7491784741801,18.742707435033708,19.564826050625072,18.384466507614206,18.226250256774335,19.3432461195095,20.214161358084652,20.214161358084652,21.224354885470518
2020-06-30,20.94788801405167,21.084226989746128,21.41949717203778,20.00227169460726,18.335227966308594,20.701243591308582,21.0416922675239,20.776938035753005,21.083394198947474,19.991594611273797,22.665230136447462,21.17674814860021,21.553343200683628,20.65817989773217,19.7083046807183,23.112045457628085,23.380874125162848,21.152070956760042,23.856546868218402,23.730640835232293,21.549385409884962,24.187338426378005,23.216939120822417,22.41077863905167,23.383988274468436,22.864462449815562,22.774209086100257,22.904048495822565,23.004021369086445,22.58226843939883,21.418726772732214,20.584509107801637,21.47883690728088,20.302830505371105,19.917649841308673,21.935759650336365,22.42079925537115,22.42079925537115,23.629002380371162
2020-07-31,25.112269091862515,25.363925572877406,25.737507982151556,23.31628664898625,21.65904433547803,24.75675308883831,25.432626219718713,25.118832011889367,25.62326329549154,24.140563152682375,26.605782301708018,24.82297032674154,25.44432921871072,24.668954344718713,23.943848812964745,27.203260040283283,27.630482507521208,25.249709763065482,27.64499443628455,27.547750337662308,25.27930065688264,27.710051349927028,25.906881197037308,25.280484607655637,26.930182188300762,25.96009597778317,25.975954617736136,26.09257245627788,26.254435065484813,25.776636111351763,25.16587502264207,24.803116181076234,25.68634870795796,24.029796813636835,23.854768986855788,24.916896212998324,26.276147830101763,26.276147830101763,27.056605029362515
2020-08-31,25.179900946668454,24.900331054195306,25.598494486655056,24.1622020639399,22.551002572172422,25.422387715821685,26.294413400465487,26.00955116928276,26.251153256816167,24.73442831141972,27.41839746044525,26.449560829900918,26.359756457421042,25.512885132656436,24.671671044954735,27.61813074337539,27.907524014544776,25.891258473550124,28.231569503455944,27.90569689760929,25.961799363167074,28.47998390197762,27.621580214141545,26.087783801171042,27.277383935579678,26.81975152210515,26.67047921867777,26.73500847355018,26.84022258225309,26.432313476070306,25.814398804531322,25.44077439256887,26.149787644417074,24.751058750767868,24.427850690451976,25.998409956245098,26.652423313099803,26.652423313099803,27.37472779058635
2020-09-30,21.17358616722953,20.612122408549,20.727592786153195,20.620002725389327,19.407470173305967,21.916074774000435,22.3737190882365,22.205229504903173,23.205753050910232,21.88018610212538,24.38707629309772,22.362789726257347,22.0685433069865,22.31837240854901,20.815787230597664,23.301355806986464,23.386826727125424,21.564070108201804,24.734146605597573,23.38637913597961,21.619235038757267,23.806865247090684,23.939685885111487,21.812106132507324,22.99098525577125,24.09870552486848,23.267919392056,23.197642156812947,23.218171670701793,22.69527941809764,22.239373927646284,21.592330741882336,22.369400511847573,21.3910666359796,20.59278647104901,23.353544934590673,22.865613619486567,22.865613619486567,24.207562404208716
2020-10-31,15.081386574365695,14.546498091502883,14.148501619728734,14.61335062006475,13.160887162403412,16.356593437605056,16.442974590998745,16.199235616704414,16.875812292611727,15.908637393418246,18.917604967342868,17.14418321835103,15.583922486664164,17.01630603421114,15.013967009513635,17.905678829070098,17.847006324029678,16.40207709855929,19.669327077558023,18.79081722792762,17.49499754546804,18.92047952631475,19.98758669617365,17.381031126617074,18.443877648794512,19.394101838142603,18.77536023868032,18.71708413400961,18.567110910723386,17.976484860656115,17.565890207598443,16.417644344863106,17.398590875441016,16.675097196845627,15.26014739005791,19.148299481791753,18.508601166099652,18.508601166099652,20.029739018922214
2020-11-30,12.79537470075826,12.41080167558465,12.051668103535974,12.605929713779005,11.134567409091517,13.88039260440405,14.132931666904085,13.989469210306765,14.209431775411076,13.649394883049752,16.324592908223565,14.620567300584582,13.34101543426516,15.09645977020267,13.204977565341494,15.422702174716505,15.289748615688836,14.190467474195714,17.16533184051525,16.970499483744277,15.6627846399943,16.905183728535917,17.76448548634852,15.399020534091505,15.558113416036008,16.941918754577614,16.02717266082766,16.005395317077728,15.010234726799922,14.400675264994277,14.3068276087443,13.40214282141784,14.356944253709628,14.467119492424843,12.914273897806822,17.64249655405689,16.61382088131387,16.61382088131387,17.660758272806845
2020-12-31,8.19198114607076,8.22927227020267,7.460478867424854,8.470925373501302,5.983230061001279,10.861935573154028,10.648290824890182,10.40189054277215,11.066509140862308,10.469284205966517,12.917409748501314,10.782595295376211,9.558604409959571,11.739542452494334,9.633788871765205,11.641536267598497,11.592653889126268,10.918787786695702,13.335354084438848,12.564591280619311,11.432055473327694,11.774910291036065,13.516408771938814,12.198876762390228,11.8635903040568,13.117173745897162,12.112988090515103,11.950981797112433,11.467895317077648,10.975908554924843,10.618809488084537,9.49554017384844,10.08095412784155,10.31356317732076,8.365999158223417,13.878461180792897,12.95417190127904,12.95417190127904,13.697729301452682
2021-01-31,6.529854936497202,6.692082444057746,5.380729642478343,6.626316735052285,4.241603613412508,8.909144461026813,8.713015533775433,8.437596031927399,9.267133372317062,8.804649648358748,12.313619847451605,10.050218364756631,7.69023170061007,10.118708998157217,7.788877638950112,10.713834586194821,10.70085575554964,9.825530234716268,11.852708599131688,11.739884128365532,10.655154205650433,11.380472376013358,12.9293766308856,10.524040189353343,10.288205595939473,11.661289223291647,10.497838387438094,10.477850358204194,9.90753260786812,9.350067680112772,9.204633372317119,7.436979117444764,8.189887803600698,8.500689319897788,6.66005276915854,11.82704495665854,10.886767528903135,10.886767528903135,11.898898430280838
2021-02-28,10.628694220951672,10.24510860897243,9.739711357298404,9.484703568049838,7.884794830140663,10.834179246993301,10.811756093161478,10.604283064887682,10.490568755921913,9.847865654173404,12.448995095207636,10.837132185981432,10.1421306746347,11.58396707716446,10.281101912543875,11.736964775267097,11.66267627080282,11.124325847625812,14.629819011688198,14.473734678540893,13.136434060051386,13.126860259828106,13.707455730438198,12.6946209090097,13.156546597253737,14.072620350973978,13.491949313027533,13.647289598555801,12.963271508898117,12.488926619575238,11.929792272476902,10.787655925750698,11.663865003131718,11.422017556145079,10.27503908702306,13.466503465743358,12.915265905289402,12.915265905289402,14.368794899895022
2021-03-31,11.20293536032409,10.5674898168092,10.080828295471917,10.03961578287101,9.159764472387224,10.78600617685629,10.847936515397919,10.58445102732668,10.505795743388546,9.60447318374463,12.205135251117042,10.166702791439604,10.453250380485315,11.68631279647991,10.41772923213182,12.123804920975942,12.216037573865663,11.083001934584729,14.317211549000092,13.481056160055232,12.244859293455818,13.012101396950357,13.194348435760844,13.199614522790398,12.997812607467836,13.684015774470481,12.92688581815338,12.942395310760844,12.430658184584729,11.955565778670803,11.538523712978588,11.139910326721917,12.090234272454438,11.136975388885844,10.430847196681498,13.168800300680118,12.91870579463182,12.91870579463182,13.83708932117753
2021-04-30,13.027583482530474,12.538032701280315,12.25208163791234,11.444003295898483,10.344393920898483,12.628625149197092,12.894488864474852,12.627890014648528,12.741447957356797,12.11268819173182,14.794483439127703,13.289261542426232,12.451506551106775,13.135941229926232,12.2064354790582,14.111874389648449,14.166534762912306,13.307710435655338,16.90576544867622,16.22255689832906,14.641754489474806,15.81166280110682,15.589470418294297,15.114104207356888,14.98878953721794,15.720560370551198,14.580599975585926,14.753367445204049,14.044098239474863,13.615663994683246,13.212812974717906,12.685143703884535,13.433912150065055,12.562042575412363,12.142788018120712,14.418566555447057,14.454642401801209,14.454642401801209,15.200125800238766
2021-05-31,17.145066115676798,16.135510504117633,15.936514893398567,15.650733853411964,14.063562524446866,16.571094131469806,17.22960177595894,17.056996979252006,17.441253321657996,16.781976502941518,19.0703013307305,17.998303472867576,16.361645101731824,16.081768064601476,15.115244207074568,19.008688637518105,19.10330231779369,16.617373218331295,20.659291901127006,20.24192431460142,18.339270794776326,20.062276192121658,19.540398041920014,18.77742183644284,19.51335881140926,19.305805152975097,19.150904489332675,19.283042321153914,19.320033563593427,18.977002859628442,17.9554187282439,17.480384076026155,18.122455543600154,16.182598142726533,16.171026402135112,17.56298236231646,18.44564785290794,18.44564785290794,19.310758845011378
2021-06-30,23.693473031785743,23.275802675883085,23.65257133907744,21.456822098626105,20.075005149841388,22.36263807084822,23.191650115119103,23.05936929914691,23.63761636945941,22.24209228091769,24.960302458869137,24.228490935431637,22.650146208869103,21.92302218543165,21.91934108734131,24.4726613998414,24.734922684563514,23.42614989810528,23.61910237206365,24.36557047102201,22.650075679355268,25.49006320105667,24.40997693803581,21.97787515852184,23.267588700188526,22.85766302744554,22.85294297536217,22.881409772237078,23.101640892028797,22.62296250661211,22.378930388556682,22.5438012652927,23.29426513248012,21.67205104827883,22.021242671542723,22.600007862514985,23.696364741855177,23.696364741855177,23.823236486646863
2021-07-31,24.697568635017603,24.47216908444642,25.02252243206067,23.489755084950502,21.540263317477297,24.833447331254263,25.78603154664404,25.563703442645306,26.138494479271685,24.754576783539164,27.00074403824351,26.34218389039404,25.442420680548537,24.566399490192453,23.99159007739007,27.556205962806587,27.942614942981493,25.275234230615865,27.56569069482947,27.74577197003117,25.896973771946477,28.548094193653412,27.43757987073667,25.58014224472862,26.772582810924916,25.796277577390015,25.79788418021252,25.95161401892227,25.85600277480262,25.51661580403652,24.484465371408817,24.50229813770585,24.840180887201882,23.666216253465223,23.809721062773065,24.993690211798537,25.93824928857947,25.93824928857947,26.595722616872536
2021-08-31,24.385693383985938,24.062619207238697,24.078241582070632,23.916988011842193,21.9639286410424,25.170125087614963,26.010252355760144,25.85524406022921,26.56636269682201,25.4209283890263,28.210038142050507,27.480438322662053,25.462988830894517,24.595950965471218,23.861751851727945,27.665746307373013,27.972869963286996,25.15474685340797,27.28820251957052,28.131290977231856,26.79076468354924,29.220733076526244,28.253552926996804,25.73225756409346,27.20554385441602,26.825487780827416,26.62975000360956,26.752434605424128,25.659241141042514,25.318342073502095,24.6643812200075,24.63752050092154,24.980391069637847,23.93306454074002,23.945051057877038,25.298427548972597,26.45929521950336,26.45929521950336,27.45653091758811
2021-09-30,21.906039704216994,21.34573154449464,21.578039487203,21.11123176150852,19.744708866543306,22.82133375803636,23.25166144900851,23.028714942932197,23.348067156473803,21.62774380577929,24.978337881300263,23.34181715647378,21.926124339633645,22.92801236046688,21.79552809397387,24.425872060987672,24.547353723314075,23.101599057515557,24.74656704796695,25.841865984598826,24.400560103522423,26.660008345710025,26.144331804911246,22.761063575744515,24.08715135786281,24.78482117123076,23.963534821404437,24.024746301439052,22.909121301439143,22.387501292758543,21.964381175571077,21.41726203494602,22.451306088765477,22.305022451612672,21.660027334425195,24.454968198140477,24.248840268452966,24.248840268452966,24.983109474182186
2021-10-31,16.805968303065242,15.568492979644418,15.07771519486613,15.978877619261482,14.471183251821913,16.91056549728563,17.30413856096169,16.997358802057022,17.14426582910687,16.246421617077317,18.886823477796327,17.05304649106921,16.344114619429433,18.31378867856921,16.799919915968474,18.91299902803155,18.948341664960367,17.752372872957665,20.340394756358194,19.68026213287021,18.42133656163378,19.43366172544421,19.902823876821856,19.10729033767541,19.411977837675295,20.801615774503205,19.422838157735896,19.448373166976467,18.72788005541736,18.15870162799797,17.636676468387748,16.86975201022244,17.72934752433531,17.78248617520893,16.765740228468417,20.10702782087435,19.129837905719796,19.129837905719796,20.0966715330718
2021-11-30,10.69548814561631,10.434805636935778,9.681148952908075,11.627815077039998,10.069557698567678,14.27154337565105,14.648732503255246,14.471114773220506,14.993833414713606,14.519042290581638,16.075303141276038,14.313687472873255,12.473423258463527,14.495854356553878,12.74538235134554,14.346746826171909,14.245197889540009,13.64775865342881,14.2077792697483,14.085687255859398,13.380451795790009,14.495770263671943,16.172400580512146,13.578750949435744,13.504027642144138,15.299917941623278,13.69385782877606,13.614726426866298,13.367577446831604,12.78883124457468,12.827655029296864,11.067018636067814,11.894422064887124,12.311986626519229,11.08929782443579,15.140165879991287,14.161471218532995,14.161471218532995,14.835025363498346
2021-12-31,8.858681509229996,8.17433906131322,6.629479577806308,8.49583157433409,6.732995202806308,10.814220788743796,10.21213745541047,9.82125475141737,10.26949965159099,9.522130944993762,12.177976756625696,9.865219052632654,9.34565796322289,12.03821438683417,9.709715037875753,11.018552928500696,10.910908614264656,10.837134742736907,13.116610654195199,12.16074314117435,11.042823219299237,11.395818010966025,13.026406118604939,13.056758223639633,12.770584721035448,14.428966882493796,13.103522004021613,13.204669464959068,12.40279500749375,11.946501604716047,11.55396688249374,10.001449521382654,10.56430488162573,10.898603926764622,8.980431726243808,13.616694747077133,12.85557821061883,12.85557821061883,14.04123630523685
