,77470,76430,76500,76900,161530,161580,161680,162420,162450,162890,163100,164290,164050,77650,77800,77610,165600,165460,165200,604900,603900,604020,603600,607150,6155A,6325O,7031,8025,8019,8416Y,8414A,8500A,9981A,0016A,76,0200E,B893,B228,B278
1981-06-02,,,,,,,,,,1.0,,,,,,,,,,,,,,,,,,,,,,,,,,,,,
1981-06-03,,,,,,,,,,1.0,1.0,,,,,,,,,,,,,,,,,,,,,,,,,,,,
1981-06-09,,,,,,,,,,,,,,,1.0,1.0,,,,,,,,,,,,,,,,,,,,1.0,,,
1981-06-10,,,,1.0,,,,,,,,,,1.0,,,,,,,,,,,,,,,,,,,,,,1.0,,,
1981-06-11,,1.0,1.0,,,1.0,1.0,1.0,,,,,,1.0,1.0,1.0,,,,,,,,,,,,,,,,,,1.0,,1.0,,,
1981-06-12,,,,,,1.0,1.0,1.0,1.0,,,,,1.0,1.0,1.0,,,,,,,,,,,,,,1.0,,1.0,1.0,1.0,1.0,1.0,1.0,1.0,1.0
1981-06-13,,,,,,1.0,,,,,,,,1.0,1.0,,,,,,,,,,,,,,,1.0,,,1.0,1.0,1.0,,1.0,1.0,1.0
1981-06-14,1.0,1.0,1.0,,,1.0,1.0,1.0,,,,,,1.0,1.0,,,1.0,,,,,,,,,,,,1.0,,1.0,1.0,1.0,1.0,1.0,1.0,1.0,1.0
1981-06-15,,1.0,,,,1.0,1.0,1.0,1.0,1.0,,,,1.0,1.0,1.0,1.0,1.0,,,,,,,,,,,,1.0,,1.0,1.0,1.0,1.0,1.0,1.0,1.0,
1981-06-16,,,,,,1.0,1.0,1.0,1.0,,,,,,,,,,,,,,,,,,,,,1.0,,1.0,1.0,1.0,1.0,,1.0,1.0,1.0
1981-08-02,,,,,,,,,,,,,,,,1.0,,,,,,,,,,,,,,,,,,,,,,,
1981-08-03,,,,,,1.0,1.0,1.0,1.0,1.0,1.0,,,1.0,,1.0,,,,,,,,,,,,,,,,,,,,,,,
1981-08-04,,,,,,1.0,1.0,1.0,1.0,1.0,1.0,,,1.0,1.0,1.0,1.0,1.0,,,,,,,,,,,,,,,,,,,,1.0,1.0
1981-08-05,,,,,,,1.0,1.0,1.0,1.0,1.0,,,1.0,1.0,1.0,1.0,1.0,,,,,,,,,,,,,,,,,,,,1.0,1.0
1981-08-06,,,,,,,1.0,1.0,,,,,,1.0,1.0,1.0,1.0,1.0,,,,,,,,,,,,,,,,,,,,1.0,
1981-08-07,,,,,,,,,,,,,,,,1.0,,,,,,,,,,,,,,,,,,,,,,,
1981-08-08,,,,,,,,,,,,,,,,,,1.0,,,,,,,,,,,,,,,,,,,,,
1981-08-09,,,,,,,,,,,,,,,,,,1.0,,,,,,,,,,,,,,,,,,,,,
1982-06-02,,,,,,1.0,1.0,1.0,,,,,,,,,,,,,,,,,,,,,,,,,,,,,,,
1982-06-03,,,,,,,1.0,1.0,1.0,,,,,,,,,,,,,,,,,,,,,,,,,,,,,,
1982-06-08,,,,,,,,,,,,,,,,,,,,,,,,,,,,,,,,,,,,,1.0,,
1982-06-09,,,,,,,,,,,,,,,,,,,,,,,,,,,,,,,,,,,,,1.0,,
1982-06-10,,,,,,,,,,,,,,,,,,,,,,,,,,,,,,,,,,,,,1.0,,
1982-06-11,,,,,,,,,,,,,,,,,,,,,,,,,1.0,,,,,,,,,,,,1.0,,
1982-06-12,,,,,,,,,,,,,,,,,,,,,,,,,1.0,,,,,,,,,,,,,,
1982-06-13,,,,,,,,,,,,,,,,,,,,,,,,,1.0,,,,,,,,,,,,,,
1982-06-19,,,,,,,,,,,,,,,,,,1.0,,,,,,,,,,,,,,,,,,,,,
1982-06-20,,,,,,,,,,,,1.0,,,,,,1.0,,,,,,,,,,,,,,,,,,,,,
1982-06-21,,,,,,,,,,,,1.0,,,,,,,,,,,,,,,1.0,1.0,1.0,,,,,,,,,,
1982-06-22,,,,,,,,1.0,1.0,,,1.0,1.0,,,,,1.0,,,,,,1.0,,,,,,,,,,,,,,,
1982-06-23,,,,,,,,,,,1.0,1.0,,,,,1.0,,,,,,,1.0,,,1.0,1.0,,,,,,,,,,,
1982-06-24,,,,,,,,1.0,,,1.0,1.0,,,,,1.0,,,,,,,1.0,,,,,,,,,,,,,,,
1982-06-25,,,,,,,,1.0,1.0,,1.0,1.0,,,,,1.0,,,,,,,1.0,,,,,,,,,,,,,,,
1982-06-26,,,,,,,,,1.0,1.0,1.0,1.0,,,,,,,,,,,,1.0,,,,,,,,,,,,,,,
1982-07-03,,,,,,,,,,,,,,,,1.0,,,,,,,1.0,,,,,,,,,,,,,,,,
1982-07-04,,,,,,,,,,,,,,,,1.0,,,,,,,1.0,,,,,,1.0,,,,,,,1.0,,,
1982-07-05,,1.0,1.0,,,,,,,,,,,,,1.0,1.0,1.0,,,,,1.0,,,,,1.0,1.0,,,,,,,1.0,1.0,1.0,1.0
1982-07-06,1.0,1.0,,,,,,,,,,,,,,1.0,1.0,1.0,,,,,,,,,,,,,1.0,1.0,1.0,1.0,1.0,1.0,1.0,1.0,1.0
1982-07-07,,,,,,,,,,,,,,,,,,,,,,,,,,1.0,1.0,1.0,1.0,1.0,1.0,,1.0,1.0,1.0,1.0,1.0,1.0,1.0
1982-07-08,,,1.0,,,,,,,,,,,,,1.0,,1.0,,,,,,,,1.0,1.0,1.0,1.0,1.0,1.0,1.0,1.0,1.0,1.0,1.0,1.0,1.0,1.0
1982-07-09,,,1.0,,,,,,,,,,,,,,,,,,,,,,,,1.0,1.0,1.0,1.0,1.0,1.0,1.0,1.0,1.0,1.0,1.0,1.0,1.0
1982-07-10,,,1.0,,,,,,,,,,,,,,,,,,,,,,,1.0,,,,,,,,,,,,1.0,1.0
1982-07-11,,,1.0,,,,,,,,,,,,,,,,,,,,,,,,,,,,,,,,,,1.0,1.0,1.0
1982-07-12,,,,,,,,,,,,,,,,,,1.0,,,,,,,,,,,,,,,,,,,1.0,1.0,1.0
1982-07-13,,,,,,,,,,,,,,,,,,1.0,,,,,,1.0,,,,,,,,,,,,,,,
1982-07-14,,,,,,,,,,,,,1.0,,1.0,1.0,1.0,1.0,,,,,,1.0,,,,,,,,,,,,,1.0,,
1982-07-15,,,,,,,,,,,1.0,,1.0,,,,,1.0,,,,,,1.0,,,,,,,,,,,,,1.0,,
1982-07-16,,,,,,,1.0,,,,1.0,,,,,,,,,,,,,1.0,,,,,,,,,,,,,,,
1982-07-17,,,,,,,,,,,1.0,,,,,1.0,1.0,,,,,,,,,,,,,,,,,,,,,,
1982-07-18,,,,,,,,,,,,,,,,,1.0,,,,,,,,,,,,,,,,,,,,,,
1982-07-20,,,,,,,,,,,,,,,,,,,,,,,,,,,,,,,,,,,,,1.0,,
1982-07-21,,,,,,,,,,,,,,,,,,,,,,,,,,,,,,,,,,,,,1.0,,
1983-06-03,,,,,,,,,1.0,,,1.0,,,,,,,,,,,,,,,,,,,,,,,,,,,
1983-06-04,,,1.0,,,,,1.0,1.0,,,1.0,,1.0,1.0,1.0,1.0,1.0,,,,,,,,,,,,,,,,,,,,1.0,1.0
1983-06-05,,,1.0,,,,1.0,1.0,1.0,,,1.0,,1.0,1.0,1.0,1.0,1.0,,,,,,,,,,,,,,,,,,1.0,,,1.0
1983-06-06,,,,,,,,,,,,,,,,1.0,1.0,,,,,,1.0,,,,,,,,,,,,1.0,,,,
1983-06-07,,,,,,,,,,,,,,,1.0,,1.0,1.0,,,,,,,,,,,,,,,1.0,,,1.0,,1.0,1.0
1983-06-08,,,,,,,,,,,,,,,,,,,,,,,,,,,,,,,,,,,,1.0,,,
1983-06-09,,,,,,,,,,,,,,,,,,,,,,,,,,,,,,,,,,,,,,1.0,1.0
1983-06-10,,,,,,,,,,,,,,,,,,,,,1.0,,,,,1.0,,,,,,1.0,1.0,,1.0,,,1.0,1.0
1983-06-11,,,,,,,,,,,,,,,,,,,,,,,,,,1.0,,,,,,,1.0,,1.0,,,,1.0
1983-06-12,,,,,,,,,,,,,,,,,,,,,,,,,,,,,,,,,1.0,,,,,1.0,1.0
1983-06-13,,,,,,,,,,,,,,,,,,,,,,,,,1.0,1.0,,,,,,,,,,,,,
1983-07-10,,,,,,1.0,,,,,,,,,,,,,,,,,,,,,,,,,,,,,,,,,
1983-07-11,1.0,,,,,1.0,,,,,,,,,,,,,,,,,,,,,,,,,,,,,,,,,
1983-07-12,,,,,,,,,,,,,,,,,,,,,,,,,,,,,,,,,1.0,1.0,,1.0,,,
1983-07-13,,,,,,,,,,,,,,,,,,,,,,,,,,,,,,,,,1.0,1.0,1.0,1.0,,,
1983-07-14,,,,,,,,,,,,,,,,,,,,,,,,,,,,,,,,,,,,1.0,,,
1983-07-18,,,,,,,,,,,,,,,1.0,,,,,,,,,,,,,,,,,,,,,,,1.0,1.0
1983-07-19,,,,,,,1.0,1.0,1.0,,,,,1.0,1.0,1.0,,,,,,,,,,,,,,,,,,,,,,,1.0
1983-07-20,,,,,,,1.0,1.0,1.0,,,,,1.0,,1.0,,1.0,,,,1.0,,,,,,,,,,,,,,,1.0,1.0,
1983-07-21,,,,,,,1.0,1.0,,,,,,,,1.0,1.0,1.0,,,,1.0,,,,,,,,,,,,,,,1.0,1.0,
1983-07-22,,,,,,1.0,1.0,,,,,,,,,1.0,1.0,1.0,,,,1.0,1.0,,,,,,,,,,,,,,1.0,1.0,1.0
1983-07-23,,,,1.0,,1.0,,,1.0,,,,,1.0,,,,1.0,,,,,1.0,1.0,,,,,,,,,,,,,1.0,1.0,1.0
1983-07-24,,,,,,1.0,,,1.0,,,,1.0,1.0,,1.0,1.0,1.0,,,,,,1.0,,,,,,,,,,,,,,,
1983-07-25,,,,,,1.0,,,1.0,,1.0,1.0,1.0,1.0,,,,1.0,,,1.0,1.0,1.0,1.0,,,,,,,,,,,,,,,
1983-07-26,,,,1.0,,1.0,1.0,1.0,1.0,1.0,1.0,1.0,1.0,1.0,1.0,1.0,1.0,1.0,,,1.0,1.0,1.0,1.0,,,,,,,,,,,,,,,
1983-07-27,,,,,1.0,1.0,1.0,1.0,,1.0,1.0,1.0,1.0,1.0,1.0,1.0,1.0,1.0,,,,,1.0,1.0,,,,,,,,,,,,,,,
1983-07-28,,,,1.0,1.0,1.0,1.0,1.0,1.0,1.0,1.0,1.0,1.0,1.0,1.0,1.0,1.0,1.0,,,,,1.0,1.0,,,,,,,,,,,,,,,
1983-07-29,1.0,,,1.0,,1.0,1.0,1.0,,,,1.0,,1.0,,1.0,1.0,1.0,,,,,1.0,1.0,,,,,,,,,,,1.0,1.0,,,1.0
1983-07-30,1.0,,,1.0,1.0,1.0,1.0,1.0,,,,1.0,1.0,1.0,1.0,1.0,1.0,1.0,,,,,,,,,,,,,,,,,,1.0,1.0,1.0,1.0
1983-07-31,,,,,1.0,1.0,,,,,,,,1.0,1.0,1.0,,,,,,,1.0,,,,,,,,,,,,,1.0,1.0,1.0,
1983-08-01,,,,,,1.0,,,,,,,,1.0,1.0,1.0,,,,,,,,,,,,,,,,,,,,,,,
1984-06-19,,,,,,,,,,,,,,,,,,,,,,,1.0,,,,,,,,,,,,,,,,
1984-06-20,,,,,,,,,,,,,,,,,,,,,,,1.0,,,,,,,,,,,,,,,,
1984-07-09,,,,,,,,,,,,,,,,,,,,,,1.0,,,,,,,,,,,,,,,,1.0,1.0
1984-07-10,,,,,,,,,,,,,,,,1.0,,,,,,1.0,,,,,,,,,,,,,,,,1.0,1.0
1984-07-11,,,,,,,,,,,,,,,,1.0,,,1.0,,,1.0,,,,,,,,,,,,,,,,,
1984-07-12,,,,,,,,,,,,,,,,1.0,,,,,,,,,,,,,,,,,,,,,,,
1984-07-13,,,,,,,,,,,,,,,,1.0,,,,,,,,,,,,,,,,,,,,,,,
1984-07-23,,,,,,,,,,,,,,,,,,,,,,,,,,1.0,,,,,,,,,,,,,
1984-07-24,,,,,,,,,,,,,,,,,,,,,,,,,,1.0,,,,,,,,,,,,,
1984-07-25,,,,,,,,,,,,,,,,,,,,,,,,,,1.0,,,,,,,,,,,,,
1984-08-31,,,,,,,,,,,,,,,,,,,,,,,,,,,,,,,,,1.0,,,,,,
1984-09-01,,,,,,,,,,,,,,,,,,,,,,,,,,,,,,,,,1.0,,,,,,
1984-09-02,,,,,,,,,,,,,,,,,,,,,,,,,,,,,,,,,1.0,,,,,,
1985-06-04,,,,,,1.0,,,,,,,,,,1.0,,,,,,,,,,,,,,,,,,,,,,,
1985-06-05,,,,,,,,,,,,,,,,1.0,,,,,,,,,,,,,,,,,,,,,,,
1985-06-06,,,,,,,,,,,,,,,,1.0,,,,,,,,,,,,,,,,,,,,,,,
1985-08-13,,,,,,,,,,1.0,,,,,,,,,,,,,,,,,,,,,,,,,,,,,
1985-08-14,,,,1.0,1.0,,,1.0,1.0,1.0,,,,1.0,,,,,,,,,,,,,,,,,,,,,,,,,
1985-08-15,,,,1.0,,,,1.0,1.0,,,,,1.0,,,,,,,,,,,,,,,,,,,,,,,,,
1985-08-16,,,,,,,,1.0,1.0,,,,,1.0,,,,,,,,,,,,,,,,,,,,,,,,,
1985-08-19,,,,,,,,,,,,,,,,,1.0,,,,,,,,,,,,,,,,,,,,,,
1985-08-20,,,,,,,,,,,,,,,,,1.0,,,,,,,,,,,,,,,,,,,,,,
1985-08-21,,,,,,,,,,,,,,,,,1.0,,,,,,,,,,,,,,,,,,,,,,
1986-06-25,,,,,,,,,,,,,,,,,,,,,,,,,,,,,,,,,,,,1.0,,1.0,1.0
1986-06-26,,,,,,1.0,,,,,,,,,,,,,,,,,,,,,,,,,,,,,,,,,1.0
1986-06-27,1.0,,,,,1.0,,,,,,,,,,,,,,,,,,,,,,,,,,,,,,1.0,,1.0,1.0
1986-06-28,1.0,,,,,1.0,,,,,,,,,,,,,,,,,,,,,,,,,,,,,,1.0,,1.0,1.0
1986-06-29,1.0,,,,,,,,,,,,,,,,,,,,,,,,,,,,,,,,,,,1.0,,,
1986-08-16,,,,,,,,,,,,,,,1.0,,,,,,,,,,,,,,,,,,,,,,,,
1986-08-17,,,,,,,,,,,,,,,1.0,,,,,,,,,,,,,,1.0,,,,,,,,,,
1986-08-19,,,,,,,,,,,,,,,,,,,,,,,,,,,,,1.0,,,,,,,,,,
1986-08-21,,,,,,,,,,,,,,,,,,,,,,,,,,,,1.0,1.0,,,,,,,,,,
1986-08-22,,,,,,,,,,,,,,,,,,,,,,,,,,,1.0,1.0,,,,,,,,,,,
1986-08-23,,,,,,,,,,,,,,,,,,,,1.0,,,,,1.0,,1.0,1.0,1.0,,,,,,,,,,
1986-08-24,,,,,,,,,,,,,,,,,,,,,,,,,1.0,,,,,,,,,,,,,,
1987-06-03,,,,,,,,,,,,,,,,,,,,,,,,,1.0,,,,,,,,,,,,,,
1987-06-04,,,,,,,,,,,,,,,,,,,,,,,,,1.0,,,,,,,,,,,,,,
1987-06-11,,,,,,,,,,1.0,1.0,1.0,,,,,,,,,,,,1.0,,,,,,,,,,,,,,,
1987-06-12,,,,,,,,,1.0,1.0,,,,,,,,,,,,,,1.0,,,,,,,,,,,,,,,
1987-06-13,,,,,,,,1.0,1.0,1.0,1.0,1.0,1.0,,,,,,,,,,,1.0,,,,,,,,,,,,,,,
1987-06-15,,,,,,,,,,1.0,1.0,,,,,,,,,,,,,,,,,,,,,,,,,,,,
1987-06-29,,,,,1.0,,,,,,,,,,,,,,,,,,,,,,,,,,,,,,,,,,
1987-06-30,,,1.0,1.0,1.0,,,,,,,,,,,,,,,,,,,,,,,,,,,,,,,,,,
1987-07-01,,,,1.0,,,,,,,,,,,,,,,,,,,,,,,,,,,,,,,,,,,
1987-07-02,,,,,,,,,,,,,,,,,,,,,,,,,,,,,,,,,,,,1.0,,,
1987-07-03,,,,,,,,,,,,,,,,,,,,,,,,,,,,,,,,,1.0,1.0,,1.0,,,
1987-07-04,,,,,,,,,,,,,,,,,,,,,,,,,,,,,,,,1.0,1.0,1.0,,1.0,,,
1987-07-05,,,,,,,,,,,,,,,,,,,,,,,,,,,,,,,,,1.0,1.0,,1.0,,,
1987-07-06,,,,,,1.0,,,,,,,,,,,,,,,,,,,,,,,,,,,,,,,,,
1987-07-19,,,,,,,,,,,1.0,,,,,,,,,,,,,,,,,,,,,,,,,,,,
1987-07-20,,,,,,,,,,,1.0,,,,,,,,,,,,,,,,,,,,,,,,,,,,
1987-07-21,,,,,,,,,,,1.0,,,,,,,,,,,,,,,,,,,,,,,,,,,,
1987-07-22,,,,,,,,,,1.0,1.0,1.0,,,,,,,,,,,,,,,,,,,,,,,,,,,
1987-07-23,,,,,,,,,,1.0,1.0,1.0,,,,,,,,,,,,,,,,,,,,,,,,,,,
1987-07-24,,,,,,,,,,1.0,1.0,1.0,,,,,,,,,,,,,,,,,,,,,,,,,,,
1987-07-25,,,,,,,,,,,1.0,1.0,,,,,,,,,,,,,,,,,,,,,,,,,,,
1987-08-07,,,,,,,,,,,,,1.0,,,,,,,,,,,,,,,,,,,,,,,,,,
1987-08-09,,,,,,,,,,,,,1.0,,,,,,,,,,,,,,,,,,,,,,,,,,
1987-08-10,,,,,,,,,,,,1.0,,,,,,,,,,,,,,,,,,,,,,,,,,,
1987-08-11,,,,,,,,,,,,1.0,,,,,1.0,1.0,,,1.0,,,,,,,,,,,,,,,,,,
1987-08-12,,,,,,,,,,,,1.0,,,,,1.0,1.0,,,,,,,,1.0,,1.0,,,,1.0,1.0,,,,,1.0,1.0
1987-08-13,,,,,,,,,,,,,,,,,1.0,1.0,,,,,,,,1.0,,1.0,,,,1.0,1.0,,1.0,,,1.0,1.0
1987-08-14,1.0,,,,,,,,,,,,,,,,1.0,1.0,,,,,,,,,,1.0,,,,,1.0,1.0,1.0,1.0,,1.0,1.0
1987-08-15,1.0,,,,,,,,,,,,,,,,1.0,1.0,,,,,1.0,,,,,1.0,1.0,1.0,1.0,1.0,1.0,1.0,1.0,1.0,,1.0,
1987-08-16,1.0,,,,,,,,,,,,,,,,1.0,1.0,,,,,,,,,,1.0,1.0,1.0,1.0,,1.0,1.0,1.0,,,1.0,1.0
1987-08-17,,,,,,,,,,,,,,,,,,,,,,,,,,,,1.0,1.0,1.0,1.0,,,1.0,,,,,
1987-08-19,,,,1.0,1.0,,,,,,,,,,,,,,,,,,,,,,,,,,,,,,,,,,
1987-08-20,,,1.0,,1.0,1.0,,,,,,,,,,,,,,,,,,,,,,,,,,,,,,,,,
1987-08-21,,,1.0,,,1.0,1.0,,,,,,,,,,,,,,,,,,,,,,,,,,,,,,,,
1987-08-22,,,,,,1.0,,,,,,,,,,,,,,,,,,,,,,,,,,,,,,,,,
1987-08-28,,,,,,,,,,,,1.0,,,,,,,,,,,,,,,,,,,,,,,,,,,
1987-08-29,,,,,,,,,,,,1.0,,,,,,,,,,,,,,,,,,,,,,,,,,,
1987-08-30,,,,,,,,,,1.0,,,,,,,,,,,,,,,,,,,,,,,,,,,,,
1987-08-31,,,,,,,,,,1.0,,,,,,,,,,,,,,,,,,,,,,,,,,,,,
1987-09-01,,,,,,,,,,1.0,,,,,,,,,,,,,,,,,,,,,,,,,,,,,
1988-07-04,,,,,,,,,,,1.0,1.0,1.0,,,,,,,,,,,,,,,,,,,,,,,,,,
1988-07-05,,,,,,,,,1.0,1.0,,1.0,,,,,,,,,,,,,,,,,,,,,,,,,,,
1988-07-06,,,,,,,,,1.0,1.0,1.0,1.0,1.0,,,,,,,,,,,,,,,,,,,,,,,,,,
1988-07-07,,,,,,,,1.0,1.0,1.0,1.0,1.0,,,,,,,,,,,,,,,,,,,,,,,,,,,
1988-07-08,,,,,,,,1.0,1.0,1.0,1.0,1.0,,,,,,,,,,,,,,,,,,,,,,,,,,,
1988-07-09,,,,,,,,1.0,,1.0,1.0,1.0,,,,,,,,,,,,,,,,,,,,,,,,,,,
1988-07-10,,,,,,,,1.0,1.0,1.0,1.0,1.0,,,,,,,,,,,,,,,,,,,,,,,,,,,
1988-07-25,,,,,,,,1.0,,,,,,,,,,,,,,,,,,,,,,,,,,,,,,,
1988-07-26,,,,,,,,1.0,1.0,1.0,,,,,,,,,,,,,,,,,,,,,,,,,,,,,
1988-07-27,,,,,,,,1.0,1.0,1.0,,,,,,,,,,,,,,,,,,,,,,,,,,,,,
1988-08-01,,,,,,,,,,,,,,,1.0,,,,,,,,,,,1.0,,,,,,,,,,,,,
1988-08-02,,,,,,,,,,,,,,,1.0,,,,,,,,,,,,,,,,,,,,,,,,
1988-08-03,,,,,,,,,,,,,,,,,,,,,,,,,,1.0,,,,,,,,,,,,,
1988-08-12,,,,,,,,,,,1.0,,,,,,,,,,,,,,,,,,,,,,,,,1.0,,,
1988-08-13,,,,,,,,1.0,1.0,1.0,1.0,1.0,,,,,,,,,,,,,,,,,,,,,,,,1.0,,,
1988-08-14,1.0,,,,,1.0,,1.0,1.0,1.0,1.0,1.0,,,1.0,1.0,,,,,,,,,,,,,,,,,,,1.0,1.0,,,
1988-08-15,,,1.0,,,1.0,,1.0,1.0,1.0,1.0,1.0,,1.0,1.0,1.0,,,,,,,,,,,,,,,,,,,1.0,1.0,,,
1988-08-16,,,,,,1.0,,1.0,,,,,,1.0,1.0,1.0,,,,,,,,,,,,,,,,,,,,1.0,,,
1988-08-17,,,,,,1.0,,1.0,1.0,1.0,,,,,,,,,,,,,,,,,,,,,,,,,,1.0,,,
1988-08-18,,,,,,1.0,,1.0,1.0,,1.0,,,,,,,,,,,,,,,,,,,,,,,,,,,,
1988-08-19,,,,,,1.0,,,,,,,,,,,,,,,,,,,,,,,,,,,,,,,1.0,,
1988-08-20,,,,,,,,,,,,,,,,,,,,,,,,,,,,,,,,,,,,,1.0,,
1988-09-01,,,,,,,,,,,,,,,,,,,,,,,,1.0,,,,,,,,,,,,,,,
1988-09-02,,,,,,,,,,,,,,,,,,,,,,,,1.0,,,,,,,,,,,,,,,
1989-06-15,1.0,,,,,,,,,,,,,,,,,,,,,,,,,,,,,,,,,,,,,,
1989-06-21,,1.0,,,,,,,,,,,,,,,,,,,,,,,,,,,,,,,,1.0,,,,,
1989-06-22,,1.0,,,,,,,,,,,,,,,,,,,,,,,,,,,,,,,1.0,1.0,,,,,
1989-06-23,,,,,,,,,,,,,,,,,,,,,,,,,,,,,1.0,,,,1.0,1.0,,,,,
1989-06-24,,,,,,,,,,,,,,,,,,,,,,,,,1.0,1.0,,,,,,,,1.0,,,1.0,,
1989-06-25,,,,,,,,,,,,,,,,,,,,,,,,,1.0,1.0,,,1.0,,,,,,,,1.0,,
1989-06-26,,,,,,,,,,,,,,,,,,,,,,,,,1.0,1.0,,,,,,,,,,,1.0,,
1989-06-27,,,,,,,,,,,,,,,,,,,,1.0,,,,,1.0,1.0,,,,,,,,,,,,,
1989-06-28,,,,,,,,,,,,,,,,,,,,,,,,,1.0,,,,,,,,,,,,,,
1989-07-01,,,,,,,,,,,,,,,,,,,,,,,,,1.0,,,,,,,,,,,,,,
1989-07-02,,,,,,,,,,,,,,,,,,,,,,,,,1.0,,,,,,,,,,,,,,
1989-07-03,,,,,,,,,,,,,,,,,,,,,,,,,1.0,,,,,,,,,,,,,,
1989-07-19,1.0,,,,,,,,,,,,,,,,,,,,,,,,,1.0,,,,,,,,,,,,,
1989-07-20,1.0,,,,,,,,,,,,,,,,,,,,,,,,,1.0,,,,,,,,,,,,,
1989-07-25,,,,,,,,,,,,,,,,,,,,,,,,,,,,,,,,,1.0,,,,,,
1989-07-26,,,,,,,,,,,,,,,,,,,,,,,,,,,,,,,,,1.0,1.0,,,,,
1989-07-27,,,,,,,,,,,,,,,,,,,,,,,,,,,,,,,,,1.0,1.0,,,,,
1989-08-01,,,,,,,,,,,,,,,,,,,,,,,,,1.0,,,,,,,,,,,,,,
1989-08-09,,,,,,,,,,,,,,,,,,,,,,,,,,1.0,1.0,,,,,,,,,,,,
1989-08-12,,,,,,,,,,,,,,,,,,,,,,,,,,1.0,,,,,,,,,,,,,
1989-08-17,,,,,,,,1.0,,,,,,,,,,,,,,,,,,,,,,,,,,,,,,,
1989-08-18,,,,,,,1.0,1.0,,,,,,,,,,,,,,,,,,,,,,,,,,,,,,,
1989-08-19,,,,,,,1.0,1.0,,,,,,,,,,,,,,,,,,,,,,,,,,,,,1.0,,
1989-08-20,,,,,,,1.0,,,,,,,,,,,,,,,,,,,,,,,,,,,,,,1.0,,
1989-08-21,,,,,,,,,,,,,,,,,,,,,,,,,,,,,,,,,,,,,1.0,1.0,1.0
1989-08-22,,,,,,,1.0,,,,,,,,,,,,,,,,,,,,,,,,,,,,,,,,
1989-08-23,,,,1.0,,,,,,,,,,,,,,,,,,,,,,,,,,,,,,,,,,,1.0
1989-08-24,,,1.0,,,,,,,,,,,,,,,,,,,,,,,,,,,,,,,,,,,,
1989-08-25,,1.0,,,,,,,,,,,,,,,,,,,,,,,,,,,,,,,,,,,,,
1990-06-22,,,,,,,,,,,,1.0,,,,,,,,,,,,,,,,,,,,,,,,,,,
1990-06-23,,,,,,,,,,,,1.0,,,,,,,,,,,,,,,,,,,,,,,,,,,
1990-06-24,,,,,,,,,,,,1.0,,,,,,,,,,,,,,,,,,,,,,,,,,,
1990-06-25,,,1.0,,,1.0,,,,,,,,,,,,,,,,,,,,,,,,,,,,,,,,,
1990-06-26,,,1.0,,,1.0,,,,1.0,,,,,,,,,,,,,,,,,,,,,,,,,,,,,
1990-06-27,,,1.0,,,1.0,,,,1.0,,,,,,,,,,,,,,,,,,,,,,,,,,,1.0,,
1990-06-28,,,,,,,,,,,,,,,,,,,,,,,,,,,,,,,,,,,,,1.0,,
1990-06-29,,,,,,,,,,,,,,,,,,,,,,,,,,,,,,,,,,,,,1.0,,
1990-06-30,,,,,,,,,,,,,,,,,,,,,,,,,,,,,,,,,,,,,1.0,,
1990-07-16,,,,,,,,,,,,,,,,,,,,,,,,,,,,,,,,,1.0,,,,,,
1990-07-17,,1.0,,,,,,,,,,,,,,,,,,,,,,,,,,,,,,,,1.0,,,,,
1990-07-18,,,,,,,,,,,,,,,,,,,,,,,,,,,,,,,,,1.0,1.0,,,,,
1990-07-24,,,,,,,,,,,,,,,,,,,,,,,,,,,,1.0,,,,,,,,,,,
1990-07-25,,,,,,,,,,,,,,,,,,,,,,,,,,,,1.0,1.0,,,,,,1.0,,,,
1990-07-26,,,,,,,,,,,,,,,,,,,,,,,,,,,,1.0,,,,,,,,,,,
1990-07-27,,,,,,,,,,,,,,,,,,,,,,,,,,,,1.0,1.0,,,,,,,,,,
1990-08-03,1.0,,,,1.0,,,,,,,,,,,,,,,,,,,,,,,,,,,,,1.0,1.0,,,,
1990-08-04,,1.0,,,,,1.0,,,,,,,,,,,,,,,,,,,,,,,,,,,1.0,,1.0,,,
1990-08-05,,,,,,,,,,,,,,,,,,,,,,,,,,,,,,,,,,,,1.0,,,
1990-08-06,,,,,,,,,,,,,,,,,,,,,,,,,,,,,,,,,,,,1.0,,,
1991-06-14,,,,,,,,,,,,,,,,,,,,,,,1.0,,,,,,,,,,,,,,,,
1991-06-15,,,,,,,,,,,,,,,,,,,,,,,1.0,,,,,,,,,,,,,,,,
1991-06-16,,,,,,,,,,,,,,,,,,,,,,,1.0,,,,,,,,,,,,,,,,
1991-06-25,,1.0,,,,,,,,,,,,,,,1.0,1.0,,,,,,,,1.0,,,,,,,,,,,,,
1991-06-26,,,1.0,,,,,,,,,,,,,,1.0,1.0,,,,,,,,1.0,,,,,,,,,,,,,
1991-06-27,,,,,,,,,,,,,,,,,1.0,1.0,,,,,,,,,,,,,,,,,,,,,
1991-07-12,,,,,,,,,,,,,,,,,,,,,,,,,,1.0,,,,,,,,,,,,,
1991-07-13,,,,,,,,,,,,,,,,,,,,,,,,,,1.0,,,,,,,,,,,,,
1991-07-14,,,,,,,,,,,,,,,,,,,,,,,,,,1.0,,,,,,,,,,,,,
1991-07-18,,1.0,,,,,,,,,,,,,,,,,,,,,,,,,,,,,,,,,,,,,
1991-07-19,,1.0,1.0,,,,,,,,,,,,,,,,,,,,,,,,,,,,,,,,,,,,
1991-08-03,,,,,,,,,,,,,,,,,,,,,,,,,,1.0,,,,,,,,,,,,,
1991-08-04,,,,,,,,,,,,,,,,,,,,,,,,,,1.0,,,,,,,,,,,,,
1991-08-05,,,,,,,,,,,,,,,,,,,,,,,,,,1.0,,,,,,,,,1.0,1.0,,,
1991-08-06,,,,,,,,,,,,,,,,,,,,,,,,,,1.0,,1.0,1.0,,,,,,1.0,1.0,,,
1991-08-07,,,,,,,,,,,,,,,,,,,,,,,,,,1.0,,1.0,1.0,,,,,,1.0,1.0,,,
1991-08-13,,,,,,,,,,,,,,,,,,,,,,,,,,,,,,,,,1.0,,,,,,
1991-08-14,,,1.0,,,,,,,,,,,,,,,,,,,,,,,,,,,,,,1.0,,,,,,
1991-08-15,,1.0,,,,,,,,,,,,,,,,,,,,,,,,1.0,,,,,,,1.0,,,,,,
1991-08-16,,,,,,,,,,,,,,,,,,,,,,,,,,1.0,,,,,,,1.0,,,,,,
1991-08-17,,1.0,,,,,,,,,,,,,,,,,,,,,,,,,,,,,,,,,,,,,
1991-08-20,,,,,,,,,,,,,,,,,,,,,,,,,,1.0,,,,,,,,,,,,,
1991-08-21,,,,,,,,,,,,,,,,,,,,,,,,,,1.0,,,,,,,,,,,,,
1991-08-22,,,,,,,,,,,,,,,,,,,,,,,,,,1.0,,1.0,,,,,,,,,,,
1991-08-23,,,,,,,,,,,,,,,,,,,,,,,,,,,,1.0,,,,,,,,,,,
1991-08-24,,,,,,,,1.0,,,,,,,1.0,1.0,,,,,1.0,,1.0,,,,,1.0,,,,,,,,,,,
1991-08-25,,,,,,,1.0,1.0,,,,1.0,,1.0,1.0,1.0,1.0,1.0,1.0,,,,,,,1.0,,1.0,,,,,,,,1.0,1.0,,
1991-08-26,,,,,,,,1.0,,,,1.0,,1.0,1.0,1.0,1.0,1.0,,,,,1.0,,,1.0,,1.0,,,,1.0,,,1.0,1.0,1.0,1.0,1.0
1991-08-27,,,,,,,1.0,1.0,,,,1.0,,,,1.0,1.0,1.0,,,,,,,,,,1.0,,1.0,1.0,,,1.0,1.0,1.0,1.0,1.0,1.0
1991-08-28,1.0,1.0,,,,,,,,,,1.0,,,1.0,1.0,1.0,1.0,,,,,,,,1.0,,,,,,,1.0,,,1.0,1.0,1.0,1.0
1991-08-29,,1.0,,,,,,,,,,,,,,,1.0,1.0,,,,,,,,,1.0,1.0,1.0,,1.0,,1.0,1.0,,1.0,1.0,1.0,1.0
1991-08-30,,,,,,,,,,,,,,,,,,,,,,,,,,1.0,,,1.0,1.0,,,,,,1.0,,,1.0
1991-08-31,,,,,,,,,,,,,,,,,,,,,,,,,,1.0,1.0,1.0,,,,,,,,,1.0,1.0,1.0
1991-09-01,,,,,,,,,,,,,,,,,,,,,,,,,1.0,,,,,,,,,,,,,,
1992-07-28,,,,,,,,,,1.0,,,,,,,,,,,,,,,,,,,,,,,,,,,,,
1992-07-29,,,,,,,,,,1.0,,,,,,,,,,,,,,,,,,,,,,,,,,,,,
1992-07-30,,,,,,,,,,1.0,,,,,,,,,,,,,,,,,,,,,,,,,,,,,
1992-07-31,,,,,,,,1.0,1.0,,,,,,,,,,,,,,,,,,,,,,,,,,,,1.0,,
1992-08-01,,,,,,,1.0,1.0,,,,,,,,,1.0,1.0,,,,,,,,,,,,,,,,,,,,,
1992-08-02,,,,,,,1.0,1.0,1.0,,,,,,,,1.0,1.0,,,,,,,,,1.0,1.0,,,,,,,,,1.0,,
1992-08-03,,,,,,,,1.0,,,,,,,,,1.0,1.0,,,,,,,,,,,,,,,,,,,1.0,,
1992-08-04,,,,,,,,,,,,,,,,,1.0,,,,,,,,,,1.0,1.0,,,,,,,,,1.0,,
1992-08-05,,,,,,,,,,,,,,,,,,1.0,,,,,,,,1.0,,,,,,,,,,,1.0,,
1992-08-06,,,,1.0,,1.0,1.0,1.0,1.0,,,,,1.0,1.0,1.0,,,,,,,,,,1.0,,,,,,,,,,,,,
1992-08-07,,,,1.0,,1.0,1.0,1.0,1.0,,,,,1.0,,1.0,,,,,,,,,,1.0,,,,,,,,,,,,,
1992-08-08,,,,,,1.0,1.0,1.0,1.0,,,,,1.0,1.0,1.0,,,,,,,,,,,,,,,,,,,,,,,
1992-08-09,,,,,,1.0,,,1.0,,,,,,,1.0,,,,,,,,,,,,,,,,,,,,,,,
1992-08-20,,,,,,,,,,,,,,,,,,,,,,,,,,,,,,1.0,1.0,,,,,,,,
1992-08-21,,,,,,,,,,,,,,,,,,,,,,,,,,,,1.0,1.0,1.0,1.0,,,,,,,,
1992-08-22,,,,,,,,,,,,,,,,,1.0,,,,,,,,,,,,,,,,,,,,,,
1992-08-23,,,,,,,,,,,,1.0,,,,,1.0,1.0,,,,,,,,1.0,1.0,1.0,,,,,,,,,1.0,1.0,1.0
1992-08-24,,,,,,,1.0,1.0,,,,1.0,,,,,1.0,,,,,,,,,1.0,1.0,1.0,,,,,,,1.0,,1.0,1.0,1.0
1992-08-25,,,,,,,,,1.0,1.0,,1.0,,1.0,1.0,1.0,1.0,1.0,,,,,,,,1.0,1.0,1.0,,,,,,,1.0,1.0,1.0,1.0,1.0
1992-08-26,,,,,,,1.0,1.0,1.0,1.0,,1.0,,1.0,,1.0,,,,,,,,,1.0,1.0,,1.0,1.0,,,,,,1.0,1.0,1.0,1.0,1.0
1992-08-27,,,,,,1.0,1.0,1.0,1.0,,,,,1.0,1.0,1.0,,,,,,,,,1.0,1.0,,,,,,1.0,,,,1.0,,,
1992-08-28,,,,,,,,1.0,1.0,,,,,1.0,1.0,1.0,,,,,,,,,,1.0,,1.0,1.0,,,,,,,,1.0,,
1992-08-29,,,,,,,,1.0,,,,,,,,,,,,,,,,,,,,,,,,,,,,,,,
1992-08-30,,,,,,,,,,,,,,,,,,,,,,,,,,,,,,,,,,,,,1.0,,
1993-06-05,,,,,,,1.0,,,,,,,,,,,,,,,,,,,,,,,,,,,,,,,,
1993-06-06,,,,,,,,,,1.0,,,,,,,,,,,,,,,,,,,,,,,,,,,,,
1993-06-07,,,,,1.0,1.0,1.0,,,,,,,,,,,,,,,,,,,,,,,,,,,,,,,,
1993-06-08,,,1.0,,1.0,1.0,1.0,1.0,1.0,1.0,,,,,,,,,,,,,,,,,,,,,,,,,,,,,
1993-06-09,,,,,,1.0,1.0,1.0,,1.0,,,,,,,,,,,,,,,,,,,,,,,,,,,,,
1993-06-18,,,,,,1.0,,,,,,,,,,,,,,,,,,,,,,,,,,,,,,,,,
1993-06-20,,,,,,1.0,,,,,,,,,,,,,,,,,,,,,,,,,,,,,,,,,
1993-06-27,,1.0,,,,,,,,,,,,,,,,,,,,,,,,,,,,1.0,,1.0,,,,,,,
1993-06-28,,,,,,,,,,,,,,,,,,,,,,,,,,,,,,1.0,,,,,,,,,
1993-07-03,,,,,,,,,,,,1.0,,,,,,,,,,,,,,,,,,,,,,,,,,,
1993-07-04,,,,,,,,1.0,1.0,1.0,1.0,1.0,,,,,,,,,,,,,,,,,,,,,,,,,,,
1993-07-05,,,,,,,,,,1.0,1.0,1.0,,,,,,,,,,,,,,,,,,,,,,,,,,,
1993-08-02,,,,,,,,,,,,1.0,,,,,,,,,,,,,,,,,,,,,,,,,,,
1993-08-03,,,,,,,,,,,,1.0,,,,,,1.0,,,,,,,,,,,,,,,,,,,,,
1993-08-04,,,,,,,,1.0,,,,1.0,,1.0,,,1.0,1.0,,,,,,,,1.0,,,,,,,,,,,,1.0,1.0
1993-08-05,,,1.0,,,,,1.0,1.0,,,1.0,,,,,1.0,1.0,,,,,,,,1.0,1.0,1.0,1.0,1.0,1.0,,1.0,,,,,1.0,1.0
1993-08-06,,,,,,,,1.0,1.0,,,1.0,,,,,1.0,1.0,,,,,,,1.0,1.0,,1.0,,,,,1.0,,,,,1.0,1.0
1993-08-07,,,,,,,,,,,,1.0,,,,,1.0,1.0,,,,,,,1.0,1.0,,,1.0,1.0,1.0,,,,,,,1.0,1.0
1993-08-08,,,,,,,,,,,,1.0,,1.0,,,1.0,1.0,,,,,,,,,,,,,,1.0,1.0,,,,,,
1993-08-17,,1.0,1.0,,1.0,1.0,,1.0,1.0,,,,,1.0,,,,,,,,,,,,,,,,,,,,,,,,,
1993-08-18,,1.0,1.0,,1.0,1.0,,1.0,1.0,,,,,1.0,,,1.0,1.0,,,,,,,,,,,,,,,,,1.0,1.0,,1.0,1.0
1993-08-19,,,,,,,,1.0,,,,,,,,,1.0,1.0,,,,,,,,,,,,,,1.0,1.0,,,1.0,,1.0,1.0
1993-08-20,,,1.0,,,,,,,,,,,,,,1.0,1.0,,,,,,,,,,,,,,,,,1.0,1.0,,,1.0
1993-08-21,,,1.0,,,,,1.0,1.0,,1.0,,,,,1.0,,,,,,,,,,,,,,,,,1.0,,1.0,1.0,,1.0,1.0
1993-08-22,,,,,,,,1.0,1.0,,1.0,,,,,1.0,,,,,,,1.0,,,,,,,,,,,,,,,,
1993-08-23,,,,,,,,1.0,1.0,,1.0,,,,,1.0,,,,,,,1.0,,,,,,,,,,,,,,,,
1993-08-24,,,,,,,,1.0,1.0,1.0,1.0,1.0,1.0,,,1.0,1.0,,,,,,1.0,,,,,,,,,,,,,,,,
1993-08-25,,,,,,,,1.0,1.0,1.0,1.0,1.0,,,,1.0,1.0,,,,,,1.0,,,,,,,,,,,,,,,,
1993-08-26,,,,,,,,1.0,1.0,1.0,1.0,1.0,,,,,,,,,,,,,,,,,,,,,,,,,,,
1993-08-27,,,,,,,,,1.0,1.0,1.0,1.0,,,,,,,,,,,,,,,,,,,,,,,,,,,
1994-06-01,,,,,,,,,,,,,,1.0,,,,,,,,,,,,,,,,,,,,,,,,,
1994-06-02,,,,,,,,,,,,,1.0,1.0,,,,,,,,,,,,,,,,,,,,,,,,,
1994-06-03,,,,,,,,,,,,,,,,,,,,,,,,,1.0,,,,,,,,,,,,,,
1994-06-04,,,,,,,,,,,,,,,,,,,,,,,,,1.0,,,,,,,,,,,,,,
1994-06-05,,,,,,,,,,,,,,,,,,,,,,,,,1.0,,,,,,,,,,,,,,
1994-06-17,,,,,,,,,,,,,,,,,,,,,,,1.0,,,,,,,,,,,,,,,,
1994-06-18,,,,,,,,,,,,,,,,,,,,,,,1.0,,,,,,,,,,,,,,,,
1994-06-19,,,,,,,,,,,,,,,,,,,,,,,1.0,,,,,,,,,,,,,,,,
1994-06-22,,,,,,1.0,,,,,,,,,,,,,,,,,,,,,,,,,,,,,,,,,
1994-06-23,,1.0,,,,1.0,,,,,,,,,,,,,,,,,,,,,,,,,,,,,,,,,
1994-06-24,,,,,,1.0,,,,,,,,,,,,,,,,,,,,,,,,,,,,,,,,,
1994-06-25,,,,,,1.0,,,1.0,,,,,,,,,,,,,,,,,,,,,,,,,,,,,,
1994-06-26,,,,,,,,,1.0,,,,,,,,,,,,,,,,,,,,,,,,,,,,,,
1994-06-29,,,,,1.0,,,,,,,,,,,,,,,,,,,,,,,,,,,,,,,,,,
1994-06-30,1.0,,,,1.0,1.0,1.0,1.0,,,,,,,,,1.0,1.0,,,,,,,,1.0,1.0,1.0,1.0,,,,1.0,,1.0,1.0,,1.0,1.0
1994-07-01,1.0,,,,,1.0,1.0,1.0,1.0,,,,,1.0,,,1.0,1.0,,,,,,,1.0,1.0,1.0,1.0,1.0,,,,1.0,,1.0,1.0,1.0,1.0,1.0
1994-07-02,,,,,,1.0,1.0,1.0,,,,,,1.0,,1.0,1.0,1.0,,,,,,,1.0,1.0,,1.0,1.0,,,,1.0,1.0,1.0,1.0,1.0,1.0,1.0
1994-07-03,,,,1.0,,1.0,,1.0,1.0,,,,,1.0,1.0,1.0,1.0,1.0,,,,,1.0,,,1.0,,,,,,,1.0,1.0,1.0,1.0,1.0,1.0,1.0
1994-07-04,,1.0,,1.0,,1.0,1.0,1.0,1.0,,,,,,,1.0,1.0,1.0,,,1.0,,,,,1.0,,,1.0,,,,1.0,1.0,1.0,1.0,1.0,1.0,1.0
1994-07-05,,,,1.0,,,,1.0,,,,,,,,1.0,1.0,1.0,,,,,,,,1.0,1.0,1.0,,,1.0,1.0,,1.0,1.0,1.0,1.0,1.0,1.0
1994-07-06,,,,,,,,,,,,,,,,1.0,1.0,1.0,,,,,,,,1.0,1.0,1.0,,,,,,,,,,1.0,1.0
1994-07-07,,,,,,,,,,,,,,,,,,,,,,,,,1.0,,,,,,,,,,,,,,
1994-07-10,,,,,,,1.0,,,,,,,,,,,,,,,,,,,,,,,,,,,,,,,,
1994-07-13,1.0,,,,,,1.0,,,,,,,,,,,,,,,,,,,,,,,,,,,,,,1.0,,
1994-07-14,,,,,,,,,,,,,,,,,,,,,,,,,,,,1.0,,,,,,,1.0,1.0,1.0,,
1994-07-15,,,,,,,,,,,,,,,,,,,,,,,,,,,,,,,,,,,,,1.0,1.0,1.0
1994-07-16,,,,1.0,1.0,1.0,,,,,,,,,,,,,,,,,,,,,,1.0,,,,,,,,1.0,1.0,1.0,1.0
1994-07-17,,,,,,1.0,,,,,,,,,,,,,,,,,,,,,,,,,,,,,1.0,1.0,1.0,1.0,1.0
1994-07-18,,,,1.0,,1.0,,,,,,,,,,,,,,,,,,,,,,,,,,,,,,,1.0,,
1994-07-26,,,1.0,,,,,,,,,,,,,,,,,,,,,,,,,,,,,,,,1.0,1.0,,,
1994-07-27,,,1.0,,,1.0,,,,,,,,,,,,,,,,,,,,,,,,,,,,,1.0,1.0,,,
1994-07-28,,,,,,,,,,,,,,,,,,,,,,,,,,,,,,,,,,,1.0,1.0,1.0,,
1994-07-29,,,,,,,,,,,,,,,,,,,,,,,,,,,,,,,,,,,,,1.0,,
1994-07-30,,,,,,,,,,,,,,,,,,,,,,,,,,,,,,,,,,,,,1.0,,
1994-08-03,,,,,1.0,1.0,1.0,1.0,1.0,,,,,,,,,,,,,,,,,,,,,,,,,,,,,,
1994-08-04,,,1.0,1.0,1.0,1.0,1.0,1.0,1.0,,,,,1.0,1.0,,,,,,,,,,,,,,,,,,,,,,,,
1994-08-05,,,1.0,1.0,,1.0,1.0,1.0,1.0,,,,,1.0,1.0,,1.0,1.0,,,,,,,,,,,,,,,,,1.0,1.0,,,
1994-08-06,,,1.0,1.0,,1.0,1.0,1.0,1.0,,,,,1.0,1.0,,1.0,1.0,,,,,,,,,,,,,,,,,1.0,1.0,1.0,,
1994-08-07,,,,,,1.0,1.0,1.0,1.0,,,,,1.0,1.0,,1.0,1.0,,,,,,,,1.0,1.0,1.0,1.0,,,,,,1.0,1.0,1.0,,
1994-08-08,,,,1.0,,,1.0,1.0,,,,1.0,,1.0,,1.0,1.0,1.0,,,,,1.0,1.0,,1.0,1.0,1.0,1.0,,,,,,1.0,1.0,1.0,,
1994-08-09,,,,,,,1.0,1.0,1.0,,,1.0,,1.0,1.0,1.0,1.0,1.0,1.0,,,,1.0,1.0,,,1.0,1.0,1.0,1.0,,,,,,,,,
1994-08-10,,,,,,,,,1.0,,,1.0,,1.0,,1.0,1.0,,1.0,,,,1.0,1.0,,,1.0,1.0,,,,,,,1.0,,,,
1994-08-11,,,,,,,,,,,,,,,,,1.0,1.0,,,,,,,,,1.0,1.0,,1.0,,1.0,,,1.0,,,,
1994-08-12,,,,,,,,,,,,1.0,,,,,1.0,1.0,,,,,,,,,,,,,,,,,,,1.0,,
1994-08-13,,,,,,,,,1.0,,,1.0,1.0,,1.0,1.0,1.0,1.0,,,,,1.0,,,,,,,,,,,,,,,,
1994-08-14,,,,,,,1.0,1.0,1.0,,1.0,1.0,,,,,,1.0,,,,1.0,,,,,,,,,,,,,,,,,
1994-08-15,,,,,,,,,1.0,,1.0,1.0,,,,1.0,,1.0,,,,,,,,,,,,,,,,,,,,,
1994-08-16,,,,,,,1.0,1.0,,,1.0,,,,,,,1.0,,,,,1.0,,,,,,,,,,,,,,1.0,,
1994-08-17,,,,,,,,1.0,1.0,,,1.0,,,,1.0,1.0,1.0,,,,,,1.0,,,,,,,,,,,,,1.0,,
1994-08-19,,,,,,,,,,,,,,,,,,,,,,,,,,,,,,,,,,,,1.0,,,
1994-08-20,,,,,,,,,,,,,,,,,,,,,1.0,,,,,1.0,,1.0,,,,,,,,1.0,1.0,1.0,1.0
1994-08-21,,,,,,,,,,,,,1.0,,1.0,1.0,1.0,1.0,,,,,1.0,1.0,,1.0,1.0,1.0,1.0,1.0,,,,,1.0,1.0,1.0,1.0,1.0
1994-08-22,,,,,,,,,1.0,,1.0,1.0,1.0,,,1.0,1.0,1.0,,,,1.0,1.0,1.0,1.0,1.0,1.0,1.0,1.0,,,,,,,1.0,1.0,1.0,1.0
1994-08-23,,,,,,,,,,,1.0,1.0,1.0,,1.0,1.0,1.0,1.0,,,,,1.0,,,1.0,1.0,1.0,,,,,1.0,,,1.0,1.0,1.0,1.0
1994-08-24,,,,,,,,,,,1.0,1.0,,,,,,,,,,,,1.0,1.0,1.0,,,,,,,,,,,,,
1994-08-27,,,,,,,,,,1.0,,,,,,,,,,,,,,,,,,,,,,,,,,,,,
1994-08-28,,,,,,,,1.0,1.0,1.0,,1.0,,1.0,,,,,,,,,,,,1.0,,,,,,,,,,,1.0,1.0,1.0
1994-08-29,,,,,,,,1.0,1.0,1.0,,1.0,,1.0,,,1.0,1.0,,,,,,,,,,,,,,,,,,,1.0,1.0,1.0
1994-08-30,,,,,,,1.0,1.0,,,,1.0,,1.0,1.0,1.0,1.0,1.0,,,,1.0,1.0,1.0,,1.0,,,,,,,,,,,,,
1994-08-31,,,,,,1.0,1.0,1.0,1.0,,1.0,1.0,,,,1.0,1.0,,,,,,1.0,1.0,,1.0,,,,,,,,,,,,,
1994-09-01,,,,,,,,,1.0,1.0,1.0,1.0,,,,,,,,,,,1.0,1.0,,,,,,,,,,,,,,,
1994-09-02,,,,,,,,,,1.0,1.0,,,,,,,,,,,,,1.0,,,,,,,,,,,,,,,
1995-07-19,,1.0,,,,1.0,,,,,,,,,,,,,,,,,,,,,,,,,,,,,1.0,,,,
1995-07-20,,,,,1.0,1.0,,,,,,,,,,,,,,,,,,,,,,,,,,,,,1.0,,,,
1995-07-21,,,,,,1.0,,,,,,,,,,,,,,,,,,,,,,,,,,,,,1.0,,,,
1995-07-23,,,,,,1.0,,,,,,,,,,,,,,,,,,,,,,,,,,,,,,,,,
1995-07-24,,,,,,1.0,,,,,,,,,,,,,,,,,,,,,,,,,,,,,,,,,
1995-07-25,,,,,,1.0,,,,,,,,1.0,,,,,,,,,,,,,,,,,,,,,,,,,
1995-07-26,,,,,,,,,,,,,,1.0,,,,,,,,,,,,,,,,,,,,,,,,,
1995-07-27,,,,,,,,,,,,,,1.0,,,,,,,,,,,,,,,,,,,,,,,,,
1995-08-02,,,,,,,,,,,,,,,,,,,,,,,,,,,,,,,,,,,1.0,,,,
1995-08-03,,,,,,,,,,,,,,,,,,,,,,,,,,,,,,,,,,,1.0,,,,
1995-08-04,,,,,,,,,,,,,,,,,,,,,,,,,,,,,,,,,,,1.0,,,,
1995-08-05,,,,,,,,,,,,,,,,,,,,,,,,,1.0,,,,,,,,,,,,,,
1995-08-06,,,,,,,,,,,,,,,,,,,,,,,,,1.0,,,,,,,,,,,,,,
1995-08-07,,,,,,,,,,,,,,,,,,,,,,,,,1.0,,,,,,,,,,,,,,
1995-08-11,,,,,,,,,,,,,,,,,,,,,,,,,,,,,,,,,1.0,,,,,,
1996-06-04,,,,1.0,1.0,,,,,,,,,,,,,,,,,,,,,,,,,,,,,,,,,,
1996-06-05,1.0,,,,,,,,,,,,,,,,,,,,,,,,,,,,,,,,,,,,,,
1996-06-08,,,,,,1.0,,1.0,1.0,,,,,,,,,,,,,,,,,,,,,,,,,,,,,,
1996-06-09,,,,,,1.0,,,1.0,,,,,,1.0,,,,,,,,,,,,,,,,,,,,,,,,
1996-06-10,,,,1.0,,1.0,,1.0,1.0,,1.0,,,,,1.0,,,,,,,,,,,,,,,,,,,,,,,
1996-06-11,1.0,1.0,,1.0,1.0,,,,,,,,,1.0,,,,,,,,,,,,,,,,,,,,,1.0,1.0,,,
1996-06-12,,,,,1.0,1.0,,1.0,,,1.0,,,1.0,,,,,,,,,,,,,,,,1.0,1.0,1.0,,,,1.0,1.0,,
1996-06-13,,,,,1.0,,,,,,,,,1.0,,,,,,,,,,,,,,,,1.0,1.0,1.0,,,1.0,,,,
1996-06-14,1.0,1.0,,,,,,,,,,,,,,,,,,,,,,,,,,,,1.0,,,,,1.0,,1.0,,
1996-06-15,,,,,,1.0,,,,,,,,,,,,,,,,,,,,,,,,,,,,,,,,,
1996-06-16,,,,,,1.0,,,,,,,,,,,,,,,,,,,,,,,,,,,,,,,,,
1996-06-17,,,,,,1.0,,,,,,,,,,,,,,,,,,,,,,,,,,,,,,,,,
1996-06-19,,,,,,,,,,,,,,,,,,,,,,,,,,,,1.0,,,,,,,,,,,
1996-06-20,,,,,,,,,,,,,,,,,,,,,,,,,,,,1.0,1.0,,,,,,,,1.0,,
1996-06-21,,,,,,,,,,,,,,,,,,,,,,,,,,,,1.0,,,,,,,,,,,
1996-07-05,,,,,,,,,,,,,,,,,,,,,,,,,,,,1.0,,,,,,,,,,,
1996-07-06,,,,,,,,,,,,,,,,,,,,,,,,,,,,1.0,,,,,,,,,,,
1996-07-07,,,,,,,,,,,,,,,,,,,,,,,,,,,,1.0,,,,,,,,,,,
1996-07-23,,,,,,,,,,,,,,,,,,,,1.0,,,,,,,,,,,,,,,,,,,
1996-07-24,,,,,,,,,,,,,,,,,,,,1.0,1.0,,,,,,,,,,,,,,,,,,
1996-07-25,,,,,,,,,,,,,,,,,,,,,1.0,,,1.0,,,,,,,,,,,,,,,
1996-07-26,,,,,,,,,,,,,,,,,,,,,,,,1.0,,,,,,,,,,,,,,,
1996-07-27,,,,,,,,,,,,,,,,,,,,,,,,1.0,,,,,,,,,,,,,,,
1997-06-08,,,,,,,,,,,,1.0,,,,,,,,,,,1.0,1.0,,,,,,,,,,,,,,,
1997-06-09,,,,,,,,,,,,,,,,,,,,,,,1.0,1.0,,,,,,,,,,,,,,,
1997-06-10,,,,,,,,,,,,1.0,,,,1.0,,,,,,,1.0,,,,,,,,,,,,,,,,
1997-06-11,,,,,1.0,,,,,,1.0,1.0,,,,,,,,,,,1.0,,,,,,,,,,,,1.0,,,,
1997-06-12,,,,,,,,,,,1.0,1.0,,,,,,,,,,,,,,,,,,,,,,,,,,,
1997-06-13,,,,,,,,,,,,,,,,,,,,,,,,,,1.0,1.0,,,,,1.0,,,1.0,,,,
1997-06-14,,,,,,,,1.0,,1.0,1.0,1.0,,,,1.0,1.0,1.0,,,,,,,,1.0,1.0,,1.0,,,,,,,1.0,1.0,,
1997-06-15,,,,,,1.0,1.0,1.0,,1.0,1.0,1.0,,,,1.0,1.0,1.0,,,,,,,,,,,,,,,,,,,,,
1997-06-16,,,,,,,1.0,,,,1.0,1.0,1.0,1.0,1.0,,,,,,,,,1.0,,,,,,,,,,,,,1.0,,
1997-06-17,,,,,,1.0,,,1.0,1.0,,,,,1.0,,,,,,,,,1.0,,,,,,,,,,,,,,,
1997-06-18,,,,,,,,,1.0,,,,,,,,,,,,,,,,,,,,,,,,,,,,,,
1997-07-14,,,,,,,,,,,,,,,,,,,,,,,1.0,,,,,,,,,,,,,,,,
1997-07-16,,,,,,,,,,,,,,,,,,,,,,,1.0,,,,,,,,,,,,,,,,
1997-08-08,,,,,,,,,,,,1.0,,,,,,,,,,,,,,,,,,,,,,,,,,,
1997-08-09,,,,,,,,,,,,1.0,,,,,,,,,,,,,,,,,,,,,,,,,,,
1997-08-14,,,,,,,,,,,,,,,,,,,,,,,,,,,,,,,,,,,,1.0,,,
1997-08-15,,,,,,,,,,,,,,,,,,,,,,,,,,,,,,,,,,,,1.0,,,
1997-08-16,,,,,,,,,,,,,,,,,,,,,,,,,,,,,,,,,,,1.0,1.0,,,
1998-06-01,,,,,,,,,,,,1.0,1.0,,,,,,,,,1.0,1.0,,,,,,,,,,,,,,,,
1998-06-02,,,,,,,,,,,,1.0,,,,,,,,,,,,,,,,,,,,,,,,,,,
1998-06-03,,,,,,1.0,1.0,1.0,1.0,1.0,,,,,,,,,,,,,,,,,,,,,,,,,,,,,
1998-06-04,,1.0,1.0,,1.0,,,,,,,,,,,,,,,,,,,,,,,,,,,,,,1.0,,,,1.0
1998-06-05,,,,,,,1.0,1.0,1.0,1.0,,,,,,1.0,1.0,1.0,,,,,,,,,,,,,,,,,,,,,
1998-06-06,,,,,,,1.0,1.0,1.0,,,,,,,,,,,,,,,,,,,,,,,,,,,,,,
1998-06-21,,,,,,,,,,,,,,1.0,,,,,,,,,,,,,,,,,,,,,,,,,
1998-06-22,,,,,,,,,,,,,,,,,1.0,1.0,,,,,,,,,,,,,,,,,,,,,
1998-06-24,,,,,,,,,,,,,,,,,1.0,1.0,,,,,,,,,,,,,,,,,,,,,
1998-06-27,,,,,,,,1.0,1.0,,,1.0,1.0,,,1.0,1.0,1.0,,,,,,1.0,,,,,,,,,,,,,,,
1998-06-28,,1.0,,,,,,1.0,1.0,1.0,1.0,1.0,1.0,1.0,,1.0,1.0,1.0,,,,,1.0,,,,,,,,,,,,1.0,,,,
1998-06-29,,1.0,,,,,,1.0,1.0,1.0,1.0,1.0,,1.0,,1.0,1.0,1.0,,,,,1.0,1.0,,,,,,,,,,,1.0,,,,
1998-06-30,,,,,,,,1.0,1.0,1.0,1.0,1.0,,,,1.0,1.0,,,,,,1.0,1.0,,,,,,,,,,,1.0,,1.0,,
1998-07-01,,,,,,,,1.0,1.0,1.0,1.0,1.0,,,,,,,1.0,,,,,1.0,,,,,,,,,,,,,,,
1998-07-02,,,,,,,,1.0,,,1.0,1.0,,,,,,,,,,,,1.0,,,,1.0,,,,,,,,,1.0,,
1998-07-03,,,,,,,,,,,1.0,1.0,,,,,1.0,,,,,,,,,,,1.0,,,1.0,,,,,,1.0,,
1998-07-21,,,,,,1.0,,,,,,,,,,,,,,,,,,,,,,,,,,,,,,,,,
1998-07-22,,,,,,1.0,,,,,,,,,,,,,,,,,,,,,,,,,,,,,,,,,
1998-07-23,,1.0,1.0,,,1.0,,,,,,,,,,,,,,,,,,,,,,,,,,,,,,,,,
1998-07-25,,1.0,,,,,,,,,,,,,,,,,,,,,,,,,,,,,,,,,,,,,
1998-07-26,,,1.0,,,,,,,,,,,,,,,,,,,,,,,,,,,,,,,,,,,,
1998-08-01,,,,,,,,,,1.0,,,,,,,,,,,,,,,,,,,,,,,,,,,,,
1998-08-02,,,,,,,,1.0,1.0,1.0,1.0,,,,,,,,,,,,,,,,,,,,,,,,,,,,
1998-08-03,,,,,,,,,1.0,1.0,1.0,,,,,,,,,,,,,,,,,,,,,,,,,,,,
1998-08-04,,,,,,,,1.0,1.0,1.0,1.0,,,,,,,,,,,,,,,,,,,,,,,,,,,,
1998-08-07,,,,,1.0,1.0,,,,,,,,,,,,,,,,,,,,,,,,,,,,,,,,,
1998-08-08,,,,1.0,1.0,,,,,,,,,,,,,,,,,,,,,,,,,,,,,,,,,,
1998-08-09,,,,1.0,1.0,1.0,,,,,,,,,,,,,,,,,,,,,,,,,,1.0,,,1.0,1.0,,1.0,1.0
1998-08-10,,,,1.0,1.0,1.0,1.0,1.0,1.0,,,,,,,,,1.0,,,,,,,,,,,,1.0,1.0,1.0,1.0,1.0,1.0,1.0,,1.0,1.0
1998-08-11,,,,1.0,1.0,1.0,1.0,1.0,1.0,,,,,1.0,,1.0,1.0,1.0,,,,,,,,,,,,1.0,1.0,1.0,1.0,1.0,,1.0,,1.0,1.0
1998-08-12,,,,1.0,1.0,,,,1.0,1.0,,,,1.0,,1.0,1.0,1.0,,,,,,,,,,,,1.0,1.0,1.0,1.0,1.0,,1.0,,1.0,1.0
1998-08-13,,,,1.0,,1.0,,,,,,,,1.0,,,1.0,1.0,,,,,,,,,,,,,,,,,,1.0,,,
1998-08-14,,,,,,,,,,,,,,,,,1.0,1.0,,,,,,,,,,,,,,,,,,1.0,,,
1998-08-15,,,,,,,,,,,,,,,,,1.0,1.0,,,,,,,,,,,,,,,,,,1.0,,,
1998-08-16,,,,,,,,,,,,,,,,,1.0,1.0,,,,,,,,,,,,,,,,,1.0,1.0,,,
1998-08-17,,,,,,,,,,,,,,,,,1.0,1.0,,,,,,,,,,,,,,,,,,,,,
1998-08-18,,,,,,,,,,,,,,,,,1.0,,,,,,,,,,,,,,,,,,,,,,
1998-08-19,,,,,,,,,,,,,,,,,1.0,,,,,,,,,,,,,,,,,,,,,,
1998-08-20,,,,,,,,,,,,,,,,,1.0,,,,,,,,,,,,,,,,,,,,,,
1998-08-21,,,,,,,,,,,,,,,,,,,,,,,,,,,,,,,,,1.0,,,,,,
1998-08-22,,,,,,,,,,,,,,,,,,,,,,,,,,,,,,,,,1.0,,,,,,
1998-08-23,,,,,,,,,,,,,,,,,,,,,,,,,,,,,,,,,1.0,,,,,,
1998-08-24,,,,,,,,,,,,,,,,,,,,,,,,,,1.0,,,,,,,1.0,,,,,,
1998-08-25,,,,,,,,,,,,,,,,,,,,,,,,,,1.0,,,,,,,,,,,,,
1998-08-26,,,,,,,,,,,,,,,,,,,,,,,,,,1.0,,,,,,,,,,,,,
1998-08-27,,,,,,,,,,,,,,,,,,,,,,,,,,1.0,,,,,,,,,,,,,
1998-08-31,,,,,,,,,,,,,,,,,,,,,,,,,,,,,,,,,,,,,,1.0,
1999-06-01,,,,,,,,,,1.0,1.0,,,,,,,,,,,,,,,,,,,,,,,,,,,,
1999-06-02,,,,,,,,,,,1.0,,,,,,,,,,,,,,,,,,,,,,,,,,,,
1999-06-03,,,,,,,,,,,,,,,,,,,,,,,,,,,,,,,1.0,,,,,,,,
1999-06-04,,,,1.0,,,,,,,,,,,,,,,,,,,,,1.0,,,,,,,,,,,,,,
1999-06-07,,,,,,,,,1.0,,,,,,,,,,,,,,,,,,,,,,,,,,,,,,
1999-06-08,,,,,,,,,,,1.0,,,,,,1.0,1.0,,,,,,,,,,,,,,,,,,,,,
1999-06-09,,,,,,,1.0,1.0,1.0,1.0,,,,,,,,,,,,,,,,,,,,,,,,,,,,,
1999-06-10,,,,,,,,,1.0,1.0,,,,,,,,,,,,,,,,,,,,,,,,,,,,,
1999-07-02,,,,,,,,,,,,,,1.0,,,,,,,1.0,,,,,,,,,,1.0,,,,,,,,
1999-07-03,,,,,,,,,,,,,,1.0,,1.0,,,,,,,1.0,,,1.0,,,,,1.0,,,,,,,,
1999-07-04,,,,1.0,,,,,,,,,,1.0,,1.0,,,1.0,,,,1.0,,,1.0,,,,,,,,,,,,,
1999-07-05,,,,,,,,,,,,,,,,1.0,,,,,,,1.0,,,,,,,,,,,,,,,,
1999-08-06,,,,,,,,,,,,,,,,,,,,,,,,,,,,,,,,,,,,,1.0,,
1999-08-07,,,,,,,,,,,,,,,,,1.0,,,,,,,,,,,1.0,,,,,,,,,,,
1999-08-08,,,,,,,,,,1.0,1.0,1.0,,,,,1.0,,,,,,,,,,,1.0,,,,,,,,,,,
1999-08-09,,,,,,,,,,1.0,1.0,1.0,,,,,,,,,,,,,,,,1.0,,1.0,,,,,,,1.0,,
1999-08-10,,,,,,,,,,1.0,1.0,1.0,,,,,,,,,,,,,,,,1.0,1.0,,,,,,,,,,
1999-08-11,,,,,,,,,,,1.0,,,,,,,,,,,,,,,,,,,,,,,,,,,,
1999-08-16,,,,,,,,,,,,,,,,,,,,,,,,,,,,1.0,1.0,1.0,1.0,,,,,,,,
1999-08-17,,,,,,,,,,,1.0,,,,,,1.0,1.0,,,,,,,,,,1.0,,,,,,,,,,,
1999-08-18,,,,,,,,,,,,,,,,,,1.0,,,,,,,,,,,1.0,1.0,1.0,,,,,,,,
1999-08-19,,,,,,,,,,,1.0,1.0,,,,,,,,,,,,,,,,,,,,,,,,,,,
1999-08-20,,,,,,,,,,,1.0,1.0,,,,,,,,,,,,,,,,,,,,,,,,,,,
1999-08-21,,,,,,,,,,,1.0,1.0,,,,,1.0,1.0,,,,,,,,,,,,,,,,,,,,,
1999-08-22,,,,,,,,,,,,1.0,,,,,1.0,1.0,,,,,,,,,,,,,,,,,,,,,
1999-08-23,,,,,,,,,,,,1.0,,,,,1.0,1.0,,,,,,,,,,,,,,,,,,,,,
1999-08-24,,,,,,,,,,,,1.0,,,,1.0,1.0,1.0,,,,,,,,,,,,,,,,,,,1.0,,
1999-08-25,,,,,,,,,,,,1.0,,,,1.0,1.0,1.0,,,,,1.0,1.0,,,,,,,,,,,,,1.0,,
1999-08-26,,,,,,,,,1.0,,,1.0,,,,1.0,1.0,1.0,,,,,1.0,1.0,,,,,,,,,,,,,,,
1999-08-27,,,,,,,,,,,,,,,,1.0,1.0,1.0,,,,1.0,,1.0,,,,1.0,1.0,,,,,,,,1.0,,
1999-08-28,,,,,,,,,,,,,,,1.0,1.0,1.0,1.0,,,,,,,,,,1.0,,,,,,,,,1.0,,
1999-09-02,,,,,,,,,,,,,,,,,,,,,,,,,,,,,,,,,,,,,1.0,,
2000-06-01,,,,,1.0,1.0,1.0,,,,,,,,1.0,,,,,,,,,,,,,,,,,,,,,1.0,,,
2000-06-02,,,1.0,,,1.0,1.0,,,1.0,,,,1.0,1.0,1.0,,,,,,,,,,,,,,,,,,,,1.0,,,
2000-06-03,,,1.0,,,1.0,1.0,1.0,1.0,1.0,,,,1.0,1.0,1.0,,,,,,,,,,,,,,,,,,,,1.0,,,
2000-06-04,,,1.0,,,1.0,,1.0,1.0,1.0,1.0,,,1.0,1.0,1.0,,,,,,,,,,,,,,,,,,,,1.0,,,
2000-06-05,,,,1.0,,1.0,,1.0,1.0,1.0,1.0,,,,1.0,1.0,,,,,,,,,,,,,,,,,,,,1.0,,,
2000-06-06,,,,,,,,,1.0,1.0,1.0,,,,,,,,,,,,,,,,,,,,,,,,,,,,
2000-06-08,,,,1.0,,,,,,,,,,,,,,,,,,,,,,,,,,,,,,,,,,,
2000-06-09,,,,1.0,,1.0,,,,,,,,,,,,,,,,,,,,,,,,,,,,,,,,,
2000-06-15,,,,,,,,,1.0,,,,,,,,,,,,,,,,,,,,,1.0,,,,,,,,,
2000-06-16,,,,,,,,,,,,,,,,,,,,,,,,,,,,1.0,1.0,1.0,,,,,,,,,
2000-06-17,,1.0,,,,,1.0,,,,,,,,,,,,,,,,,,,,,1.0,1.0,1.0,,,,,,,,,
2000-06-18,,,,,,,1.0,,,,,,,,,,,,,,,,,,,,,1.0,1.0,,,,,,,,,,
2000-06-19,,,,,1.0,,,,,,,,,,,,,,,,,,,,,,,,,,,,,,,,,,
2000-06-20,,,,,1.0,,,,,,,,,,1.0,,,,,,,,,,,,,,,,,,,,,,,,
2000-06-21,,,,,1.0,,,,,,,,,,1.0,,,,,,,,,,,,,,,,,,,,,,,,
2000-06-22,,,,,,,,,,,,,,1.0,1.0,,,,,,,,,,,,,,,,,,,,,,,,
2000-06-23,,,,,,,,,,,,,,1.0,,,,,,,,,,,,,,,,,,,,,,,,,
2000-06-26,,,,,,,,,,,,,,,,,,,,,,,,,,1.0,,,,,,,,,,,,,
2000-06-27,,,,,,,,,,,,,,,,,,,,,,,,,,1.0,,,,,,,,,,,,,
2000-06-28,,,,,,,,,,,,,,,,,,,,,,,,,,1.0,,,,,,,,,,,,,
2000-07-01,,,,,,,,,,,,,,,,,,,,,1.0,1.0,1.0,1.0,,1.0,1.0,1.0,1.0,,,,,,,,,1.0,1.0
2000-07-02,,,,,,,,,1.0,,,,,1.0,,1.0,,,,,,,1.0,1.0,,,1.0,1.0,,,,,,,,,,1.0,1.0
2000-07-03,,,,,,,,,1.0,1.0,1.0,,,1.0,,1.0,1.0,,,,,,1.0,1.0,,1.0,1.0,1.0,,,,,,,,,,,
2000-07-04,,,,,,,,,1.0,1.0,1.0,1.0,,,,1.0,1.0,,,,,,,1.0,,,1.0,1.0,,,,,,,,,,,
2000-07-05,,,,,,,,,,1.0,1.0,1.0,,1.0,,,1.0,1.0,,,,,,,,,,,,,,,,,,,,,
2000-07-06,,,,,,,,,,,1.0,1.0,,1.0,,,,1.0,,,,,,,,,,,,,,,,,,,,,
2000-07-07,,,,,,,,,,,1.0,1.0,,,,,,1.0,,,,,,,,,,,,,,,,,,,,,
2000-07-08,,,,,,,,,,,1.0,1.0,,,,,,,,,,,,,,,,,,,,,,,,,,,
2000-07-24,,,,,,,,,,,,,,,,,,,,,,,,,,,,,,,1.0,,,,,,,,
2000-07-25,,,,,,,,,,,,,,,,,,,,,,,,,,,,,,1.0,,,,,,,,,
2000-07-26,,,,,,,,,,,,,,,,,,,,,,,,,,,,,,,1.0,,,,,,,,
2000-08-14,1.0,1.0,,,,,,,,,,,,,,,,,,,,,,,,,,,,,,,,,,1.0,,,
2000-08-15,,1.0,,,,,1.0,1.0,,,,,,,,,,,,,,,,,,1.0,,,,,,,,,1.0,1.0,,,
2000-08-16,,1.0,1.0,,,,1.0,1.0,1.0,,,,,1.0,,,,,,,,,,,,1.0,,,,,,,,,1.0,1.0,,,
2000-08-17,1.0,,,,,,1.0,1.0,1.0,,,,,1.0,,,,,,,,,,,,1.0,,,,,,,,,1.0,1.0,,,
2000-08-18,,,,,,1.0,,1.0,1.0,,,,,1.0,,1.0,,,,,,1.0,1.0,,,,,,,,,,,,,,,,
2000-08-19,,,,,,1.0,,1.0,1.0,,,,1.0,,,1.0,,,,,,,1.0,,,,,,1.0,,,,,,,1.0,,,
2000-08-20,,,,,,1.0,,1.0,,1.0,1.0,1.0,1.0,,1.0,1.0,1.0,1.0,,,,,,,,,,,,,1.0,,,,,,,,
2000-08-21,,,,,,1.0,,1.0,1.0,1.0,1.0,1.0,,1.0,,,,1.0,1.0,,,1.0,1.0,1.0,,,,,,,,,,,,,,,
2000-08-22,,,,,,1.0,1.0,1.0,1.0,1.0,1.0,1.0,1.0,1.0,,1.0,1.0,,,,,,,1.0,,,,,,,,,,,,,,,
2000-08-23,,,,,,1.0,1.0,1.0,1.0,1.0,1.0,1.0,,,,1.0,1.0,1.0,,,,,,,,,,,,,,,,,,,,,
2000-08-24,,,,,,,1.0,1.0,1.0,1.0,1.0,1.0,,,,1.0,1.0,1.0,,,,,,,,,,,,,,,,,,1.0,1.0,,
2000-08-25,,,,,,,1.0,1.0,,,1.0,1.0,,,,1.0,1.0,1.0,,,,,,1.0,,,,,,,,,,1.0,1.0,1.0,1.0,,
2000-08-26,,,,,,,1.0,1.0,,,1.0,1.0,1.0,1.0,,1.0,1.0,1.0,,,,,1.0,1.0,,,,,,,,,,,,,,,
2000-08-27,,,,,,,,,,1.0,1.0,1.0,,,,,1.0,,,,,,,1.0,,,,,,,,,,,,,,,
2000-08-28,,,,,,,,,,,,1.0,,,,,,,,,,,,,,,,,,,,,,,,,,,
2000-08-29,,,,,,,,,,,,1.0,,,,,,,,,,,,,,,,,,,,,,,,,,,
2001-06-08,,,,,,,,,,,,,,,,,,,,,,,1.0,,,,,,,,,,,,,,,,
2001-06-09,,,,,,,,,,,,,,,,,,,,,,,1.0,,,,,,,,,,,,,,,,
2001-06-10,,,,,,,,,,,1.0,,,,,,,,,,,,1.0,,,,,,,,,,,,,,,,
2001-06-11,,,,,,,,,,,1.0,,,,,,,,,,,,,,,,,,,,,,,,,,,,
2001-06-12,,,,,,,,,,,1.0,,,,,,,,,,,,,,,,,,,,,,,,,,,,
2001-06-14,,,,,,,,,,,,,,,,,,,,,,,,,,,,,1.0,,,,,,,,,,
2001-06-15,,,,,,,,,,,,,,,,,,,,,,,,,,,,,1.0,,,,,,,,,,
2001-06-21,,1.0,,,,,,,,,,,,,,,,,,,,,,,,,,,,1.0,1.0,,1.0,,,1.0,,,
2001-06-22,,1.0,,,,,,,,,,,,,,,,,,,,,,,,1.0,1.0,1.0,1.0,1.0,1.0,1.0,1.0,,,1.0,,1.0,1.0
2001-06-23,,1.0,,,,,,,,,,,,,,,,,,,,,1.0,,1.0,1.0,,,,,,1.0,1.0,,,1.0,,1.0,
2001-06-24,,1.0,1.0,,1.0,,,,,,,,,,,,,,,,,,,,1.0,1.0,1.0,1.0,1.0,1.0,1.0,,1.0,,1.0,1.0,,,
2001-06-25,,,,,1.0,1.0,,1.0,1.0,,,,,1.0,,1.0,,,,,,,,,1.0,1.0,1.0,1.0,1.0,1.0,1.0,,1.0,,1.0,1.0,,1.0,1.0
2001-06-26,,,,,1.0,1.0,,1.0,1.0,,,,,1.0,,1.0,,,,,,,,,1.0,1.0,1.0,1.0,1.0,1.0,1.0,1.0,1.0,,1.0,1.0,,1.0,1.0
2001-06-27,,,,1.0,1.0,1.0,,1.0,1.0,,,,,1.0,,1.0,,,,,,,,,,,,,,,,,,,,,,,
2001-06-29,1.0,1.0,,,,,,,,,,,,,,,,,,,,,,,,,,,,,,,,,,,,,
2001-06-30,,1.0,,,,,,,,,,,,,,,,,,,,,,,,,,,,,,,1.0,,,,,,
2001-07-01,,,,,,,,,,,,,,,,,,,,,,,,,,,,,,1.0,,,1.0,,,,,,
2001-07-02,1.0,1.0,,,,,,,,,,,,,,,,,,,,,,,,,,,,1.0,,,1.0,,,,,,
2001-07-03,,,,,,,,,,,,,,,,,,,,,,,,,,,,,,1.0,,,,,,,,,
2001-07-30,,1.0,,,1.0,,,,,,,,,,,,,,,,,,,,,,,,,,,,,,,1.0,,1.0,1.0
2001-07-31,,1.0,,1.0,1.0,1.0,,,,,,,,1.0,,,,,,,,,,,,,,,,,,1.0,,,1.0,1.0,,1.0,1.0
2001-08-01,1.0,1.0,,,,1.0,,,,1.0,,,,1.0,,,,,,,,,,,,,,,,,,,,,1.0,1.0,,1.0,1.0
2001-08-02,,,,,1.0,1.0,,,,1.0,,,,1.0,,,,,,,,,,,,,,,,,,1.0,,,1.0,1.0,,,
2001-08-03,,,,,,1.0,,,,1.0,,,,1.0,,,,,,,,,,,,,,,,,,,,,,,,,
2001-08-04,,,,,,,,,,,,,,1.0,,,,,,,,,,,,,,,,,,,,,,,,,
2001-08-22,,,1.0,,1.0,,,,,,,,,,,,,,,,,,,,,,,,,,,,,,,,,,
2001-08-23,,,,,,,,,,,,,,,,,,,,,,,,,,,,,,,,,,,1.0,1.0,,,
2001-08-24,1.0,1.0,1.0,,,1.0,,,,,,,,,,,,,,,,,,,,,,,,,,,,,1.0,1.0,,1.0,1.0
2001-08-25,,,,,,1.0,,,,,,,,,,,,,,,,,,,,,,,,,,,,,1.0,1.0,,1.0,1.0
2001-08-26,,,,,,,,,,,,,,1.0,,1.0,,,,,,,,,,,,,,,,,,,1.0,1.0,1.0,1.0,1.0
2001-08-27,,,1.0,1.0,,,,1.0,,,,,,1.0,,1.0,,1.0,,,,,,,,,,,,,,1.0,1.0,1.0,1.0,1.0,1.0,1.0,1.0
2001-08-28,1.0,1.0,,,,,,1.0,,,,,,,,1.0,1.0,1.0,,,,,,,,,,,,1.0,1.0,,1.0,1.0,1.0,1.0,1.0,1.0,1.0
2001-08-29,,,1.0,,,,,1.0,,,,,,1.0,,1.0,1.0,,,,,,,,,,,,,,1.0,1.0,,,,,1.0,1.0,1.0
2001-08-30,,,,,,,,,,,,,,,,,,,,,,,,,,,,,,1.0,,,,,,,,,1.0
2002-06-01,,,,,,,,,,,,,,1.0,,,,,,,,,,,,,,,,,,,,,,,,,
2002-06-02,,,,,,,,,,,,,,1.0,,,,1.0,,,,,1.0,,,,,,,,,,,,,,,,
2002-06-03,,,,,,,,,,,,,,,,,,,,,,,1.0,,,,,,,,,,,,,,,,
2002-06-04,,,,,,,,,,,,,,,,,,,,,,,1.0,,,,,,,,,,,,,,,,
2002-06-13,,,,,,,,,,,,,,1.0,,,,,,,,,,,,,,,,,,,,,,1.0,,,
2002-06-14,,,,,,,1.0,1.0,,,,,,1.0,,,,,,,,,,,,,,,,,,,,,,1.0,,,
2002-06-15,,,,,,1.0,1.0,1.0,1.0,1.0,,,,1.0,1.0,1.0,,,,,,,,,,1.0,,,,,,,,,,1.0,,,
2002-06-16,,,,1.0,,1.0,1.0,1.0,,,,1.0,,1.0,1.0,1.0,1.0,1.0,,,,,,,,1.0,,,,,,,,,,1.0,1.0,1.0,1.0
2002-06-17,,,1.0,1.0,,1.0,1.0,1.0,,,1.0,1.0,,1.0,1.0,1.0,1.0,1.0,,,,,,,,1.0,,,,,,,,,1.0,1.0,1.0,1.0,1.0
2002-06-18,,,1.0,1.0,1.0,1.0,1.0,1.0,1.0,1.0,1.0,1.0,,,,1.0,1.0,1.0,,,1.0,,,,,1.0,,,,,,,,,1.0,1.0,1.0,1.0,1.0
2002-06-19,,1.0,,1.0,,1.0,1.0,1.0,1.0,,1.0,1.0,,1.0,1.0,1.0,1.0,1.0,,,,,,,,1.0,,,,,,,,,1.0,1.0,1.0,1.0,
2002-06-20,,,1.0,1.0,,1.0,1.0,1.0,,,1.0,1.0,,1.0,1.0,1.0,1.0,1.0,,,,,,,,,,1.0,,,,,,,,1.0,,,
2002-06-21,,,,,,1.0,1.0,1.0,,,1.0,1.0,,1.0,1.0,1.0,1.0,1.0,,,,,,,,,,1.0,,1.0,1.0,1.0,1.0,,,1.0,1.0,1.0,1.0
2002-06-22,1.0,1.0,1.0,,,1.0,1.0,1.0,1.0,,1.0,1.0,,1.0,1.0,1.0,1.0,1.0,,,,,,,,,,1.0,,1.0,1.0,1.0,1.0,1.0,1.0,1.0,1.0,1.0,1.0
2002-06-23,,1.0,1.0,1.0,,1.0,1.0,1.0,1.0,,,1.0,,1.0,1.0,1.0,1.0,1.0,,,,,,,,,,,,1.0,1.0,,1.0,1.0,1.0,1.0,1.0,1.0,
2002-06-24,,,,1.0,,1.0,,,,,,,,1.0,1.0,1.0,1.0,1.0,,,,,,,,,,,,,,,,1.0,1.0,1.0,,,
2002-06-25,,,,,,,,,,,,,,1.0,1.0,,,1.0,,,,,,,,,,,,,,,,1.0,1.0,1.0,1.0,,
2002-06-26,,1.0,1.0,,,,,1.0,,,1.0,,,,,1.0,1.0,1.0,,,,,,,,,,,,,,,,,1.0,1.0,1.0,,
2002-06-27,,,,,,1.0,,,,,,,,,,1.0,1.0,,,,,,,,,,,,,,,,,,,,1.0,,
2002-08-03,,,,,,,,,,,,,,,,,,,,,,,,1.0,,,,,,,,,,,,,,,
2002-08-04,,,,,,,,,,,,,,,,,1.0,,,,,,,1.0,,,,,,,,,,,,,,,
2002-08-05,,,,,,,,,,,,,1.0,,,,1.0,1.0,,,,,,,,,,,,,,,,,,,,,
2003-06-02,,,,,,,,,,,,,,1.0,,,,1.0,,,,,,,,,,,,,,,,,,,,,
2003-06-03,,,,,,,,,,,,,,,,,,1.0,,,,,,,,,,,,,,,,,,,,,
2003-06-04,,,,,,,,1.0,,,,,,1.0,1.0,1.0,,,,,,,,,,,,,,,,,,,,,,,
2003-06-05,,,,,,1.0,,1.0,,,,,,,,,,,,,,,1.0,,,,,,,,,,,,,,,,
2003-06-06,,,,,,1.0,,,,,,,,,,,,,,,,,1.0,,,,,,,,,,,,,,,,
2003-06-07,,,1.0,1.0,,1.0,,,,,,,,,,,,,,,,,,,,,,,,,,,,,1.0,1.0,,,
2003-06-08,,,1.0,,,,,,,,,,,1.0,,,,,,,,,,,,,,,,,,,,,,1.0,,,
2003-06-09,,,1.0,,,,,,,,,,,1.0,,,,,,,,,,,,,,,,,,,,,1.0,1.0,,,
2003-06-10,,,1.0,,,1.0,1.0,,1.0,,,,,1.0,1.0,,,1.0,,,,,,,,1.0,,,,,,,,,1.0,1.0,,1.0,1.0
2003-06-11,,,,,,1.0,1.0,1.0,1.0,,1.0,1.0,,1.0,1.0,1.0,1.0,1.0,,,,,,,,1.0,1.0,,,,,,,,,1.0,,1.0,1.0
2003-06-12,,1.0,1.0,1.0,1.0,1.0,1.0,1.0,1.0,,1.0,1.0,,1.0,,1.0,1.0,1.0,,,,1.0,,,,,1.0,1.0,1.0,1.0,1.0,1.0,1.0,1.0,1.0,1.0,,1.0,1.0
2003-06-13,,1.0,1.0,1.0,1.0,,,,1.0,1.0,1.0,1.0,,1.0,1.0,1.0,1.0,1.0,,,,1.0,,,1.0,1.0,1.0,1.0,1.0,1.0,1.0,1.0,1.0,1.0,1.0,1.0,,1.0,1.0
2003-06-14,,1.0,1.0,,,1.0,,,,,1.0,1.0,,1.0,1.0,,,,,,,,,,,,,,,,,,,1.0,1.0,1.0,,1.0,1.0
2003-06-15,,,,,,,,,,,1.0,1.0,,1.0,1.0,1.0,1.0,1.0,,,,,,,,,,,,,,,,1.0,,,,,
2003-06-16,,,,,,,,,,,1.0,1.0,,,,1.0,1.0,1.0,,,,,,,,,,,,,,,,,,1.0,,,
2003-06-17,,,,,,,,,,,1.0,1.0,,,,,,1.0,,,,,,,,,,,,,,,,,,1.0,,,1.0
2003-06-18,,,,,,,,,,,1.0,,,,,,,,,,,,,,,,,,,,,,,,,,,1.0,1.0
2003-06-19,,,,,1.0,,1.0,1.0,,,,,,,,,,1.0,,,,,,,,,,,,,,,,,,1.0,,,
2003-06-20,,,,,1.0,1.0,1.0,1.0,,1.0,1.0,,,1.0,,1.0,1.0,1.0,,,,,,,,,1.0,1.0,1.0,1.0,1.0,1.0,1.0,1.0,1.0,1.0,,1.0,1.0
2003-06-21,,1.0,,1.0,,1.0,1.0,1.0,1.0,1.0,1.0,,,1.0,1.0,1.0,1.0,1.0,,,,,,,,,1.0,1.0,1.0,1.0,1.0,1.0,1.0,1.0,1.0,1.0,,1.0,1.0
2003-06-22,,1.0,,,,1.0,1.0,1.0,1.0,1.0,1.0,,,,,1.0,1.0,1.0,,,1.0,1.0,1.0,1.0,,,1.0,1.0,1.0,1.0,1.0,1.0,1.0,1.0,1.0,1.0,,1.0,1.0
2003-06-23,,,1.0,,,,,,,1.0,1.0,,,1.0,1.0,1.0,1.0,1.0,,,,,1.0,1.0,,,,1.0,1.0,1.0,1.0,,,1.0,1.0,1.0,,1.0,
2003-06-24,,1.0,1.0,1.0,,1.0,1.0,1.0,1.0,1.0,1.0,,,1.0,1.0,1.0,,,,,,,1.0,1.0,,1.0,1.0,1.0,,,,,,1.0,1.0,1.0,,1.0,
2003-06-25,,,1.0,1.0,,1.0,1.0,1.0,1.0,1.0,1.0,1.0,,1.0,,1.0,1.0,1.0,,,,,1.0,1.0,1.0,1.0,1.0,1.0,1.0,1.0,,,,,,1.0,,1.0,1.0
2003-06-26,,,,,,,1.0,1.0,1.0,1.0,1.0,1.0,,,,1.0,1.0,1.0,,,,,1.0,1.0,,,,,,,,,,,,1.0,,,1.0
2003-06-27,,,,,,1.0,1.0,1.0,,,1.0,1.0,1.0,1.0,,,,1.0,,,,,,,,,,1.0,,,,,,,,,,1.0,
2003-06-28,,1.0,,,,,,,1.0,1.0,1.0,,,,,1.0,1.0,1.0,,,,,,1.0,,,,,,,,,,,,,,,
2003-06-29,,,,,,,,,,1.0,1.0,,,1.0,1.0,,,,,,,,,1.0,,,1.0,1.0,1.0,1.0,1.0,,,,,,,,
2003-06-30,,,,,,1.0,1.0,1.0,1.0,,1.0,1.0,,,,1.0,1.0,,,,,,,1.0,,,1.0,1.0,,,,,,,1.0,,,,
2003-07-01,,,,,,,1.0,1.0,,,1.0,,,,,1.0,1.0,,,,,,,,,,1.0,1.0,,,,1.0,,,,,,,
2003-07-02,,,,,,,,,,,,,,,,,1.0,1.0,,,,,,,,,1.0,1.0,,,1.0,,,,,,,,
2003-07-07,,1.0,,,,,,,,,,,,,,,,,,,,,,,,,,,,,,,,,,,1.0,,
2003-07-08,,1.0,,,,,,,,,,,,,,,,,,,,,,,,,,,,1.0,,1.0,,,,,1.0,1.0,1.0
2003-07-09,,1.0,,,,,,,,,,,,,,,1.0,1.0,,,,,,,,,1.0,1.0,,1.0,,1.0,,,,,1.0,1.0,1.0
2003-07-10,1.0,1.0,,,,,,,,,,,,,,,,1.0,,,,,,,,,1.0,1.0,,1.0,,1.0,,,1.0,1.0,1.0,1.0,1.0
2003-07-11,,1.0,,,,,,,,,,,,1.0,,,1.0,1.0,,,,,,,,,1.0,1.0,1.0,1.0,,1.0,,,1.0,1.0,1.0,1.0,1.0
2003-07-12,1.0,,,,,,,,,,,,,1.0,,,,1.0,,,,,,,,,,,1.0,,,1.0,,,,1.0,1.0,1.0,
2003-07-13,,,,,,,,,,,,,,1.0,,,,,,,,,,,,,,1.0,1.0,,,,,,1.0,1.0,1.0,1.0,1.0
2003-07-14,,,,,,1.0,,,,,,,,1.0,1.0,1.0,,1.0,,,,,,1.0,,,,,,,,,,,,,,,
2003-07-15,,,,,,,,,,,,,1.0,1.0,,1.0,1.0,1.0,,,,,,1.0,,,,,,,,,,,,,1.0,,
2003-07-16,,,,1.0,,,,,,,,1.0,,,,1.0,1.0,,,,,,,1.0,,,,,,,,,,,,,,,
2003-07-17,,,,,,,,,,,,1.0,,,,,1.0,1.0,,,,,,,,,,,,,,,,,,,,,
2003-07-18,,,,1.0,,1.0,1.0,,,,,1.0,,,,,1.0,1.0,,,,,,,,,,,,,,,,,,,1.0,,
2003-07-19,,,,1.0,,1.0,1.0,,,,,,,1.0,,,,,,,,,,,,1.0,,1.0,1.0,,,,,,,,1.0,,
2003-07-20,,,,1.0,,1.0,1.0,,,,,,,1.0,1.0,1.0,,,,,,,,,1.0,1.0,,1.0,1.0,,,,,,,,1.0,1.0,
2003-07-21,,,,1.0,,1.0,,,,,,,,1.0,1.0,1.0,,,,,,,,,1.0,,,1.0,1.0,,,,,,1.0,,1.0,1.0,1.0
2003-07-22,,,,,1.0,1.0,,,,,1.0,,,1.0,,1.0,,,,,,,,,1.0,,,,,,,,,,,,1.0,1.0,
2003-07-23,,,,,,1.0,,,,,1.0,,,,,1.0,1.0,1.0,,,,,,,,,,,,,,,,,,,,,
2003-07-24,,,,,,,,,,,1.0,,,,,,1.0,,,,,,,,,,,,,,,,,,,,,,
2003-07-25,,,,,,,,,,,,,,,,,1.0,1.0,,,,,,,,,,,,,,,,,,,1.0,,
2003-07-26,,,,,,,,,,,,,,,,,,1.0,,,,,,,,,,,,,,,,,,,1.0,,
2003-07-27,,,,,,,,,,,,,,,,,,,,,,,,,,,,,,,,,,,,,1.0,,
2003-08-01,,,,1.0,1.0,,,,,,,,,,,,,,,,,,,,,,,,,,,,,,,,,,
2003-08-02,1.0,1.0,1.0,1.0,,,,,,,,,,,,,,,,,,,,,,,,,,,,1.0,1.0,1.0,1.0,1.0,1.0,1.0,1.0
2003-08-03,1.0,1.0,1.0,1.0,1.0,1.0,1.0,1.0,,,,,,1.0,1.0,1.0,,,,,,,,,,,,,,,,1.0,1.0,1.0,1.0,1.0,1.0,1.0,1.0
2003-08-04,1.0,1.0,1.0,1.0,1.0,1.0,1.0,1.0,1.0,,,,,1.0,1.0,1.0,1.0,1.0,,,,,,,,,1.0,,,1.0,1.0,,,1.0,1.0,1.0,1.0,1.0,1.0
2003-08-05,1.0,1.0,,,,1.0,1.0,1.0,,1.0,,,,1.0,1.0,1.0,1.0,1.0,,,,,,,,,1.0,1.0,1.0,1.0,1.0,1.0,1.0,1.0,1.0,1.0,1.0,1.0,1.0
2003-08-06,1.0,,,,,1.0,1.0,1.0,1.0,,,,,1.0,1.0,1.0,1.0,1.0,,,,,,,,,1.0,1.0,1.0,1.0,1.0,1.0,1.0,1.0,1.0,1.0,1.0,1.0,1.0
2003-08-07,,,,,,,,,,,,,,,,,,,,,,,,,,,1.0,1.0,1.0,1.0,1.0,1.0,1.0,1.0,1.0,1.0,1.0,1.0,1.0
2003-08-08,,,,,,1.0,1.0,1.0,1.0,,,,,,,,,,,,,,,,,,1.0,1.0,1.0,1.0,1.0,1.0,1.0,1.0,1.0,1.0,1.0,1.0,1.0
2003-08-09,,,,,,1.0,1.0,1.0,1.0,1.0,,,,1.0,1.0,,1.0,1.0,,,,,,,,,1.0,1.0,,,,,1.0,1.0,1.0,1.0,1.0,1.0,1.0
2003-08-10,,1.0,1.0,,,,1.0,1.0,1.0,,,,,1.0,1.0,1.0,1.0,1.0,,,,,,,,,,1.0,1.0,,,,1.0,1.0,1.0,,1.0,1.0,
2003-08-11,1.0,1.0,1.0,,,1.0,1.0,1.0,1.0,,,,,1.0,1.0,1.0,1.0,1.0,,,,,,,,1.0,1.0,1.0,1.0,1.0,1.0,,1.0,1.0,1.0,1.0,1.0,1.0,1.0
2003-08-12,1.0,1.0,,,,1.0,,1.0,,,,,,1.0,,1.0,1.0,1.0,,,,,,,,1.0,1.0,1.0,1.0,1.0,1.0,1.0,1.0,1.0,1.0,1.0,1.0,1.0,1.0
2003-08-13,1.0,,,,,1.0,1.0,1.0,,,,1.0,,,,1.0,1.0,1.0,,,,1.0,,,,1.0,1.0,1.0,1.0,1.0,1.0,1.0,1.0,1.0,1.0,1.0,1.0,1.0,1.0
2003-08-14,,,,,,1.0,,1.0,,,,1.0,,,,1.0,1.0,1.0,,,,,,,,,1.0,1.0,1.0,1.0,,,,,,1.0,,,1.0
2003-08-15,,,,,,,,,,,,1.0,,1.0,,1.0,1.0,1.0,,,,1.0,,,,,,1.0,1.0,1.0,,,1.0,1.0,1.0,1.0,1.0,1.0,1.0
2003-08-16,,,,,,1.0,1.0,1.0,,,1.0,1.0,,1.0,1.0,1.0,1.0,1.0,,,,,1.0,,,,,,,,,,,,,1.0,1.0,1.0,1.0
2003-08-17,,,,,,1.0,1.0,1.0,1.0,1.0,1.0,1.0,,1.0,1.0,,,,,,,,1.0,1.0,,,,,,,,,,,,,,,
2003-08-18,,,,,,1.0,1.0,1.0,1.0,1.0,1.0,1.0,,,,1.0,,,,,,,1.0,1.0,,,1.0,,,,,,,,,,,,
2003-08-19,1.0,1.0,,,,,,,1.0,1.0,1.0,1.0,,,,,,,,,,,1.0,1.0,,,1.0,1.0,,,,,,,,1.0,1.0,1.0,1.0
2003-08-20,,1.0,,,,1.0,1.0,1.0,1.0,1.0,1.0,1.0,,,,1.0,1.0,1.0,,,,,,,,,1.0,1.0,,,,,,,,1.0,1.0,1.0,1.0
2003-08-21,,1.0,,,,1.0,1.0,1.0,1.0,,1.0,,,1.0,,,,,,,,,,1.0,,,,,,,,,,,,,,,
2003-08-22,,,1.0,,,1.0,1.0,1.0,,,1.0,,,,,1.0,1.0,1.0,,,,,,,,,,,,,,,,,,1.0,,,1.0
2003-08-23,,1.0,,,,1.0,,1.0,,,1.0,1.0,,1.0,,1.0,1.0,1.0,,,,,1.0,,,,,1.0,,,,,1.0,1.0,1.0,1.0,1.0,1.0,
2003-08-24,,,,,,,1.0,1.0,,,1.0,1.0,,1.0,,1.0,1.0,1.0,,,,,,1.0,,,,,,,,,,,,,,,
2003-08-25,,,,,,,,,,,1.0,,,,,,,,,,,,,1.0,1.0,,,1.0,1.0,1.0,,1.0,,,,1.0,,,1.0
2003-08-26,,1.0,,,,,,,,,,,,,,,,,,,,,,,1.0,,,1.0,,,,,,,,1.0,,,1.0
2003-08-27,1.0,1.0,1.0,,,1.0,,,1.0,,,,,,,1.0,1.0,,,,,,,,,,,,1.0,1.0,,,,,,1.0,1.0,1.0,1.0
2003-08-28,,,,,,,,,1.0,1.0,1.0,1.0,1.0,1.0,,1.0,1.0,,1.0,,,,,,,,,,,1.0,1.0,,,,,,,,
2003-08-29,,,,,,,,,,1.0,1.0,1.0,,,,1.0,1.0,,,,,,,,,,,,,,,,,,,,,,
2003-08-30,,,,,,,,,,,1.0,1.0,,,,1.0,1.0,1.0,,,,,,,,,,,,,1.0,1.0,,1.0,1.0,1.0,1.0,,
2003-08-31,,,,,1.0,,,,,,1.0,1.0,,,,,1.0,1.0,,,,,,,,,,,,,,,,,,,,,
2003-09-01,,,,,,,,,,,,,,,,,1.0,1.0,,,,,,,,,,,,,,,,,,,,,
2003-09-02,,,,,,,,,,,,,,,,,1.0,,,,,,,,,,,,,,,,,,,,,,
2004-06-06,,1.0,,,,,,,,,,,,,,,,,,,,,,,,,,,,,,,,,,,,,
2004-06-08,,,1.0,,1.0,,,,,,,,,,,,,,,,,,,,,,,,,,,,,,,,,,
2004-06-09,,,1.0,1.0,,1.0,1.0,,,,,,,,,,,,,,,,,,,,,,,,,,,,,,,,
2004-06-10,,,1.0,1.0,,1.0,1.0,,,,,,,,,,,,,,,,,,,,,,,,,,,,,,,,
2004-06-11,,,,,,1.0,1.0,,,,,,,,,,,,,,,,,,,,,,,,,,,,,,,,
2004-06-24,,,,,,,,,,,,,,,,,1.0,,,,,,,,,,,,,,,,,,,,,,
2004-06-25,,,,,,,,,,,,,,,,,1.0,1.0,,,,,,,,,,,,,,,,,,,,,
2004-06-26,,,1.0,,,,,,,,,,,,,,1.0,1.0,,,,,,,,1.0,,1.0,,,,,,,1.0,,1.0,1.0,1.0
2004-06-27,,,1.0,,,,,,,,,,,,,,,1.0,,,,,,,,1.0,,1.0,1.0,,,,,,1.0,,1.0,1.0,1.0
2004-06-28,,,,,,,,,,,,,,,,,,,,,,,,,,,,1.0,1.0,,,,,,1.0,,1.0,1.0,1.0
2004-06-29,,,,,,,,,,,,,,,,,,,,,,,,,,1.0,,,1.0,,,,,,1.0,,,,
2004-06-30,,1.0,1.0,,,,,,,,,,,,,,,,,,,,,,,1.0,,,1.0,,,,,,,,,,
2004-07-01,,,,,,,,,,,,,,,,,,,,,,,,,,1.0,,,,,,,,,,,,,
2004-07-05,,,,,,,,1.0,,,,,,,,,,,,,,,,,,,,,,,,,,,,,,,
2004-07-06,,,,,,,,1.0,1.0,,1.0,,,,1.0,,,,,,,,,,,,,,,,,,,,,,,,
2004-07-07,,,,,,,,1.0,1.0,1.0,1.0,,,,,,,,,,,,,,,,,,,,,,,,,,,,
2004-07-08,,,,,,,,,1.0,1.0,1.0,,,,,,,,,,,,,,,,,,,,,,,,,,,,
2004-07-09,,,,,,,,,,1.0,1.0,,,,,,,,,,,,,,,,,,,,,,,,,,,,
2004-07-31,1.0,,,,,,,,,,,,,,,,,,,,,,,,,,,,,,,,,,,1.0,,,
2004-08-01,,,,,,,,,,,,,,,,,,,,,,,,,,,,,,,,,,,,1.0,,,
2004-08-02,,,,,,,,,,,,,,,,,,,,,,,,,,,,,,,,,,,,1.0,,,
2004-08-03,,,,,,,,,,,,,,,,,,,,,,,,,,,,,,,,,,,,1.0,,,
2004-08-08,,,,,,,,,,,,,,,,,,,,,,,,,,,,,,,,,,,,,1.0,,
2004-08-09,,,,,,,,,,,,,,,,,,,,,,,,,,,1.0,,,1.0,,,,,,,1.0,,
2004-08-10,,,,,,,,,,,,,,,,,1.0,1.0,,,,,,,,,1.0,,,1.0,1.0,,1.0,,,,,,
2004-08-11,,,,,,,,,,,,,,,,,1.0,,,,,,,,,,1.0,1.0,1.0,1.0,1.0,1.0,1.0,1.0,,,1.0,,
2004-08-12,,,,,,,,,,,,,,,,,,,,,,,,,,,1.0,1.0,,,1.0,1.0,1.0,1.0,,,1.0,,
2004-08-13,,,,,,,,,,,,,,,,,,,,,,,,,,,1.0,1.0,1.0,,,,,,,,,,
2004-08-16,,,,,,,,,,,,,,,,,,,,,,,,,,,,1.0,1.0,1.0,,,,,,,,,
2004-08-17,,,,,,,,,,,,,,,,1.0,,,,,,,,,,,,1.0,,,,,,,,,,,
2004-08-18,,,,,,,,,,,,,,,,,,,,,,,,,,,,1.0,1.0,1.0,,,,,,,1.0,,
2004-08-19,,,,,,,,,,,,,,,,1.0,,,,,,,,,,,,1.0,,,1.0,,,,,,1.0,,
2005-06-02,1.0,,,,,,,,,,,,,,,,,,,,,,,,,,,,,,,,,,,,,,
2005-06-03,,,,,,,,,,,,,,,,,,,,,,,,,,,,,,,,,,,,1.0,,,
2005-06-05,,,,,,,,,,,,,,,,,,,,,,,,,,,,,,,,,1.0,,,,,,
2005-06-07,,,,,,,,,,,,,,,,,,,,,,,,,,,,,,,,,1.0,,,,,,
2005-06-17,,,,1.0,,,,,,,,,,,1.0,,,,,,,,,,,,,,,,,,,,,1.0,,,
2005-06-18,1.0,1.0,1.0,,,,,,1.0,,,,,,,,,,,,,,,,,,,,,1.0,1.0,,,,,1.0,1.0,1.0,1.0
2005-06-19,,,,,,,,1.0,,,,,,,1.0,,,,,,,,,,,,,,,1.0,1.0,1.0,1.0,1.0,1.0,1.0,1.0,1.0,1.0
2005-06-20,,,,,,1.0,,,1.0,,,,,,,,,,,,,,,,,,,,1.0,1.0,1.0,,1.0,,,1.0,1.0,1.0,1.0
2005-06-21,,,,,,1.0,1.0,1.0,,,,,,,,,,,,,,,,,,1.0,1.0,1.0,,,,,,,,1.0,1.0,1.0,1.0
2005-06-22,,,,,,1.0,1.0,1.0,1.0,,,,,1.0,,,,,,,,,,,,1.0,,,,,,,,,,1.0,,,
2005-06-23,,1.0,1.0,,,,1.0,1.0,1.0,1.0,,,,1.0,1.0,1.0,,,,,,,,,,1.0,,,,,,,1.0,1.0,1.0,1.0,1.0,1.0,1.0
2005-06-24,,,,,,1.0,1.0,1.0,,,,,,1.0,1.0,1.0,,,,,,,,,,,1.0,1.0,1.0,1.0,1.0,,1.0,,,,,,
2005-06-25,,,1.0,,,1.0,1.0,1.0,,,,,,1.0,1.0,1.0,,,,,,,,,,,,,,,,,,1.0,1.0,1.0,1.0,1.0,1.0
2005-06-26,,,,,,1.0,1.0,1.0,,,1.0,1.0,,1.0,1.0,1.0,1.0,1.0,,,,,,,,,,,,,,,,,,1.0,,,
2005-06-27,,,,1.0,,1.0,1.0,1.0,1.0,,1.0,1.0,,1.0,1.0,1.0,1.0,1.0,,,,,,,,,,,,,,,,,,,,,
2005-06-28,,,,,,1.0,1.0,1.0,1.0,,1.0,1.0,,1.0,,,,,,,,,,,,,1.0,1.0,,,,,,,,1.0,1.0,1.0,1.0
2005-06-29,,,,,,1.0,1.0,1.0,1.0,,1.0,1.0,,1.0,,1.0,1.0,1.0,,,,,,,,,1.0,1.0,1.0,1.0,,,,1.0,1.0,1.0,1.0,,
2005-06-30,,,,1.0,,,1.0,,,,1.0,,,,,,,1.0,,,,,,,,,,,,,,,,,,,1.0,,
2005-07-02,,,,,,,1.0,,,,,,,,,,,,,,,,,,,,,,,,,,,,,,,,
2005-07-03,,,,,,,1.0,,,,,,,,,,,,,,,,,,,,,,,,,,,,,,,,
2005-07-04,,,,,,,1.0,,,,,,,,,,,,,,,,,,,,,,,,,,,,,,,,
2005-07-14,,,,,,,,,,,,,,,,,,,,,,,,,,1.0,,,,,,,,,,,,,
2005-07-15,,,,,,,,,,,,,,,,,,,,,,,,,,1.0,,,,,,,,,,,,1.0,1.0
2005-07-16,,,,,,,,,,,,,,,,,,,,,,,,,1.0,1.0,,,,1.0,1.0,1.0,,,,,,1.0,1.0
2005-07-17,,,,,,,,,,,,,,,1.0,,,,,,,,,,1.0,1.0,,,,1.0,1.0,,,,,,,1.0,1.0
2005-07-18,,,,,,,,,,,,,,,,,,,,,,,,,1.0,1.0,,,,,,,,,,,,,
2005-07-26,,,,,,,,,,,1.0,,,,,,,,,,,,,,,,,,,,,,,,,,,,
2005-07-27,,,,,,,,,,,1.0,,,,,,,,,,,,,,,,,,,,,,,,,,,,
2005-07-28,,,,,,,,,,1.0,1.0,,,,,,,,,,,,,,,,,,,,,,,,,,,,
2005-07-29,,,,,,,,,,1.0,1.0,,,,,,,,,,,,,,,,,,,,,,,,,,,,
2005-07-30,,,,,,,,,,1.0,1.0,,,,,,,,,,,,,,,,,,,,,,,,,,,,
2005-08-05,,,,,,,,,,,,,,,,,,,,,,,,,,,,,,,,,1.0,,,,,,
2005-08-06,,,,,,,,,,,,,,,,,,,,,,,,,,,,,,,,,1.0,,,,,,
2005-08-12,,,,,,,,,,,,,,,,,,,,,,,,,,,,,,,,,1.0,,,,,,
2005-08-13,,,,,,,,,,,,,,,,,,,,,,,,,,,,,,,,,1.0,,,,,,
2005-08-14,,,,,,,,,,,,,,,,,,,,,,,,,,,,,,,,,1.0,,,,,,
2005-08-30,,,1.0,,1.0,,,,,,,,,,,,,,,,,,,,,,,,,,,,,,,,,,
2005-08-31,1.0,,1.0,,,1.0,,,,,,,,,,1.0,,,,,,,,,,,,,,,,,,,,,,,
2005-09-01,,,1.0,,,1.0,,,,,,,,,,,,,,,,,,,,,,,,,,,,,,,,,
2005-09-02,1.0,,1.0,,,,,,,,,,,,,1.0,,,,,,,,,,,,,,,,,,,,,,,
2005-09-03,,,,,,,,,,,,,,,,1.0,,,,,,,,,,,,,,,,,,,,,,,
2006-06-05,1.0,,,,,,,,,,,,,,,,,,,,,,,,,,,,,,,,,,,,,,
2006-06-16,,,,,,,,,,,,,,,,1.0,,,,,,,,,,,,,,,,,,,,,,,
2006-06-17,,,,,,,,,,1.0,,1.0,,,,,,,,,,,,,,,,,,,,,,,,,,,
2006-06-18,,,,,,,,,1.0,1.0,1.0,1.0,,,,,,,,,,,,,,,,,,,,,,,,,,,
2006-06-19,,,1.0,1.0,,,,,1.0,1.0,1.0,1.0,,,,,,,,,,,,,,,,,,,,,,,,,,,
2006-06-20,,,,,,,1.0,,1.0,1.0,1.0,1.0,,,,,,,,,,1.0,1.0,,,,,,,,,,,,,,,,
2006-06-21,,,,,,1.0,1.0,1.0,1.0,1.0,1.0,1.0,1.0,1.0,1.0,1.0,1.0,1.0,,,,,1.0,1.0,,,,1.0,,,,,,,,1.0,,,1.0
2006-06-22,,,,,,,,,,,1.0,1.0,,,,,,,,,,,,1.0,,,,1.0,,,,,,,,1.0,,1.0,
2006-06-23,,1.0,,,,,,,1.0,1.0,1.0,1.0,1.0,1.0,1.0,1.0,1.0,1.0,,,,,,,,,,1.0,,,,1.0,,,1.0,1.0,,1.0,1.0
2006-06-24,,,,,,1.0,1.0,1.0,1.0,,,1.0,1.0,1.0,1.0,1.0,1.0,1.0,,,,,,1.0,,,,,,,,1.0,,,1.0,1.0,,1.0,1.0
2006-06-25,,,,,,1.0,1.0,1.0,1.0,,1.0,1.0,1.0,1.0,1.0,1.0,1.0,,,,,,,1.0,,,,,,,,,,,,1.0,,1.0,1.0
2006-06-26,,,,,,1.0,1.0,1.0,1.0,,1.0,1.0,1.0,1.0,1.0,1.0,1.0,1.0,,,,,,1.0,,,,,,,,,,,,,,,
2006-06-27,,,1.0,,,1.0,,1.0,1.0,1.0,1.0,1.0,,1.0,1.0,1.0,1.0,1.0,,,,,,,,,,,,,,,,,,,,,
2006-06-28,,,,,,,,,1.0,,1.0,1.0,,,,1.0,1.0,,,,,,,,,,,,,,,,,,,,,,
2006-06-29,,,,,,,,,,1.0,1.0,,,,,,1.0,,,,,,,,,,,,,,,,,,,1.0,,,
2006-06-30,,1.0,,,1.0,,,,,,,,,,,,1.0,1.0,,,,,,,,,,,,1.0,1.0,,,,,1.0,,,
2006-07-01,,1.0,,,1.0,,,,,,,,,1.0,,,1.0,1.0,,,,,,,,,,,,1.0,1.0,,1.0,1.0,1.0,1.0,1.0,,
2006-07-02,,1.0,1.0,,,1.0,,,,,,,,1.0,,,1.0,,,,,,,,,,,,,1.0,1.0,1.0,,,1.0,1.0,1.0,,
2006-07-03,1.0,,,,,1.0,,,,,,,,,,1.0,1.0,1.0,,,,,,,,1.0,,,,,1.0,,,,,,1.0,,
2006-07-04,,,,,,1.0,1.0,1.0,,,,,,,,1.0,,1.0,,,,,,,1.0,,,,,,,,,,,,1.0,,
2006-07-05,,,,,,1.0,,,,,,,,,,1.0,,,,,,,,,1.0,,,,,,,,,,,,1.0,,
2006-07-06,,,,,,,,,,,,,,,,,,,,,,,,,1.0,,,,,,,,,,,,,,
2006-07-10,1.0,1.0,1.0,1.0,1.0,1.0,,,,,,,,,,,,,,,,,,,,,,,,,,1.0,1.0,,,1.0,,,
2006-07-11,,,1.0,,,1.0,1.0,,,,,,,,1.0,1.0,,,,,,,,,,,,,,,,,1.0,1.0,,1.0,,,
2006-07-12,,,,,,,,,,,,,,,,1.0,,,,,,,,,,,,,,,,,1.0,,,1.0,,,
2006-07-13,,,,,,,,,,,,,,,,,,,,,,,,,,,,,,,,,,,,1.0,,,1.0
2006-07-14,,,,,,,,,,,,,,,,,,,,,,,,,,,,,,,,,,,,,,,1.0
2006-07-15,,,,,,,,,,,,,,,,1.0,,,,,,,,,,,,,,,,,,,,,,,1.0
2006-07-16,,,,,,1.0,1.0,,,,,,,,,,,,,,,,,,,,,,,,,,,,,,,,
2006-07-17,,,,,,1.0,,,,,,,,,,,,,,,,,,,,,,,,,,,,,,,,,
2006-07-18,,,,,,1.0,1.0,,,,,,,,,,,,,,,,,,,,,,,,,,,,,,,,
2006-07-19,,,,,,1.0,,,,,,,,,1.0,1.0,,,,,,,,,,,,,,,,,,,,,1.0,1.0,1.0
2006-07-20,,,1.0,,,1.0,,,,,,,,1.0,1.0,1.0,,,,,,,,,,,,,,,,,,,1.0,1.0,1.0,1.0,1.0
2006-07-21,,1.0,1.0,,,1.0,1.0,,,,,,,1.0,1.0,1.0,,,,,,,,,,,,,,,,1.0,,,1.0,1.0,1.0,1.0,1.0
2006-07-22,,,,,,1.0,1.0,,,,,,,1.0,1.0,,,,,,,,,,,,,,,,,,,1.0,1.0,1.0,1.0,,
2006-07-23,,,,,,,,,,,,,,,,,,,,,,,,,,,,,,,,1.0,1.0,1.0,,1.0,1.0,,
2006-07-24,,1.0,,,,,,,,,,,,,,,,,,,,,,,,,,,,,,,1.0,1.0,1.0,1.0,1.0,,
2006-07-25,,1.0,,,,,,,,,,,,,,,,,,,,,,,,,,,,,,,1.0,,,1.0,1.0,,
2006-07-26,,,,,,,,,,,,,,,,,,,,,,,,,,,,,,,,,1.0,,1.0,1.0,1.0,,
2006-07-27,,,,,,1.0,,,,,,,,,,,,,,,,,,,,,,,,,,,,,,1.0,1.0,,
2006-07-28,,,,1.0,,1.0,,,,,,,,,1.0,,,,,,,,,,,,,,,,,,,,,,1.0,,
2006-07-29,,,,,,,,,,,,,,,,,,,,,,,,,,,,,,,,,1.0,,,1.0,1.0,,
2006-07-30,,1.0,1.0,,,,,,,,,,,,,,,,,,,,,,,,,,,,,,,,,1.0,1.0,,
2006-07-31,,,,,,,,,,,,,,,1.0,,,,,,,,,,,,,,,,,1.0,,1.0,1.0,1.0,1.0,,
2006-08-01,,,,,,,,,,,,,,,,,,,,,,,,,,,,,,,,1.0,,,,,1.0,,
2006-08-09,,,,,,,,,,,,,,,,,,,,,,,,,,,,,,,,,1.0,,,,,,
2006-08-17,,,,,,,,,,,1.0,1.0,,,,,,,,,,,,,,,,,,,,,,,,,,,
2006-08-18,,,,,,,,,,,,1.0,,,,,,,,,,,,,,,,,,,,,,,,,,,
2006-08-19,,,,,,,,,,,1.0,1.0,,,,,,,,,,,,,,,,,,,,,,,,,,,
2006-08-20,,,,,,,,,,,1.0,1.0,,,,,,,,,,,,,,,,,,,,,,,,,,,
2006-08-21,,,,,,,,,,,1.0,1.0,,,,,,,,,,,,,,,,,,,,,,,,,,,
2007-06-08,,,,,,,,,,,,,,,,,,,,,,,,,,,,,,,,,,,,1.0,,,
2007-06-11,,,,,,,,,,,,,,,,,,,,,,,,,,,,,,,,,,,,1.0,,,
2007-06-13,,,,,,,,,,,,,,,,,,,,,,,,,,,,,,,,,,,,1.0,,,
2007-06-14,,,,,,,,,,,,,,,,,,,,,,,,,,,,,,,,,,,,1.0,,,
2007-06-17,,,,,,,,,,,,1.0,,1.0,,,,,,,,,,,,,,,,,,,,,,1.0,,,
2007-06-18,,,,,,1.0,,1.0,1.0,1.0,1.0,1.0,1.0,1.0,,,,,,,,,,,,,,,,,,,,,,,,,
2007-06-19,,,,1.0,,,,,1.0,1.0,,1.0,1.0,,1.0,,1.0,,,,,,,,,,,,,,,,,,,1.0,1.0,,
2007-06-20,,,,1.0,,1.0,,1.0,1.0,1.0,1.0,,1.0,1.0,,,1.0,1.0,,,,,,,,,,,,,,,,,,1.0,1.0,,
2007-06-21,,,,,,,,,,1.0,1.0,,,1.0,,,1.0,1.0,,,,,,,,,,,,,,,,,,,,,
2007-06-22,,,,,,,,,,,1.0,1.0,,,,,,,,,,,,,,,,,,,,,,,,,,,
2007-06-23,,,,,,,,,,,,,,1.0,,,,,,,,,,,,,,,,,,,,,,,,,
2007-06-24,,,,,,,,,,1.0,1.0,1.0,,,,,,,,,,,,,,,,,,,,,,,,,,,
2007-06-25,,,,,,,,,,,,1.0,,,,,,,,,,,,,,,,,,,,,,,,,,,
2007-07-15,,,,,,1.0,,,,,,,,,,,,,,,,,,,,,,,,,,,,,,,,,
2007-07-16,,,,,,1.0,,,,,1.0,,,,,,,,,,,,,,,,,,,,,,,,,,,,
2007-07-17,,,,,,1.0,,,,1.0,1.0,,,1.0,,,,,,,,,,,,,,,,,,,,,,,,,
2007-07-18,,,,,,1.0,,,,1.0,1.0,1.0,,1.0,,,,,,,,,,,1.0,,,,,,,,,,,,,,
2007-07-19,,,,,,1.0,,,,,1.0,1.0,,1.0,,,,,,,,,,,,,,,,,,,,,,,,,
2007-07-20,,,,,,1.0,,,,1.0,1.0,1.0,,1.0,,,,,,,,,,,,,,,,,,,,,,,,,
2007-07-21,,,,,,,,,,1.0,1.0,1.0,,1.0,,,,,,,,,,,,,,,,,,,,,,,,,
2007-07-22,,,,,,,,,,1.0,1.0,1.0,,,,,,,,,,,,,,,,,,,,,,,,,,,
2007-07-23,,,,,,,,,,1.0,1.0,1.0,,,,,,,,,,,,,,,,,,,,,,,,,,,
2007-07-24,,,,,,,,,,,1.0,1.0,,,,,,,,,,,,,,,,,,,,,,,,,,,
2007-08-23,,,,,,,,,,1.0,,1.0,,,,,,,,,,,,,,,,,,,,,,,,,,,
2007-08-24,,,,,,,,,1.0,,1.0,,,,,,,,,,,,,,,,,,,,,,,,,,,,
2007-08-25,,,1.0,1.0,1.0,,1.0,1.0,1.0,1.0,1.0,1.0,1.0,1.0,1.0,1.0,1.0,,,,,,,,,,,,,,,,,,,,,,
2007-08-26,,,1.0,1.0,1.0,1.0,1.0,1.0,1.0,1.0,1.0,1.0,,,,1.0,1.0,1.0,,1.0,,,,,,,,,,,,,,,1.0,1.0,,1.0,1.0
2007-08-27,1.0,,1.0,1.0,1.0,1.0,1.0,1.0,1.0,1.0,1.0,1.0,,,,1.0,1.0,1.0,1.0,,1.0,,,,,1.0,,1.0,1.0,,,1.0,1.0,1.0,1.0,1.0,,1.0,1.0
2007-08-28,1.0,,1.0,1.0,,1.0,,1.0,1.0,1.0,1.0,1.0,,1.0,,1.0,1.0,1.0,,1.0,,1.0,1.0,,1.0,1.0,,1.0,1.0,,,,1.0,1.0,1.0,1.0,,1.0,1.0
2007-08-29,,,,,,1.0,,1.0,1.0,1.0,1.0,1.0,1.0,,,,,1.0,1.0,1.0,,1.0,1.0,,,,,1.0,,,,,,,,,,,
2007-08-30,,,,,,,,,,,,,,,,,,,,,,,,,1.0,,,,,,,,,,,,,,
2008-06-21,,,,,1.0,1.0,1.0,,,,,,,,1.0,,,,,,,,,,,,,,,,,,,,1.0,,1.0,,
2008-06-22,,,,1.0,1.0,1.0,1.0,1.0,1.0,1.0,1.0,,,1.0,1.0,1.0,,,,,,,1.0,,,,,1.0,1.0,,,,,,1.0,,1.0,,
2008-06-23,,,,1.0,1.0,1.0,1.0,1.0,1.0,1.0,1.0,,,1.0,1.0,1.0,,,,,,,1.0,,,,,1.0,1.0,,,,,,1.0,,1.0,,
2008-06-24,,,,,1.0,1.0,1.0,1.0,1.0,1.0,1.0,1.0,,1.0,1.0,1.0,,,,,,,1.0,,,,,,,,,,,,,,1.0,,
2008-06-25,,1.0,1.0,1.0,1.0,,1.0,1.0,,1.0,1.0,1.0,,1.0,1.0,1.0,,,,,,,,,,,,,,,,,,,,,,,
2008-06-26,,1.0,,1.0,,1.0,1.0,1.0,,,1.0,1.0,,1.0,,,,,,,,,,,,,,,,,,,,1.0,,,,,
2008-06-27,,,,,,,,1.0,,,1.0,,,,,,,,,,,,,,,,,,,,,,,,,,,,
2008-06-28,,,1.0,,,,,,,,,,,1.0,,,,1.0,,,,,,,,,,,,1.0,1.0,,,1.0,,,,,
2008-06-29,,1.0,1.0,,,1.0,,,1.0,,,1.0,,1.0,1.0,,,1.0,,,,,,,,,,,,1.0,,,,,,,,,
2008-06-30,,,,,,,1.0,1.0,,,,,,1.0,1.0,,,1.0,,,,,,,,,,,,1.0,1.0,,,,,,1.0,,
2008-07-01,,,,,,,,1.0,,,,,,1.0,1.0,,,1.0,,,,,,,,,,,,,1.0,,,,,,,,
2008-07-02,,,,,,,,1.0,,,,,,1.0,1.0,,,1.0,,,,,,,,,,,,1.0,,,,,,,1.0,,
2008-07-03,,,,,,,,,,,,1.0,,1.0,1.0,,,,,,,,,,,,,,,,,,,,,,1.0,,
2008-07-05,,,,,,,,,,,,,,,,,,,,,,,,,,,,,1.0,,,,,,,,,,
2008-07-06,,,,,,,,,,,,,,1.0,,,,,,,,,,,,,,,,,,,,,,,,,
2008-07-25,,,,,,,,,,,,,,,,,,,,,,,,,1.0,,,,,,,,,,,,,,
2008-07-26,,,,,,,,,,,,,,,,,,,,,,,,,1.0,,,,,,,,,,,,,,
2008-07-27,,,,,,,,,,,,,,,,,,,,,,,,,1.0,,,,,,,,,,,,,,
2008-07-31,,,,,,,,,,,,,,,1.0,,,,,,,,,,,,,,,,,,,,,,,,
2008-08-01,,,,,,,,,,,,,,,1.0,,,,,,,,,,,,,,,,,,,,,,,,
2008-08-02,,,,,,,,,,,,,,,1.0,,,,,,,,,,,,,,,,,,,,,,,,
2008-08-03,1.0,1.0,,,,,,,,,,,,,,,,,,,,,,,,,,,,,,,,,,,,,
2008-08-04,,,1.0,,,,,,,,,,,,,,,,,,,,,,,,,,,1.0,1.0,1.0,,,1.0,1.0,,,
2008-08-05,,1.0,,,,,,,,,,,,,,,1.0,1.0,,,,,,,,,,,,1.0,1.0,,,,1.0,1.0,1.0,,
2008-08-06,,,1.0,,,,,,,,,1.0,,,,,1.0,1.0,,,,,,,,,,,,,,,,,,1.0,1.0,,
2008-08-07,,,,,,,,,,,,1.0,,1.0,,,1.0,1.0,,,,,,,,,,,,1.0,,,,,,,,,
2008-08-08,,,,,,,,,,,,1.0,,,,,1.0,,,,,,,,,,,,,,,,,,,,,,
2008-08-11,,,,,,,,,,,,,,,,,,,,,,,,,,,,,1.0,,,,,,,,,,
2008-08-12,,,,,,,,,,,,,,1.0,,,,,,,,,1.0,1.0,1.0,,,,,,,,,,,,,,
2008-08-13,,,,,,,,,,,1.0,,,,,,,,,,,,1.0,1.0,1.0,,,,,,,,,,,,,,
2008-08-14,,,,,,,,,,,,,,1.0,,,,,,,,,1.0,,,,,,,,,,,,,,,,
2008-08-15,,,,,,,,,,,1.0,,,,,,,,,,,,,,,,,,,,,,,,,,,,
2008-08-28,,,,,,1.0,,,,,,,,,,,,,,,,,,,,,,,,,,,,,,1.0,,,
2008-08-29,1.0,,,,,1.0,,,,,,,,1.0,,,,1.0,,,,,,,,,,,,,,,,,,1.0,,,
2008-08-30,1.0,,,,,1.0,,1.0,1.0,,,,,1.0,1.0,1.0,,1.0,,,,,,,,,,,,,,,,,,1.0,,,
2008-08-31,,,,,,1.0,,1.0,1.0,,,,,1.0,1.0,,,,,,,,,,,,,,,,,,,,,,,,
2008-09-01,,,,,,,,1.0,,,,,,,,,,,,,,,,,,,,,,,,,,,,,,,
2008-09-04,,,,,,,,1.0,,,,,,,,,,,,,,,,,,,,,,,,,,,,,,,
2008-09-05,,,,,,,,,1.0,,,,,,,,,,,,,,,,,,,,,,,,,,,,,,
2008-09-06,,,,,,,,1.0,1.0,,,,,,,,,,,,,,,,,,,,,,,,,,,,,,
2008-09-07,,,,,,,,,1.0,,,,,,,,,,,,,,,,,,,,,,,,,,,,,,
2008-09-08,,,,,,,,1.0,,,,,,,,,,,,,,,,,,,,,,,,,,,,,,,
2008-09-09,,,,,,,,1.0,1.0,,,,,,,,,,,,,,,,,,,,,,,,,,,,,,
2008-09-10,,,,,,,,1.0,1.0,,,,,,,,,,,,,,,,,,,,,,,,,,,,,,
2008-09-11,,,,,,,,1.0,1.0,,,,,,,,,,,,,,,,,,,,,,,,,,,,,,
2009-06-01,,,,,,,,,,,,,,,,,,,,,,,,,,,,,,,,,1.0,,,,,,
2009-06-02,,,,,,,,,,,,,,,,,,,,,,,,,,,,,,,,,,,,1.0,,,
2009-06-03,,,,,,,,,,,,,,1.0,,,,,,,,,,,,,,,,,,,,,1.0,1.0,,,
2009-06-12,,,,,,,,,,,,,,,1.0,,,,,,,,,,,1.0,,,,,,,,,,,,,
2009-06-13,,,,,,1.0,,,,,,,,,,,,,,,,,,,1.0,1.0,1.0,1.0,1.0,1.0,,1.0,1.0,,1.0,1.0,1.0,1.0,1.0
2009-06-14,,,,,,,1.0,1.0,,,,,,1.0,1.0,1.0,,,,,,,,,,1.0,1.0,1.0,,,,,,,,1.0,1.0,1.0,1.0
2009-06-15,,,1.0,,,1.0,1.0,1.0,,,1.0,,,1.0,1.0,1.0,,,,,,,1.0,,,,,,,,,,,,,1.0,1.0,1.0,1.0
2009-06-16,,,,,,1.0,1.0,1.0,1.0,1.0,1.0,1.0,,1.0,1.0,1.0,,,,,,,1.0,,,,,,,,,,,,,1.0,1.0,1.0,1.0
2009-06-17,,1.0,1.0,,,,,,1.0,1.0,1.0,1.0,,,,1.0,,1.0,,,,,1.0,,,,,,1.0,,,,,,1.0,1.0,1.0,1.0,
2009-06-18,,1.0,1.0,,,1.0,1.0,1.0,1.0,,1.0,1.0,,1.0,,1.0,,1.0,,,,,,,,,,1.0,,,,,,,1.0,1.0,1.0,1.0,1.0
2009-06-19,,,,,,1.0,1.0,1.0,,,,,,,,1.0,,1.0,,,,,,,,,,1.0,,,,,,,,1.0,1.0,1.0,1.0
2009-06-23,,,,,,,,,,,,,,,,,,,,,,,,,,1.0,,,,,,,,,,,,,
2009-06-24,,,,,,,,,,,,,,,,,,,,,,,,,,1.0,,1.0,,,,,,,,,,,
2009-06-25,,,,,,,,,,,,,,,,,,,,,,,,,,1.0,,1.0,,,,,,,,,,,
2009-06-26,,,,,,,,,,,,,,,,,,,,,,,,,,,,1.0,1.0,,,,,,,,,,
2009-06-28,,1.0,,,,,,,,,,,,,,,,,,,,,,,,,,,,,,,,,,,,,
2009-06-29,,1.0,,,,,,,,,,,,,,,,,,,,,,,,,,,,1.0,,,1.0,,,1.0,1.0,,
2009-06-30,,1.0,,,,,,,,,,,,,,,,,,,,,,,,,,,,1.0,1.0,,1.0,,1.0,1.0,1.0,1.0,1.0
2009-07-01,,,,,,,,,,,,,,,,,,,,,,,,,,,,,,1.0,1.0,1.0,1.0,,1.0,1.0,1.0,1.0,1.0
2009-07-02,,,,,,,,,,,,,,,,,,1.0,,,,,,,1.0,1.0,,,,,,,1.0,,1.0,1.0,1.0,1.0,1.0
2009-07-03,,1.0,,,,,,,,,,,,,,,1.0,1.0,,,,,,,1.0,1.0,,,,,,,,,1.0,1.0,1.0,1.0,1.0
2009-07-04,,,,,,,,,,,,,,,,,1.0,1.0,,,,,,,1.0,1.0,1.0,1.0,1.0,,,,,,1.0,1.0,1.0,,
2009-07-05,,,,,,,,,,,,,,,,,1.0,1.0,,,,,,,1.0,1.0,1.0,1.0,,,,,,,,,1.0,,
2009-07-06,,,,,,,,,,,,,,,,,,,,,,,,,1.0,1.0,1.0,1.0,,,,,,,,,,,
2009-07-13,,,,,,,,,,,,,,,,,,,,,,,,,,,1.0,,,,,,,,,,,,
2009-07-14,,,,,,1.0,,,,,,,,,,,,,,,,,,1.0,,,,,,,,,,,,,,,
2009-07-15,,,,,,1.0,,,,1.0,1.0,,,,,,,,,,,,,1.0,,,1.0,,,,,,,,,,,,
2009-07-16,,,,,,1.0,,,,,1.0,,,,,,,,,,,,,1.0,,,,,,,,,,,,,,,
2009-07-17,,,,,,,,,,1.0,1.0,,,,,,,,,,,,,,,,,,,,,,,,,,,,
2009-07-21,,,,,,,,,,,,,,,,,,,,,1.0,,,,,1.0,,,,,,,,,,,,,
2009-07-22,,,,,,,,,,,,,,,,1.0,,,,,1.0,,1.0,,,,,,,,,,,,,,,,
2009-07-23,,,,,,,,,,,,,,,,1.0,,,,,,,1.0,,,1.0,1.0,1.0,,,,1.0,,,,,,,
2009-07-24,,,,,,,,,,,,,,,,1.0,,,,,,,1.0,,,1.0,1.0,1.0,,,,1.0,,,,,,,1.0
2009-07-25,,,,,,,,,,,,,,,,,,,,,,,,,1.0,,,,,,,,,,,,,,
2009-08-12,,1.0,1.0,,,,,,,,,,,,,,,,,,,,,,,,,,,,,,1.0,,,,,,
2009-08-13,,1.0,1.0,,,,,,,,,,,,,,,,,,,,,,,,,,,,,,,1.0,,1.0,,,
2009-08-14,1.0,1.0,1.0,,,,,,,,,,,,,,,,,,,,,,,,,,,,,1.0,,1.0,,1.0,,1.0,1.0
2009-08-15,,,,,,,,1.0,1.0,,,,,,,1.0,,,,,,,,,,,,,,,,1.0,,1.0,1.0,1.0,,1.0,1.0
2009-08-16,1.0,1.0,1.0,,,1.0,,1.0,1.0,1.0,,,,,1.0,,,,,,,,,,,,,,,,,1.0,1.0,1.0,,1.0,,1.0,1.0
2009-08-17,,,1.0,,,1.0,,,1.0,,,,,1.0,,1.0,,,,,,,,,,,,,,1.0,1.0,1.0,1.0,1.0,,1.0,,1.0,1.0
2009-08-18,,,1.0,,,1.0,1.0,1.0,1.0,,1.0,,,1.0,1.0,1.0,,,,,,,,,,,,,,1.0,1.0,1.0,1.0,1.0,,1.0,1.0,1.0,1.0
2009-08-19,1.0,1.0,,,,1.0,1.0,1.0,1.0,,1.0,1.0,,1.0,,1.0,,,,,,,,,,,,,,1.0,1.0,1.0,1.0,1.0,1.0,1.0,1.0,1.0,1.0
2009-08-20,1.0,1.0,1.0,1.0,,1.0,1.0,1.0,1.0,1.0,1.0,1.0,,1.0,1.0,1.0,1.0,1.0,,,,,,,,,,,,1.0,1.0,1.0,1.0,1.0,1.0,1.0,1.0,1.0,1.0
2009-08-21,,1.0,1.0,1.0,,1.0,1.0,1.0,1.0,1.0,1.0,1.0,,1.0,1.0,1.0,1.0,1.0,,,,,,,,,,,,,1.0,,1.0,1.0,1.0,1.0,1.0,1.0,1.0
2009-08-22,,1.0,,,,,,,,,1.0,1.0,,1.0,,1.0,1.0,1.0,,,,,,,,,,,,,,1.0,1.0,,,,1.0,1.0,1.0
2009-08-23,,1.0,,,,,,,,,1.0,1.0,,,1.0,1.0,1.0,1.0,,,,,,,,,,,,,,,1.0,,,,1.0,1.0,1.0
2009-08-24,,,,,,1.0,,,1.0,,,1.0,,,1.0,,,1.0,,,,,,,,,,,,,,,,,,,1.0,1.0,1.0
2009-08-25,,,,,,,,,,,,1.0,,,1.0,,,,,,,,,,,,,,,,,,,,,,,,
2009-08-26,,,,,,,1.0,1.0,1.0,1.0,1.0,1.0,,,,,,,,,,,,,,,,,,,,,,,,,,,
2009-08-27,,,,,,,,,1.0,1.0,,,,,,,,,,,,,,,,,,,,,,,,,,1.0,,,
2009-08-28,,,,,,,,,,,,,,,,,,,,,,,,,,,,,,,,,,1.0,,1.0,,,
2009-08-31,1.0,,,,,,,,,,1.0,,,,,,,,,,,,,,,,,,,,,,,,,,,,
2009-09-01,,,,,,,,,,,,,,,1.0,1.0,,,,,,,,,,,,,,,,,,,,,,,
2009-09-02,,,,,,,,,,,,,,,1.0,,,,,,,,,,,,,,,,,,,,,,,,
2009-09-03,,,,,,,,,,1.0,,,,,,,,,,,,,,,,,,,,,,,,,,,,,
2009-09-07,,,,,,,1.0,,,,,,,,,,,,,,,,,,,,,,,,,,,,,,,,
2010-06-04,,1.0,,,,,,,,,,,,,,,,,,,,,,,,,,,,,,,,,,,,,
2010-06-09,,,,,,1.0,,,,,,1.0,,,,,,,,,,,,,,,,,,,,,,,,,,,
2010-06-10,,,,,,,,,,,1.0,1.0,1.0,,,,,,,,,,,,,,,,,,,,,,,,,,
2010-06-11,,,,,,,,,1.0,1.0,,1.0,,,,,,,,,,,,,,,,,,,,,,,,,,,
2010-06-12,,,,,,,,,,1.0,,,,,,,,,,,,,,,,,,,,,,,,,,,,,
2010-06-13,,,,,,,,,,1.0,,,,,,,,,,,,,,,,,,,,,,,,,,,,,
2010-06-16,,,,,,,,,,,1.0,,,,,,,,,,,,,,,,,,,,,,,,,,,,
2010-06-17,,,,,,,,,,,1.0,,,,,,,,,,,,,,,,,,,,,,,,,,,,
2010-06-18,,,,,,,,,,,1.0,,,,,,,,,,,,,,,,,,,,,,,,,,,,
2010-06-27,,,,,,,,,,,,,,,,,,,,,,,,,,,,,,,,,1.0,1.0,,1.0,,,
2010-06-28,,1.0,,,,,,,,,,,,,,,,,,,,,,,,,,,,,,,,,,1.0,,,
2010-06-29,,,,,,,,,,,,,,,,,,,,,,,,,,,,,,1.0,,,,,,1.0,,,
2010-06-30,,,,,,1.0,,,,,,,,,,,,,,,,,,,,,,,,1.0,,,,1.0,,,,,
2010-07-01,,,,,,1.0,,,,,,,,,,,,,,,,,,,,,,,,,,,1.0,,,,,,
2010-07-02,,,,,,1.0,,,,,,,,,,,,,,,,,,,,,,,,,,,,,,,,,
2010-07-03,,,1.0,,,1.0,,,,,,,,,,,,,,,,,,,,,,,,,,,,,,,,,
2010-07-05,,,,,,,,,,,,,,,,,,,,,,,,,,,,,,,,,1.0,,,,,,
2010-07-06,,,,,,,,,,,,,,,,,,,,,,,,,,,,,,1.0,,,1.0,,,,,,
2010-07-07,,1.0,,,,,,,,,,,,,,,,,,,,,,,,,,,,1.0,,,1.0,,,,,,
2010-07-08,1.0,,,,,,,,,,,,,,,,,,,,,,,,,,,,,1.0,,,1.0,,,,,,
2010-07-09,,,,,,1.0,,,,,,,,,,,,,,,,,,,,,,,,,,,,,,,,,
2010-07-10,,,,,,1.0,1.0,,,,,,,,,,,,,,,,,,,,,,,,,,,,,,,,
2010-07-11,,,,,,1.0,,,1.0,,,,,1.0,1.0,,,,,,,,,,,,,,,,,,,,1.0,,,,
2010-07-12,,,,,,,,,,,,,,1.0,1.0,,,,,,,,,,,,,,,,,,,,,,,,
2010-07-13,1.0,,,,,,,,,,,,,1.0,1.0,,,,,,,,,,1.0,,,,,,,,,,1.0,,,,
2010-07-14,,,,1.0,,,1.0,1.0,,,,1.0,,,1.0,,,,,,,,,,1.0,,,,,,,,,,,,,,
2010-07-15,,,,,,,1.0,1.0,1.0,1.0,1.0,1.0,,1.0,1.0,,,1.0,,,,,,,1.0,,,,,,,,,,,,,,
2010-07-16,,,,,,1.0,1.0,1.0,1.0,1.0,1.0,1.0,,1.0,1.0,,,1.0,,,,,,,,,,,,,,,,,,,,,
2010-07-17,,,,,,,1.0,1.0,1.0,,1.0,1.0,,1.0,,,,1.0,,,,,,,,,,,,,,,,,,,,,
2010-07-18,,,,,,,,,,,,,,1.0,,,,,,,,,,,,,,,,,,,,,,,,,
2010-07-19,1.0,,,,1.0,,,,,,,,,,,,,,,,,,,,,,,,,,,,,,,,,,
2010-08-20,,,,,,,,,,,1.0,,,,,,,,,,,,,,,,,,,,,,,,,,,,
2010-08-21,1.0,,,,,,,,,,1.0,,,,,,,,,,,,,,,,,,,,,,1.0,1.0,1.0,1.0,,,
2010-08-22,1.0,,,,,,,,,,1.0,,,,,,,,,,,,,,,,,,,,,,1.0,1.0,1.0,1.0,,,
2010-08-23,,,,,,,,,,,,1.0,,,,,,,,,,,,,,1.0,,,,,,,,,,,,,
2010-08-24,,,,,,,,,,,,1.0,,,,,1.0,1.0,,,,,,,,1.0,,,,,,,,,,,,,
2010-08-25,1.0,,,,,,,1.0,,,,1.0,,,,,1.0,,,,,,,,,,,,,,,,1.0,,1.0,1.0,,,
2010-08-26,1.0,,,,,,,1.0,,,,1.0,,,,,1.0,1.0,,,,,,,1.0,1.0,,,,,,,,,1.0,1.0,,,
2010-08-27,,,,,,,,1.0,,,,,,,,,1.0,1.0,,,,,,,1.0,1.0,,,,,,,,,,1.0,,,
2010-08-28,,,,,,,,,,,,,,,,,,,,,,,,,,1.0,,,,,,,,,,,,,
2011-06-15,,,,,,,,,,,,,,,,,,,,,,,,,,,,,,,,,,,,,1.0,,
2011-06-16,,,,,,,,,,,,,,,,,,,,,,,,,1.0,,,,,,,,,,,,1.0,,
2011-06-17,,,,,,,,,,,,,,,,,,,,,,,,,,,,,,,,,,,,,1.0,,
2011-06-18,,,,,,,,,,,,,,,,,,,,,,,,,1.0,,,,,,,,,,,,,,
2011-06-22,,,,,,,,,1.0,,,,,,,,,,,,,,,,,,,,,,,,,,,,,,
2011-06-23,,,,,,,,,1.0,,,,,,,,,,,,,,,,,,,,,,,,,,,,,,
2011-06-25,,,,,1.0,,1.0,,,,,,,,,,,,,,,,,,,,,,,,,,,,,,,,
2011-06-26,,,,,,,1.0,,,,,,,1.0,1.0,,,,,,,,,,,,,,,,,,,,,,,,
2011-06-27,,,,,,,1.0,,,,,,,,,,,,,,,,,,,,,,,,,,,,,,,,
2011-06-28,,,,,,,1.0,,,,,,,,,,,,,,,,,,,,,,,,,,,,,,,,
2011-06-29,,,,,,,,,,,,,,1.0,,,,,,,,,,,,,,,,,,,,,,,,,
2011-07-04,,,,,,,,,,,,,,,,,,,,,,,,,,,1.0,1.0,,,,,,,,,,,
2011-07-05,,,,,,,,,,,,,,,,,,,,,,,,,,,1.0,1.0,1.0,1.0,,,,,,,,,
2011-07-06,,,,,,,,,,,,,,,,,,,,,,,,,,,1.0,1.0,,,1.0,,,,,,,,
2011-07-07,,,,,,,,,,,,,,,,,,,,,,,,,,,1.0,1.0,,,1.0,,,,,,,,
2011-07-08,,,,,,,,,,,,,,,,,,,,,,,,1.0,,,1.0,,,,,,,,,,,,
2011-07-09,,,,,,,,,,1.0,1.0,,,,,,,,,,,,,1.0,,,,,,,,,,,,,,,
2011-07-10,,,,,,,,,,1.0,1.0,,,,,,,,,,,,1.0,1.0,,,,,,,,,,,,,,,
2011-07-11,,,,,,,,,,1.0,1.0,1.0,1.0,,1.0,,,1.0,,,,,1.0,1.0,,,,,,,,,,,,,,,
2011-07-12,,,,,,1.0,,,,1.0,1.0,1.0,1.0,,1.0,,,1.0,,,,,,,,,,,,,,,,,,,,,
2011-07-13,,,,,,1.0,,,,1.0,1.0,1.0,1.0,,,,,,,,,,,,,,,,,,,,,,,,,,
2011-07-14,,,,,,,,,,1.0,,,,,,,,,,,,,,,,,,,,,,,,,,,,,
2011-08-06,,,,,,,,,,,,,,,,,,,,,,,,,1.0,1.0,,,,,,,,,,,,,
2011-08-07,,,,,,,,,,,,,,,,,,,,,,,,,1.0,1.0,,,,,,,,,,,,,
2011-08-08,,,,,,,,,,,,,,,,,,,,,,,,,1.0,,,,,,,,,,,,,,
2011-08-17,,,,,,,,,,,,,,,,,,,,,,,,,,,,,,,,,,,,,,1.0,1.0
2011-08-18,,,,,,,,,,,,,,,,,,,,,,,,,,,,1.0,,,,,,,,,,1.0,1.0
2011-08-19,,,,,,,,,1.0,,1.0,1.0,,,,1.0,,,,,,,,,,,,1.0,1.0,,,,1.0,,,1.0,,1.0,1.0
2011-08-20,1.0,,1.0,,1.0,1.0,,1.0,1.0,1.0,1.0,1.0,,1.0,1.0,1.0,1.0,1.0,,,,,,,,,,1.0,1.0,,,1.0,1.0,1.0,1.0,1.0,1.0,1.0,1.0
2011-08-21,1.0,,1.0,1.0,1.0,1.0,1.0,1.0,1.0,,1.0,,,1.0,1.0,1.0,1.0,1.0,,,,,,,,,,1.0,1.0,,,,1.0,1.0,1.0,1.0,1.0,1.0,1.0
2011-08-22,,,1.0,1.0,1.0,1.0,1.0,1.0,1.0,1.0,1.0,1.0,,1.0,1.0,1.0,1.0,1.0,,,,,,,,,,,,,,,,1.0,1.0,1.0,1.0,1.0,1.0
2011-08-23,,,1.0,1.0,,1.0,1.0,1.0,1.0,1.0,1.0,1.0,,1.0,1.0,1.0,1.0,1.0,,,,,,,,,,,,,1.0,,1.0,,,1.0,,,
2011-08-24,,,,1.0,,1.0,1.0,1.0,1.0,1.0,1.0,1.0,,1.0,1.0,1.0,1.0,1.0,,,,,,,,,,1.0,1.0,,,,,,,1.0,,,
2011-08-25,,,,1.0,,1.0,1.0,1.0,,1.0,1.0,,,1.0,1.0,1.0,1.0,1.0,,,,,,,,,,1.0,1.0,,,,,,,,,,
2011-08-26,,,,,,,1.0,1.0,1.0,,,,,1.0,1.0,1.0,1.0,,1.0,,,,,,1.0,,,1.0,,,,,,,,,,,
2011-08-27,,,,,,,,1.0,1.0,,1.0,,,,,,,,,,,,,,,,,,,,,,,,,,,,
2011-08-31,,,,,,,,,,,,1.0,,,,1.0,1.0,1.0,,,,,1.0,,,,,,,,,,,,,,,,
2011-09-01,,,,,,,,,,,,1.0,,,,,,,,,,,,,,,,,,,,,,,,,,,1.0
2011-09-02,,,,,,,,,,,,1.0,,,,,,,,,,,,,,,,,,,,,,,,,,,
2012-06-05,,,,,,,,,,,,,,,,,,,,,,,,,,,,,,,,,,,,1.0,,,
2012-06-06,,,,,,,,,,,,,,,,,,,,,,,,,,,1.0,1.0,,,,,,,1.0,1.0,1.0,,
2012-06-07,,,,,,,,,,,,,,,,,,,,,,,1.0,,,,,1.0,,,,,,,1.0,,,,
2012-06-10,,,,,,,,,,,,,,,,,,,,,,,,,1.0,,,,,,,,,,,,,,
2012-06-11,,,,,,,,,,,,,,,,,,,,,,,,,1.0,,,,,,,,,,,,,,
2012-06-15,,,,,,,,,,1.0,,,,,,,,,,,,,,,,,,,,,,,,,,,,,
2012-06-16,,,,,1.0,1.0,1.0,1.0,1.0,1.0,1.0,1.0,,1.0,1.0,1.0,,,,,,,,,,,,,,,,,,,,,,,
2012-06-17,,,,1.0,,1.0,1.0,1.0,1.0,1.0,1.0,1.0,,1.0,1.0,1.0,,1.0,,,,,,,,,,,,,,,,,,,,,
2012-06-18,,,,1.0,,1.0,1.0,1.0,1.0,1.0,1.0,1.0,,1.0,1.0,1.0,1.0,1.0,,,,,,,,,,,,,,,,,,,,,
2012-06-19,,,,,,1.0,1.0,1.0,1.0,1.0,1.0,1.0,1.0,,1.0,1.0,1.0,1.0,,,,,,,,,,,,,,,,,,,,,
2012-06-20,,,,,,1.0,1.0,1.0,1.0,1.0,1.0,1.0,1.0,1.0,1.0,,,,,,,,,,,1.0,,,,,,,,,,,,,1.0
2012-06-21,,,,,,,1.0,1.0,1.0,1.0,1.0,1.0,,,,,1.0,,,,,,,,,1.0,,,,,,,,,1.0,1.0,1.0,1.0,1.0
2012-06-22,,,,,,,1.0,1.0,1.0,1.0,1.0,1.0,,,,1.0,1.0,1.0,,,,,,,,1.0,,,,,,,,,,,,1.0,1.0
2012-06-23,,1.0,,,,,1.0,1.0,1.0,,1.0,1.0,,,,1.0,1.0,1.0,,,,,,,,,,,,,,,,,,,,1.0,1.0
2012-06-24,,,,,,,1.0,1.0,1.0,,,1.0,,,,1.0,1.0,1.0,,,,,,,,1.0,,,,,,,1.0,1.0,1.0,1.0,,,1.0
2012-06-25,,,,,,,1.0,,,,,,,,,,,,,,,,,,,1.0,1.0,,1.0,1.0,1.0,1.0,1.0,1.0,1.0,1.0,1.0,1.0,1.0
2012-06-26,,,,,,1.0,1.0,1.0,1.0,,1.0,,,1.0,,,1.0,,,,,,,,,1.0,1.0,1.0,1.0,1.0,1.0,1.0,1.0,1.0,1.0,1.0,1.0,1.0,1.0
2012-06-27,1.0,1.0,,,,,,,1.0,,1.0,,,1.0,1.0,,1.0,1.0,,,,,,,,,,,,,,1.0,1.0,,1.0,1.0,1.0,1.0,1.0
2012-06-28,,,,,,,1.0,1.0,1.0,,1.0,,,1.0,,,1.0,1.0,,,,,,,,1.0,,,1.0,1.0,,,1.0,1.0,1.0,1.0,1.0,1.0,1.0
2012-06-29,,,,,,1.0,1.0,1.0,1.0,,1.0,,,1.0,1.0,1.0,1.0,1.0,,,,,,1.0,,,1.0,1.0,1.0,1.0,,,,1.0,1.0,1.0,1.0,1.0,
2012-06-30,,,,,,1.0,1.0,1.0,1.0,,1.0,,,1.0,1.0,1.0,1.0,1.0,,,,,,1.0,,1.0,1.0,1.0,1.0,1.0,1.0,1.0,1.0,1.0,,,,,
2012-07-01,,,,,,1.0,1.0,1.0,,,1.0,,,,,1.0,1.0,,,,,,,,,,,,,,,,,,,,,,
2012-07-02,,,,,,,1.0,,1.0,,1.0,,,,,,,,,,,,,,,,,,,,,,,,,,,,
2012-07-03,,,,,,,,,,,1.0,,,,,,,,,,,,,,,,,,,,,,,,,,,,
2012-07-04,,,,,,,,,,,1.0,,,,,,,,,,,,,,,,,,,,,,,,,,,,
2012-07-05,,,,,,,,,,,1.0,,,,,,,,,,,,,,,,,,,,,,,,,,,,
2012-07-07,,,,,,,,,,,1.0,,,,1.0,,,,,,,,,,,,,,,,,,,,,,,,
2012-07-08,,,,,,,,1.0,1.0,1.0,1.0,,,1.0,1.0,,,,,,,,,,,,,,,,,,,,,,,,
2012-07-09,,,,,,,,1.0,1.0,1.0,1.0,,1.0,1.0,1.0,,1.0,,,,,,,,,,,,,,,,,,,,,,
2012-07-10,,,,,,,,1.0,1.0,1.0,1.0,1.0,,1.0,,,1.0,,,,,,,,,,,,,,,,,,,,,,
2012-07-11,,,,,,,,,,1.0,1.0,1.0,,,,,,1.0,,,,,,,,,,,,,,,,,,,,,
2012-07-12,,,,,,,,,,,1.0,1.0,,,,,,,,,,,,,,,,,,,,,,,,,,,
2012-07-13,,,,,,,,,,,1.0,,,,,,,,,,,,,,,,,,,,,,,,,,,,
2012-07-14,,,,,,,,,,,1.0,,,,,,,,,,,,,,,,,,,,,,,,,,,,
2012-07-15,,,,,,,,,,,1.0,,,,,,,,,,,,,,,,,,,,,,,,,,,,
2012-07-18,,1.0,,,,,,,,,,,,1.0,,,,,,,,,,,,,,,,,,,,,,,,,
2012-07-19,,,,,,,,,,,,,,1.0,,,,,,,,,,,,,,,,,,,,,,,,,
2012-07-20,,,,,,,,,,,,,,1.0,,,,,,,,,,,,,,,,,,,,,,,,,
2012-08-02,,,,,,,,,,,,,,,1.0,,,,,,,,,,,,,,,,,,,,,,,,
2012-08-03,,,,,,,,,,,,,,,1.0,,,,,,,,,1.0,,,,,,,,,,,,,,,
2012-08-04,,,,,,,,,,1.0,,,1.0,,1.0,,,,,,,,,1.0,,,,,,,,,,,,,,,
2012-08-05,,,,,,,,,1.0,1.0,1.0,,,,,,,1.0,,,,,,1.0,,,,,,,,,,,,,,,
2012-08-06,,,,,,,1.0,1.0,1.0,1.0,1.0,1.0,,,,,,,,,,,,,,,,,,,,,,,,,,,
2012-08-07,,,,,,,1.0,1.0,,,1.0,,,,1.0,,,,,,,,,,,,,,,,,,,,,,,,
2012-08-08,1.0,,,,,,1.0,1.0,1.0,1.0,1.0,1.0,,,,,,1.0,,,,,,,,,,,,,,,1.0,,,,,1.0,1.0
2012-08-09,1.0,,,,,,1.0,1.0,1.0,,,,,,,,1.0,1.0,,,,,,,,1.0,,,1.0,,,1.0,1.0,,1.0,,,,
2012-08-10,,,,,,,,,,,,,,,,,1.0,1.0,,,,,,,,1.0,,,,,,,1.0,,1.0,1.0,1.0,1.0,1.0
2012-08-11,,1.0,,,,,,1.0,,,,,,,,,1.0,,,,1.0,,,,,1.0,,1.0,,,,,1.0,,1.0,1.0,1.0,1.0,1.0
2012-08-12,,,,,,,,,,,,,,,,,,,,,,,,,,1.0,,,,,,,1.0,,,,,,1.0
2012-08-15,,,,,,,,,,,,,,,1.0,,,,,,,,,,,1.0,1.0,,,,,,,,,,,,
2012-08-16,,,,,,,,,,,,1.0,,,,,1.0,1.0,,,,,,,1.0,1.0,1.0,,,1.0,,,,,,1.0,,1.0,1.0
2012-08-17,,,1.0,,1.0,1.0,1.0,1.0,1.0,,1.0,1.0,,,1.0,,1.0,1.0,,,,,,,,,,1.0,1.0,,,,,,1.0,1.0,,1.0,1.0
2012-08-18,,,1.0,1.0,,1.0,1.0,1.0,1.0,1.0,1.0,1.0,,1.0,1.0,1.0,1.0,1.0,,,,,,,,,,1.0,1.0,1.0,,,,1.0,1.0,1.0,1.0,1.0,1.0
2012-08-19,,,1.0,,,1.0,1.0,1.0,1.0,1.0,1.0,1.0,,1.0,1.0,1.0,1.0,1.0,,,,,,,1.0,1.0,1.0,,,,,,1.0,1.0,1.0,1.0,,,1.0
2012-08-20,,1.0,1.0,,,1.0,1.0,1.0,1.0,,1.0,1.0,,1.0,1.0,1.0,1.0,1.0,,,,,,,,,,1.0,1.0,1.0,1.0,1.0,1.0,1.0,,1.0,1.0,1.0,1.0
2012-08-21,,1.0,1.0,,,,,1.0,1.0,1.0,1.0,1.0,,1.0,1.0,1.0,1.0,1.0,,,,,,,,1.0,,1.0,1.0,1.0,1.0,1.0,1.0,1.0,,1.0,1.0,1.0,1.0
2012-08-22,,1.0,1.0,,,1.0,1.0,1.0,,,1.0,1.0,,1.0,,,,1.0,,,,,,,,1.0,,1.0,1.0,1.0,1.0,,1.0,1.0,1.0,1.0,1.0,1.0,
2012-08-23,,,,,,1.0,1.0,1.0,1.0,1.0,1.0,,,1.0,1.0,1.0,1.0,1.0,,,,,,1.0,,1.0,,,1.0,1.0,,,,,1.0,1.0,1.0,1.0,1.0
2012-08-24,,,,,,1.0,1.0,1.0,1.0,1.0,1.0,,,1.0,1.0,1.0,,,1.0,,,,,1.0,1.0,1.0,,,1.0,1.0,,,,,,1.0,,,
2012-08-25,,,,,,,1.0,1.0,,1.0,1.0,,,,,1.0,,,1.0,,,,,1.0,1.0,1.0,,,,,1.0,,,,,1.0,1.0,,
2012-08-26,,,,,,,,,,,1.0,,,,,,,,,,,,,,,,,,,,,,,,,,,,
2012-08-27,,,,,,1.0,1.0,,,,1.0,,,,1.0,,,,,,,,,,,,,,,,,,,,,,,,
2012-08-28,,,,,,1.0,1.0,,,1.0,1.0,1.0,,1.0,1.0,1.0,,1.0,,,,,,,,,,,,,,,,,,,1.0,1.0,1.0
2012-08-29,,,,,,1.0,1.0,,,1.0,,1.0,,1.0,1.0,1.0,,1.0,,,,,,,,,,,,,,,,,,,1.0,1.0,1.0
2012-08-30,,,,,,1.0,1.0,,,1.0,,1.0,,1.0,,1.0,,1.0,,,,,,,,,,,,,,,,,,,,,
2013-06-11,,,,,,,,,,,,,,,,,,,,,,,,,,,,,,1.0,,1.0,,,,,,,
2013-06-12,,,,,,,,,,,,,,,,,,,,,,,,,,,,,,1.0,1.0,,,,,,,,
2013-06-13,,,,,,,,,,,,,,,,,,,,,,,,,,,,,,1.0,1.0,,,,,,,,
2013-06-14,,,,,,,,,,,,,,1.0,,,,,,,,,,,,,,,,,,,,,,,,,
2013-06-15,,,,,,,,,,,,,,1.0,,,,,,,,,1.0,,,,,,,,,,,,1.0,1.0,1.0,1.0,1.0
2013-06-16,,,,,,,,1.0,,,,,,1.0,1.0,1.0,,,1.0,,,,1.0,1.0,,,,,,,,,,,1.0,1.0,1.0,1.0,1.0
2013-06-17,,,,,,1.0,1.0,1.0,1.0,,1.0,,,1.0,1.0,1.0,,,,,,,1.0,,,,,,,,,,,,,,,,
2013-06-18,,,,,1.0,1.0,1.0,1.0,1.0,,1.0,,,,1.0,,,,1.0,,,,1.0,,,,,,,,,,,,,,,,
2013-06-19,,,,,1.0,1.0,1.0,1.0,1.0,,1.0,,,1.0,1.0,,,,,,,,,,,,,,,,,,,,,,,,
2013-06-20,,,,,,1.0,1.0,1.0,1.0,,1.0,1.0,,,,,,,,,,,,,,,,,,,,,,,,,,,
2013-06-21,,,,,,,,,1.0,1.0,1.0,1.0,,,,,,,,,,,,,,,,,,,,,,,,,,,
2013-06-22,,,,,,,,,,1.0,1.0,1.0,,,,,,,,,,,,,,,,,,,,,,,,,,,
2013-07-05,,,,,,,1.0,,,,,,,,,,,,,,,,,,,,,,,,,,,,,,,,
2013-07-06,1.0,,,,,,,,,,,,,,,,,,,,,,,,,,,,,,,,,,,,,,
2013-07-07,1.0,,,,,,,,,,,,,,,,,,,,,,,,,,,,,,,,,,,,,,
2013-07-08,1.0,,,,,,,,,,,,,,,,,,,,,,,,,,,,,,,,,,,,,,
2013-07-15,,,,,,1.0,,,,,,,,,,,,,,,,,,,,,,,,,,,,,,,,,
2013-07-16,,,,,,1.0,,,,,,,,,,,,,,,,,,,,,,,,,,,,,,,,,
2013-07-17,,,,,,1.0,,,,,,,,,,,,,,,,,,,,,,,,,,,,,,,,,
2013-07-22,,,,,,1.0,,,,,,,,,,,,,,,,,,,,,,,,,,,,,,,,,
2013-07-23,,,,,,1.0,,,,,,,,,,,,,,,,,,,,,,,,,,,,,,,,,
2013-07-25,,,,,,,,,,,,,,,,,,,,,,,,,,,,,,,,,,,1.0,,1.0,1.0,1.0
2013-07-26,,,,,,,,,,,,,,,1.0,,,,,,,,,,,,,,,,,,,,1.0,,1.0,1.0,1.0
2013-07-27,,,,,,,,1.0,1.0,,,,,,1.0,,,,,,,,,,,,,,,,,,,,,,,,
2013-07-28,,,,,,,,1.0,1.0,,,,,,1.0,,,,,,,,,,,,,,,,,,,,,,,,
2013-07-29,,,,,,,,1.0,1.0,,,,,,,,,,,,,,,,,,,,,,,,,,,,,,
2013-07-31,,,,,,,,,,,,,,,1.0,,,,,,,,,,,,,,,,,,,,,,,,
2013-08-01,,,,,,1.0,,,,1.0,,,,,1.0,,,,,,,,,,,,,,,,,,,,,,,,
2013-08-02,,,,,,1.0,,,,1.0,,,,,1.0,,,,,,,,,,,,,,,,,,,,1.0,,1.0,1.0,1.0
2013-08-03,,,,,,1.0,,1.0,1.0,1.0,1.0,,,,1.0,,,,,,,,,,,,,,,,,,,,1.0,,1.0,1.0,1.0
2013-08-04,,,,,,1.0,1.0,1.0,1.0,1.0,1.0,,,,1.0,1.0,1.0,1.0,,,,,,,,,,,,,,,,,1.0,1.0,1.0,1.0,1.0
2013-08-05,,,,,,1.0,1.0,1.0,,,1.0,1.0,,1.0,1.0,1.0,1.0,1.0,,,,,,,,,,,,,,,,,1.0,,,,
2013-08-06,,,,,,1.0,,1.0,,,1.0,1.0,,1.0,1.0,1.0,1.0,1.0,,,,,,,,,,,,,,,,,,,1.0,1.0,1.0
2013-08-07,,,,,,1.0,1.0,1.0,1.0,1.0,1.0,1.0,,1.0,,1.0,1.0,,,,,,1.0,,,,,,,,,,,,,,,,
2013-08-08,,,,,,1.0,1.0,1.0,1.0,,1.0,1.0,,,,,,,,,,,1.0,,,,,,,,,,,,,,,,
2013-09-02,,,,,,,1.0,,,,,,,,,,,,,,,,,,,,,,,,,,,,,,,,
2013-09-03,,1.0,,,,,,,,,,,,,,,,,,,,,,,,,,,,,,,,,,,,,
2013-09-04,,,,,,,1.0,,,,,,,,,,,,,,,,,,,,,,,,,,,,,,,,
2013-09-05,,,,,,,1.0,,,,,,,,,,,,,,,,,,,,,,,,,,,,,,,,
2014-06-05,,,,,,,,,,,,,,,,,,,,,,1.0,1.0,,,,,,,,,,,,,,,,
2014-06-06,,,,,,,,,,,,,,,,,,,,,,,,,,,,,,,,,,,,,,1.0,1.0
2014-06-07,,,1.0,1.0,1.0,1.0,,1.0,,,,1.0,,1.0,1.0,1.0,1.0,1.0,,,,1.0,,,,,,,,,,,,,,1.0,1.0,1.0,
2014-06-08,,,1.0,,1.0,1.0,1.0,1.0,1.0,,1.0,1.0,,1.0,1.0,1.0,1.0,1.0,,,,,,,1.0,,,,,,,,,,1.0,1.0,1.0,1.0,1.0
2014-06-09,,1.0,1.0,,,1.0,1.0,1.0,,,1.0,,,1.0,1.0,1.0,1.0,1.0,,,,,,,,,,,,,,,,1.0,1.0,1.0,1.0,1.0,1.0
2014-06-10,1.0,1.0,,,,1.0,,,,,,,,1.0,1.0,,,1.0,,,,,,,,,,,,,,1.0,,1.0,1.0,1.0,1.0,1.0,1.0
2014-06-11,,1.0,1.0,,,,,1.0,,,,,,,,1.0,1.0,,,,,,,,,,,,,1.0,,1.0,1.0,,,1.0,1.0,1.0,1.0
2014-06-12,,,,,1.0,,,,,,1.0,,,,,,,1.0,,,,,,,,,1.0,,,,,,,,,1.0,1.0,1.0,1.0
2014-06-13,,,,,,,,,,,,,,,,,,1.0,,,,,,,1.0,,,,,,,,,,,1.0,1.0,1.0,1.0
2014-06-14,,,,,,,,,,,,,,,,,,,,,,,,,1.0,,,,,,,,,,,,,,
2014-06-22,,,,,,,,,,,,,,,,1.0,,,,,,,,1.0,,,,,,,,,,,,,,,
2014-06-23,,,,,,,,,,,,,1.0,,1.0,,,,,,,,,,,,,,,,,,,,,,,,
2014-06-24,,,,,,,,,,,,,1.0,,,,,,,,,,,,,,,,,,,,,,,,,,
2014-07-04,,,,,,,,,,,,,,,,,,,,,,,,,,,,1.0,,1.0,,,,,,,,,
2014-07-05,,,,,,,,,,,,,,,,,,,,,,,,,,,,1.0,1.0,1.0,,,,,,,,,
2014-07-06,,,,,,,,,,,,,,,,,,,,,,,,,,,,1.0,,,,,,,,,,,
2014-07-17,,,,,,,,,,,,,,,,,,,,,,,,,,1.0,,,,,,,,,,,,,
2014-07-21,,,,,,,,,,,,,,,,,,,,,,,,,,,,,,1.0,,,,,,,,,
2014-08-08,,,,,,,,,,,,,,,,,,,,,,,,,,,,,,,,,,,,,1.0,,
2014-08-09,,,,,,,,,,,,,,,,,,,,,,,,1.0,,,,,,,,,,,,,1.0,,
2014-08-10,,,,,,,,,,,,,,,,,,,,,,,,1.0,,,,,,,,,,,,,,,
2014-08-11,,,,,,,,,,,,,,,,,,,,,,,,1.0,1.0,,,,,,,,,,,,,,
2014-08-20,,,,,,,,,,,,,,,,,,,,,,,,,1.0,,,,,,,,,,,,,,
2014-08-27,,,,,,,,,,,,,,,,,1.0,1.0,,,,,,,,,,,,,,,,,,,,,
2014-08-28,,,,,,,,,,,,,,,,,1.0,1.0,,,,,,,,,,,,,,,,,,,,,
2014-08-29,,,,,,,,,,,,,,,,,1.0,1.0,,,,,,,,,,,,,,,,,,,,1.0,1.0
2014-08-30,,,,,,,,,,,,,,,,,,1.0,,,,,,,,,,,,,,,,,,,,1.0,
2014-08-31,,,,,,,,,,,,,,,,,,1.0,,,,,,,,,,,,,,,,,,,,1.0,
2015-06-01,,,,,,,,,,,,,,,,,,,,,,,,,,,,,,,,,,,1.0,1.0,,,
2015-06-02,,,,,,,,,,,,,,,,,,,,,,,,,,,,,,,,,,,1.0,1.0,,1.0,1.0
2015-06-03,,,1.0,,,,1.0,1.0,1.0,,,,,,1.0,,,1.0,,,,,,,,,,,,1.0,,1.0,,1.0,1.0,1.0,1.0,1.0,1.0
2015-06-04,,1.0,1.0,,,1.0,1.0,1.0,,,,,,1.0,1.0,,1.0,1.0,,,,,,,,,,,,1.0,,1.0,1.0,1.0,1.0,1.0,1.0,1.0,1.0
2015-06-05,,1.0,1.0,,,1.0,,1.0,,,,,,1.0,,1.0,1.0,1.0,,,,,,,,,,,,1.0,,1.0,1.0,1.0,1.0,1.0,1.0,1.0,1.0
2015-06-06,,1.0,,,,,,,,,,,,1.0,,,,,,,,,,,,,,,,1.0,,1.0,1.0,1.0,1.0,1.0,1.0,1.0,1.0
2015-06-07,,,,,,,,,,,,,,,,,,,,,,,,,,,,,,1.0,,,,1.0,,1.0,1.0,1.0,1.0
2015-06-08,,,,,,,,,,,,,,,,,,,,,,,,,,,,,,,,,,,,1.0,1.0,1.0,
2015-06-09,,,,,,,,,,,,,,,,,,,,,,,,,,,,,,,,,,,,1.0,,,
2015-06-10,,,,,,,,,,,,,,,,1.0,,,,,,,,,,,,,,,,,,,,,1.0,1.0,
2015-06-11,,,,,,,,,,,,,,,1.0,,,,,,,,,,,,,,,,,,,,,,,,
2015-06-12,,,,,,,,,1.0,,,,,,,,,,,,,,,,,,,,,,,,,,,,,,
2015-06-14,,,,,,,,,,1.0,,,,,,,,,,,,,,,,,,,,,,,,,,,,,
2015-06-19,,,,,,,,,,,,,,,,,,,,,,,,,,,,,,,,,1.0,,,,,,
2015-06-20,,,,,,,,,,,,,,,,,,,,,,,,,,,,,,,,,1.0,,,,,,
2015-06-21,,,,,,,,,,,,,,,,,,,,,,,,,,,,,,,,,1.0,,,,,,
2015-06-22,,,,,,,,,,,,,,,,,,,,,,,,,,,,,,,,,1.0,,,,,,
2015-06-26,1.0,1.0,,,,,,,,,,,,,,,,,,,,,,,,,,,,1.0,1.0,1.0,1.0,1.0,1.0,1.0,,,
2015-06-27,,,,,,,,,,,,,,,,,,,,,,,,,,1.0,1.0,1.0,1.0,1.0,1.0,1.0,1.0,1.0,1.0,1.0,1.0,1.0,1.0
2015-06-28,,1.0,,,,1.0,,,,,,,,,,,,,,,,,,,,1.0,1.0,1.0,1.0,1.0,1.0,1.0,1.0,1.0,1.0,1.0,1.0,1.0,1.0
2015-06-29,1.0,1.0,1.0,,,,,,,,,,,,,,,,,,,,,,,1.0,1.0,1.0,1.0,1.0,1.0,1.0,1.0,1.0,1.0,1.0,1.0,1.0,1.0
2015-06-30,1.0,,,,,,,,,,,,,1.0,,,,,,,,,,,,1.0,1.0,1.0,1.0,1.0,1.0,1.0,1.0,,1.0,1.0,1.0,1.0,1.0
2015-07-01,,,,1.0,,1.0,1.0,,1.0,,,,,1.0,,1.0,,,,,,,,,,,1.0,1.0,1.0,,,,1.0,1.0,1.0,1.0,1.0,1.0,1.0
2015-07-02,,,1.0,1.0,1.0,,1.0,1.0,1.0,1.0,,,,1.0,1.0,1.0,,,,,,,,,,,1.0,1.0,,,,,,,,1.0,1.0,1.0,1.0
2015-07-03,,,1.0,,,,,1.0,1.0,1.0,,,,1.0,,1.0,1.0,1.0,,,,,,,,1.0,1.0,1.0,,,,,,1.0,,1.0,1.0,1.0,1.0
2015-07-04,1.0,,1.0,,,1.0,1.0,1.0,1.0,1.0,,,,,,1.0,1.0,1.0,,,,,,,,1.0,1.0,1.0,1.0,1.0,1.0,1.0,1.0,1.0,1.0,1.0,1.0,1.0,1.0
2015-07-05,1.0,,1.0,,,,,1.0,1.0,,,,,1.0,,1.0,1.0,1.0,,,,,,,1.0,1.0,1.0,1.0,1.0,1.0,1.0,,1.0,1.0,1.0,1.0,1.0,1.0,1.0
2015-07-06,1.0,,1.0,,,,,1.0,,,,,,1.0,1.0,1.0,1.0,1.0,,,,,,,,1.0,1.0,1.0,1.0,1.0,1.0,,1.0,1.0,1.0,1.0,1.0,1.0,1.0
2015-07-07,1.0,,,,,,,1.0,,,,,,1.0,1.0,1.0,1.0,1.0,,,,,,,1.0,1.0,1.0,1.0,1.0,1.0,,1.0,1.0,1.0,,1.0,1.0,1.0,
2015-07-08,,,,,,,1.0,1.0,,,,,,,,,1.0,1.0,,,,,,,1.0,,1.0,1.0,1.0,1.0,1.0,,,1.0,1.0,,1.0,1.0,1.0
2015-07-09,,,,,,,,,,,,,,,1.0,,,,,,,,,,,,,,,,,,,,,,,,
2015-07-10,,,,,1.0,1.0,,,,,,,,,,,,,,,,,,,,,,,,,,,,,,,,,
2015-07-11,,1.0,,,,1.0,1.0,1.0,1.0,,,,,1.0,1.0,,,,,,,,,,,,,,,,,,,,,,,,
2015-07-12,,1.0,,,,1.0,1.0,1.0,,,1.0,,,,,,,,,,,,,,,,,,,,,,1.0,1.0,,,,,
2015-07-13,,,,,,,,,,,,,,,,,,,,,,,,,,,,,,,,,1.0,,,,,,
2015-07-14,,,,,,,1.0,,,,1.0,,,,,,,,,,,,,,,,,,,,,,,,,,,,
2015-07-15,,,,,,1.0,1.0,1.0,1.0,,1.0,,,1.0,,1.0,,,,,,,,,,,1.0,,,,,,1.0,,1.0,1.0,,,
2015-07-16,,,,,,1.0,1.0,1.0,,1.0,,,,1.0,,,,,,,,,,,,,1.0,,,,,1.0,1.0,,1.0,1.0,,,
2015-07-17,,,,,,1.0,1.0,1.0,1.0,1.0,,,,1.0,1.0,1.0,,,,,,,,,,,,,,,,,1.0,,1.0,1.0,,,
2015-07-18,,,,,,1.0,1.0,1.0,1.0,1.0,1.0,1.0,,1.0,1.0,1.0,,,,,,,,,,,,,,,,,,,,1.0,1.0,,
2015-07-19,,,,1.0,,1.0,1.0,1.0,1.0,,1.0,1.0,,1.0,1.0,1.0,,,,,,,,,,,,,,,,1.0,,,,,,,
2015-07-20,,1.0,,,,1.0,1.0,1.0,1.0,1.0,1.0,1.0,,1.0,,,,,,,,,,,,,,,,,,,,,,,,,
2015-07-21,,1.0,,,,1.0,1.0,1.0,,,1.0,1.0,,,,,,,,,,,,,,,1.0,,,,,,,1.0,1.0,,,,
2015-07-22,,,,,,1.0,,,,,1.0,,,,,,,,,,,,,,,,,,,,,,,,,,,,
2015-07-24,,,,,,,,,,,,,,,,,,,,,,,,,,,,,,,,,,,,,1.0,,
2015-07-27,,,,,,,,,,,,,,,,,,,,,,,,,1.0,,,,,,,,,,,,,,
2015-07-28,,,,,,,,,,,,,,,,,,,,,,,,,1.0,,,,,,,,,,,,,,
2015-07-29,,,,,,,,,,,,,,,,,1.0,,,,,,,,,,,,,,,,,,,,,,
2015-07-30,,,,,,,,,,,,1.0,,,,,1.0,,,,,,,,,,,,,,,,,,,,,,
2015-07-31,,,,,,,,,,1.0,1.0,,,,,,,,,,,,,,,,,,,,,,,,,,,,
2015-08-01,,,,,,,,,,,1.0,1.0,,,,,,,,,,,,,,,,,,,,,,,,,,,
2015-08-03,,,,,,,1.0,1.0,,,,,,,,,,,,,,,,,,,,,,,,,,,,,,,
2015-08-04,,,,,,,1.0,1.0,1.0,,,,,1.0,,,,,,,,,,,,,,,,,,,,,,,,,
2015-08-05,,,1.0,,,1.0,1.0,1.0,,,,,,1.0,,,1.0,1.0,,,,,,,,,,,,,,,,,,,1.0,,
2015-08-06,,,1.0,,,1.0,1.0,1.0,1.0,,1.0,,,1.0,,1.0,1.0,1.0,,,,,,,,1.0,,1.0,,,,,,,,,1.0,1.0,1.0
2015-08-07,,,,,1.0,1.0,1.0,1.0,,,,,,,,1.0,1.0,1.0,,,,,,,,,,,,,,,,,1.0,,1.0,1.0,
2015-08-08,,,,,,,,,,,,,,1.0,1.0,,,1.0,,,,,,,,,,,,,,,,,,,,,
2015-08-09,,,,,,,,1.0,,,,,,1.0,,,,1.0,,,,,,,,,,,,,,,,,,,,,
2015-08-12,,,,1.0,1.0,,,,,,,,,,,,,,,,,,,,,,,,,,,,,,,,,,
2015-08-13,,,,1.0,,,,,,,,,,,,,,,,,,,,,,,,,,,,,,,,,,,
2015-08-28,,,,,,,,,,1.0,,,,,1.0,1.0,,,,,,,,,,,,,,,,,,,,,,1.0,1.0
2015-08-29,,,1.0,1.0,1.0,,,1.0,1.0,1.0,,,,,,1.0,,,,,,,1.0,,,,,,,,,,,,,,1.0,1.0,
2015-08-30,,,1.0,1.0,1.0,,1.0,1.0,1.0,1.0,1.0,,,1.0,1.0,,1.0,1.0,,,,,1.0,,,,,,,,,,,,,,,,
2015-08-31,,,1.0,1.0,1.0,1.0,1.0,1.0,1.0,1.0,,,,1.0,1.0,1.0,1.0,1.0,,,,,1.0,,,,,,,,,,,,,,,,
2015-09-01,,,,,,1.0,1.0,1.0,1.0,1.0,1.0,,,1.0,1.0,1.0,1.0,,,,,,,1.0,,,,,,,,,,,,,,,
2015-09-02,,,,,,,,1.0,,,,,,1.0,,,,,,,,,,,,,,,,,,,,,,,,,
2015-09-03,,,,1.0,,,,,,1.0,,,,1.0,,,1.0,1.0,,,,,,,,,,,,,,,,,,,,,
2015-09-04,,,,,,,,,,1.0,,,,,,,,,,,,,,,,,,,,,,,,,,,,,
2016-06-06,,,,,,,,,,,,,,,,,,1.0,,,,,,,,,,,,,,,,,,1.0,,,
2016-06-07,,,,,,,,,,,,,,,,,,1.0,,,,,,,,,,,,,,,1.0,,1.0,1.0,1.0,,
2016-06-08,,1.0,,,,,,,,,,,,,,,,1.0,,,,,,,,1.0,,,,,,,1.0,,1.0,1.0,1.0,,
2016-06-09,,,,,,,,,,,,,,,,,,,,,,,,,,1.0,,,,,,,,,,,,,
2016-06-10,,,,,,,,,,,,,,,,,,,,,,,,,,1.0,,,,,,,,,,,,,
2016-06-11,,,,,,,,,,,,,,,,,,,,,,,,,1.0,,,,,,,,,,,,,,
2016-06-13,,,,,,,,,,,,,,,,,,,,,,,,,1.0,,,,,,1.0,,,,,,,,
2016-06-14,,,,,,,,,,,,,,,,,,,,,,,,,,,,,,,1.0,,,,,,,,
2016-06-15,,,,,,,,,,,,,,,,,,,,,,,,,,,1.0,,,,,,,,,,,,
2016-06-22,,,,,1.0,1.0,1.0,,,,,,,,1.0,,,,,,,,,,,,,,,,,,,,,,,,
2016-06-23,,,1.0,,1.0,1.0,1.0,1.0,,,,,,1.0,1.0,,1.0,1.0,,,,,,,,,,,,,,,,,,,,,
2016-06-24,,,1.0,,,1.0,,1.0,,,,,,1.0,1.0,,1.0,1.0,,,,,,,,,,,,,,,,,,,,,
2016-06-25,,,,1.0,,,,,,,,,,,,,1.0,1.0,,,,,,,,,,,,,,,,,,,,,
2016-06-26,,,,,,,,,1.0,,,,,,,,,,,,,,,,,,,,,,,,,,,,,,
2016-07-04,,1.0,,,,,,,,,,,,,,,,1.0,,,,,,,,,,,,,,,,,,,,,
2016-07-05,,,,,,,,,,,,,,,,,,1.0,,,,,,,,,,,,1.0,1.0,,,,,,,,
2016-07-06,,,,,,,,,,,,,,,,,,1.0,,,,,,,,,,,,1.0,1.0,1.0,,,,,,,
2016-07-07,,1.0,,,,,,,,,,,,,,,,,,,,,,,,,,,,,,,,,,,,,
2016-07-08,,,,,,,1.0,,,,,,,,,,,,,,,,,,,,,,,,,,,,,,,,
2016-07-09,,1.0,,,,,1.0,,,,,,,,,,,1.0,,,,,,,,,1.0,,,,,,1.0,1.0,,,,1.0,1.0
2016-07-10,,,,,,,,,,,,,,,1.0,,,1.0,,,,,,,,,1.0,,,,,1.0,1.0,1.0,1.0,1.0,,1.0,1.0
2016-07-11,,,,,,1.0,1.0,1.0,1.0,,1.0,,,,1.0,,,1.0,,,,,,,,,,,,,,,,,1.0,1.0,,1.0,1.0
2016-07-12,,,,,,1.0,,1.0,1.0,1.0,1.0,,,,1.0,,,,,,,,,,,,,,,,,,,,,,,,
2016-07-13,,,,,,,,,,1.0,1.0,,,,,,,,,,,,,,,,,,,,,,,,,,,,
2016-07-25,,,,,,,,,,,,,,,,,,,,,,,,,,,,,,,,,1.0,,,,,,
2016-07-26,,,,,,,,,,,,,,,,,,,,,,,,,,,,,,,,,1.0,,,,,,
2016-07-27,,,,,,,,,,,,,,,,,,,,,,,,,,,,,,,,,1.0,,,,,,
2016-07-28,,,,,,,,,,,,,,,,,,,,,,,,,,,,,,,,,1.0,,,,,,
2016-08-07,,,,,,,,,,,,,,,,,,,,,,,,,,,,,,1.0,,,1.0,,,,,,
2016-08-08,,,,,,,,,,,,,,,,,,,,,,,,,,,,,,1.0,,,1.0,,,,,,
2016-08-09,,,,,,,,,,,,,,,,,,,,,,,,,,,,,,1.0,,,,,,,,,
2016-08-18,,,,,,,,,,,,,,,,,,,,,,,,,1.0,1.0,,,,,,,,,,,,,
2016-08-19,,,,,,,,,,,,,,,,,1.0,1.0,,,,,,,,1.0,,,,,,,,,,,,,
2016-08-20,,,,,,,,,,,,,,,,,1.0,1.0,,,,,,,1.0,1.0,,,,,,,,,,,,,
2016-08-21,,,,,,,,,,,,,,,,,1.0,1.0,,,,,,,,,,,,,,,,,,,,,
2016-08-22,,,,,,,,1.0,,,,,,,,,,,,,,,,,,,,,,,,,,,,,,,
2016-08-23,1.0,,,,,,,,,,,,,,,,,,,,,,,,,,,,,,,,,,,1.0,,,
2016-08-24,,,1.0,,1.0,,1.0,1.0,,,,,,,1.0,,,,,,,,,,,,,,,,,,,,,1.0,,,
2016-08-25,1.0,,1.0,,1.0,1.0,1.0,1.0,1.0,,,,,,1.0,,,,,,,,,,,,,,,,,,,,,1.0,,,
2016-08-26,1.0,,1.0,,1.0,1.0,1.0,1.0,1.0,,1.0,,,,1.0,1.0,,,,,,,,,,,,,,,,,,,,1.0,,,
2016-08-27,1.0,,1.0,,1.0,1.0,,1.0,1.0,,1.0,,,1.0,1.0,1.0,,,,,,,,,,,,,,,,,,,,1.0,,,
2016-08-28,,,,,,1.0,,1.0,1.0,,,,,1.0,,1.0,1.0,1.0,,,,,,,,,,,,,,,,,,1.0,,,
2016-08-29,,,,,,,,,,,,,,1.0,,,,1.0,,,,,,,,,,,,,,,,,,1.0,,,
2016-08-30,,,,,,,,,,,,,,,,,,1.0,,,,,,,,,,,,,,,,,,,,,
2016-08-31,1.0,,,,,,,,,,,,,,,,,,,,,,,,,,,,,,,,,,,,,,
2016-09-01,,,,,,,,,,,,,,,,,,,,,,,,,,,,,,,,,,,,,,1.0,1.0
2016-09-02,1.0,,,,,1.0,,,,,,,,,,,,,,,,,,,,,,,,,,,,,,,,1.0,1.0
2016-09-03,,,,,,1.0,,,,,,,,,,,,,,,,,,,,,,,,,,,,,,,,1.0,1.0
2016-09-04,,,,,,1.0,,,,,,,,,,,,,,,,,,,,,,,,,,,,,,,,,1.0
2016-09-06,,,,,,,,,,,,,,,,,,,,,,,,,,,,,,,,,,,,,,,1.0
2016-09-07,,,,1.0,,,,,,,,,,,,,,,,,,,,,,,,,,,,,,,,,,1.0,1.0
2016-09-08,,,,,1.0,,,,,,,,,,,,,,,,,,,,,,,,,,,,,,,,,1.0,1.0
2016-09-14,,,,,,1.0,,,,,,,,,,,,,,,,,,,,,,,,,,,,,,,,,
2017-06-01,,,,,,,,,,,,1.0,,,,,,,,,,,,,,,,,,1.0,,,,,,,,,
2017-06-02,,,,,,,,,,,,,,,,,,,,,,,,1.0,,,,,,1.0,,,,,,,,,
2017-06-03,,,,,,,,,,,,1.0,,,,,,1.0,,,,,,1.0,1.0,,,,,,,,,,,,,,
2017-06-04,,,,,,,,,,,,1.0,,,,,,,,,,,,,,,,,,,,,,,,,,,
2017-06-06,,,,,,,,,,,,,,,,,,,,,,,,,1.0,,,,,,,,,,,,,,
2017-06-08,,,,,,1.0,1.0,,,,,,,,,,,,,,,,,,,,,,,,,,,,,,,,
2017-06-09,,,,,,1.0,1.0,,,,,,,1.0,1.0,,,,,,,,,,,,,,,,,,,,,,,,
2017-06-10,,1.0,,,1.0,,,,,,,,,,,,,,,,,,,,,,,,,,,,,,,,,,
2017-06-11,1.0,1.0,1.0,1.0,1.0,1.0,1.0,1.0,,,1.0,,,1.0,1.0,1.0,,,,,,,,,,,,,,,,1.0,1.0,1.0,1.0,1.0,1.0,,
2017-06-12,,1.0,1.0,1.0,,1.0,1.0,1.0,1.0,1.0,1.0,,,1.0,1.0,1.0,,1.0,,,,,,,,,1.0,1.0,1.0,,,1.0,1.0,1.0,1.0,1.0,1.0,,
2017-06-13,1.0,1.0,1.0,1.0,,1.0,1.0,1.0,1.0,1.0,1.0,,,1.0,1.0,1.0,,1.0,,,,,1.0,,,1.0,1.0,1.0,1.0,,,1.0,1.0,1.0,1.0,1.0,1.0,1.0,
2017-06-14,1.0,1.0,1.0,,,1.0,1.0,1.0,1.0,1.0,1.0,,,1.0,1.0,1.0,,1.0,,,,,1.0,,1.0,1.0,1.0,1.0,1.0,1.0,1.0,1.0,1.0,1.0,1.0,1.0,1.0,1.0,1.0
2017-06-15,,,,,,1.0,1.0,1.0,1.0,1.0,1.0,1.0,,,,1.0,1.0,1.0,,,,,1.0,,1.0,1.0,1.0,1.0,1.0,1.0,1.0,,,,,1.0,1.0,1.0,1.0
2017-06-16,,,,,,,,,,,1.0,1.0,,,,1.0,1.0,1.0,,,,,,,,,1.0,1.0,,,,1.0,1.0,1.0,1.0,1.0,1.0,1.0,1.0
2017-06-17,,,,,1.0,,,1.0,,,1.0,1.0,,1.0,,1.0,1.0,1.0,,,,,,,,,,,1.0,1.0,,1.0,1.0,1.0,1.0,,,,
2017-06-18,1.0,1.0,1.0,,,,,,,,,,,,,,,,,,,,,,,,1.0,1.0,,,,1.0,1.0,1.0,1.0,1.0,1.0,1.0,1.0
2017-06-19,,,1.0,1.0,1.0,1.0,1.0,,1.0,,1.0,,,1.0,1.0,1.0,,,,,,,,,,,,,,,,1.0,1.0,1.0,1.0,1.0,1.0,1.0,1.0
2017-06-20,,,,1.0,,1.0,1.0,1.0,1.0,,,,,1.0,1.0,1.0,,,,,,,,,,1.0,1.0,1.0,1.0,,,,1.0,1.0,1.0,1.0,1.0,1.0,1.0
2017-06-21,,,,,,,1.0,1.0,,,,,,1.0,1.0,1.0,,,,,,,,,1.0,1.0,1.0,1.0,1.0,1.0,,,1.0,1.0,,1.0,1.0,1.0,1.0
2017-06-22,,,1.0,,,1.0,1.0,1.0,,,,,,1.0,1.0,1.0,,,,,,,,,1.0,1.0,1.0,1.0,1.0,1.0,1.0,1.0,1.0,1.0,,1.0,1.0,1.0,1.0
2017-06-23,,,,,,,1.0,1.0,1.0,,,,,,,1.0,1.0,1.0,,,,,,,1.0,1.0,1.0,1.0,1.0,1.0,1.0,1.0,1.0,1.0,1.0,1.0,1.0,1.0,1.0
2017-06-24,,,,,,1.0,1.0,1.0,1.0,,,,,1.0,,1.0,1.0,1.0,,,,,,,1.0,1.0,,1.0,1.0,1.0,1.0,1.0,1.0,1.0,1.0,1.0,1.0,1.0,1.0
2017-06-25,,1.0,,,,,,1.0,,,,1.0,,,,1.0,1.0,1.0,,,,,,1.0,,,,,,,,,,,,1.0,1.0,1.0,1.0
2017-06-26,,,,,,,1.0,1.0,,,1.0,1.0,,,,1.0,1.0,1.0,,,,,,1.0,,1.0,1.0,1.0,,,,,,,,,,,1.0
2017-06-27,,,,,,,,,1.0,1.0,1.0,,,,,,,,,,,,,,,,,,,,,,,,,,,,
2017-06-28,,,,,,,,,,,,,,,,,,,,,,,,1.0,,1.0,,,,,,,,,,,,,
2017-06-29,,,,,,,,,,,,,,,,,,,,,,,,,,,1.0,1.0,,,,,,,,,,,
2017-07-01,,,,,,,,,,,1.0,,,,,,,,,,,,,,,,,,,,,,,,,,,,
2017-07-04,,,,,,,1.0,,,1.0,,,,1.0,1.0,,,,,,,,,,,,,,,,,,,,,,,,
2017-07-05,,,,,,,1.0,1.0,1.0,1.0,,,,1.0,1.0,1.0,,,,,,,,,,,,,,,,,,,,,1.0,,
2017-07-06,,,,1.0,,,1.0,1.0,1.0,1.0,1.0,1.0,,1.0,1.0,1.0,,,,,,,,,,,,,,,,,,,,,1.0,,
2017-07-07,,,,1.0,,1.0,1.0,1.0,1.0,1.0,1.0,1.0,,1.0,1.0,1.0,,,,,,,,,,,,,,,,,,,,,,,
2017-07-08,,,,,,1.0,1.0,1.0,1.0,1.0,1.0,1.0,,1.0,1.0,1.0,,,,,,,,1.0,,,,,,,,,,,,,,,
2017-07-09,,,,,,,1.0,1.0,1.0,1.0,1.0,1.0,,,,,,,,,,,,1.0,,,,,,,,,,,,,1.0,,
2017-07-10,,,,,,,,,1.0,1.0,1.0,1.0,,1.0,,,1.0,,,,,,,1.0,,,,,,,,,,,,,,,
2017-07-11,,,,,,,,,1.0,1.0,1.0,1.0,1.0,1.0,,,1.0,1.0,,,,,,1.0,,,,,,,,,,,,,,,
2017-07-12,,,,,,,,,1.0,1.0,1.0,1.0,,,,,1.0,1.0,,,,,,1.0,1.0,1.0,,,,,,,,,,,,,
2017-07-13,,,,,,,1.0,,,1.0,1.0,1.0,,,,,,,,,,,,1.0,,,,,,,,,,,,,,,
2017-07-14,,,,,,,,,,,,,,1.0,,,,,,,,,,,,,,,,,,,,,,,,,
2017-07-17,,,,,,,1.0,,,,,,,,,,,,,,,,,,,,,,,,,,,,,,,,
2017-07-28,,,,,,,,,,,,,,,,,,,,,,,,,1.0,,,,,,,,,,,,,1.0,1.0
2017-07-29,,,,,,,,,,,,,,,,,,,,,,,1.0,,,,,,,,,,,,,,,1.0,1.0
2017-07-30,,,,,,,,,,,,,,,,,,,,,,,1.0,1.0,,,,,,,,,,,,,1.0,1.0,1.0
2017-07-31,,,,,,1.0,,1.0,1.0,1.0,1.0,,,,,,,,,,,,1.0,1.0,,,,,,,,,,,,1.0,,,1.0
2017-08-01,,,,,1.0,1.0,1.0,1.0,1.0,1.0,1.0,1.0,,1.0,1.0,1.0,,,,,,,1.0,,,,,,,,,,,,,1.0,,,
2017-08-02,,,,1.0,,1.0,1.0,1.0,1.0,1.0,1.0,1.0,,1.0,1.0,1.0,1.0,1.0,,,,,,1.0,,,,,,,,,,,,,,,
2017-08-03,,,1.0,1.0,,1.0,1.0,1.0,1.0,,1.0,1.0,1.0,1.0,1.0,1.0,1.0,1.0,,,,1.0,,,1.0,,1.0,1.0,1.0,1.0,1.0,,,,,1.0,,,
2017-08-04,,1.0,,1.0,,1.0,1.0,1.0,1.0,1.0,1.0,1.0,1.0,1.0,1.0,1.0,1.0,1.0,,,,,,,1.0,,,1.0,1.0,1.0,1.0,1.0,1.0,1.0,,1.0,1.0,1.0,1.0
2017-08-05,,,,,,,,1.0,1.0,1.0,1.0,1.0,,,,1.0,1.0,1.0,,,,,,,,,,,,,,,,1.0,1.0,1.0,1.0,1.0,
2017-08-06,,,,,,,,,,1.0,1.0,1.0,,,,1.0,1.0,1.0,,,,,,,,,,,,,,,,,,,,,
2017-08-07,,,1.0,,,1.0,1.0,1.0,1.0,1.0,1.0,,1.0,1.0,1.0,1.0,1.0,1.0,,,,,,,,,,,,,,,,,,,,,
2017-08-08,,,,,,1.0,1.0,1.0,1.0,1.0,1.0,1.0,,1.0,,1.0,1.0,,,,,,,,,,,,,,,,,,,,,,
2017-08-09,,,,,,,,,1.0,1.0,1.0,1.0,,1.0,1.0,,,,,,,,,,,,,,,,,,,,,,,,
2017-08-10,,,,,,,,,1.0,,1.0,1.0,,,,,1.0,1.0,,,,,,,,,,,,,,,,,,,,,
2017-08-15,,,,,,,,,,,1.0,,,,,,,,,,,,,,,,,,,,,,,,,,,,
2017-08-16,,,,,,,,1.0,1.0,1.0,1.0,1.0,,,,,,1.0,,,,,,,,,,,,,,,,,,,,,
2017-08-17,,,1.0,,,,,1.0,1.0,,1.0,1.0,,,,,,1.0,,,,,,,,,,,,,,,,,,,,1.0,1.0
2017-08-18,,,1.0,,,,,1.0,1.0,,1.0,1.0,,,,,,1.0,,,,,,,,,,,,,,,,,,,,1.0,1.0
2017-08-19,,,,,,,,,,,1.0,,,,,,,,,,,,,,,,,,,,,,,,,,,,
2017-08-22,,,,,,,,,,,,,,,,,,,,,,,,,,,,,,,,,,,,1.0,,,
2017-08-23,,,,,,,,,,,,,,,,,,,,,,,,,,,,,,,,,,,,1.0,,,
2017-08-24,,,,,,,,,,,,,,,,,,,,,,,,,,,,,,,,,,,,1.0,,1.0,1.0
2017-08-25,,,,,,,,1.0,1.0,1.0,1.0,1.0,,,1.0,1.0,,,,,,,1.0,,,,,,,,,,,,1.0,1.0,,1.0,1.0
2017-08-26,,,1.0,,,1.0,,1.0,1.0,1.0,1.0,1.0,,1.0,1.0,1.0,,,,,,,1.0,,,,,,,,,,,,,1.0,1.0,1.0,
2017-08-27,,,,,,1.0,1.0,1.0,,1.0,1.0,1.0,,1.0,1.0,1.0,1.0,1.0,,,,,1.0,,,,,,,,,,,,,1.0,,,
2017-08-28,,,1.0,,,1.0,1.0,1.0,1.0,1.0,1.0,1.0,,1.0,,,,1.0,,,,,,,,,,,,,,,,,,,,,
2017-08-29,,,,,,1.0,,1.0,1.0,,1.0,1.0,,1.0,1.0,1.0,1.0,1.0,,,,,,,,,,,,,,,,,,,,,
2017-08-30,,,,,,1.0,1.0,1.0,1.0,1.0,1.0,1.0,,1.0,1.0,1.0,1.0,1.0,,,,,,,,,,,,,,,,,,,,,
2017-08-31,,,,,,,1.0,1.0,1.0,1.0,,,,,,,,,,,,,,,,,,,,,,,,,,,,,
2017-09-01,,,,,,,,,,,,,,,,,1.0,1.0,,,,,,,,,,,,,,,,,,,,,
2018-06-18,,,,,,,,,,,,,,,,,,,,,,,,,,,,,,,,,1.0,,,,,,
2018-06-19,,,,,,,,,,,,,,,1.0,,,,,,,,,,,,,,,,,,1.0,1.0,,,,,
2018-06-20,,,,,,,,,,,,,,,,,,,,,,,,,,,,,,,,1.0,1.0,1.0,1.0,1.0,,,
2018-06-21,,,,,,1.0,,,,,,,,,,,,,,,,,,,,,,,,1.0,,1.0,1.0,1.0,1.0,1.0,,,
2018-06-22,,,,,,,,,,,,,,,,,,,,,,,,,,,,,,,,1.0,1.0,1.0,1.0,1.0,,,
2018-06-23,,,,,,,,,,,,,,,,,,,,,,,,,,,,,,1.0,1.0,,,,,,,,
2018-07-01,,,,,,,,,,,,,,,,,,,,,,,,,,,,,,,,,,,,,1.0,,
2018-07-02,,,,,,,,,,,,,,,,,,,,,,,,,,,,,,1.0,1.0,,,,,,1.0,,
2018-07-03,,,,,,,,,,,,,,,,,,,,,,,,,,,,,,1.0,1.0,,,,,,1.0,,
2018-07-04,,,,,,,,,,,,,,,,,,,,,,,,,,,,,,1.0,,,,,,,,,
2018-07-05,,,,,,,,,,,,,,,,,,,,,,,,,,,,,,1.0,1.0,,,,,,,,
2018-07-08,,,1.0,,,,1.0,,,,,,,,,,,,,,,,,,,,,,,1.0,,,1.0,1.0,,,1.0,,
2018-07-09,,,1.0,,,,1.0,,,,,,,,,,,,,,,,,,,,,,,1.0,,,,,,,,,
2018-07-10,,,,,,,,,,,,,,,,,,,,,,,,,,,,,,1.0,,,,,,,,,
2018-07-11,,,,,,,,,,,,,,,,,,,,,,,,,,,,,,,,,,,,,1.0,,
2018-07-14,,,,,,1.0,,,,,,,,,,,,,,,,,,,,,,,,1.0,,1.0,1.0,1.0,,,1.0,,
2018-07-15,,,,,,1.0,,,,,,,,,,,,,,,,,,,,,,,,,1.0,,1.0,1.0,,,1.0,,
2018-07-16,,,,,,,,,,,,,,,,,,,,,,,,,,,,,,1.0,,,,,,,,,
2018-07-17,,,,,,,,,,,,,,,,,,,,,,,,,,,,,,,,,1.0,,,,,,
2018-07-25,,,,,,,,,,,,,,,,,,,,,,,,,,,,,,,,,,,1.0,,,,
2018-07-26,1.0,,,,,,,,,,,,,,,,,,,,,,,,,,,,,,,,,,1.0,,,,
2018-07-27,,,,,,,,,,,,,,,,,,,,,,,,,,,,,,,,,,,1.0,,,,
2018-07-28,,,,,,,,,,,,,,,,,,,,,,,,,1.0,,,,,,,,,,,,,,
2018-07-29,,,,,,,,,,,,,,,,,,,,,,,,,1.0,,,,,,,,,,,,,,
2018-07-30,,1.0,,,,1.0,1.0,1.0,1.0,,,,,,,,,,,,,,,,1.0,,,,,,,,,,,1.0,,,
2018-07-31,,1.0,1.0,,,1.0,,1.0,1.0,,,,,,,,,,,,,,,,,,,,,,,1.0,,1.0,,1.0,1.0,1.0,1.0
2018-08-01,,,,,,,,,1.0,,,,,1.0,,,,,,,,,,,,,,1.0,1.0,1.0,1.0,1.0,1.0,1.0,1.0,1.0,1.0,1.0,1.0
2018-08-02,,,,,,,,,,,,,,,,,,1.0,,,,,,,,,,1.0,1.0,1.0,1.0,1.0,1.0,1.0,,1.0,1.0,1.0,1.0
2018-08-03,1.0,1.0,,,,,,,,,,,,,,,,1.0,,,,,,,,,,1.0,1.0,1.0,1.0,,,,,1.0,,,1.0
2018-08-04,,,,,,,,,,,,,,,,,,,,,,,,,,,,1.0,,,,,,,,,,,
2018-08-05,,,,,,,,,,,,,,,,,,,,,,,,,,,,,1.0,1.0,,,,,,1.0,,,1.0
2018-08-06,,,,1.0,,1.0,,,,,,,,,,,,,,,,,,,,,,1.0,,,,,1.0,1.0,,,,,
2018-08-11,,,,,,,1.0,1.0,,,,,,,,,,,,,,,,,,,,,,,,,,,,,,,
2018-08-12,,,,,,,1.0,,,,,,,,1.0,,,,,,,,,,,,,,,,,,,,,,1.0,,
2018-08-13,,,,,,,,,,,,,,,1.0,,,,,,,,,,,,,,,,,,,,,,,,
2018-08-20,,,,,,,,,,,,,,,,,,,,,,,,,,,,,,,,,1.0,,,1.0,,,
2018-08-21,,1.0,,,,,,,,,,,,,,,,,,,,,,,,,,,,,,,,,,1.0,,,
2018-08-22,,,,,,,,,,,,,,,,,,,,,,,,,,,,,,,,,,,1.0,1.0,,,
2018-08-23,,,,,,,,,,,,,,,,,,,,,,,,,,,,,,,,,,,,1.0,,,
2018-08-24,,,,,,,,,,,,,,,,,,,,,,,,,,,,,,,,,1.0,,,,,,
2019-06-07,,,,,,,,,,1.0,1.0,1.0,,,,,,,,,,,,1.0,,,,,,,,,,,,,,,
2019-06-08,,,,,,,,,,1.0,1.0,1.0,,,,,,,,,,,,1.0,,,,,,,,,,,,,,,
2019-06-09,,,,,,,,,,1.0,1.0,1.0,,,,,,,,,,,,,,,,,,,,,,,,,,,
2019-06-11,,,,,,,,,,1.0,,,,,,,,,,,,,,,,,,,,,,,,,,,,,
2019-06-12,,,,,,,,,,1.0,,,,,,,,,,,,,,,,,,,,,,,,,,,,,
2019-06-13,,,,,,,1.0,1.0,1.0,1.0,1.0,,,,,,,,,,,,,,,,,,,,,,,,,,,,
2019-06-14,,,,,,,,,1.0,1.0,,,,,,,,,,,,,,,,,,,,,,,,,,,,,
2019-06-15,,,,,,,1.0,1.0,,1.0,1.0,,,,,,,,,,,,,,,,,,,,,,,,,,,,
2019-06-16,,,,,,,,1.0,,,1.0,,,,,,,,,,,,,,,,,,,,,,,,,,,,
2019-06-17,,,,,,,,,,,1.0,,,,,,,,,,,,,,,,,,,,,,,,,,,,
2019-06-18,,,,,,,,,1.0,,1.0,,,1.0,,1.0,,,,,,,,,,,,,,,,,,,,,,,
2019-06-19,,,,1.0,,,1.0,1.0,1.0,,,,,1.0,1.0,1.0,,,,,,,,,,,,,,,,,,,,,,,
2019-06-20,,,,,,1.0,1.0,1.0,1.0,,,1.0,,1.0,1.0,1.0,,,,,,,,1.0,,,,,,,,,,,,,,,
2019-06-21,,,,,,1.0,,,,,1.0,1.0,,,,,,,,,,,,1.0,1.0,,,,,,,,,,,,,,
2019-06-23,,,,,,,1.0,1.0,,,,,,,1.0,,,,,,,,,,,,,,,,,,,,,1.0,,1.0,1.0
2019-06-24,,,1.0,1.0,1.0,1.0,1.0,1.0,1.0,,,1.0,,1.0,1.0,1.0,,,,,,,,,,,,,,,,,,,1.0,,,,
2019-06-25,,,1.0,1.0,1.0,1.0,1.0,1.0,1.0,,1.0,1.0,,1.0,1.0,1.0,1.0,1.0,,,,,,,,,,,,,,,,,1.0,,,,
2019-06-26,,,1.0,,1.0,1.0,,1.0,,,1.0,1.0,,1.0,1.0,1.0,1.0,1.0,,,,,,,,,,,,,,,,,,1.0,1.0,1.0,
2019-06-27,1.0,,1.0,,1.0,1.0,1.0,1.0,1.0,,,,,1.0,1.0,1.0,1.0,1.0,,,,,,,,,,,1.0,1.0,1.0,1.0,1.0,1.0,1.0,1.0,1.0,1.0,1.0
2019-06-28,,,,,,,1.0,1.0,,,1.0,,,1.0,1.0,1.0,1.0,1.0,,,,,,,,1.0,1.0,1.0,1.0,1.0,1.0,1.0,1.0,1.0,1.0,1.0,1.0,1.0,1.0
2019-06-29,1.0,1.0,,,,1.0,1.0,1.0,,1.0,1.0,,,,,1.0,1.0,1.0,,,,,,,,1.0,1.0,1.0,1.0,1.0,1.0,1.0,1.0,1.0,1.0,1.0,1.0,1.0,1.0
2019-06-30,1.0,1.0,,,,1.0,1.0,1.0,1.0,1.0,1.0,,,1.0,1.0,1.0,1.0,1.0,,,,,,,,,,1.0,1.0,1.0,,1.0,1.0,1.0,1.0,1.0,1.0,1.0,1.0
2019-07-01,,1.0,1.0,,,1.0,1.0,1.0,1.0,1.0,1.0,,,1.0,,1.0,,1.0,,,,,,,,,,,,,,,1.0,1.0,1.0,1.0,1.0,1.0,
2019-07-02,,,,,,1.0,1.0,1.0,1.0,1.0,1.0,,,1.0,,1.0,,1.0,,,,,,,,,,,,,,,,,,1.0,1.0,1.0,
2019-07-03,,,,,,,,,,,1.0,1.0,,1.0,,1.0,1.0,1.0,,,,,,,,,,,,1.0,,1.0,1.0,,,1.0,1.0,1.0,1.0
2019-07-04,,,,,,1.0,,1.0,,,1.0,1.0,,1.0,1.0,1.0,1.0,1.0,,,,,,,,,,,,1.0,1.0,,,1.0,1.0,1.0,1.0,1.0,
2019-07-05,1.0,1.0,1.0,,,1.0,1.0,1.0,1.0,1.0,1.0,1.0,,1.0,1.0,1.0,1.0,1.0,,,,,,,,,,,,1.0,1.0,,1.0,1.0,1.0,1.0,1.0,1.0,1.0
2019-07-06,,,,1.0,,1.0,1.0,1.0,1.0,1.0,1.0,1.0,,1.0,1.0,1.0,1.0,1.0,,,,,,,,,,,,,,,,1.0,1.0,1.0,1.0,1.0,1.0
2019-07-07,,,,,,,1.0,1.0,,,1.0,1.0,,,,,,,,,,,,,,,,,,,,,,,,,,,
2019-07-09,,,,,,,,,,,1.0,1.0,,,,,,,,,,,,,,,,,,,,,,,,,,,
2019-07-11,,1.0,,,,,,,,,,,,,,,,,,,,,,,,,1.0,,,,,1.0,,1.0,,,,,
2019-07-12,,,,,,,,,,,,,,,,,,,,,,,,,,,1.0,1.0,1.0,,,1.0,,1.0,,,,,
2019-07-13,,,,,,,,,,,,,,,,,,,,,,,,,,,,,1.0,,,1.0,,,,,,,
2019-07-15,,,,,,,,,,,,,,,,,,,,,,,,,,,,1.0,1.0,,,,,,,,,,
2019-07-20,,,,,,,,,,,,,,,,,,,,,,,,,,,,,,,,,,,,,,1.0,
2019-07-21,,,,,,,,,,,,,,,,,,,,,,,,,,,,,,,,,,,,,,1.0,1.0
2019-07-22,,,,,,1.0,,,,,,,,,,,,,,,,,,,,,,,,,,1.0,1.0,1.0,1.0,1.0,1.0,1.0,1.0
2019-07-23,1.0,,,,,1.0,1.0,1.0,1.0,,,,,,,,,,,,,,,,,,,,,1.0,1.0,1.0,1.0,1.0,1.0,1.0,1.0,1.0,1.0
2019-07-24,1.0,,,,,1.0,1.0,1.0,1.0,1.0,,,,1.0,1.0,1.0,,,,,,,,,,,,,,1.0,1.0,1.0,1.0,1.0,1.0,1.0,1.0,1.0,1.0
2019-07-25,,,1.0,1.0,1.0,1.0,1.0,1.0,1.0,1.0,,,,1.0,1.0,1.0,,,,,,,,,,,,,,1.0,1.0,,,,1.0,1.0,1.0,1.0,1.0
2019-07-26,,,,1.0,,1.0,,1.0,1.0,,,,,1.0,,1.0,,,,,,,,,,,,,,,,,,,,1.0,,,
2019-08-02,,,,,,,,,,,,,,,,,,,,,,,,,,,,,,,,,1.0,,1.0,,,,
2019-08-03,,1.0,,,,,,,,,,,,,,,,,,,,,,,,,,,,,,,1.0,,1.0,,1.0,1.0,1.0
2019-08-04,,1.0,,,,,,,,,,,,,,,,,,,,,,,,,,,,,,,1.0,,1.0,,1.0,1.0,1.0
2019-08-05,1.0,,,,,,,,,,,,,,,,,,,,,,1.0,,,,,,,,,,,,1.0,,,,1.0
2019-08-06,,,,,,,,,,,,,,,,,,,,,,,1.0,,1.0,1.0,,1.0,1.0,,,,,,1.0,,1.0,,
2019-08-07,,,,,,,,,,,1.0,,,,,,1.0,,,,,,,,,,,,,,,,,,,,,,
2019-08-08,,,,,,,,,,,1.0,,,,,,1.0,,,,,,,,,1.0,1.0,1.0,,,1.0,,,,,1.0,1.0,,
2019-08-09,,,,,,,,1.0,1.0,1.0,1.0,,,,1.0,1.0,1.0,1.0,,,,,,,,1.0,1.0,1.0,,,1.0,1.0,1.0,1.0,1.0,1.0,1.0,1.0,1.0
2019-08-10,,,,,,,,1.0,1.0,1.0,1.0,1.0,,1.0,1.0,1.0,1.0,1.0,,,,,,,,1.0,1.0,1.0,1.0,,,,,,,1.0,1.0,1.0,1.0
2019-08-11,,,,,,,,1.0,1.0,1.0,1.0,1.0,,1.0,1.0,1.0,1.0,1.0,,,,,,,1.0,1.0,,,,,,,,,,,,,
2019-08-12,,,,,,,,,,1.0,1.0,1.0,,,,1.0,1.0,,,,,,,,1.0,,,,,,,,,,,,,,
2019-08-13,,,,,,,,,1.0,,1.0,1.0,,,,,,,,,,,,,,,,,,,,,,,,,,,
2019-08-17,,,,,,,,,,,,,,,,,,,,,,,,,,,,,,,,,,,,,,1.0,1.0
2019-08-18,,,,,,,,,,,,,,,,,,,,,,,,,,,,,,,,,,,,,,1.0,1.0
2019-08-19,,,,,,,,,,,,,,,,,,,,,,,,,,,,,,,,,,,,,,1.0,
2019-08-20,,,,,,1.0,,,,,,,,,,,,,,,,,,,,,,,,,,,,,,,,,
2019-08-22,,,,,,,,,,,1.0,,,,,,,,,,,,,,,,,,,,,,,,,,,,
2019-08-24,,,,,,,,,,,1.0,,,,,,,,,,,,,,,,,,,,,,,,,1.0,,,
2019-08-25,,,,,,,,,,,,,,,,,,,,,,,,,,,,,,,,,,,,1.0,,,
2019-08-26,,,,,,,,,,1.0,1.0,,,,,,,,,,,,,,,,,,,,,,,,,1.0,,,
2019-08-27,,,,,,,,,1.0,,,,,,,,,,,,,,,,,,,,,,,,,,,,,,
2019-08-28,,,,,,,,,1.0,1.0,,,,,,,,,,,,,,,,,,,,,,,,,,,,,
2019-08-29,,,1.0,,,,,,,,,,,,,,,,,,,,,,,,,,,,,,,,,,,,
2019-08-30,,,,,,,,,,,,,,,,,,,,,,,,,,,,,,,,,,,,1.0,,,
2019-08-31,,,,,,,,,,,,,,,,,,,,,,,,,,,,,,,,,,1.0,,1.0,,,1.0
2019-09-01,,,,,,,,,,,,,,,,,,,,,,,,,,,,,,,,,,,,,1.0,1.0,
2019-09-03,,,,,1.0,,,,,,,,,,,,,,,,,,,,,,,,,,,,,,,,,,
2019-09-04,,1.0,,,1.0,1.0,,,,,,,,,,,,,,,,,,,,,,,,,,,,1.0,,,,,
2020-06-03,,,,,,,,,,,,,,,,,,,,,,,,,,,,1.0,,,,,,,,,,,
2020-06-05,,,,,,,,,,,,,,,,,,,,,,,,,,,,1.0,,,,,,,,,,,
2020-06-21,,,,,,,,,,,,,,,,,,,,,,,,,,1.0,,,,,,,,,,,,,
2020-06-22,,,,1.0,1.0,1.0,,,,,,,,,,,,,,,,,,,,1.0,,,,,,,,,,,,,
2020-06-23,,1.0,1.0,1.0,1.0,1.0,1.0,,,,,,,,,,,,,,,,,,,1.0,,,,,,,,,,,,,
2020-06-24,,,,,,1.0,1.0,,,,,,,,,,,,,,,,,,,,,,,,,,,,1.0,,1.0,1.0,
2020-06-25,,,,,,,,,,,,,,,,,,,,,,,,,,,,,,,,,,,,,1.0,1.0,
2020-06-26,,,,,,,,,,,,,,,1.0,,,,,,,,,,,,,,,,,,,,1.0,,1.0,1.0,1.0
2020-06-27,,,,,,,,,,,1.0,,,,,,,,,,,,,,,,,,,,,,,,,,,,
2020-06-28,,,1.0,,,,,,,,1.0,,,,,,,,,,,,,,,,,,,,,,,,,,,,
2020-06-29,,,,,,,,,,,,,,,,,1.0,1.0,,,,,,,,,,,,,,,,,,,,,
2020-06-30,,1.0,1.0,,,,,,,,,,,1.0,,,1.0,1.0,,1.0,,,,,,,,1.0,1.0,,,,,,,,1.0,,
2020-07-01,,,,,,,,,,,,,,,,,1.0,1.0,,,,,,,,,,1.0,,,,,,,,,1.0,,
2020-07-02,,,,,,,,,,,,,,,,,1.0,1.0,,,,,,,,,,1.0,,,,,,,,,1.0,,
2020-07-03,,,,,,,,,,,,,,,,,1.0,1.0,,,,,,,,,,,,,,,,,,,,,
2020-07-05,,,,,,,1.0,,,,,,,,,,,,,,,,,,,,,,,,,,,,,,,,
2020-07-24,,,,,,,,,,,,,,,,,1.0,,,,,,,,,,,,,,,,,,,,,,
2020-07-25,,,,,,,,,,,,,,,,,1.0,,,,,,,,,,,,,,,,,,,,,,
2020-07-26,,,,,,,,,,,,,,,,,1.0,1.0,,,,,,,,,,,,,,,,,,,,,
2020-07-27,,,,,,,,,,,,,,,,,,1.0,,,,,,,,,,,,,,,,,1.0,,,1.0,1.0
2020-07-28,,,,,,,,,,,,,,,,,1.0,1.0,,,,,,,,,,,,,,,,,1.0,,1.0,1.0,1.0
2020-07-29,,,,,,,,,,,,,,1.0,,1.0,1.0,1.0,,,,,,,,,1.0,1.0,,,,,,,1.0,,1.0,1.0,
2020-07-30,,,,,,,1.0,1.0,1.0,,,1.0,,,,1.0,1.0,1.0,,,,,,,,1.0,1.0,1.0,1.0,,,1.0,1.0,1.0,1.0,1.0,1.0,1.0,1.0
2020-07-31,,1.0,1.0,,,1.0,,1.0,1.0,,,1.0,,,,1.0,1.0,1.0,,,,,,,,1.0,1.0,1.0,1.0,,,1.0,1.0,1.0,1.0,1.0,1.0,1.0,1.0
2020-08-01,,,,,,1.0,,1.0,,,,1.0,,1.0,1.0,,,1.0,,,,,,,,1.0,,,,,,,1.0,1.0,,1.0,1.0,1.0,1.0
2020-08-02,,,,,,1.0,1.0,1.0,1.0,,,1.0,,1.0,1.0,1.0,1.0,1.0,,,,,,,,,,1.0,,,,1.0,1.0,,,,1.0,,
2020-08-07,,,1.0,,,,1.0,,,,,,,,,,1.0,,,,,,,,,,,,,1.0,1.0,1.0,1.0,1.0,1.0,1.0,,,
2020-08-08,,,1.0,,,,1.0,,,,,,,1.0,1.0,,1.0,1.0,,,,,,,,1.0,1.0,1.0,1.0,1.0,1.0,1.0,1.0,1.0,1.0,1.0,1.0,,
2020-08-09,,,1.0,,,1.0,1.0,,,,,,,1.0,1.0,,1.0,1.0,,,,,,,,1.0,1.0,1.0,1.0,1.0,1.0,1.0,1.0,1.0,,1.0,1.0,1.0,1.0
2020-08-10,,,,,,1.0,,,,,,,,1.0,,,1.0,1.0,,,,,,,,1.0,1.0,1.0,,,,,,1.0,1.0,1.0,1.0,1.0,1.0
2020-08-11,,,,,,1.0,,,,,,,,,,1.0,1.0,,,,,,1.0,,,,,1.0,,,,,,,,,,,
2020-08-12,,,,,,1.0,,,,,,,,,1.0,1.0,,,,,,,1.0,1.0,,,,,,,,,,,,,,,1.0
2020-08-13,,,,,,1.0,,,,,,,,,1.0,1.0,,,,,,,1.0,1.0,,,,1.0,,,,,,,,,1.0,1.0,1.0
2020-08-14,,,,,,,,,,,,,,,,1.0,1.0,,,,,,,1.0,,,,,,,,,,,,,,,
2020-08-15,,,,,,,,,,,,,,,,,1.0,1.0,,,,,,1.0,,,,1.0,,,,,,,,,1.0,,
2020-08-16,,,,,,,,,,,,,,,,,,1.0,,,,,,,,,1.0,1.0,1.0,,1.0,,,,,,1.0,,
2020-08-17,,,,,,,,,,,,,,,,,1.0,,,,,,,,,,1.0,1.0,,,1.0,,,,,,,,
2020-08-19,,,,,,,,,,,,,,,,,1.0,1.0,,,,,,,,,,,,1.0,,,1.0,,,1.0,1.0,1.0,1.0
2020-08-20,,,,,,,,,,,,,,,1.0,,,,,,,,,1.0,,,,,,1.0,,,,,1.0,1.0,1.0,1.0,1.0
2020-08-21,,,,,,,,,1.0,,1.0,,,1.0,1.0,,1.0,,,,,,,1.0,,,,,,1.0,,,,,1.0,1.0,1.0,1.0,1.0
2020-08-22,,,,,,,,,1.0,,1.0,,,1.0,1.0,,1.0,,,,,,,1.0,,,,,,,,1.0,,,,,,,1.0
2020-08-23,,,,,,,,,,,,,,1.0,,,1.0,,,,,,,,,,,,,,,,,,,,,,
2020-08-25,1.0,,,,,,,1.0,,,,,,,,,,,,,,,,,,,,,,1.0,1.0,,,,,1.0,1.0,,
2020-08-26,,,,,,,,1.0,1.0,,,1.0,,,,,1.0,,,,,,,,1.0,,,1.0,1.0,1.0,,,,,1.0,1.0,1.0,1.0,1.0
2020-08-27,,,,,,,,,,,,1.0,,,,1.0,1.0,1.0,,,,,,,,,,1.0,1.0,1.0,,,,,,1.0,1.0,1.0,1.0
2020-08-28,,,,,,,,,,,,1.0,,1.0,1.0,1.0,1.0,1.0,,,,,,,,,,1.0,,,,,,,,1.0,1.0,1.0,1.0
2020-08-29,,,,,,,,,1.0,1.0,1.0,,,,,1.0,1.0,,,,,,,,,,,,,,,,,,,,,,
2020-08-30,,,,,,,,,1.0,1.0,1.0,,,,,,,,,,,,,,,,,,,,,,,,,,,,
2021-06-08,,,,,,,,,,,,,,,,,,,,,,,,,,,,,,,,,,,,1.0,,,
2021-06-09,,,,,,,,,,,,,,,,,,,,,,,,,,,,,,,,,,,1.0,1.0,,,
2021-06-10,,,,,,,,,,,,,,,,,,,,,,,,,,,,,,,,,,1.0,1.0,1.0,1.0,,
2021-06-12,,1.0,,,,1.0,1.0,1.0,,,,,,,,,,,,,,,,,,,,1.0,,,,,1.0,1.0,1.0,1.0,1.0,1.0,1.0
2021-06-13,,,,1.0,,1.0,1.0,1.0,,,,,,,1.0,1.0,1.0,1.0,,,,,,,,,,1.0,,,,,1.0,1.0,1.0,1.0,1.0,1.0,
2021-06-14,,1.0,1.0,,,1.0,,1.0,,,,,,,1.0,1.0,1.0,1.0,,,,,,,,,,,,,,1.0,1.0,1.0,1.0,1.0,1.0,1.0,
2021-06-15,,1.0,1.0,,,,,,,1.0,,,,,,1.0,1.0,1.0,,,,,,,,,,,,,,,,1.0,1.0,1.0,,,
2021-06-16,,1.0,,,,,,,,,,,,,,1.0,1.0,1.0,,,,,1.0,,,,,,,,,,,,,,,,
2021-06-17,,,,,,1.0,,1.0,1.0,,,,,,,,,,,,,,,,,,,,,,,,,,,,,,
2021-06-18,,,,,,1.0,,,1.0,,,,,,1.0,1.0,,,,,,,1.0,,,,,,,,,,,,,,,,
2021-06-19,,,,,,,,,1.0,1.0,,1.0,,,,,,,,,,,,1.0,,,,,,,,,,,,,,,
2021-06-20,,,,,,,,,,,,1.0,,,,,,,,,,,,1.0,,,,,,,,,,,,,,,
2021-06-21,,,,,,,1.0,1.0,1.0,1.0,,,,1.0,,1.0,1.0,,,,,,,1.0,,,,,,,,,,,,,1.0,,
2021-06-22,,,,,,,1.0,1.0,1.0,1.0,,1.0,,,,,1.0,,,,,,,,,,,,,,,,,,,,1.0,,
2021-06-23,,,,,,,,,,1.0,,,,,,,,,,,,,,,,,,,,,,,,,,,,,
2021-06-25,,,,,,,,,,,,,,,,,1.0,1.0,,,,,,,,,,,,,,,,,,,,,
2021-06-26,,,,,,,1.0,1.0,1.0,1.0,,,,,,,1.0,1.0,,,,,,,,,,,,,,,,,,,,,
2021-06-27,,,,,,,1.0,1.0,1.0,1.0,,1.0,1.0,,1.0,,1.0,1.0,,,,,,,1.0,,,,,,,,,,,,,,
2021-06-28,,,,1.0,,,,,1.0,1.0,1.0,1.0,1.0,,1.0,,1.0,,,,,,,,1.0,,,,,,,,,,,,,,
2021-06-29,,,,,,,1.0,1.0,,1.0,,,,,,,,,,,,,,,1.0,,,,,,,,,,,,,,
2021-06-30,,,,,,,,,,,,,,,,,1.0,1.0,,,,,,,,,,,,,,,,,,,,,
2021-07-01,,,,,,,,,,,,1.0,,,,,1.0,1.0,,,,,,,,,,,,,,,,,,,1.0,,
2021-07-02,,,,,,,,,,,,1.0,,,,,1.0,1.0,,,,,,,1.0,,,,,,,,,,,,1.0,,
2021-07-03,,,,,,,,,,,,1.0,,,,,1.0,1.0,,,,,,,,1.0,,1.0,,1.0,,,,,,,,,
2021-07-04,,,,,,,,,,,,,,,,,,,,,,,,,1.0,1.0,,,,,1.0,,,,,,,,
2021-07-05,,,,,,,1.0,,,,,,,,,,1.0,1.0,,,,,,,,1.0,,1.0,,1.0,1.0,,,,,,1.0,,
2021-07-06,,,,,,,1.0,1.0,1.0,1.0,1.0,1.0,,1.0,,,1.0,,,,,,,,,1.0,,1.0,,,,,,,,,1.0,,
2021-07-07,,,,,,,1.0,1.0,1.0,1.0,1.0,1.0,,1.0,,,1.0,,,,,,,,,,,,,,,,,,,,,,
2021-07-08,,,,,,,,,1.0,1.0,1.0,1.0,,,,,,,,,,,,,,,,,,,,,,,,,,,
2021-07-09,,,,,,,,,,1.0,1.0,,,,,,,,,,,,,,,,,,,,,,,,,,,,
2021-07-19,1.0,1.0,,,,,,,,,,,,,,,,,,,,,,,,,,,,,,,,,,,,,
2021-07-21,,1.0,1.0,,,,,,,,,,,,,,,,,,,,,,,,,,,,,,1.0,,,1.0,1.0,1.0,1.0
2021-07-22,1.0,1.0,1.0,,,,,,,,,,,,,,,,,,,,,,,1.0,,,,1.0,1.0,1.0,1.0,,,1.0,1.0,1.0,1.0
2021-07-23,,,,,,,,,,,,,,,,,,,,,,,,,,,,,,,,,,,,1.0,1.0,1.0,1.0
2021-07-24,,,,,,,,,,,,,,,,,,,,,,,,1.0,,1.0,,,,,1.0,,1.0,,,,,,1.0
2021-07-25,,,,,,,,,,1.0,,,,,,,,,,,,,,1.0,,,,,,,,,,,,,,,
2021-07-26,,,,,,,,,1.0,,1.0,,,,,,,,,,,,,,,,,,,,,,,,,,,,
2021-07-27,,,,,,,,,1.0,1.0,1.0,,,,,,,,,,,,,,,,,,,,,,,,,,,,
2021-07-28,,,,,,,,,1.0,,1.0,,,,,,,,,,,,,,,,,,,,,,,,,,,,
2021-07-29,,,,,,,,,,1.0,1.0,,,,,,1.0,1.0,,,,,,,,,,,,,,,,,,,,,
2021-07-30,,,,,,,,,,1.0,1.0,,1.0,,,,1.0,1.0,,,,,,,,,,,,,,,,,,,,,
2021-07-31,,,,,,,,,,1.0,1.0,1.0,1.0,,,,1.0,,,,,,,,,,,,,,,,,,,,,,
2021-08-01,,,,,,,,,,,1.0,,,,,,,,,,,,,,,,,,,,,,,,,,,,
2021-08-02,,,,,,,,,,,,1.0,,,,,,,,,,,,,,,,,,,,,,,,,,,
2021-08-03,,,,,,,,,,,1.0,,,,,,,,,,,,,,,,,,,,,,,,,,,,
2021-08-04,,,,,,,,,,,,1.0,,,,,,,,,,,,,,,,,,,,,,,,,,,
2021-08-05,,,,,,,,,,,,,,,,,,,,,,,,,1.0,,,,,,,,,,,,,,
2021-08-06,,,,,,,,,,,,,,,,,,,,,,,,,1.0,,,,,,,,,,,,,,
2021-08-07,,,,,,,,,,,,,1.0,,,,,,,,,,,,1.0,,,,,,,,,,,,,,
2021-08-08,,,,,,,,,,,1.0,,,,,,,,,,,,,,,,,,,,,,,,,,,,
2021-08-09,,,,,,,,,,,1.0,1.0,,,,,,1.0,,,,,,,,,,,,,,,,,,,,,
2021-08-10,,,,,,,,,1.0,1.0,1.0,1.0,,,,1.0,1.0,,,,,,1.0,,,,,,,,,,,,,,,,
2021-08-11,,,,,,1.0,1.0,1.0,,1.0,1.0,1.0,,,,,,,,,,1.0,,,,,,,,,,,,,,,,,
2021-08-12,,,,,,1.0,1.0,1.0,1.0,1.0,1.0,1.0,,1.0,1.0,1.0,1.0,1.0,,,,,,,1.0,,,,,,,,,,,,,,
2021-08-13,1.0,1.0,,,,1.0,,1.0,1.0,,1.0,1.0,1.0,1.0,,1.0,1.0,1.0,,,,,1.0,,,,,,1.0,,,1.0,1.0,1.0,1.0,1.0,1.0,1.0,1.0
2021-08-14,1.0,1.0,1.0,1.0,,1.0,1.0,1.0,1.0,,,,1.0,1.0,1.0,1.0,1.0,1.0,,,,,,,,1.0,1.0,,1.0,,,,1.0,1.0,1.0,1.0,1.0,1.0,1.0
2021-08-15,1.0,,1.0,1.0,,1.0,1.0,1.0,1.0,1.0,1.0,1.0,1.0,1.0,1.0,1.0,1.0,1.0,,,,,,,,,,,,,,,,,1.0,1.0,1.0,1.0,1.0
2021-08-16,,,,,,,,,1.0,1.0,1.0,1.0,,,,,,,,,,,,,,,,,,,,,,,,,,,
2021-08-17,,,,,,,,,,,1.0,,,,,,,,,,,,,,,,,,,,,,,,,,,,
2021-08-21,,,,,,,,,,,,,,,,,,1.0,,,,,,,,,,,,,,,,,,,,,
2021-08-22,,,,,,,,,,,,,,,,,1.0,1.0,,,,,,,,,,,,,,,,,,,,,
2021-08-23,,,,,,,,,,,,,,,,,1.0,1.0,,,,,,,,,,,,,,,,,,,,,
2021-08-24,,,,,,,,,,,,,,,,,1.0,1.0,,,,,,,,,,,,,,,,,,,,,
