dates,77470,76430,76500,76900,161530,161680,162420,162450,162890,163100,164290,164050,77650,77800,77610,165600,165460,165200,604900,603900,604020,603600,607150,6155A,6325O,7031,8019,8025,8414A,8416Y,8500A,9981A,0016A,76,0200E,B893,B278,B228,B954
1981-01-31,2.1,4.05,1.3,4.0375,3.54,0.1,1.75,1.125,1.7999999999999998,1.6749999999999998,4.3,3.4,2.971428571428571,3.5285714285714285,2.983333333333334,-0.25999999999999995,2.44,2.46,3.7846153846153845,2.35,3.8,4.4,1.6,1.8333333333333333,3.0714285714285716,3.755555555555555,3.0875000000000004,1.8699999999999999,1.4111111111111112,0.48888888888888893,1.95,2.0333333333333337,,4.525,3.5799999999999996,3.8200000000000003,3.3249999999999997,1.2625,2.677777777777778
1981-02-28,2.6500000000000004,4.6,1.7,4.3,3.4,0.75,2.216666666666667,2.483333333333333,1.9499999999999997,2.3,4.5285714285714285,3.016666666666667,2.8249999999999997,2.95,3.425,2.15,2.466666666666667,1.9000000000000001,3.6666666666666665,4.8,,,3.4,2.0571428571428574,5.344444444444445,3.5583333333333336,3.6625,1.7875,2.8,0.8888888888888888,2.08,2.066666666666667,1.2333333333333332,4.4,6.1499999999999995,2.775,3.56,1.6800000000000002,3.063636363636364
1981-03-31,4.166666666666667,4.4,4.7,4.166666666666667,5.9,5.3999999999999995,4.075,3.7999999999999994,2.542857142857143,2.15,4.3,3.8249999999999997,2.5,,,1.1500000000000001,3.8499999999999996,2.8499999999999996,8.8,2.5,3.2999999999999994,,2.5,4.575,3.9,4.34,5.8999999999999995,2.2600000000000002,6.0,1.4000000000000001,2.42,4.4,3.75,6.049999999999999,5.55,5.7,3.4166666666666665,1.5166666666666668,3.6875
1981-04-30,,5.0,,3.533333333333333,3.62,3.7,4.66,3.7625,2.3666666666666667,2.25,3.9444444444444446,5.25,3.55,5.64,3.675,6.75,5.85,3.133333333333333,5.9,4.1,,5.0,4.8,,2.8,5.0,,,2.8,1.1,3.0500000000000003,4.8999999999999995,2.8,6.9,4.2,8.9,,,2.2
1981-05-31,4.45,5.3,6.75,2.5500000000000003,4.3,3.5374999999999996,3.3,3.5,2.4199999999999995,1.75,5.12,4.7875000000000005,2.8666666666666667,6.655555555555555,3.6166666666666667,8.84,8.059999999999999,3.0250000000000004,10.9,5.9,3.6,7.6,6.659999999999999,5.764285714285713,5.28125,5.946666666666667,5.633333333333333,2.95,6.0375,1.5625,3.2285714285714286,4.05,3.266666666666667,9.2,1.9,5.2700000000000005,4.1,1.69,5.526666666666666
1981-06-30,3.45,5.328571428571429,5.0249999999999995,1.6600000000000001,3.4,3.1666666666666665,4.464285714285714,3.853846153846154,2.6,2.275,4.6923076923076925,4.6466666666666665,2.966666666666667,4.911111111111111,3.5,6.9,7.107142857142857,3.558333333333334,6.65,7.9,,8.0,5.16,5.34375,5.089473684210526,5.022222222222222,5.492857142857143,2.557142857142857,4.638461538461538,0.7307692307692307,2.2916666666666665,3.125,2.7307692307692304,5.425,3.516666666666667,5.846666666666666,3.9200000000000004,2.066666666666667,4.947058823529412
1981-07-31,2.95,4.72,5.6,3.0666666666666664,4.35,3.8333333333333326,4.872727272727273,4.290909090909091,3.1799999999999997,3.28,5.705263157894737,5.34375,3.872727272727273,5.0625,3.8272727272727276,7.616666666666666,7.088235294117647,3.547058823529411,,,,,6.5875,5.255555555555556,7.072222222222222,4.218181818181819,3.047058823529412,2.5285714285714285,5.235000000000001,1.7578947368421056,3.0421052631578944,3.257142857142857,3.9066666666666663,6.436363636363637,2.8625,5.2823529411764705,4.46875,2.43125,4.0
1981-08-31,3.766666666666667,4.872727272727273,4.654545454545455,1.0,4.300000000000001,3.3928571428571423,3.644444444444444,3.75,2.4916666666666667,1.6285714285714283,4.461111111111111,3.9882352941176475,3.0500000000000003,4.8,3.541666666666666,5.630434782608695,6.57391304347826,3.6052631578947376,,,3.6,9.3,5.2,5.055000000000001,3.205882352941177,4.5,3.5461538461538464,2.3875,4.453846153846154,1.15,2.8249999999999997,3.244444444444445,4.4222222222222225,5.599999999999999,4.011111111111111,4.660869565217391,4.295,2.4099999999999997,3.7833333333333337
1981-09-30,3.0,4.628571428571428,4.1,5.3,4.0,3.8666666666666667,4.583333333333333,4.380000000000001,1.9888888888888892,2.022222222222222,5.2272727272727275,4.3999999999999995,3.7,4.199999999999999,3.6399999999999997,4.825,5.838461538461539,3.6636363636363636,,4.0,3.3,5.6,5.45,5.692857142857143,4.786666666666666,4.23125,2.9222222222222225,2.05,4.099999999999999,1.19,2.5999999999999996,1.9,3.3333333333333335,5.833333333333333,5.566666666666666,3.4875000000000003,3.8857142857142857,1.5857142857142859,2.8615384615384616
1981-10-31,,4.35,3.5,4.3,4.65,2.175,2.48,3.483333333333334,1.4333333333333333,1.1599999999999997,4.357142857142857,3.284615384615385,3.3,4.45,2.9799999999999995,3.022222222222222,4.66,2.466666666666667,4.3,3.3000000000000003,3.65,4.55,2.7625,3.2714285714285714,2.6600000000000006,3.6812500000000004,1.936363636363636,2.164285714285714,2.8214285714285716,0.7866666666666667,2.3066666666666666,2.1999999999999997,1.8399999999999999,4.85,1.25,4.683333333333334,3.0444444444444443,1.4222222222222223,2.3857142857142857
1981-11-30,1.7428571428571427,3.875,1.5499999999999998,2.3,3.55,1.4,1.3,2.0999999999999996,0.975,1.5571428571428574,3.6300000000000003,4.21,2.7,2.85,2.8,-0.5000000000000001,2.5,1.4,4.0200000000000005,3.1,3.033333333333333,2.3,2.2333333333333334,5.300000000000001,5.021052631578947,1.9,1.7857142857142858,1.8375000000000004,1.4375,0.5625,1.92,1.8375,1.6999999999999997,3.5999999999999996,0.175,4.090909090909091,2.033333333333333,1.1166666666666665,2.6818181818181817
1981-12-31,,4.2,1.7,3.4666666666666663,4.2,2.6,1.3,2.2,1.7,2.5,,7.0,2.9,,3.1,-1.0,2.1,4.7,4.550000000000001,2.35,2.45,3.5,,5.425,4.477777777777778,3.7000000000000006,6.5,3.05,2.275,0.575,2.075,,1.7,3.75,0.0,5.8,5.0,2.4,3.55
1982-01-31,0.6,,,2.5875000000000004,3.9142857142857146,3.8,1.7333333333333332,1.8333333333333333,1.0,2.3666666666666667,5.375,4.725,2.8000000000000003,5.8,2.3333333333333335,0.9,2.5,1.75,2.9222222222222225,2.1333333333333333,2.7600000000000002,2.3800000000000003,0.5,3.0,3.1111111111111107,3.2272727272727266,2.2333333333333334,2.0374999999999996,2.38,0.62,2.0,1.9,0.6,4.575,0.6333333333333333,4.066666666666666,2.783333333333333,1.0333333333333334,2.342857142857143
1982-02-28,2.0,4.0,3.4749999999999996,2.7399999999999998,4.033333333333333,-0.4,2.3,3.5500000000000003,2.0,2.333333333333333,3.5749999999999997,4.0,2.85,4.35,3.0666666666666664,3.4000000000000004,5.5,2.875,3.966666666666667,2.25,2.5,2.2666666666666666,2.9,5.3,4.457142857142857,3.55,1.4,1.7,2.04,0.9,1.9749999999999999,2.3333333333333335,1.5,3.3,1.9,3.75,1.9333333333333333,1.5666666666666664,2.8000000000000003
1982-03-31,2.8,4.3,3.8,5.824999999999999,6.466666666666666,2.72,4.08,5.15,2.488888888888889,2.316666666666667,5.05,3.4142857142857146,3.4749999999999996,4.4,4.025,6.414285714285713,5.666666666666667,2.988888888888889,2.2,3.4499999999999997,3.0,3.4,3.6666666666666665,4.1875,4.357142857142857,5.4125,3.0,2.457142857142857,4.45,1.7428571428571427,2.783333333333333,2.8,7.766666666666667,10.6,,5.68,2.45,1.4,5.185714285714286
1982-04-30,2.9,4.95,4.35,3.266666666666667,4.2,3.4000000000000004,5.34,5.485714285714285,2.45,2.125,4.22,3.3571428571428577,2.75,4.9,4.160000000000001,4.85,5.0,2.8,,,,4.1,3.4,4.733333333333333,4.742857142857143,4.199999999999999,3.471428571428571,2.142857142857143,4.625,2.0285714285714285,2.9285714285714284,3.5,2.78,5.8999999999999995,2.5,3.644444444444444,5.066666666666666,2.2666666666666666,3.3000000000000003
1982-05-31,3.8666666666666667,5.144444444444444,4.7250000000000005,2.557142857142857,4.12,4.05,4.33,4.48,2.976923076923077,2.066666666666667,5.626315789473685,5.426666666666666,2.6625,4.461538461538463,3.54,6.1000000000000005,6.7749999999999995,3.4454545454545458,,,,7.1,5.685714285714285,4.375,3.8499999999999996,3.5833333333333326,2.7749999999999995,2.52,5.0,2.7199999999999998,3.0875,4.233333333333333,4.383333333333334,6.3999999999999995,4.525,4.7727272727272725,4.3875,2.25,4.236363636363637
1982-06-30,3.2,5.574999999999999,7.033333333333334,2.6333333333333333,3.766666666666667,3.4666666666666663,4.050000000000001,4.978571428571429,3.3285714285714283,2.2666666666666666,5.2125,5.582352941176471,3.125,5.525,3.8,5.707692307692307,7.015384615384615,3.3666666666666667,8.049999999999999,6.6,2.3,,4.949999999999999,5.247368421052633,4.938095238095237,4.868421052631579,3.930769230769231,2.1199999999999997,4.125000000000001,2.209090909090909,2.83,3.9,3.711111111111111,5.357142857142857,2.88,4.966666666666667,5.822222222222221,2.238888888888889,4.721052631578947
1982-07-31,2.5333333333333337,5.071428571428571,4.8,3.466666666666667,2.5,5.863636363636363,4.269230769230769,4.72,2.991666666666667,2.0833333333333335,4.856,4.947619047619048,2.875,5.20625,3.65,6.7727272727272725,8.19090909090909,3.6125,5.5,5.7,2.3,,4.91,4.65909090909091,4.029411764705882,4.49,3.7529411764705882,2.354545454545455,5.333333333333333,2.1416666666666666,2.908333333333333,2.9500000000000006,3.609090909090909,4.858333333333333,2.15,4.847619047619047,4.877777777777777,2.772222222222222,3.717391304347826
1982-08-31,3.4666666666666663,5.225,4.685714285714285,4.199999999999999,3.9,3.988888888888889,4.927272727272727,4.953846153846154,3.0999999999999996,2.2333333333333334,5.557894736842106,5.2562500000000005,2.9000000000000004,4.886666666666667,3.9454545454545453,6.381818181818181,7.557142857142858,3.86875,,,,,5.449999999999999,3.3687500000000004,4.992857142857143,4.19,3.916666666666666,2.5125,4.058333333333334,1.7,2.8000000000000003,3.8200000000000003,4.683333333333334,4.65,4.2,4.85,4.538461538461539,2.4153846153846152,5.194117647058825
1982-09-30,3.9666666666666663,4.425,3.942857142857143,2.0444444444444443,4.966666666666667,3.88,2.8285714285714287,3.6000000000000005,2.025,1.9000000000000001,4.1,4.366666666666667,3.0,3.8166666666666664,3.5999999999999996,5.9,7.45,3.6500000000000004,,3.1,3.3,4.9,4.483333333333333,5.0600000000000005,5.930769230769231,4.766666666666667,4.714285714285714,2.6375,4.666666666666667,2.0166666666666666,2.8000000000000003,2.933333333333333,3.0,5.3500000000000005,3.433333333333333,5.0,3.766666666666667,1.6666666666666667,5.459999999999999
1982-10-31,2.1333333333333333,3.9499999999999997,3.6,2.528571428571429,4.05,4.35,2.15,2.44,0.9,1.7666666666666666,,5.066666666666666,,5.0,3.65,3.6,4.0,3.1666666666666665,3.7,,,,5.1,3.5833333333333335,4.085714285714285,3.9285714285714293,3.4166666666666665,1.8499999999999999,3.733333333333334,1.7666666666666668,3.0142857142857147,2.075,2.925,5.2749999999999995,2.44,4.2,4.8999999999999995,2.4,3.8428571428571425
1982-11-30,2.05,3.7999999999999994,1.3666666666666665,1.075,2.9666666666666663,1.425,1.666666666666667,1.8666666666666665,1.075,1.8200000000000003,5.35,3.18,2.4333333333333336,4.775,2.7399999999999998,6.4,5.4,2.0666666666666664,1.6,0.5,2.6,1.7,2.0999999999999996,3.25,3.8857142857142857,2.9333333333333336,2.75,1.5399999999999998,0.8666666666666667,0.9000000000000001,1.8142857142857143,2.375,0.0,5.0,0.24285714285714285,,2.8000000000000003,0.3,0.825
1982-12-31,0.9,3.3,,1.5777777777777777,2.9499999999999997,3.1,1.3,1.6,2.0,2.1500000000000004,,,3.1000000000000005,3.25,2.4,0.6,2.3750000000000004,1.45,2.525,1.94,2.8600000000000003,-0.07500000000000007,1.3499999999999999,2.4999999999999996,4.249999999999999,2.1666666666666665,2.975,1.4222222222222223,0.7857142857142857,0.95,1.9833333333333332,4.34,1.1,6.016666666666667,1.2125,4.85,4.0,1.1,3.0000000000000004
1983-01-31,1.48,4.2,1.5,2.1181818181818177,3.85,2.22,1.3666666666666667,2.0,0.9,1.5100000000000002,4.2333333333333325,4.045454545454546,2.7375,4.233333333333334,2.52,3.6454545454545455,4.0200000000000005,1.9125,3.14,1.7166666666666668,2.5300000000000002,0.44999999999999996,0.8,2.6999999999999997,2.9277777777777776,1.82,1.3,1.2384615384615383,0.8782608695652173,0.44166666666666665,1.744,2.18,1.3428571428571427,5.128571428571428,2.9714285714285715,3.5090909090909093,2.314285714285714,1.3428571428571427,2.352941176470588
1983-02-28,1.9,3.8333333333333335,3.7,7.050000000000001,5.133333333333333,3.44,2.85,2.75,1.8,2.6500000000000004,3.6500000000000004,6.275,2.566666666666667,5.366666666666667,3.0,2.4333333333333336,3.3666666666666667,4.199999999999999,3.8,3.466666666666667,2.55,1.25,1.4,3.9000000000000004,3.3000000000000003,3.0,2.05,1.65,2.3999999999999995,2.04,1.8833333333333335,1.5,2.3000000000000003,5.066666666666667,5.775,3.75,4.833333333333333,2.6999999999999997,3.3666666666666667
1983-03-31,3.0333333333333337,4.699999999999999,3.6999999999999997,2.7199999999999998,5.614285714285714,4.1,3.818181818181819,3.4090909090909096,2.314285714285714,2.242857142857143,4.966666666666668,5.0,2.266666666666667,4.766666666666667,3.3000000000000003,3.4285714285714284,3.6857142857142855,2.5,7.625,,2.966666666666667,1.6,2.1333333333333333,4.928571428571429,5.370588235294118,4.2,1.8399999999999999,1.9888888888888887,2.8666666666666663,1.3888888888888888,2.3666666666666663,2.1666666666666665,3.4333333333333336,5.54,3.7250000000000005,4.8,4.1375,2.0999999999999996,2.9000000000000004
1983-04-30,,,3.4,2.8333333333333335,5.15,,3.1999999999999997,3.825,2.55,2.4333333333333336,4.3,3.858333333333333,2.65,5.199999999999999,2.6,5.325,5.975,3.55,7.15,5.333333333333333,2.1333333333333333,4.6000000000000005,4.0200000000000005,8.28,5.444444444444445,5.33,5.883333333333334,3.328571428571429,4.45,3.85,3.1999999999999997,3.1,5.2,7.324999999999999,5.15,4.5249999999999995,4.2250000000000005,2.625,4.957142857142857
1983-05-31,,5.699999999999999,3.6500000000000004,,,5.8,4.371428571428572,4.755555555555556,3.1399999999999997,2.2375,4.894117647058824,4.921428571428572,2.85,5.933333333333333,3.3200000000000003,6.016666666666667,6.3500000000000005,3.1,8.6,7.6,4.1,5.966666666666666,6.0,6.992307692307692,4.8100000000000005,5.066666666666666,3.8357142857142854,2.20625,6.1499999999999995,2.8099999999999996,3.3875,3.966666666666667,4.449999999999999,6.366666666666667,5.080000000000001,5.085714285714286,5.090909090909091,2.390909090909091,5.025
1983-06-30,4.7,5.55,4.720000000000001,3.9,4.7,4.819999999999999,4.5600000000000005,4.327272727272727,2.9875,2.4,5.285714285714286,5.3999999999999995,2.483333333333333,5.083333333333333,3.88,6.392307692307692,7.307692307692307,3.56,,,3.55,5.0,6.45,4.127777777777777,4.681818181818182,4.5857142857142845,3.8099999999999996,1.9818181818181815,3.7999999999999994,1.411111111111111,2.5714285714285716,3.2750000000000004,3.5625,4.725,4.45,4.2272727272727275,5.158333333333333,2.1916666666666664,4.88235294117647
1983-07-31,3.9500000000000006,5.045454545454546,4.783333333333333,2.9,3.157142857142857,4.265217391304348,4.276190476190475,4.1818181818181825,2.676470588235294,1.7555555555555555,4.948275862068965,4.08,2.646153846153846,4.411111111111111,3.1888888888888887,5.391304347826087,6.243478260869565,3.480769230769231,9.1,3.5,3.466666666666667,6.914285714285714,4.11,4.772413793103447,3.2904761904761903,4.223809523809523,3.6058823529411765,1.9272727272727275,4.446666666666666,1.4375,2.475,3.3375,4.36,5.7749999999999995,3.375,4.118181818181818,4.342105263157895,2.068421052631579,4.35
1983-08-31,5.2,4.92,3.5999999999999996,5.8999999999999995,7.1,6.3199999999999985,3.966666666666667,4.333333333333334,2.8899999999999997,2.2833333333333337,5.172222222222222,5.118181818181819,3.8666666666666667,4.65,3.675,7.228571428571429,7.769230769230769,3.7454545454545456,4.8,6.3999999999999995,3.8,,5.871428571428571,5.56875,5.188235294117646,4.75625,4.978571428571429,2.369230769230769,4.033333333333333,1.3555555555555554,2.4999999999999996,3.75,3.88,4.825,3.1,5.008333333333333,4.745454545454545,2.3909090909090907,4.43125
1983-09-30,3.6800000000000006,4.800000000000001,3.8,3.8125,3.95,3.411111111111111,4.078571428571428,4.2250000000000005,2.646153846153846,1.9272727272727275,5.588888888888889,4.88125,2.9,4.421428571428571,3.19,6.6,6.553333333333332,3.34375,,4.1,3.4,6.5,4.2714285714285705,4.064285714285714,6.04375,3.8,3.2642857142857147,2.093333333333333,3.59375,1.1812500000000001,2.277777777777778,2.52,4.28,6.08,4.085714285714286,4.03076923076923,3.3214285714285716,1.8499999999999996,3.9157894736842103
1983-10-31,3.2599999999999993,4.211111111111111,2.3125,2.381818181818182,3.9714285714285715,2.3,2.3583333333333334,2.4727272727272727,2.08,1.4642857142857146,4.1499999999999995,3.3625,2.77,3.6100000000000003,3.175,3.4875,4.05,2.32,5.3,3.6999999999999997,2.75,2.7000000000000006,,3.4,4.585714285714286,3.1785714285714284,2.2222222222222223,2.191666666666666,1.9181818181818182,0.8999999999999999,2.023076923076923,2.2888888888888888,2.2222222222222223,4.875,3.688888888888889,2.1166666666666667,2.8777777777777778,1.4444444444444444,3.142857142857143
1983-11-30,1.25,3.766666666666667,2.8999999999999995,3.1375,3.6,0.3,1.457142857142857,1.4285714285714286,0.8800000000000001,1.7857142857142854,3.0,2.95,2.1,3.9333333333333336,3.0999999999999996,,,1.7666666666666668,2.733333333333333,3.5,,-1.2333333333333332,1.4500000000000002,0.8666666666666666,3.9599999999999995,2.3000000000000003,0.6666666666666666,1.6199999999999999,2.075,0.8999999999999999,1.6600000000000001,2.5,0.0,3.3,7.9,,5.2749999999999995,2.625,2.3333333333333335
1983-12-31,1.0,3.733333333333333,1.1,1.29,3.25,1.25,1.4625,1.4375,0.9333333333333335,2.4,3.05,5.0,2.6599999999999997,3.0599999999999996,2.4250000000000003,0.9666666666666667,0.6,1.625,3.09,1.8749999999999998,3.466666666666667,0.275,1.075,4.4,4.0375,1.7416666666666665,1.0444444444444445,1.7083333333333333,1.2166666666666666,0.6923076923076923,2.0636363636363635,1.4999999999999998,2.375,4.130000000000001,5.833333333333333,2.771428571428572,1.3,0.7699999999999999,2.1545454545454543
1984-01-31,2.3000000000000003,4.75,0.1,2.957142857142857,4.68,0.8,1.2,1.3599999999999999,1.2666666666666666,1.7666666666666666,3.4,4.52,2.1,3.6999999999999997,2.9,2.2,3.8,1.7333333333333334,3.65,2.575,4.266666666666667,0.6000000000000001,1.1800000000000002,4.3,3.8666666666666667,2.9200000000000004,2.3,2.28,2.255555555555555,0.9100000000000001,2.0,3.533333333333333,4.6,2.9,4.1,3.6,2.25,1.0499999999999998,3.8200000000000003
1984-02-29,3.0,4.0,1.3,4.366666666666667,4.5,0.55,1.875,2.8000000000000003,2.05,1.6,,,2.9,7.0,,3.1500000000000004,4.6,1.05,5.64,4.2,,1.5,1.0,5.733333333333333,4.74,2.257142857142857,2.3499999999999996,1.5666666666666667,2.54,1.24,2.5,,,5.2,7.333333333333333,5.0,1.7999999999999998,0.7,2.3
1984-03-31,4.0,4.8,5.199999999999999,6.1,4.6000000000000005,5.074999999999999,3.94,4.6000000000000005,3.5,1.0,3.72,4.766666666666667,3.9,5.375,3.425,5.82,5.200000000000001,2.25,5.74,8.6,3.6,5.3,5.9,4.62,5.8166666666666655,4.622222222222223,4.2,2.316666666666667,3.7285714285714286,1.342857142857143,2.6181818181818177,3.7199999999999998,1.9500000000000002,7.083333333333333,5.466666666666666,4.366666666666666,2.7600000000000002,1.4,3.9571428571428577
1984-04-30,4.300000000000001,5.25,4.157142857142857,2.8,4.95,5.16,4.9625,5.300000000000001,4.15,,4.7,4.688888888888888,2.6285714285714286,5.42857142857143,3.6333333333333333,5.255555555555556,5.488888888888889,3.466666666666667,8.8,3.7,,,6.033333333333334,2.8,5.625,5.0375000000000005,4.314285714285714,2.6666666666666665,4.081818181818182,1.56,2.4000000000000004,3.2800000000000002,3.9714285714285715,6.460000000000001,3.2399999999999998,4.5636363636363635,4.033333333333334,2.3666666666666667,5.181818181818181
1984-05-31,,5.2,3.8,,4.0,,4.7,5.15,2.6,2.3,4.3625,4.977777777777778,,,,6.0,6.566666666666667,2.7,6.300000000000001,,,5.35,6.5,7.18,7.033333333333332,5.383333333333333,4.449999999999999,4.4,,,,5.3,11.1,,,3.3,6.7,3.3,6.1
1984-06-30,2.6,5.014285714285714,4.625,1.65,,4.071428571428571,3.91,4.45,3.2,2.1285714285714286,3.9857142857142867,5.435294117647059,3.2249999999999996,4.633333333333334,3.1833333333333336,5.8500000000000005,6.691666666666666,2.75,,3.9,3.8,4.9,6.325,5.447058823529411,5.885714285714285,5.220000000000001,4.168749999999999,2.6842105263157894,4.246666666666667,1.8714285714285714,2.6846153846153844,3.8,5.35,6.29090909090909,4.800000000000001,4.578947368421052,4.081250000000001,2.2625,4.2105263157894735
1984-07-31,4.233333333333333,5.418181818181818,4.48,2.7249999999999996,4.733333333333333,5.052631578947368,4.272727272727273,4.61304347826087,3.39375,2.6199999999999997,4.622580645161291,5.444444444444445,3.253846153846154,5.652941176470588,3.238461538461538,6.620689655172415,7.289655172413793,3.269230769230769,6.2,4.8,3.6666666666666665,4.385714285714286,5.461538461538463,5.576190476190477,5.000000000000002,3.3038461538461537,3.762068965517241,2.441935483870968,4.070833333333334,2.2136363636363634,2.682352941176471,3.711111111111111,4.58,5.694999999999999,4.052631578947367,6.234615384615386,5.334615384615385,2.319230769230769,4.38
1984-08-31,2.7,5.45,5.08,0.9199999999999999,3.2,3.54,4.742857142857143,4.728571428571429,3.007142857142857,2.8857142857142857,4.652380952380953,5.1875,2.8166666666666664,5.55,3.633333333333333,6.953846153846153,7.407692307692307,3.1666666666666665,7.5,,,,6.1375,4.938461538461539,5.747368421052633,4.485714285714286,3.7299999999999995,2.2714285714285714,3.725,1.9400000000000002,2.8125,3.6333333333333333,6.385714285714286,6.0777777777777775,5.3428571428571425,4.942105263157894,4.346153846153846,2.223076923076923,4.405263157894737
1984-09-30,3.357142857142857,4.866666666666667,3.9333333333333336,2.6,4.8,2.5,3.1142857142857143,3.457142857142857,2.8333333333333335,2.4199999999999995,4.409090909090909,4.574999999999999,2.766666666666667,4.428571428571429,3.35,6.036363636363635,6.65,2.983333333333334,5.866666666666667,5.199999999999999,,4.066666666666666,3.9799999999999995,4.815384615384615,3.526666666666667,4.358823529411765,3.6833333333333336,2.41,3.357142857142857,1.3999999999999997,2.6666666666666665,2.9400000000000004,2.8600000000000003,5.133333333333333,6.220000000000001,3.5285714285714285,4.281818181818181,2.3000000000000003,5.146153846153846
1984-10-31,2.5,3.8375000000000004,2.6625,1.2363636363636363,3.2714285714285714,1.8833333333333335,2.157142857142857,2.8499999999999996,2.3333333333333335,1.95,3.7,4.466666666666666,2.4375,4.475,3.016666666666667,3.9000000000000004,4.25,2.0166666666666666,3.7,2.3,2.8,1.7,1.4,4.344444444444445,4.12,3.7,1.7333333333333332,2.0,1.6800000000000002,1.07,2.04,2.3857142857142857,2.2,4.3999999999999995,4.577777777777778,3.9666666666666663,4.0600000000000005,1.44,3.16
1984-11-30,2.9,3.6,2.6,1.65,3.3,1.56,1.4125,1.8571428571428572,1.0999999999999999,1.557142857142857,3.62,2.55,2.6399999999999997,3.1666666666666665,2.8,3.6,4.95,1.7249999999999999,2.4285714285714284,2.1142857142857143,2.75,-0.42500000000000004,1.05,4.675,2.933333333333333,3.65,2.9333333333333336,1.5599999999999998,0.675,0.425,1.86,2.76,1.1,2.2,6.1,3.1,2.3,1.125,4.233333333333333
1984-12-31,1.7999999999999998,3.45,1.25,2.75,3.3400000000000007,1.8,1.2,2.3625,0.9333333333333332,2.04,3.925,5.0,2.06,3.8333333333333335,2.3666666666666667,4.9,3.7,1.9166666666666667,2.911111111111111,3.15,2.375,0.55,1.9666666666666668,3.1,5.05,5.0,3.533333333333333,2.566666666666667,1.1111111111111112,0.2222222222222222,1.7125,2.9166666666666665,2.2,3.3499999999999996,5.522222222222222,4.3,1.5499999999999998,0.725,3.485714285714286
1985-01-31,,,,,5.5,0.3,2.9,3.233333333333333,2.0,1.4500000000000002,4.0,5.65,2.3,6.199999999999999,2.0,6.1,7.1,,2.9444444444444446,4.6,3.6,3.5,0.9,4.225,5.066666666666666,3.1500000000000004,2.3000000000000003,1.5625,1.3875000000000002,1.088888888888889,1.9285714285714288,2.75,0.4,4.2,5.2,3.1,2.6500000000000004,1.7999999999999998,4.0200000000000005
1985-02-28,2.5250000000000004,4.3,2.5,3.35,3.1666666666666665,4.0,1.5666666666666664,3.9000000000000004,1.9749999999999999,3.2800000000000002,3.3,3.475,3.3,5.333333333333333,3.7999999999999994,1.8666666666666665,1.8999999999999997,2.866666666666667,1.975,2.55,2.85,-0.050000000000000044,1.7,2.35,2.933333333333333,2.0749999999999997,1.2857142857142858,1.5666666666666667,0.675,0.44999999999999996,0.95,3.9,2.8,4.975,5.114285714285715,2.783333333333333,3.0714285714285716,2.3000000000000003,3.025
1985-03-31,,,,4.6,4.4,3.8000000000000003,7.1,6.95,2.8,2.566666666666667,4.566666666666666,3.575,,4.425,4.6,3.8,3.95,3.3499999999999996,,4.1,,,2.766666666666666,6.271428571428571,5.458333333333333,4.075,4.44,2.6199999999999997,3.4,1.54,2.48,3.9,4.8,7.9,8.325,4.514285714285714,3.7428571428571433,2.1857142857142855,4.514285714285714
1985-04-30,4.533333333333333,5.566666666666667,5.360000000000001,2.716666666666667,4.1000000000000005,5.6,5.4,5.275,3.6,2.3,4.6125,4.816666666666666,5.6,6.4,3.5999999999999996,6.1000000000000005,5.55,2.6333333333333333,6.4,,,5.0,4.266666666666667,4.533333333333333,4.742857142857142,4.8090909090909095,3.0,2.1166666666666667,4.6875,1.6875,2.6444444444444444,3.0500000000000003,3.357142857142857,6.0125,4.9375,3.3200000000000003,4.0,2.022222222222222,4.3
1985-05-31,,5.266666666666667,,,,4.716666666666667,4.75,4.716666666666666,2.7000000000000006,2.2,5.18,4.257142857142857,2.5,5.550000000000001,3.8,4.425,6.074999999999999,2.85,,,,,4.7,5.8625,7.183333333333334,5.24,3.3,2.3000000000000003,2.95,1.1,3.1500000000000004,3.9,3.16,,1.9500000000000002,4.32,6.1,2.8,5.5
1985-06-30,,4.985714285714287,5.025,2.7,,3.3,4.9,4.790909090909091,3.3285714285714287,2.2142857142857144,4.788,4.419047619047619,3.06,5.888888888888888,3.4,6.705,7.575,3.25,7.5,,2.8,,5.4,5.775,5.949999999999999,5.283333333333333,5.03125,2.714285714285714,4.044444444444444,1.9000000000000001,2.425,4.675,6.1000000000000005,4.800000000000001,2.5999999999999996,4.65,5.43125,2.23125,5.533333333333333
1985-07-31,3.7249999999999996,5.3545454545454545,4.67,2.9375,5.199999999999999,4.795000000000001,4.672222222222222,4.390476190476191,3.4157894736842107,2.1866666666666665,4.461538461538462,4.604347826086957,3.44,5.36842105263158,3.866666666666667,5.273076923076923,5.94074074074074,3.3416666666666663,6.0,,,3.6666666666666665,5.4750000000000005,4.7956521739130435,5.8500000000000005,4.826923076923077,3.6320000000000006,2.0384615384615388,4.286666666666666,2.1066666666666665,2.7750000000000004,4.177777777777778,3.3400000000000003,5.04375,3.646666666666667,4.672727272727273,5.133333333333333,2.370833333333333,4.529166666666667
1985-08-31,3.4,5.216666666666667,3.888888888888889,2.458333333333333,4.844444444444445,4.72,4.270588235294118,4.295,3.1705882352941175,2.3466666666666667,5.069230769230769,5.157894736842105,3.338888888888889,5.438095238095238,3.822222222222222,5.769565217391304,6.775000000000001,3.5391304347826082,9.3,,3.3,6.533333333333332,5.34,4.384615384615385,4.195454545454546,4.400000000000001,2.721052631578947,1.8090909090909093,3.9850000000000003,1.6882352941176473,2.7333333333333334,3.9,2.4499999999999997,6.066666666666667,3.1714285714285717,4.1049999999999995,4.9750000000000005,1.8699999999999999,3.769230769230769
1985-09-30,3.2625,4.476470588235293,3.5933333333333333,1.7000000000000002,5.166666666666667,4.223529411764707,3.4999999999999996,3.92,2.807142857142857,2.2363636363636363,4.610526315789474,4.677777777777778,3.1153846153846154,3.8,3.5,4.386666666666667,4.9375,3.0600000000000005,5.6,,,,4.433333333333334,2.7,5.463636363636364,4.6625000000000005,3.0900000000000003,1.646153846153846,3.208333333333334,1.3499999999999999,2.68,2.9,3.5500000000000003,4.5,1.6909090909090907,3.2733333333333334,3.7388888888888894,2.0722222222222224,3.3722222222222227
1985-10-31,2.783333333333333,4.175,3.3333333333333335,2.26,5.5,3.4749999999999996,3.6,3.94,2.35,2.316666666666667,4.054545454545456,4.609090909090909,2.82,3.716666666666667,3.1571428571428575,4.279999999999999,5.566666666666667,2.466666666666667,3.3,4.066666666666666,2.45,3.1500000000000004,4.766666666666667,4.071428571428571,4.41,3.5333333333333337,2.425,1.4333333333333333,3.6666666666666665,1.22,2.4625000000000004,3.0999999999999996,2.025,3.7400000000000007,2.416666666666667,3.1199999999999997,3.0374999999999996,1.3875,2.8857142857142857
1985-11-30,1.8,4.1,,,3.8,1.3,4.800000000000001,3.366666666666667,1.2999999999999998,3.9,4.6000000000000005,3.225,2.6,1.9,3.5,2.7499999999999996,2.9000000000000004,3.3333333333333335,4.7,2.25,3.975,2.728571428571428,1.3999999999999997,3.016666666666667,3.0,2.2500000000000004,2.72,1.7249999999999999,3.6,1.9,2.5,1.7,3.1,4.4,3.9000000000000004,3.1,1.9500000000000002,0.4,3.1666666666666665
1985-12-31,1.9000000000000001,3.4,0.8,0.9400000000000001,3.3000000000000003,5.2,2.566666666666667,1.9,1.0,1.2666666666666666,4.285714285714286,3.3000000000000003,2.3125,3.1444444444444444,2.9000000000000004,3.0749999999999997,3.275,2.14,2.5,2.6666666666666665,2.7857142857142856,2.725,2.566666666666667,,3.988888888888889,2.9375,1.7727272727272727,1.48,2.609090909090909,0.7999999999999999,1.6875,2.7999999999999994,0.0,5.0,3.983333333333333,3.9499999999999997,2.8000000000000003,0.9571428571428571,2.76
1986-01-31,,3.8,,1.2,4.225,1.9666666666666666,2.2666666666666666,1.7000000000000002,1.4,,3.4,3.0,,4.6,3.1,1.8,1.7999999999999998,3.8,1.86,2.66,3.5666666666666664,0.4,2.5,2.65,3.5285714285714285,3.888888888888889,2.716666666666667,1.6624999999999999,3.275,1.3599999999999999,3.06,1.8,0.15,3.3,4.2,7.866666666666667,5.220000000000001,2.5799999999999996,4.8500000000000005
1986-02-28,5.3,4.7,,1.7,5.4,,,4.9,,,,,,,,,,5.4,4.733333333333333,,5.0,,4.25,4.4,5.257142857142857,,,1.525,3.1666666666666665,1.1333333333333333,3.075,,3.75,5.466666666666666,5.6,,5.0,2.5,4.166666666666667
1986-03-31,3.6666666666666665,4.075,3.1500000000000004,3.5799999999999996,5.12,2.683333333333333,5.08,4.6,3.0,4.2,4.683333333333334,3.925,3.0,4.4,3.7,4.816666666666667,4.6499999999999995,2.5,4.66,,,1.9,,5.722222222222222,4.9444444444444455,4.645454545454545,4.057142857142857,2.58,3.35,1.2499999999999998,3.171428571428571,3.9666666666666672,6.949999999999999,7.3,3.1599999999999997,4.916666666666667,3.9000000000000004,1.7777777777777777,3.8
1986-04-30,,4.8,4.0,5.25,6.1,7.766666666666667,3.8333333333333335,3.7249999999999996,2.7750000000000004,1.65,5.688888888888889,4.6875,2.8,4.6,2.7,4.975,4.9750000000000005,3.3,,4.25,3.5,4.4,5.800000000000001,4.833333333333333,5.736363636363635,5.7375,5.574999999999999,2.728571428571428,5.4,1.25,3.8833333333333333,3.3,5.0,6.7,4.4,5.1,5.3,0.8,3.6599999999999993
1986-05-31,4.8,4.9,4.92,2.2,3.1,3.5200000000000005,4.166666666666667,3.815384615384615,2.936363636363636,2.375,4.894736842105263,4.579999999999999,2.8,4.95,3.675,4.933333333333334,5.539999999999999,3.236363636363636,,,,6.14,4.75,4.2846153846153845,5.91,3.9933333333333327,3.1071428571428568,1.941666666666667,3.991666666666667,1.3083333333333333,3.0,4.125,2.6916666666666664,6.607692307692307,4.26923076923077,4.795,4.653333333333333,2.193333333333334,3.8000000000000007
1986-06-30,4.016666666666667,4.95,4.4,5.8,4.9,3.585714285714286,4.5,4.7444444444444445,4.285714285714286,3.516666666666667,4.8352941176470585,5.616666666666667,2.85,5.492307692307692,3.5599999999999996,5.628571428571429,6.292857142857144,3.8181818181818183,8.8,6.0,,,4.733333333333333,4.828571428571428,5.5375000000000005,4.666666666666667,4.116666666666667,2.405555555555556,4.176923076923076,1.8083333333333333,4.42,3.4333333333333336,4.585714285714286,6.46,3.7538461538461543,5.157894736842105,5.184615384615385,2.3923076923076922,5.352380952380953
1986-07-31,4.26,5.200000000000001,4.72,3.8333333333333335,4.7,3.5714285714285716,3.663636363636364,4.227272727272727,3.1666666666666665,2.733333333333333,5.39,5.216666666666667,3.4,5.408333333333332,3.8857142857142857,6.329411764705882,6.911764705882353,4.12,5.7,4.9,3.033333333333333,6.35,4.36,3.761111111111111,6.0555555555555545,4.666666666666666,3.9823529411764707,2.0449999999999995,4.342105263157894,2.4235294117647057,3.6714285714285713,4.044444444444444,4.633333333333334,5.5857142857142845,6.381818181818182,5.3149999999999995,4.976470588235294,2.3705882352941177,4.405263157894738
1986-08-31,3.95,5.171428571428572,5.550000000000001,3.314285714285714,4.466666666666666,3.28,3.25,3.9695652173913043,3.1,2.1799999999999997,4.892307692307693,5.712500000000001,3.233333333333333,5.529411764705882,3.641666666666666,6.276923076923077,7.242307692307692,3.7681818181818185,7.900000000000001,3.9,,,4.5888888888888895,4.2,3.9347826086956514,4.050000000000001,3.876923076923077,2.03125,4.2375,2.1888888888888887,3.057142857142857,3.3,4.1,5.666666666666667,3.3666666666666667,5.0,4.775,2.53,4.486956521739132
1986-09-30,2.9,4.716666666666668,4.328571428571428,5.55,4.757142857142857,3.2444444444444445,3.3266666666666667,3.576923076923076,2.8615384615384616,2.9466666666666663,4.3,4.922222222222222,3.4285714285714293,5.33,3.6545454545454548,5.075,5.809090909090909,3.5,7.8,,2.9,,4.34,3.558333333333334,4.941666666666666,4.28,2.7249999999999996,1.5333333333333332,4.442857142857142,1.6428571428571428,2.5,2.5,,3.1,0.6,4.145454545454546,3.988888888888889,1.4444444444444446,3.2615384615384615
1986-10-31,2.4,3.675,2.375,4.785714285714286,3.922222222222222,-0.3571428571428571,2.29,2.336363636363636,1.8666666666666663,1.6714285714285715,3.5285714285714285,4.616666666666666,2.8875,4.475,3.0599999999999996,8.6,6.449999999999999,3.1999999999999997,3.65,,2.5,5.65,4.5,2.966666666666667,3.9200000000000004,3.1799999999999997,3.233333333333334,1.9333333333333333,2.3166666666666664,1.383333333333333,1.9,1.5499999999999998,0.8,3.35,3.75,5.6,3.9,1.5666666666666664,3.8000000000000003
1986-11-30,2.4,4.275,2.6500000000000004,3.6857142857142864,3.6799999999999997,2.3833333333333333,2.0799999999999996,2.0142857142857142,1.3800000000000003,2.3833333333333333,3.7399999999999998,2.825,2.375,4.72,3.533333333333333,3.4,3.8333333333333335,2.7818181818181817,3.057142857142857,3.84,2.4,2.733333333333333,1.55,5.96,4.96923076923077,3.025,2.32,1.525,1.6111111111111112,1.1125,2.1166666666666667,1.95,1.0333333333333332,5.771428571428572,4.2,4.449999999999999,2.683333333333333,1.1500000000000001,2.9083333333333337
1986-12-31,1.2000000000000002,3.35,1.9666666666666668,2.1999999999999997,3.966666666666667,1.65,2.34,2.0,0.7,1.4999999999999998,,3.8,2.6,2.033333333333333,2.9,,,1.1,3.849999999999999,2.6624999999999996,2.8600000000000003,1.3800000000000001,,4.22,3.9111111111111114,2.971428571428571,3.2833333333333337,1.8714285714285714,2.2111111111111112,1.1727272727272728,2.0076923076923077,4.25,1.1,4.5,4.12,3.266666666666667,2.5,1.3333333333333337,3.014285714285714
1987-01-31,1.5666666666666667,4.0,1.5,3.685714285714286,3.8000000000000003,,2.325,2.3,1.8,3.85,,,2.75,4.7,3.05,,,2.6999999999999997,3.2375000000000003,2.575,2.9800000000000004,2.0,,4.8,5.375,2.5,3.3800000000000003,1.22,1.6600000000000001,0.75,2.357142857142857,2.5,1.4,6.666666666666667,6.125,3.4,2.9749999999999996,1.25,3.228571428571428
1987-02-28,2.8,3.6500000000000004,1.0,4.6,4.3999999999999995,0.875,3.05,3.25,2.3000000000000003,1.6,5.633333333333333,4.075,2.4,4.4,3.2,,,3.5,1.75,3.3666666666666667,3.0,2.6333333333333333,3.9,3.6666666666666665,4.355555555555556,3.414285714285714,3.533333333333333,1.44,1.6,1.7,1.7666666666666666,1.25,1.65,3.9,4.816666666666667,5.1,3.0,2.375,3.62
1987-03-31,,4.9,5.9,7.033333333333334,4.6499999999999995,3.4999999999999996,6.32,5.6,3.0999999999999996,1.15,5.325,3.0333333333333337,2.9000000000000004,5.433333333333334,3.1,4.833333333333333,5.266666666666667,3.2,4.9,,,5.75,3.3,3.9749999999999996,5.528571428571429,4.128571428571429,3.22,1.8499999999999996,2.2600000000000002,1.52,2.8666666666666667,3.1,4.0249999999999995,,,5.733333333333333,4.366666666666666,2.4,3.7
1987-04-30,3.933333333333333,4.771428571428571,4.880000000000001,2.2800000000000002,4.2,2.5444444444444447,5.0636363636363635,3.5750000000000006,3.8083333333333336,1.7777777777777777,4.699999999999999,3.84,3.5999999999999996,5.3,3.733333333333333,5.17,5.3100000000000005,3.6,,,2.8,3.4,3.35,5.0666666666666655,5.925000000000001,4.425000000000001,2.8166666666666664,1.94,3.3000000000000003,1.4571428571428573,3.3428571428571425,2.78,3.4333333333333336,6.2142857142857135,4.3374999999999995,4.344444444444445,3.4625,1.3,3.35
1987-05-31,3.925,5.116666666666667,4.183333333333333,9.9,5.5,4.514285714285714,4.433333333333333,3.3166666666666664,3.7428571428571433,3.6833333333333336,4.744444444444444,4.916666666666667,3.0999999999999996,5.49,3.983333333333334,7.314285714285715,7.328571428571428,3.822222222222222,,,,5.3,5.275,5.800000000000001,6.108333333333333,5.289999999999999,4.66,2.3666666666666667,3.9299999999999997,2.425,3.483333333333333,4.449999999999999,3.6500000000000004,5.283333333333332,4.5,5.78,4.925000000000001,2.2249999999999996,4.153333333333333
1987-06-30,3.9,5.3999999999999995,5.1499999999999995,3.1714285714285713,4.18,2.588888888888889,4.883333333333334,3.7357142857142853,3.3666666666666667,3.7125,5.5227272727272725,5.694117647058824,3.4777777777777783,5.575,3.5555555555555554,8.266666666666667,8.000000000000002,4.4,,,4.0,5.9,5.985714285714286,4.9111111111111105,6.1421052631578945,5.22608695652174,4.021428571428571,2.4090909090909087,3.6750000000000003,1.8916666666666666,2.769230769230769,3.0,3.725,5.0888888888888895,4.733333333333333,5.83125,5.015384615384614,2.246153846153846,4.941176470588236
1987-07-31,3.7,5.260000000000001,5.316666666666666,2.4,5.8,1.5699999999999998,4.609999999999999,3.3333333333333335,2.891666666666667,1.9700000000000002,4.954545454545454,5.15909090909091,3.0666666666666664,5.50625,3.8285714285714283,6.4625,6.673333333333334,4.4,8.4,,,10.6,6.416666666666667,5.744444444444444,5.561538461538461,4.477777777777778,4.457142857142857,2.94,4.180000000000001,1.72,3.0,3.84,4.0625,4.214285714285714,3.2,5.657894736842105,5.214285714285714,2.4571428571428577,4.807692307692308
1987-08-31,3.0142857142857147,4.9,3.9875,4.857142857142857,3.6375,3.3833333333333333,4.29375,3.323529411764706,3.228571428571428,2.909090909090909,5.128571428571429,5.352173913043478,3.2142857142857144,5.142857142857143,3.4692307692307693,5.863157894736843,6.552631578947369,3.804761904761905,7.9,3.9,3.0,,5.7285714285714295,4.6,5.835294117647059,4.252631578947368,3.3529411764705883,1.826315789473684,3.3823529411764706,1.58125,3.1375,3.2222222222222223,4.391666666666667,4.4363636363636365,2.8416666666666672,4.80625,4.473684210526315,2.0263157894736845,3.5833333333333335
1987-09-30,3.3333333333333335,4.625,3.925,3.8200000000000003,4.133333333333334,1.85,4.523076923076923,3.85,3.0090909090909093,2.2333333333333334,4.8375,5.8812500000000005,2.9714285714285715,5.166666666666667,3.5785714285714287,4.75625,5.029411764705882,3.8375,,4.300000000000001,,4.96,3.1,4.2846153846153845,4.794117647058823,3.783333333333333,3.023076923076923,2.1722222222222225,3.186666666666667,1.4133333333333333,3.28,2.38,3.1,6.033333333333333,4.52,3.935294117647059,4.073333333333332,1.2933333333333332,3.629411764705882
1987-10-31,4.6,,,5.6000000000000005,5.35,3.9666666666666663,3.533333333333333,3.5799999999999996,2.185714285714286,1.6222222222222225,4.42,4.199999999999999,2.8200000000000003,5.083333333333333,3.216666666666667,4.977777777777778,5.855555555555556,3.4899999999999998,,3.0,3.233333333333333,3.8000000000000007,3.8666666666666667,4.74,5.36,3.8200000000000003,4.275,2.016666666666667,3.1,1.7999999999999998,3.05,2.25,2.5,7.239999999999999,6.125,3.9,4.6,2.8,4.84
1987-11-30,3.4,3.8333333333333335,2.433333333333333,2.7142857142857144,3.633333333333333,2.8666666666666667,2.325,2.4,1.85,2.1666666666666665,3.675,4.566666666666667,3.175,5.466666666666666,,2.7714285714285714,3.1285714285714286,3.2142857142857144,3.1666666666666665,3.5666666666666664,3.4,2.65,1.8333333333333333,4.1,4.569230769230769,3.25,1.9,1.4625,2.425,1.1500000000000001,2.2777777777777777,2.35,,3.6,3.6375,4.1,2.2571428571428567,1.4714285714285715,3.0999999999999996
1987-12-31,1.3,3.6,1.25,1.2,3.4,1.4333333333333333,1.9666666666666668,2.216666666666667,1.15,1.28,3.3428571428571425,3.925,2.4,3.4,2.566666666666667,1.2,1.2750000000000001,2.8333333333333335,2.9,,1.8,2.1,,1.7,5.066666666666667,2.2,1.6857142857142857,0.9285714285714286,1.3800000000000001,1.28,2.0444444444444443,2.5,1.8,3.8833333333333333,2.575,4.775,1.8142857142857145,1.0857142857142856,2.685714285714286
1988-01-31,,,0.8,2.15,4.15,2.4,3.3,1.9,1.6,1.7,4.833333333333333,3.8000000000000003,1.5499999999999998,5.949999999999999,2.5999999999999996,5.3,4.8,7.9,3.142857142857143,,6.4,1.675,2.38,4.166666666666667,4.416666666666666,3.1,3.75,2.3,2.125,0.8500000000000001,2.3333333333333335,1.1,2.3499999999999996,6.35,2.5,4.05,5.55,2.8,4.324999999999999
1988-02-29,2.6999999999999997,4.0249999999999995,2.7,6.3999999999999995,5.5857142857142845,1.5333333333333334,2.66,3.2399999999999998,2.15,2.8333333333333335,4.0200000000000005,5.314285714285715,3.871428571428571,5.3125,3.5,4.557142857142856,3.771428571428572,3.9000000000000004,4.633333333333334,3.8,2.7,4.8500000000000005,5.3,4.9399999999999995,5.3909090909090915,3.9875,4.4799999999999995,1.75,2.2499999999999996,1.45,2.8714285714285714,2.1,2.95,3.9200000000000004,4.800000000000001,4.4125,2.7800000000000002,1.02,4.1499999999999995
1988-03-31,2.7,5.6,3.7,7.383333333333333,6.45,3.6499999999999995,2.18,3.06,2.75,3.05,3.3,5.3,3.966666666666667,6.739999999999999,3.9,4.6000000000000005,4.333333333333333,3.46,6.4,5.025,3.15,,4.7,3.6,3.8277777777777775,4.633333333333334,3.475,1.4857142857142855,3.1999999999999997,1.7857142857142858,2.5444444444444443,3.3666666666666667,4.0,5.633333333333333,4.166666666666666,4.833333333333333,4.033333333333333,2.0,4.116666666666666
1988-04-30,4.2,4.925000000000001,4.9,,,4.05,2.7,3.575,2.725,2.642857142857143,5.011111111111111,5.4,2.7,3.4199999999999995,3.1,6.4,4.8,3.75,,,,,5.680000000000001,6.025,6.566666666666666,4.5,4.199999999999999,2.6666666666666665,3.3,1.7,3.325,,4.4,4.533333333333333,3.9,4.6,5.3,2.2,4.425
1988-05-31,4.2,4.8999999999999995,4.25,6.5,4.2,0.5,3.0,4.225,2.966666666666667,2.6000000000000005,5.088888888888889,4.5777777777777775,4.2,6.266666666666667,2.4,8.125,7.525,3.9750000000000005,7.75,4.6,2.9,6.1,6.1000000000000005,7.671428571428571,5.1625000000000005,4.627272727272728,4.619999999999999,2.4333333333333336,4.7,3.05,,3.3,5.85,4.2,,5.55,4.999999999999999,2.3,5.233333333333333
1988-06-30,3.8,4.779999999999999,4.824999999999999,2.4,3.7,3.1000000000000005,4.6899999999999995,3.7800000000000002,3.042857142857143,2.46,4.7153846153846155,4.999999999999999,3.2571428571428567,4.566666666666666,3.2875,6.409090909090909,7.37,3.6,,6.1,,6.25,6.699999999999999,4.45,6.9375,5.2,4.8,2.88,2.2,1.9,4.433333333333334,3.6,4.5,6.8,5.1,5.8,4.525,2.025,4.8571428571428585
1988-07-31,3.933333333333333,5.391666666666667,4.619999999999999,3.557142857142857,4.066666666666667,2.29,4.9,3.7875,2.75,2.666666666666666,5.577777777777777,4.827586206896552,3.425,4.85,4.13076923076923,5.926923076923076,6.616666666666667,3.7777777777777777,7.1,,3.2,,5.333333333333333,4.805,5.804166666666667,4.217391304347827,3.4440000000000004,2.2916666666666665,3.624999999999999,1.6800000000000002,2.766666666666667,3.933333333333333,4.133333333333333,5.2176470588235295,4.30625,6.595652173913043,5.154166666666667,2.6458333333333335,4.316666666666667
1988-08-31,4.116666666666666,4.776923076923077,4.283333333333333,3.3000000000000003,4.175,1.7411764705882353,4.176470588235294,3.3578947368421055,2.8588235294117648,3.3153846153846156,4.8374999999999995,4.65,3.225,4.5625,4.042857142857144,5.978947368421053,6.7894736842105265,4.076190476190476,6.6,,2.4000000000000004,6.5,5.522222222222222,3.775,5.114285714285714,3.728571428571429,3.4142857142857137,2.0809523809523807,3.9312500000000004,1.4076923076923076,2.542857142857143,3.6,4.069999999999999,5.907692307692307,3.6100000000000003,5.036363636363637,4.278947368421052,2.0421052631578944,3.720833333333333
1988-09-30,3.1333333333333333,4.6625,3.7999999999999994,4.3,3.7916666666666665,2.9125,4.2272727272727275,3.5916666666666663,2.63,3.8,5.177777777777778,5.771428571428572,3.636363636363636,4.4750000000000005,3.725,4.922222222222222,5.93,3.2769230769230777,,,2.6,,4.8,3.5307692307692307,4.847619047619048,3.400000000000001,2.85,2.035714285714285,3.892857142857143,1.6615384615384614,2.5300000000000002,3.0666666666666664,3.6,4.55,4.449999999999999,4.340000000000001,3.2083333333333326,1.8083333333333333,3.7312499999999997
1988-10-31,3.1500000000000004,4.033333333333333,1.9,4.3,4.6000000000000005,2.3833333333333333,3.0500000000000003,2.6999999999999997,1.6777777777777778,2.6999999999999997,3.6818181818181817,3.5142857142857147,2.8666666666666667,3.8285714285714287,3.1999999999999997,4.433333333333334,5.460000000000001,2.683333333333333,,3.15,2.675,3.3,3.4799999999999995,2.871428571428571,3.3000000000000003,2.881818181818182,2.746153846153846,1.718181818181818,2.6636363636363636,1.0916666666666666,1.7714285714285711,2.1599999999999997,2.1999999999999997,4.05,3.18,3.4000000000000004,2.3625,1.4249999999999998,3.8166666666666664
1988-11-30,2.1399999999999997,3.8,2.6625,3.625,2.9285714285714284,1.5857142857142859,1.4875,1.3166666666666667,1.7333333333333332,1.7600000000000002,2.6999999999999997,5.28,2.4,3.69,3.05,1.4200000000000002,1.4000000000000001,2.7199999999999998,5.533333333333334,2.3,3.15,1.7666666666666666,2.6999999999999997,2.2,4.960000000000001,2.766666666666666,2.066666666666667,1.375,2.78,1.2999999999999998,1.9375,2.766666666666667,1.0333333333333334,3.675,4.737500000000001,3.5,2.225,1.525,3.7199999999999998
1988-12-31,2.0,3.716666666666667,1.2333333333333334,2.6363636363636362,3.4625,2.28,1.6500000000000001,1.5285714285714285,1.075,1.1166666666666665,3.375,3.222222222222222,2.1,2.8200000000000003,2.78,2.75,2.8666666666666667,2.8666666666666667,2.807692307692307,1.6,2.6,0.8,,3.2750000000000004,3.8285714285714287,2.225,2.14,1.4444444444444444,2.223076923076923,1.0357142857142856,1.8375,1.725,3.033333333333333,5.550000000000001,6.644444444444444,3.0875000000000004,2.8444444444444446,1.2555555555555555,2.79
1989-01-31,2.2199999999999998,3.8333333333333326,1.8599999999999999,3.1600000000000006,3.31,1.0999999999999999,2.022222222222222,2.0944444444444446,1.6181818181818182,1.8599999999999997,3.6666666666666665,4.1,2.6875,2.9499999999999997,2.7,1.8714285714285714,2.1,2.3333333333333335,2.45,2.6999999999999997,3.8333333333333335,1.3888888888888888,0.5,3.233333333333333,4.871428571428572,2.9166666666666665,1.4833333333333334,1.1333333333333335,1.822222222222222,1.0,1.6666666666666667,4.1499999999999995,3.325,4.3,3.685714285714286,2.8000000000000003,1.8285714285714287,1.1999999999999997,2.62
1989-02-28,2.775,3.9142857142857146,1.9249999999999998,3.1166666666666667,3.4099999999999993,1.025,2.08,2.19,1.757142857142857,3.43076923076923,4.528571428571428,5.466666666666666,2.5,3.5222222222222226,3.18,2.4166666666666665,2.4857142857142853,2.9,3.35,2.3666666666666667,4.3,2.74,2.233333333333333,2.433333333333333,3.7874999999999996,3.075,3.125,2.15,2.0,1.1199999999999999,1.8333333333333333,2.083333333333333,2.966666666666667,5.199999999999999,3.6699999999999995,3.34,2.35,1.583333333333333,3.783333333333333
1989-03-31,3.0999999999999996,4.475,3.6999999999999997,2.888888888888889,3.95,1.7933333333333332,2.88,2.877777777777778,2.790909090909091,2.244444444444445,5.438461538461539,4.569999999999999,2.909090909090909,4.336363636363636,3.4666666666666672,3.7399999999999998,3.55,3.207692307692308,5.6000000000000005,4.25,3.8,3.775,5.360000000000001,3.8166666666666664,3.7266666666666666,3.753333333333333,3.3222222222222224,2.3636363636363638,3.1666666666666665,1.2666666666666668,2.308333333333333,3.6799999999999997,3.5285714285714285,5.7875,4.527272727272727,3.970000000000001,3.633333333333333,2.0999999999999996,4.411111111111111
1989-04-30,3.4,5.25,4.3,4.8,6.1,3.0,2.9,2.7,2.9250000000000003,3.6714285714285713,4.711111111111111,5.672727272727272,,,,4.824999999999999,4.933333333333333,2.8,,5.1,4.2,4.6,7.3999999999999995,4.7,5.041666666666667,4.34,5.15,2.783333333333333,4.525,1.9249999999999998,2.775,6.1,4.266666666666667,4.2,,4.175,3.3,1.725,4.4875
1989-05-31,2.9333333333333336,4.95,4.966666666666666,3.3,3.033333333333333,3.4166666666666665,3.388888888888889,3.0,3.8600000000000003,3.04,5.164285714285714,5.764285714285713,3.271428571428572,5.0625,3.4,6.133333333333334,6.677777777777777,3.5,8.166666666666666,,,8.2,6.133333333333333,3.6625,5.466666666666666,3.8899999999999997,2.983333333333333,1.992307692307692,3.8083333333333336,2.045454545454545,2.6166666666666667,3.02,3.71,4.6125,4.5125,4.050000000000001,3.8545454545454545,2.1272727272727274,3.0923076923076924
1989-06-30,4.15,4.928571428571429,5.571428571428571,,,3.525,4.133333333333334,3.8000000000000003,4.8,3.775,4.7,4.816666666666666,2.8333333333333335,5.141666666666667,3.0222222222222226,5.9937499999999995,6.578571428571429,3.7764705882352945,7.2,6.2,,,5.233333333333333,4.472222222222222,4.5,3.925,3.3636363636363638,1.7200000000000002,3.7777777777777777,1.5,2.316666666666667,4.112500000000001,4.233333333333333,4.553846153846154,3.9714285714285715,3.7399999999999998,4.233333333333333,2.0799999999999996,3.878947368421053
1989-07-31,5.225,5.2,5.633333333333334,3.35,3.9,2.6545454545454543,4.188888888888888,3.4199999999999995,3.954545454545455,3.5714285714285707,4.956521739130435,5.9105263157894745,3.0142857142857147,4.973333333333333,3.5699999999999994,5.744999999999999,7.2299999999999995,3.2235294117647055,,6.3,3.1,,5.34,4.122727272727273,4.015789473684211,3.384210526315789,3.25,1.9809523809523806,4.207142857142858,1.6538461538461535,2.6375,4.075,4.893750000000001,4.258333333333334,4.925000000000001,5.604347826086957,4.205882352941177,2.158823529411765,3.9391304347826086
1989-08-31,3.45,5.3375,5.55,3.7571428571428567,3.5666666666666664,3.152941176470588,4.96875,3.5812500000000003,3.8857142857142857,1.6,4.785,6.161904761904762,3.6166666666666667,5.433333333333333,4.13076923076923,5.6,6.29,3.0625,,,,,6.128571428571429,4.045,3.126315789473684,3.3117647058823527,3.2111111111111112,1.9615384615384612,3.811111111111111,1.2571428571428573,2.575,,3.6,4.0,5.0,3.9125,4.311111111111111,2.022222222222222,3.5
1989-09-30,3.3,4.766666666666667,4.666666666666667,4.26,4.08,-0.6,3.8874999999999997,2.8857142857142857,3.28,2.2333333333333334,3.9,4.45,2.675,5.266666666666667,3.3571428571428577,6.566666666666666,7.3500000000000005,2.9333333333333336,,,3.4,5.3,6.666666666666667,3.7714285714285714,4.666666666666667,3.3,2.2,1.6666666666666667,2.125,1.6666666666666667,1.7,3.5,4.3,,,3.4166666666666665,2.44,1.4,2.35
1989-10-31,2.5,4.0,3.6624999999999996,3.575,3.641666666666666,2.0545454545454547,2.3428571428571425,2.3,2.628571428571429,1.7600000000000002,4.118181818181818,4.89,2.7230769230769236,4.057142857142856,2.963636363636364,3.8454545454545452,3.7363636363636363,2.7400000000000007,,5.833333333333333,3.25,5.433333333333334,4.7,2.9875,4.328571428571428,3.18,1.7166666666666666,1.75,2.87,1.2800000000000002,2.0545454545454542,1.8714285714285717,3.2199999999999998,4.383333333333334,4.75,4.346666666666668,2.5533333333333332,1.813333333333333,3.59
1989-11-30,1.8,3.8,2.2375,3.3999999999999995,3.3333333333333335,2.4,2.1375,1.775,2.25,1.375,3.483333333333333,4.720000000000001,2.2714285714285714,3.0500000000000003,2.4,0.95,0.8999999999999999,2.55,2.3,3.1,3.9,2.9666666666666663,2.3,5.15,3.8833333333333333,3.3500000000000005,3.8249999999999997,2.1333333333333333,3.25,1.6800000000000002,1.75,2.5,2.9,4.85,3.9000000000000004,3.5571428571428574,2.2714285714285714,1.8,3.28
1989-12-31,2.925,3.9199999999999995,2.6900000000000004,4.911111111111111,4.300000000000001,,1.8250000000000002,2.0,2.2,1.4666666666666668,4.225,5.733333333333334,2.6,4.65,3.2,1.5499999999999998,1.175,3.4999999999999996,3.0599999999999996,2.6666666666666665,3.1375,2.542857142857143,1.5400000000000003,,5.166666666666666,4.7,2.0999999999999996,1.5666666666666667,3.3,2.35,1.8333333333333333,2.2,4.85,3.3,4.449999999999999,,,,1.7999999999999998
1990-01-31,2.0599999999999996,3.8125,2.0,3.7599999999999993,3.8,1.7249999999999996,1.9555555555555553,2.466666666666667,2.3,1.2125,3.8,3.9666666666666663,1.9888888888888887,3.7,2.55,0.9400000000000001,0.6799999999999999,2.2777777777777777,2.1666666666666665,3.125,2.1,1.625,1.25,3.0333333333333337,2.925,2.971428571428571,2.55,2.12,2.1999999999999997,1.0454545454545452,1.95,3.3200000000000003,1.9333333333333333,4.78888888888889,5.283333333333333,3.6666666666666674,2.9166666666666665,1.3333333333333333,3.5
1990-02-28,2.58,4.42,3.5833333333333335,3.1,4.025,2.5,2.883333333333333,3.538461538461539,2.8000000000000003,1.7333333333333334,3.8999999999999995,4.2,2.6714285714285713,3.809090909090909,2.9,3.0500000000000003,3.266666666666666,2.733333333333334,3.66,4.316666666666667,3.366666666666667,4.1,1.9166666666666667,3.625,3.6529411764705877,3.3533333333333326,2.5,1.5,2.5374999999999996,0.8625,2.0999999999999996,1.9285714285714286,1.9500000000000002,4.8,2.9625,3.8166666666666664,2.06,0.8,3.8374999999999995
1990-03-31,3.042857142857143,4.536363636363637,3.7125000000000004,4.188888888888889,4.55,5.7,3.4111111111111105,4.0888888888888895,3.69,1.8666666666666667,4.966666666666667,4.470000000000001,2.82,5.5,3.3125,4.05,4.222222222222222,3.8699999999999997,3.2,3.5,,,,5.466666666666666,4.877777777777777,3.34,3.8999999999999995,2.471428571428571,3.244444444444445,1.3888888888888888,2.6,2.4714285714285715,4.011111111111111,5.454545454545455,4.577777777777778,4.066666666666666,2.7555555555555555,1.7555555555555555,3.3625000000000003
1990-04-30,3.8,4.75,5.3,5.1,4.15,5.1,2.6,4.685714285714286,3.5,1.3,4.6,5.533333333333334,3.3499999999999996,5.75,3.65,6.028571428571428,6.1000000000000005,2.6999999999999997,7.3,,,,,4.633333333333333,4.571428571428571,4.116666666666666,4.7,2.3499999999999996,4.575,2.2333333333333334,3.4749999999999996,4.75,6.95,3.3,,4.199999999999999,5.4,2.625,4.471428571428571
1990-05-31,4.1,5.133333333333333,4.475,4.966666666666666,,5.88,4.8500000000000005,4.75,4.5,4.733333333333333,4.880000000000001,5.371428571428572,3.05,4.314285714285714,3.5,4.475,4.840000000000001,3.9777777777777774,6.3,,,,5.783333333333332,4.43846153846154,4.7,4.035714285714286,3.622222222222222,2.809090909090909,3.749999999999999,1.8909090909090907,3.3625,3.9,4.209999999999999,4.533333333333333,3.6800000000000006,3.7142857142857144,3.855555555555556,2.5444444444444447,3.79375
1990-06-30,3.0,5.025,6.083333333333333,4.925,7.3,5.828571428571429,4.606666666666667,4.026666666666666,4.111111111111111,1.95,5.004761904761905,5.205882352941177,3.014285714285714,4.942857142857143,3.536363636363637,6.6571428571428575,7.328571428571429,3.4437499999999996,6.7,,,7.7,6.233333333333333,4.509090909090909,4.333333333333333,4.438888888888888,4.1230769230769235,2.9705882352941178,4.17,1.51,2.5625,4.220000000000001,3.55,3.677777777777778,2.8625000000000003,4.389999999999999,4.611764705882353,2.2235294117647055,4.654545454545454
1990-07-31,3.5500000000000003,5.308333333333334,5.2749999999999995,3.6666666666666665,4.6,6.178571428571429,5.064285714285715,4.6,4.266666666666667,1.9133333333333333,4.976190476190477,4.999999999999999,3.1181818181818177,4.811764705882354,3.936363636363637,6.212500000000001,6.908333333333334,3.357894736842105,,,3.5,,5.62,4.360000000000001,5.752380952380953,4.255,3.2428571428571424,2.0913043478260867,4.033333333333333,1.71875,2.682352941176471,4.22,3.9923076923076914,4.788235294117647,3.3538461538461535,4.978260869565217,4.895454545454546,2.2772727272727273,3.872727272727272
1990-08-31,4.3,5.314285714285714,5.16,2.3666666666666667,4.6000000000000005,4.966666666666668,4.372727272727272,3.4846153846153842,3.850000000000001,2.628571428571429,4.664285714285714,4.741666666666666,2.8714285714285714,4.2125,3.514285714285714,6.276923076923078,6.483333333333333,3.0588235294117645,,,,,6.075,3.7055555555555557,5.26,3.7849999999999993,2.6266666666666665,2.73125,3.9583333333333335,1.7599999999999998,2.7111111111111117,3.8125,3.766666666666667,4.1000000000000005,2.925,4.623809523809523,4.06111111111111,1.8166666666666664,3.7736842105263153
1990-09-30,2.8666666666666667,4.9799999999999995,4.425,2.7,3.733333333333333,5.322222222222222,3.6,3.8499999999999996,3.025,1.9600000000000002,4.1625,4.3,2.9333333333333336,5.075,3.6375,6.123076923076923,6.855555555555555,2.5999999999999996,,,,4.699999999999999,6.1000000000000005,3.333333333333334,4.255555555555556,3.45,3.685714285714286,2.25,3.5714285714285707,1.7000000000000002,2.3200000000000003,3.4333333333333336,2.5,3.3499999999999996,2.3499999999999996,3.3285714285714283,3.3625,0.9750000000000001,2.9818181818181824
1990-10-31,3.0999999999999996,4.25,4.94,4.433333333333334,4.2,6.95,3.55,2.75,2.6333333333333333,1.7999999999999998,3.7,4.375,1.6,,,4.5,4.45,2.5,5.066666666666666,,,,3.942857142857143,3.6,5.566666666666666,3.6,4.925000000000001,2.34,3.1666666666666665,1.3999999999999997,2.316666666666667,2.6999999999999997,1.65,5.4,4.550000000000001,5.1000000000000005,3.683333333333333,1.3833333333333335,3.38
1990-11-30,2.4,4.5,2.8,3.414285714285714,3.900000000000001,5.0,1.4857142857142855,1.6500000000000001,,1.2333333333333334,3.2199999999999998,3.733333333333333,2.5999999999999996,4.225,2.566666666666667,3.6999999999999997,2.8000000000000003,2.5,4.4,1.6,3.8,1.0,,2.9,3.44,2.963636363636364,2.942857142857143,1.64,2.2714285714285714,1.0999999999999999,1.8375,1.3,1.6666666666666667,4.166666666666667,4.65,4.4,2.725,1.0499999999999998,2.066666666666667
1990-12-31,1.7750000000000001,3.6,2.033333333333333,4.233333333333333,4.628571428571429,5.2,1.4,2.3,1.2000000000000002,3.7,3.05,3.3,2.7,4.333333333333333,2.5999999999999996,2.1333333333333333,0.6499999999999999,3.0333333333333337,3.1666666666666665,1.925,2.466666666666667,0.95,2.0,3.45,3.7,3.233333333333333,3.3166666666666664,1.6125000000000003,2.2600000000000002,1.1111111111111112,1.7666666666666664,2.05,2.6,4.033333333333333,5.371428571428572,3.85,2.525,1.175,3.6571428571428575
1991-01-31,2.625,3.8499999999999996,2.2333333333333334,4.4750000000000005,3.9166666666666674,2.2,2.1599999999999997,1.9500000000000002,1.5,2.3,2.84,2.2666666666666666,3.0142857142857147,5.111111111111111,2.4,3.4,2.7199999999999998,2.6625,2.3125,2.275,3.2375,2.08,0.64,4.1,3.4800000000000004,3.133333333333333,3.5714285714285716,1.5333333333333332,2.1285714285714286,1.157142857142857,1.642857142857143,1.5888888888888888,2.66,4.183333333333334,4.733333333333333,3.9400000000000004,3.7833333333333337,1.3333333333333333,3.75
1991-02-28,2.4,4.125,2.8125,3.9909090909090907,3.6800000000000006,3.4,3.1750000000000003,3.075,,0.85,3.866666666666667,4.316666666666667,2.325,3.6750000000000003,3.0,4.2,3.35,2.4666666666666663,4.45,1.9,3.9,4.9,2.4,4.45,4.0,2.1999999999999997,3.1666666666666665,2.3200000000000003,3.16,1.6199999999999999,2.34,3.05,5.6,5.200000000000001,4.659999999999999,2.66,3.233333333333333,1.4666666666666666,3.54
1991-03-31,2.85,4.35,3.8333333333333335,3.2399999999999998,4.3500000000000005,4.25,4.233333333333333,3.6333333333333333,3.1,1.6,5.599999999999999,3.78,2.925,5.95,3.3000000000000003,4.3,4.233333333333333,3.616666666666667,2.5,3.8,,4.4,2.4000000000000004,3.9,3.94,3.8714285714285714,3.56,1.8499999999999996,2.9499999999999997,1.8833333333333335,2.15,2.4499999999999997,3.3,4.95,3.0500000000000003,4.22,2.914285714285714,2.3428571428571425,3.2
1991-04-30,3.425,5.325,3.4857142857142853,2.6399999999999997,4.32,4.95,4.4,2.6,3.1666666666666665,2.733333333333333,4.275,4.3,2.766666666666667,4.5375,3.4142857142857146,6.425000000000001,6.625,3.414285714285714,,,,4.3,5.5,3.75,5.722222222222222,4.015384615384617,3.8625,2.014285714285714,3.4142857142857146,1.883333333333333,2.966666666666667,3.05,3.516666666666667,4.271428571428571,4.442857142857142,4.483333333333333,3.785714285714286,2.142857142857143,3.888888888888889
1991-05-31,3.5400000000000005,5.5,4.36,2.5,4.6,6.0,5.1000000000000005,2.7888888888888888,2.983333333333333,5.0,5.218181818181819,5.075,2.9400000000000004,4.85,3.78,5.185714285714286,5.833333333333333,4.225,,,,4.5,5.133333333333333,4.7375,6.109999999999999,5.428571428571429,3.8375,3.02,3.955555555555555,1.7555555555555555,3.1125,4.033333333333333,5.516666666666667,4.957142857142857,2.8166666666666664,4.040000000000001,4.025,1.9125,4.061538461538462
1991-06-30,3.675,5.5,4.722222222222222,3.4499999999999997,3.900000000000001,5.40625,4.826666666666667,4.433333333333334,2.4642857142857144,2.609090909090909,4.985,4.366666666666666,2.9444444444444446,5.5636363636363635,3.6500000000000004,4.578947368421053,6.615789473684211,4.333333333333333,6.8,4.4,3.3,,4.4,5.05,5.442105263157895,4.226666666666666,3.8000000000000003,3.0,4.021428571428572,2.099999999999999,2.2615384615384615,3.533333333333333,5.166666666666667,4.83,4.590000000000001,5.645833333333333,4.4941176470588236,1.852941176470588,4.616666666666666
1991-07-31,4.449999999999999,5.322222222222221,5.188888888888889,2.855555555555556,4.779999999999999,5.747826086956523,4.699999999999999,4.166666666666667,3.7428571428571433,3.4166666666666665,5.044444444444444,3.1208333333333336,3.016666666666667,5.076470588235295,3.619999999999999,5.444,6.164,4.032,8.4,,4.0,,4.883333333333334,4.5,4.784210526315789,3.991304347826086,4.149999999999999,2.756,4.01,1.6944444444444444,3.026315789473684,4.054545454545454,4.038461538461538,4.321428571428572,4.2785714285714285,4.44074074074074,4.136363636363637,1.4954545454545454,4.135999999999999
1991-08-31,3.75,5.0181818181818185,4.65,2.6333333333333333,3.8249999999999997,5.378571428571428,4.766666666666667,4.676470588235294,2.6846153846153844,2.1,4.846428571428572,5.729999999999999,3.036363636363636,4.680000000000001,3.690909090909091,5.321052631578947,5.739999999999999,3.7949999999999995,4.2,,3.4,,4.6833333333333345,4.192,3.9888888888888894,3.4875000000000003,3.2818181818181817,1.925,3.784210526315789,1.661111111111111,2.458823529411765,3.4142857142857146,4.058333333333334,3.9266666666666676,4.08125,4.458333333333333,3.395238095238095,1.1,3.5208333333333335
1991-09-30,4.075,4.4875,4.0874999999999995,2.35,4.133333333333333,3.5666666666666664,3.4749999999999996,3.4,2.4833333333333334,1.78,4.571428571428571,5.3428571428571425,3.15,4.574999999999999,3.4800000000000004,4.9,4.183333333333334,3.3428571428571425,,,,,4.779999999999999,4.092857142857143,4.464705882352941,3.727272727272727,2.9875,2.375,3.175,1.8571428571428572,2.242857142857143,2.1,4.2,3.1333333333333333,4.1000000000000005,3.3099999999999996,3.1555555555555554,1.177777777777778,3.4230769230769225
1991-10-31,2.983333333333333,4.05,2.5999999999999996,2.8,4.275,3.1799999999999997,2.057142857142857,2.875,1.975,2.042857142857143,4.585714285714286,4.8,2.2666666666666666,3.7285714285714286,3.0,4.677777777777777,4.266666666666667,2.633333333333333,3.8,4.0,,,3.38,3.95,3.9777777777777783,3.3222222222222224,3.5100000000000002,2.0444444444444443,2.7,1.325,2.81,1.9571428571428573,2.8200000000000003,5.26,3.8333333333333335,,3.75,2.75,2.75
1991-11-30,2.25,3.95,2.033333333333333,2.96,3.45,4.1571428571428575,1.8571428571428572,2.6125,0.9333333333333332,1.616666666666667,2.5799999999999996,4.7625,1.8499999999999999,3.9200000000000004,2.8666666666666667,2.3666666666666667,1.4333333333333333,2.625,2.8666666666666667,1.8,2.7399999999999998,1.7000000000000002,1.4666666666666666,3.3428571428571425,4.333333333333333,3.5222222222222217,2.825,1.925,2.8000000000000003,1.4636363636363638,2.075,2.5,2.5999999999999996,3.72,4.7,3.1999999999999997,2.933333333333333,1.0166666666666668,3.6399999999999997
1991-12-31,2.1500000000000004,5.0,2.8125,4.090476190476191,3.69375,4.000000000000001,1.36,1.4,0.9600000000000002,3.025,3.0250000000000004,4.05,2.3533333333333335,3.6666666666666665,2.766666666666667,3.6714285714285717,2.425,2.730769230769231,3.8714285714285714,2.3625,2.6800000000000006,1.225,0.65,2.8,3.7300000000000004,3.1333333333333333,2.3200000000000003,1.2999999999999998,1.616666666666667,0.9999999999999999,1.8285714285714285,3.05,1.9666666666666668,4.3375,4.49,4.0,2.575,1.2125,2.7375
1992-01-31,2.275,4.116666666666666,1.2666666666666666,3.0714285714285716,3.725,5.3,1.7272727272727275,2.5545454545454547,1.0333333333333334,1.3857142857142857,3.4857142857142853,4.1571428571428575,2.5833333333333335,3.9899999999999998,,2.090909090909091,1.0100000000000002,2.23,3.2999999999999994,1.9375000000000002,3.62,2.4166666666666665,1.1166666666666667,3.5999999999999996,5.72,3.35,1.5499999999999998,1.4000000000000001,2.1363636363636362,0.8272727272727274,1.8833333333333335,3.9999999999999996,1.175,4.2727272727272725,3.666666666666666,1.8333333333333333,1.225,0.42500000000000004,3.1999999999999997
1992-02-29,2.0,3.8,2.6875,3.3111111111111113,3.9000000000000004,2.625,3.611111111111111,4.3,2.533333333333333,2.6375,3.675,3.6666666666666665,2.9285714285714284,5.045454545454546,3.183333333333333,3.2999999999999994,2.3,3.6666666666666665,3.8199999999999994,1.6,3.533333333333333,2.466666666666667,1.2999999999999998,2.8571428571428568,3.2076923076923074,2.963636363636364,2.2166666666666663,1.5249999999999997,2.2133333333333334,1.4333333333333333,1.8538461538461537,1.6166666666666665,2.033333333333333,4.614285714285715,3.4818181818181824,3.814285714285714,2.6999999999999997,1.8333333333333333,3.1461538461538465
1992-03-31,4.2,4.766666666666667,2.1,3.2777777777777777,4.3999999999999995,1.442857142857143,3.6333333333333333,3.4166666666666665,2.2666666666666666,1.875,3.9,4.574999999999999,2.6,5.485714285714286,2.7,5.55,5.15,4.15,5.55,6.65,2.75,3.3,,3.414285714285714,3.1666666666666665,3.5181818181818176,2.414285714285714,1.85,2.7818181818181817,1.7,2.6333333333333333,2.6399999999999997,3.2,4.566666666666667,3.8,2.942857142857143,3.972727272727272,2.209090909090909,2.9272727272727277
1992-04-30,3.8333333333333335,5.324999999999999,4.342857142857143,3.7166666666666672,4.35,4.614285714285715,3.85,4.557142857142857,4.0,2.0166666666666666,4.318181818181818,4.866666666666667,3.12,5.225,3.5333333333333337,5.288888888888889,4.8999999999999995,3.609090909090909,4.966666666666667,5.1,2.6,1.8,3.9,3.5999999999999996,4.372727272727274,3.6,3.408333333333333,1.7615384615384608,3.257142857142857,1.6857142857142853,2.3090909090909086,2.7625,3.766666666666666,4.209090909090909,4.199999999999999,4.018181818181818,3.2600000000000002,2.0599999999999996,2.9733333333333336
1992-05-31,3.2,4.985714285714287,3.966666666666667,2.1,3.05,3.788888888888889,4.0600000000000005,3.658333333333333,3.8333333333333326,2.4999999999999996,4.571428571428571,4.8999999999999995,2.8199999999999994,5.011111111111111,3.516666666666667,4.316666666666666,4.916666666666667,3.228571428571429,6.3,3.2,,4.4,5.8,4.355555555555556,4.833333333333333,3.8499999999999996,3.5999999999999996,2.0846153846153843,3.3583333333333325,1.8272727272727274,2.5,3.2625,2.93,4.35,3.65,4.375,4.046153846153847,2.3615384615384616,3.71875
1992-06-30,,4.775,4.133333333333334,,,2.4,5.300000000000001,4.9,4.233333333333333,2.1333333333333333,4.416666666666667,4.814285714285714,3.5599999999999996,5.08,3.3499999999999996,5.8500000000000005,6.8,4.46,6.959999999999999,,,6.7,5.833333333333333,5.25,5.08,4.390909090909091,5.659999999999999,2.2,3.966666666666667,2.6666666666666665,2.35,,6.0,3.4333333333333336,3.05,4.1125,4.683333333333333,2.1999999999999997,4.3100000000000005
1992-07-31,3.225,5.2,4.3,2.5,3.766666666666667,2.575,4.5200000000000005,4.329411764705883,3.4799999999999995,2.066666666666667,5.57391304347826,5.221052631578948,2.7875,4.953333333333333,3.4799999999999995,5.095833333333333,5.208695652173913,4.033333333333333,,,,7.3,5.216666666666666,4.237500000000001,5.042857142857143,4.4125000000000005,3.669999999999999,2.24,3.4399999999999995,1.9928571428571424,2.4705882352941178,2.9400000000000004,3.253846153846154,4.3916666666666675,4.933333333333333,4.16,3.9318181818181825,2.6727272727272724,3.5639999999999996
1992-08-31,2.75,4.742857142857143,4.771428571428571,2.375,4.949999999999999,3.1900000000000004,4.977777777777778,4.722727272727273,3.388235294117647,2.457142857142857,4.896,3.822727272727273,3.0,5.179999999999999,3.63,5.756,5.715384615384616,3.6000000000000005,8.2,,3.5,6.9,5.599999999999999,4.4,4.656000000000001,4.104166666666667,3.3250000000000006,2.3333333333333335,3.9142857142857146,1.7571428571428567,2.5437499999999997,2.6,3.533333333333333,4.4625,4.1,4.069999999999999,3.940909090909091,1.831818181818182,3.7952380952380946
1992-09-30,2.783333333333333,4.681818181818182,3.2111111111111112,2.5,4.279999999999999,3.1857142857142864,3.8875,3.6733333333333333,2.9642857142857144,2.227272727272727,4.8999999999999995,4.511764705882353,3.4125,4.906666666666666,3.325,5.828571428571429,5.976923076923077,3.5571428571428574,,,,5.5,4.966666666666667,3.5875,4.273333333333334,3.772727272727273,3.7124999999999995,2.1818181818181817,3.1444444444444444,1.6888888888888889,2.6375,2.716666666666667,3.6333333333333333,4.95,4.9799999999999995,3.7315789473684213,3.3625000000000003,2.2125,3.8176470588235296
1992-10-31,,,2.9,2.9,3.0,,1.9,2.3,1.0,3.0,4.5,3.7428571428571433,,,2.9,3.95,4.3500000000000005,,5.433333333333334,4.5,2.8333333333333335,3.7,2.7,5.112500000000001,3.730769230769231,4.09,4.083333333333333,2.0142857142857142,2.7999999999999994,1.5749999999999997,1.7999999999999998,3.6,2.8,,,3.2,3.5,2.5,3.9
1992-11-30,1.6666666666666667,3.8,1.85,2.4400000000000004,3.3,1.56,1.654545454545454,1.9666666666666666,1.125,1.3333333333333335,3.516666666666667,4.3125,1.8800000000000001,3.25,2.375,2.85,2.5,2.4166666666666665,2.9285714285714284,0.65,2.8625,1.06,1.9666666666666668,2.966666666666667,2.2263157894736842,3.0,2.591666666666667,1.5285714285714285,2.3769230769230765,1.6,1.5875,1.9000000000000001,1.4666666666666668,3.15,1.8363636363636366,3.8090909090909095,2.286666666666667,1.04,2.5785714285714287
1992-12-31,1.8399999999999999,,3.9,4.0888888888888895,3.6666666666666665,1.4500000000000002,1.675,1.3,0.6333333333333334,0.5,,2.7,2.3666666666666667,3.8333333333333335,2.6500000000000004,1.6,0.7,1.7200000000000002,3.1666666666666665,2.7,3.4,2.5000000000000004,1.5,,3.3499999999999996,3.3333333333333335,2.599999999999999,1.5285714285714287,2.2249999999999996,1.175,1.6999999999999997,1.7,1.7999999999999998,5.0,5.0857142857142845,4.2,1.0999999999999999,0.4666666666666666,2.44
1993-01-31,1.875,3.775,1.9,3.6,3.8333333333333335,3.4333333333333336,1.2111111111111112,1.9,1.1166666666666667,0.95,3.175,3.7999999999999994,2.433333333333333,2.925,2.866666666666667,2.466666666666667,1.3666666666666665,2.2333333333333334,2.0214285714285714,1.0666666666666667,3.042857142857143,1.32,1.0399999999999998,3.857142857142857,3.9200000000000004,3.0444444444444447,2.1999999999999997,1.4666666666666663,2.0,1.2399999999999998,1.3235294117647058,2.5599999999999996,2.5666666666666664,4.0357142857142865,3.2133333333333334,3.25,2.130769230769231,0.7538461538461539,2.731578947368421
1993-02-28,2.8,3.975,2.3857142857142857,3.253846153846154,3.8777777777777778,1.6428571428571428,2.627272727272727,3.2600000000000002,1.657142857142857,1.2888888888888888,3.6333333333333333,5.516666666666667,3.0555555555555554,4.75,3.3200000000000003,4.066666666666666,2.9000000000000004,3.142857142857143,4.050000000000001,,,2.2,,4.066666666666666,4.75,2.75,3.6750000000000003,2.1333333333333333,2.283333333333333,2.014285714285714,1.94,2.6,2.3499999999999996,5.666666666666667,3.5625,2.9,3.6,1.6,3.9000000000000004
1993-03-31,3.1,5.1000000000000005,4.7,3.5,4.550000000000001,2.87,3.66923076923077,3.435714285714286,3.0285714285714285,2.5,4.3100000000000005,4.075,3.1199999999999997,4.6875,3.2249999999999996,3.45,3.575,3.925,,,,4.75,2.7,4.871428571428571,4.675000000000001,3.757142857142857,3.7454545454545456,2.227272727272727,3.244444444444445,1.8555555555555554,2.5833333333333335,2.72,3.1714285714285713,5.575,4.488888888888889,3.155555555555556,2.8454545454545457,1.3181818181818181,2.425
1993-04-30,3.0,5.9,5.1,3.966666666666667,4.166666666666667,1.3,3.3333333333333335,3.5428571428571423,3.46,1.9999999999999998,4.125,4.666666666666667,3.033333333333333,6.016666666666666,3.3666666666666667,4.7,5.175,3.4199999999999995,5.8999999999999995,3.5,,4.9,4.95,5.409090909090909,4.63076923076923,4.466666666666667,3.183333333333333,2.5300000000000002,3.6375,2.6,2.6999999999999997,3.325,4.300000000000001,3.933333333333333,3.2000000000000006,4.125,3.677777777777778,1.666666666666667,2.4699999999999998
1993-05-31,3.9,5.3,4.075,2.5,2.8,1.6333333333333335,4.066666666666666,4.383333333333334,3.214285714285715,1.7,4.7,4.0,2.5,4.616666666666666,3.175,5.625,6.15,3.4285714285714284,,4.75,2.8,4.8500000000000005,5.7700000000000005,5.4875,4.722222222222222,4.318181818181818,5.883333333333333,3.0250000000000004,3.7285714285714286,2.3000000000000003,3.233333333333333,3.4333333333333336,4.1000000000000005,5.733333333333333,4.45,4.793333333333333,4.328571428571428,1.5000000000000002,4.409090909090909
1993-06-30,3.3,4.833333333333333,4.677777777777778,3.28,3.55,3.3636363636363638,4.125000000000001,3.7692307692307687,3.723076923076923,1.6749999999999998,5.6899999999999995,5.000000000000001,3.15,5.444444444444445,3.757142857142857,5.916666666666667,6.133333333333334,4.1,7.5,,,,6.825,5.188235294117647,5.358823529411765,4.649999999999999,5.521428571428571,2.8999999999999995,3.244444444444445,2.2199999999999998,2.7133333333333334,3.3285714285714287,3.972727272727272,4.63,3.5100000000000002,4.735714285714286,4.483333333333333,1.9333333333333333,4.08125
1993-07-31,4.116666666666666,5.249999999999999,5.325,3.8,4.742857142857143,4.2894736842105265,4.294444444444444,4.444999999999999,3.741176470588235,2.523809523809524,5.477777777777777,4.7125,2.907692307692308,5.141176470588235,3.663636363636364,6.365384615384615,7.449999999999999,3.7666666666666666,9.8,9.5,4.2,,5.98,4.012499999999999,6.638888888888889,4.341176470588236,3.758823529411765,2.3833333333333337,3.75,2.1583333333333328,2.7714285714285714,3.1500000000000004,3.3777777777777778,5.163636363636363,4.375000000000001,6.020833333333333,5.377777777777777,2.1777777777777776,4.652380952380953
1993-08-31,3.875,5.022222222222222,4.283333333333332,2.841666666666667,3.8,2.84,4.621739130434784,4.339130434782609,3.1700000000000004,2.2538461538461543,5.039130434782608,3.795833333333333,3.0125,4.721052631578948,3.776923076923077,5.626086956521739,6.260869565217392,3.495238095238095,,,,,5.025,3.7400000000000007,6.18235294117647,4.364705882352941,3.3285714285714287,2.5250000000000004,3.4799999999999995,1.707142857142857,2.6999999999999997,2.8875,4.664285714285714,4.457142857142857,3.1500000000000004,4.266666666666667,4.1611111111111105,1.6833333333333333,4.325
1993-09-30,3.3499999999999996,5.2,3.95,1.85,3.8,3.8599999999999994,3.8000000000000003,4.0625,2.4000000000000004,2.4454545454545453,5.384615384615385,3.408333333333333,2.8000000000000003,5.9,3.0999999999999996,5.158333333333332,5.125000000000001,3.2222222222222223,6.2,,,5.2,4.057142857142857,5.4411764705882355,3.8055555555555554,4.222222222222222,4.95,2.8222222222222224,3.3333333333333335,1.7166666666666668,2.7833333333333337,3.1500000000000004,4.0888888888888895,4.533333333333334,3.28,4.08,4.383333333333334,2.2500000000000004,3.7375
1993-10-31,,,3.6,4.640000000000001,3.6,3.5,2.1,2.25,1.4,2.4833333333333334,6.7,4.220000000000001,2.6500000000000004,2.9,2.8000000000000003,2.7,2.3,3.2,4.2,,4.3,6.3,4.800000000000001,4.3500000000000005,5.3999999999999995,4.433333333333333,4.08,2.9714285714285715,5.466666666666666,2.6,2.5,2.5999999999999996,2.8,4.05,5.766666666666667,3.2,3.75,0.7,3.9
1993-11-30,2.3,4.9,2.4,3.2,,3.7,2.1,1.4,1.0,2.8,2.9499999999999997,3.1500000000000004,2.75,5.3,2.8,2.6166666666666663,1.7833333333333334,1.8800000000000001,,,,,3.0,3.35,6.04,3.0666666666666664,0.8,1.4,2.05,1.4249999999999998,2.142857142857143,0.8333333333333334,3.35,3.9000000000000004,5.733333333333334,4.433333333333334,3.05,0.8500000000000001,2.4
1993-12-31,2.6,3.6,0.7,3.4,3.5142857142857133,3.9000000000000004,2.25,2.9,1.2,2.55,4.233333333333333,5.266666666666667,2.4799999999999995,3.675,2.7999999999999994,3.633333333333333,2.1666666666666665,3.5666666666666664,1.7833333333333332,2.2,3.1666666666666665,2.566666666666667,1.5,2.7249999999999996,3.886666666666667,3.0647058823529414,2.625,1.25,2.0846153846153848,1.353333333333333,1.7076923076923074,1.3,,3.75,3.7999999999999994,3.0571428571428574,1.95,1.4200000000000002,3.031578947368421
1994-01-31,2.4999999999999996,4.15,1.5499999999999998,3.2333333333333334,4.366666666666667,2.033333333333333,1.7,2.5,0.9333333333333332,2.533333333333333,3.5,3.6,2.8000000000000003,4.45,2.533333333333333,2.75,2.55,3.65,4.225,3.7,,2.3333333333333335,,5.1000000000000005,3.638888888888889,3.0076923076923077,2.275,1.3222222222222222,2.1599999999999997,1.4833333333333332,1.9916666666666663,2.025,3.05,3.972727272727272,4.741666666666666,4.539999999999999,2.38,1.27,3.4249999999999994
1994-02-28,3.5,3.966666666666667,2.6999999999999997,3.56,4.533333333333333,4.5,3.825,4.26,2.533333333333333,1.7666666666666666,5.55,4.76,2.425,5.449999999999999,2.5999999999999996,4.516666666666667,3.2,3.8500000000000005,4.866666666666667,4.066666666666666,3.0999999999999996,2.3333333333333335,2.9749999999999996,4.340000000000001,3.6,3.855555555555556,2.9285714285714284,2.0374999999999996,2.8666666666666667,1.9333333333333336,2.216666666666667,2.4,2.5,4.166666666666667,4.65,4.4,2.85,1.4833333333333332,3.84
1994-03-31,3.15,4.63,4.01111111111111,2.942857142857143,3.8444444444444446,1.6300000000000001,3.7428571428571433,3.692857142857143,3.0555555555555554,2.3899999999999997,4.525,4.742105263157893,2.4666666666666663,4.257142857142857,3.3,4.8136363636363635,4.327272727272727,3.1599999999999997,5.4,,3.3,5.1,4.9,4.029999999999999,4.276923076923077,3.9000000000000004,2.183333333333333,2.105882352941176,2.9476190476190474,1.705,2.5933333333333333,2.575,3.521428571428571,5.05,3.685714285714286,3.8380952380952387,3.494444444444444,2.1222222222222222,3.047368421052631
1994-04-30,2.966666666666667,5.066666666666666,4.35,3.75,,3.6666666666666665,4.949999999999999,4.5,,2.0,5.56,4.4,3.25,4.833333333333333,3.3,4.35,4.25,3.2750000000000004,6.15,5.466666666666668,3.7,3.8,10.5,4.1875,3.878571428571429,4.672727272727273,3.2,2.5,3.6166666666666667,2.316666666666667,2.777777777777778,3.2,3.5,4.733333333333333,3.983333333333334,3.8749999999999996,4.871428571428572,2.4857142857142853,3.016666666666666
1994-05-31,3.9,4.95,5.220000000000001,,4.333333333333333,3.9,3.9250000000000003,3.8642857142857148,3.3666666666666667,2.5545454545454542,5.706666666666667,4.64375,2.74,5.722222222222222,3.4166666666666665,5.906666666666666,5.686666666666666,3.330769230769231,,,,4.733333333333333,5.68,4.658333333333332,4.477777777777778,4.473333333333333,4.166666666666667,2.7384615384615385,4.82,2.67,3.3000000000000003,2.866666666666667,3.275,5.06,4.3625,4.6000000000000005,4.490909090909091,2.118181818181818,4.407692307692307
1994-06-30,4.7,5.233333333333334,5.571428571428571,3.271428571428572,4.5,3.62,4.176923076923076,3.8882352941176475,3.6555555555555554,2.454545454545455,5.323529411764706,4.386666666666668,2.683333333333333,4.830769230769231,3.463636363636364,6.4,7.241176470588235,4.083333333333333,9.4,4.1,,,7.6000000000000005,4.657894736842104,5.126315789473684,4.583333333333333,4.163157894736842,2.831818181818182,4.1875,2.275,3.1,3.47,3.2,5.257142857142857,3.884615384615384,4.899999999999999,5.104761904761905,2.5476190476190474,4.431818181818181
1994-07-31,3.9400000000000004,5.06923076923077,4.572727272727272,2.9285714285714284,3.0,3.7277777777777783,4.592857142857143,4.06875,3.4625,3.0428571428571436,5.409999999999999,3.7052631578947373,2.511111111111111,4.2,4.05,5.930434782608696,6.081818181818181,3.7190476190476196,,,3.7,,4.625,4.317391304347827,4.484210526315789,4.116666666666667,3.5238095238095237,2.4916666666666667,3.7299999999999995,1.5277777777777777,2.123076923076923,3.463636363636364,3.961904761904762,4.576190476190477,4.147058823529412,4.067857142857143,4.49655172413793,2.203448275862069,4.046153846153846
1994-08-31,4.2,5.118181818181817,4.591666666666668,2.9181818181818184,4.2,4.155,4.390909090909091,3.9761904761904767,3.3333333333333335,2.4090909090909096,4.856,3.48695652173913,2.6499999999999995,4.6499999999999995,3.491666666666666,5.730434782608696,6.054545454545454,3.9791666666666665,6.766666666666666,,3.1,4.95,4.983333333333333,4.485714285714287,4.041176470588235,3.4555555555555557,3.7666666666666666,2.5,3.753846153846154,1.8214285714285712,2.4833333333333334,3.0666666666666664,4.725,4.281818181818182,4.5769230769230775,4.8090909090909095,3.5374999999999996,1.8562500000000002,4.194999999999999
1994-09-30,5.6,5.1,4.05,3.766666666666666,5.1,3.38,4.050000000000001,4.24,2.809090909090909,2.3099999999999996,5.2,4.375,3.3333333333333335,4.4,3.2,5.8100000000000005,6.111111111111112,2.316666666666667,8.05,6.7,4.0,6.050000000000001,7.06,4.95,4.191666666666666,3.963636363636364,3.2700000000000005,1.92,3.6875,1.975,2.7636363636363637,3.3428571428571425,4.514285714285714,6.25,6.3,4.385714285714285,3.3857142857142857,1.8714285714285714,3.888888888888889
1994-10-31,2.0,3.95,2.375,2.95,4.0,0.911111111111111,2.3875,2.566666666666667,1.45,2.63,5.42,6.2,2.6000000000000005,4.116666666666666,3.6399999999999997,4.55,4.2,0.5,,,2.8,3.7,2.6,4.62,3.8666666666666667,3.95,4.199999999999999,2.9000000000000004,2.9,1.1,2.6,2.3999999999999995,2.8,5.699999999999999,4.333333333333333,3.233333333333333,3.2,2.05,4.5
1994-11-30,2.433333333333333,3.7,1.6,2.9000000000000004,3.4000000000000004,4.05,1.9400000000000002,2.4799999999999995,1.0999999999999999,2.2,4.1,4.071428571428572,2.36,3.9199999999999995,2.6,2.3249999999999997,1.7249999999999999,0.025000000000000022,4.485714285714286,2.575,3.3199999999999994,2.6666666666666665,1.8666666666666665,3.6800000000000006,3.6199999999999997,2.5300000000000002,2.1333333333333333,1.5,1.75,0.8444444444444446,1.622222222222222,1.75,2.15,4.637499999999999,4.825,3.866666666666667,2.6571428571428575,0.8428571428571427,3.1166666666666667
1994-12-31,2.3,3.85,5.0,3.4749999999999996,3.1999999999999997,0.1,2.4666666666666663,2.6166666666666667,0.7333333333333334,1.475,3.266666666666667,4.7,2.1,4.05,2.5999999999999996,3.5400000000000005,2.16,-0.22000000000000003,3.4999999999999996,2.8875,2.975,3.0666666666666664,0.4666666666666666,5.125,3.893333333333333,2.5500000000000003,2.183333333333333,1.3923076923076925,2.330769230769231,1.0733333333333335,1.813333333333333,2.12,1.4,3.88,5.042857142857144,4.0125,2.46,0.97,2.978571428571428
1995-01-31,2.5999999999999996,4.15,2.775,4.057142857142857,3.325,1.1,1.5750000000000002,2.125,1.7000000000000002,3.3000000000000003,4.4,5.1,3.3800000000000003,4.1,3.2,3.1500000000000004,2.35,0.30000000000000004,3.9749999999999996,2.36,3.7600000000000002,3.2000000000000006,1.125,4.166666666666667,3.430769230769231,3.207692307692308,3.309090909090909,1.6833333333333333,2.183333333333333,1.2999999999999998,2.7846153846153845,1.6666666666666667,3.475,4.083333333333333,4.314285714285715,4.24,3.0,1.5875000000000001,4.355555555555556
1995-02-28,3.0,4.65,2.8333333333333335,3.7199999999999998,3.4333333333333336,0.4333333333333334,2.4333333333333336,2.155555555555556,1.65,1.985714285714286,4.3,4.771428571428572,2.9000000000000004,4.55,3.0749999999999997,3.716666666666667,3.1333333333333333,0.4,5.199999999999999,3.3,3.2,3.62,3.533333333333333,3.875,3.633333333333333,3.353846153846154,2.7125,1.9428571428571428,2.0142857142857147,1.2500000000000002,2.1714285714285713,2.0,2.075,4.95,3.84,3.4799999999999995,3.4300000000000006,1.75,4.144444444444444
1995-03-31,4.325,4.64,3.3000000000000003,5.181818181818182,4.5,3.466666666666667,5.766666666666667,4.833333333333333,1.4,1.5,4.609999999999999,5.628571428571428,3.05,5.933333333333334,3.8333333333333335,5.9,5.599999999999999,3.057142857142857,7.4,5.4,,4.3,4.75,5.175,4.027272727272727,5.392307692307692,4.9799999999999995,2.6142857142857143,3.4,1.7555555555555555,2.707692307692308,2.233333333333333,2.9555555555555557,6.175000000000001,4.88,4.591666666666668,4.185714285714285,2.107142857142857,4.546153846153845
1995-04-30,3.6,5.75,4.071428571428572,3.1857142857142855,4.26,2.45,4.779999999999999,4.4799999999999995,3.2000000000000006,2.6166666666666667,5.666666666666667,5.233333333333334,2.5999999999999996,5.249999999999999,3.283333333333333,5.824999999999999,5.737500000000001,3.3333333333333335,5.666666666666667,4.7,,,7.016666666666667,4.785714285714286,6.6000000000000005,3.7249999999999996,3.254545454545455,2.08,3.7900000000000005,1.8399999999999999,2.790909090909091,2.111111111111111,2.5999999999999996,5.791666666666667,4.7,4.208333333333334,3.5749999999999997,1.5999999999999999,4.111764705882353
1995-05-31,3.55,4.809090909090909,4.06,2.3,4.5,4.271428571428571,3.9250000000000007,2.972727272727272,3.0,1.825,5.635714285714286,5.272727272727273,2.742857142857143,3.9333333333333336,3.683333333333333,6.463636363636363,5.954545454545454,3.5750000000000006,,,,6.2,6.066666666666666,6.114285714285714,5.18,5.08235294117647,3.6125,2.488888888888889,4.380000000000001,1.9000000000000001,2.1666666666666665,4.066666666666667,3.6799999999999997,4.4799999999999995,4.816666666666666,4.664285714285714,3.971428571428572,1.9285714285714286,4.325
1995-06-30,3.5,5.2666666666666675,5.1,2.516666666666667,3.2400000000000007,1.7307692307692308,4.206666666666666,3.373333333333334,3.3,2.6700000000000004,4.515789473684211,5.285714285714286,2.8857142857142852,5.463636363636364,3.466666666666667,6.135714285714286,5.96923076923077,3.6571428571428575,,,,6.3,6.225,4.776923076923077,5.225,4.635294117647058,3.8599999999999994,2.7545454545454544,4.166666666666667,1.7374999999999998,2.488888888888889,3.5333333333333337,3.8375000000000004,4.26,4.35,4.813333333333333,5.107692307692307,2.292307692307692,4.225
1995-07-31,4.8,5.045454545454545,5.05,3.2000000000000006,3.5,3.006666666666667,4.647058823529412,3.125,3.5714285714285707,3.1,5.408695652173914,5.713636363636364,2.8999999999999995,4.947058823529411,3.625,6.33,6.614285714285713,4.272222222222222,8.15,,,,7.62,4.950000000000001,5.028571428571429,4.572727272727272,3.4380952380952383,2.12,3.8777777777777778,1.7941176470588234,2.7150000000000003,3.6100000000000003,3.5692307692307685,5.46875,4.875,4.5,4.45,2.033333333333333,4.336363636363637
1995-08-31,,5.25,5.7,3.0,,2.6999999999999997,5.9,4.1,3.1799999999999997,3.275,4.975,6.066666666666666,3.1,4.542857142857143,3.883333333333333,6.4750000000000005,6.741666666666667,3.285714285714285,,,,5.6,5.4399999999999995,4.625000000000001,4.05,3.4916666666666667,2.8666666666666667,1.8099999999999998,3.9000000000000004,1.6999999999999997,3.7,3.5,3.25,5.85,4.12,4.983333333333333,5.025,1.7374999999999998,3.6764705882352935
1995-09-30,,4.92,5.15,4.0600000000000005,4.199999999999999,3.0999999999999996,3.45,2.875,2.2444444444444445,2.242857142857143,5.0,5.4,3.0,4.766666666666667,3.75,4.75,4.228571428571429,2.9400000000000004,8.55,7.1,,,5.5,4.86842105263158,4.314285714285714,4.707142857142857,4.025,2.4,3.711111111111111,2.075,2.5,3.6,3.9,6.800000000000001,6.1,3.6142857142857143,3.8571428571428577,1.4142857142857144,4.255555555555556
1995-10-31,2.4000000000000004,4.075,3.0571428571428574,2.9200000000000004,3.472727272727273,1.3461538461538463,2.4260869565217393,2.0272727272727273,0.575,2.0238095238095233,4.076923076923077,4.8875,2.308333333333333,3.4200000000000004,3.2375,3.8875,3.3625,2.1750000000000003,,,2.9,4.0,2.5,3.2,4.923076923076923,2.7624999999999997,1.8,1.4000000000000001,2.5,1.5,2.257142857142857,1.95,3.9,3.75,3.4,3.5,2.1166666666666667,1.3,2.875
1995-11-30,,3.8,2.15,4.1499999999999995,4.18,2.033333333333333,2.7399999999999998,3.3600000000000008,0.7999999999999999,2.48,2.3,4.8,2.9,3.9333333333333336,2.9333333333333336,4.4,2.55,3.3499999999999996,3.55,2.3,3.1,3.25,3.266666666666667,4.05,3.6199999999999997,2.7199999999999998,3.633333333333333,1.275,2.0999999999999996,1.5666666666666664,3.0666666666666664,0.8,2.8,5.95,5.4,3.6333333333333333,3.2999999999999994,1.3,3.066666666666667
1995-12-31,0.8,3.45,1.2,3.8333333333333335,3.1666666666666665,2.0,0.45,1.4,0.6,1.9666666666666668,2.9,4.1,2.5,3.5,,3.8,3.2,1.0,1.2666666666666666,3.6,3.45,2.05,1.2,,5.1571428571428575,2.275,,0.8,2.2,0.8,1.6666666666666667,1.35,3.1,3.6,,4.0,2.5,1.0999999999999999,4.8999999999999995
1996-01-31,2.1,,2.0000000000000004,5.7,3.3000000000000003,1.2,1.25,1.2000000000000002,0.8500000000000001,1.56,3.5,3.9000000000000004,2.82,4.525,2.4666666666666663,2.5,1.1,0.8857142857142858,0.0,1.6500000000000001,3.2,1.5499999999999998,2.7,,4.0,2.6999999999999997,5.533333333333334,1.8333333333333333,2.2,1.35,1.65,1.7,2.35,4.5249999999999995,5.9399999999999995,4.4,2.8,1.5,5.0
1996-02-29,3.05,4.4,2.6,3.1333333333333333,3.8499999999999996,3.125,2.875,3.88,1.5,1.9000000000000001,,,3.85,3.733333333333333,3.3333333333333335,5.233333333333333,3.9250000000000003,1.3249999999999997,2.1500000000000004,3.4,2.7,3.8,2.85,3.3333333333333335,5.009090909090909,3.914285714285714,3.6399999999999997,1.6666666666666667,2.728571428571428,1.5444444444444443,1.8571428571428572,2.1000000000000005,2.5,4.300000000000001,4.8,5.949999999999999,3.1333333333333333,1.3,4.959999999999999
1996-03-31,2.9,4.65,5.4,6.4,4.2,2.483333333333333,3.1,2.725,2.75,2.3,3.975,4.225,3.1,3.05,3.4,4.371428571428571,4.0,1.86,4.133333333333333,2.35,2.7,2.3,,4.166666666666667,5.5,4.033333333333333,2.78,1.8333333333333337,2.585714285714286,1.5333333333333334,2.0833333333333335,2.8499999999999996,1.1,6.033333333333332,3.25,4.255555555555556,4.571428571428571,2.2857142857142856,4.483333333333333
1996-04-30,3.5,4.800000000000001,3.75,2.333333333333333,3.25,2.5999999999999996,4.2250000000000005,2.9,3.1999999999999997,,4.4399999999999995,4.9799999999999995,2.9,3.7999999999999994,3.4,4.466666666666667,3.266666666666667,2.38,6.95,,2.6,4.4,5.2,4.314285714285714,4.859999999999999,4.511111111111111,1.9249999999999998,2.3375,3.5400000000000005,1.8833333333333335,2.033333333333333,1.1,2.4499999999999997,4.2,5.0,3.425,3.275,1.85,3.216666666666667
1996-05-31,3.233333333333333,5.12,4.816666666666666,3.16,4.4,2.0166666666666666,4.871428571428572,3.7375000000000003,3.16,3.1999999999999997,5.109090909090909,5.590909090909091,3.1000000000000005,4.477777777777778,3.7375000000000003,5.58,5.42,3.3375000000000004,,,,,3.775,3.763636363636364,4.91875,4.499999999999999,3.592307692307693,2.0428571428571423,3.8142857142857145,1.8999999999999997,2.6749999999999994,3.883333333333333,3.75,5.1499999999999995,3.4444444444444446,4.140000000000001,3.6454545454545455,2.2363636363636363,3.8785714285714286
1996-06-30,3.6833333333333336,5.029999999999999,4.757142857142858,2.6799999999999997,4.04,2.6181818181818186,4.683333333333334,2.92,3.478571428571428,2.5,4.8181818181818175,5.218181818181818,2.6500000000000004,4.466666666666666,3.4333333333333336,5.345454545454545,5.345454545454545,2.9333333333333336,,,,6.5,5.083333333333334,4.783333333333333,6.492857142857142,4.235294117647059,3.3066666666666666,2.6842105263157894,3.7421052631578946,2.033333333333333,2.9583333333333335,3.3800000000000003,2.84,4.1,2.7600000000000002,4.047058823529412,4.444444444444445,1.9000000000000001,3.825
1996-07-31,2.9,5.15,5.377777777777777,3.0799999999999996,4.140000000000001,3.946153846153846,4.77857142857143,3.8285714285714283,3.3416666666666663,2.0923076923076924,4.895833333333333,5.226086956521739,2.81,4.456250000000001,3.6727272727272724,5.3999999999999995,5.34,3.9949999999999997,9.4,5.05,3.3000000000000003,6.25,4.871428571428572,4.92,5.173333333333333,4.7523809523809515,3.764705882352941,2.6700000000000004,3.744444444444444,1.9058823529411768,2.507142857142857,3.3249999999999997,3.266666666666666,5.025,4.055555555555555,4.563636363636363,4.311764705882353,2.364705882352941,4.3619047619047615
1996-08-31,3.7,5.177777777777778,5.1,2.7000000000000006,3.2,2.9000000000000004,4.566666666666667,3.5692307692307703,2.992307692307693,3.1285714285714286,4.973684210526316,4.949999999999999,2.5,4.359999999999999,4.025,5.510526315789474,5.35,3.526315789473684,,,3.5,4.3,5.716666666666666,5.0649999999999995,3.707142857142857,4.285714285714286,3.853846153846154,2.1500000000000004,3.6399999999999997,1.8888888888888888,2.814285714285714,3.05,3.242857142857143,4.816666666666667,4.15,4.671428571428573,4.658823529411765,2.335294117647059,4.006666666666666
1996-09-30,3.08,4.475,3.033333333333333,3.1,,1.625,3.4,2.685714285714286,2.3666666666666667,3.2999999999999994,4.4,3.766666666666667,2.8000000000000003,4.1,3.75,5.257142857142857,5.428571428571429,2.8,,,,5.3,4.1,4.5200000000000005,4.4833333333333325,4.13,3.6428571428571423,2.614285714285714,3.4166666666666665,1.7999999999999998,2.028571428571429,3.55,3.7500000000000004,4.2,4.166666666666667,4.357142857142857,3.34,1.34,2.611111111111111
1996-10-31,2.425,4.2,1.5666666666666667,3.0999999999999996,3.533333333333333,0.18,2.4,3.6,1.3666666666666665,2.0,3.075,4.585714285714286,2.9777777777777774,3.7857142857142856,2.96,4.4,4.0,0.8166666666666668,7.4,4.1,2.9,,3.5999999999999996,3.5200000000000005,3.85625,3.4899999999999998,2.8199999999999994,1.8083333333333333,2.408333333333333,1.4916666666666665,2.036363636363636,2.183333333333333,3.22,4.62,3.557142857142857,2.4250000000000003,3.5625,1.6875,2.8133333333333335
1996-11-30,1.8,4.7,2.15,3.133333333333333,3.633333333333333,1.75,2.1666666666666665,1.6000000000000003,1.3,1.7833333333333332,4.279999999999999,3.483333333333334,2.7000000000000006,3.84,3.0,3.2285714285714286,2.5,0.8599999999999998,5.324999999999999,2.25,2.7600000000000002,4.5,2.85,5.475,3.2538461538461547,2.966666666666667,2.757142857142857,1.9,2.185714285714286,1.4714285714285715,2.0999999999999996,1.5,2.525,5.2,4.05,3.9000000000000004,3.5714285714285716,2.0142857142857142,4.3999999999999995
1996-12-31,2.1666666666666665,3.7,1.725,4.875,4.2,2.1,1.5333333333333332,1.0,0.575,1.2199999999999998,5.574999999999999,3.6400000000000006,2.9,4.15,3.15,4.8,3.3,0.19999999999999996,2.3000000000000003,1.9,2.4,2.433333333333333,2.1166666666666667,4.366666666666666,3.9666666666666672,3.3333333333333335,2.8,2.25,1.3,0.8,2.2,2.1999999999999997,1.4,4.6,3.9,,1.5499999999999998,0.55,4.7
1997-01-31,1.95,3.75,1.25,4.0625,3.3,0.2833333333333334,1.5875000000000001,1.225,-0.1,1.0,4.3,3.38,2.75,2.716666666666667,2.96,4.45,1.7,0.5374999999999999,3.0,,1.9,2.975,2.8,3.3,3.5999999999999996,2.8,2.5,1.2,,,1.7,1.1,2.0,3.8000000000000003,1.15,2.2,1.7666666666666666,1.3,2.3499999999999996
1997-02-28,2.2750000000000004,4.044444444444443,2.35,2.585714285714286,3.5714285714285716,2.3,2.1999999999999997,1.8875,1.8400000000000003,2.536363636363636,3.8000000000000003,3.6545454545454548,2.6,4.188888888888889,2.9,5.779999999999999,4.960000000000001,1.0400000000000003,3.6571428571428575,3.9499999999999997,,3.4,2.9000000000000004,4.142857142857143,2.8187500000000005,4.021428571428571,3.6,1.8937499999999998,2.2437499999999995,1.2866666666666666,2.0846153846153843,2.1545454545454548,2.2,5.044444444444444,4.381818181818182,3.4454545454545453,2.81875,1.7875,3.1875
1997-03-31,2.91,4.618181818181818,3.7999999999999994,3.01875,3.7769230769230764,3.4444444444444446,4.292307692307693,3.272727272727273,2.6375,2.6125,4.4,4.341666666666667,2.858333333333333,4.0249999999999995,3.2600000000000002,4.091666666666667,3.383333333333334,2.9399999999999995,3.6,,2.6,,,3.590909090909091,4.508695652173913,4.080769230769231,2.888235294117647,2.063157894736842,2.7652173913043474,1.4913043478260868,2.4052631578947365,2.5000000000000004,2.870588235294118,5.182352941176471,4.294736842105263,3.9647058823529413,3.62,1.395,3.552173913043478
1997-04-30,3.25,4.855555555555556,4.6000000000000005,4.007692307692308,3.6999999999999997,4.118181818181818,4.98888888888889,3.6999999999999997,2.4000000000000004,3.0,4.85,4.85,3.0,4.875,3.6799999999999997,5.711111111111111,5.166666666666668,4.445454545454546,,,,,5.75,3.8,3.414285714285714,4.018181818181818,2.966666666666667,2.2125,3.0285714285714285,1.8399999999999999,2.9,3.0999999999999996,2.8,5.55,4.5,4.392307692307693,3.9846153846153842,1.5923076923076922,3.392857142857143
1997-05-31,3.05,4.983333333333333,4.9399999999999995,4.6000000000000005,4.466666666666666,2.123076923076923,3.5000000000000004,2.7375,2.96875,2.3,4.800000000000001,5.042105263157895,2.9749999999999996,4.949999999999999,3.755555555555555,6.138461538461538,6.069230769230769,4.363636363636363,9.25,6.4,,,7.289999999999999,4.666666666666666,5.25,4.6466666666666665,3.9181818181818175,2.1384615384615384,3.85,2.166666666666667,2.55,2.8500000000000005,3.5375,6.077777777777778,4.6875,5.021428571428571,4.5200000000000005,1.9099999999999997,3.9875
1997-06-30,,5.0,,2.4,4.2,2.9625,4.677777777777778,4.155555555555555,3.8400000000000007,2.9428571428571426,5.205555555555555,5.4350000000000005,2.45,5.3500000000000005,3.55,6.1,6.08,3.25,7.333333333333333,,3.4,,5.483333333333333,5.98,5.292857142857144,5.192857142857142,4.11,2.690909090909091,4.816666666666666,2.325,2.6,3.4,3.3800000000000003,5.2,4.066666666666666,4.87,4.166666666666667,1.8833333333333335,5.430769230769231
1997-07-31,3.9,4.619999999999999,4.425,2.625,,3.2,5.65,3.7125,3.926315789473685,3.013333333333333,5.409523809523811,5.689473684210527,3.2400000000000007,4.7733333333333325,3.3699999999999997,6.381818181818182,6.014285714285714,3.5562500000000004,,,3.6,,5.383333333333334,4.671428571428571,5.189473684210526,4.508695652173913,3.929411764705882,2.5349999999999997,3.8526315789473684,1.9055555555555554,2.3461538461538463,3.5142857142857147,3.4181818181818184,5.9799999999999995,4.522222222222222,5.116666666666667,5.073684210526316,1.9210526315789473,4.136842105263159
1997-08-31,3.516666666666666,4.91,4.4,2.8,3.75,4.5,5.714285714285714,4.508333333333333,3.68125,3.6374999999999997,4.5666666666666655,5.194117647058825,3.0199999999999996,4.635714285714285,3.745454545454545,5.678571428571429,5.323076923076922,3.9666666666666672,6.5,,,,5.975,4.7333333333333325,4.825,3.6800000000000006,3.188235294117647,2.17,3.68125,1.7875,2.276923076923077,2.8249999999999997,3.066666666666667,4.514285714285714,4.371428571428572,3.431578947368421,4.253333333333333,1.6133333333333333,3.2777777777777777
1997-09-30,3.4000000000000004,4.47,3.830769230769231,3.336363636363636,4.277777777777778,3.677777777777777,4.441666666666667,4.283333333333334,2.9166666666666665,2.5142857142857147,4.477777777777778,5.425,3.05625,4.541176470588235,3.6866666666666665,4.857142857142857,5.142857142857143,2.8076923076923075,,,,5.2,4.7,3.2500000000000004,5.336363636363637,2.785714285714285,3.3333333333333335,2.257142857142857,3.5800000000000005,1.67,2.483333333333333,3.45,2.7222222222222223,4.671428571428572,3.1,3.1384615384615393,3.1444444444444444,1.2333333333333334,2.888888888888889
1997-10-31,2.25,4.2,3.3,2.45,4.2,1.9000000000000001,2.7,3.075,2.4166666666666665,1.7142857142857142,3.4199999999999995,3.8000000000000003,2.6666666666666665,3.925,3.266666666666667,3.88,3.4199999999999995,2.675,4.3,3.35,3.55,4.25,3.95,3.5800000000000005,4.458333333333334,3.5545454545454547,3.3200000000000003,1.9666666666666666,2.8818181818181814,1.6833333333333333,2.5222222222222226,2.033333333333333,2.35,4.9399999999999995,2.7285714285714286,3.3375,2.775,1.3875000000000002,4.1
1997-11-30,2.35,,2.3,3.4799999999999995,4.228571428571429,1.05,1.4,3.4,,,,,2.8,2.8,,1.9000000000000001,1.05,1.1333333333333333,3.0,2.3333333333333335,2.45,2.6,2.9,3.633333333333333,5.266666666666667,4.533333333333333,4.775,1.9499999999999997,2.8000000000000003,1.4666666666666668,2.05,2.2,2.5999999999999996,4.966666666666666,3.9,4.2,1.7,1.4,1.9
1997-12-31,2.1500000000000004,3.5,1.3666666666666665,3.7400000000000007,3.9750000000000005,0.7999999999999999,1.5333333333333332,3.066666666666667,2.066666666666667,1.7999999999999998,2.5,2.8,2.766666666666667,3.3499999999999996,2.625,3.3,5.1,1.9,2.35,2.55,3.1,1.8,0.3,3.75,3.2444444444444445,3.344444444444444,3.983333333333334,1.2799999999999998,2.4599999999999995,1.0166666666666668,1.6500000000000001,2.5,1.9,3.9,4.466666666666666,3.8999999999999995,2.5,1.0166666666666664,3.6999999999999997
1998-01-31,2.2,3.9,1.9333333333333333,3.0777777777777775,4.3999999999999995,1.4666666666666668,1.6714285714285713,2.3833333333333333,1.7750000000000001,0.7,4.0,3.8,2.2199999999999998,2.6833333333333336,2.85,3.266666666666667,3.233333333333333,1.8857142857142857,3.25,2.0,2.6,2.5,0.15000000000000002,5.0,3.642857142857143,2.66,3.2800000000000002,1.4333333333333333,2.733333333333334,1.6125000000000003,2.033333333333333,1.7999999999999998,1.4,3.4166666666666665,3.1,2.275,1.8400000000000003,0.78,3.7625
1998-02-28,2.4875000000000003,3.9000000000000004,2.4250000000000003,2.8416666666666663,3.9444444444444446,2.2,1.778571428571429,2.776923076923077,2.2399999999999998,1.45,3.8,4.309090909090909,2.8642857142857143,4.414285714285715,3.2142857142857144,3.56923076923077,3.485714285714286,2.6153846153846154,4.3,2.25,3.7,5.2,1.45,3.033333333333333,5.022222222222222,2.38,2.325,1.9700000000000002,1.7090909090909088,1.2545454545454544,1.9333333333333331,2.3499999999999996,2.3818181818181823,4.575,3.546666666666667,2.9600000000000004,2.175,1.05,2.6
1998-03-31,3.466666666666667,4.7,3.6,3.5999999999999996,4.608333333333333,2.3125,2.7900000000000005,3.3600000000000003,2.58,3.533333333333333,4.1875,4.769999999999999,2.8,5.160000000000001,3.7714285714285714,5.220000000000001,4.71,2.8777777777777778,3.866666666666667,2.4,2.925,4.45,2.2,3.4699999999999998,3.5176470588235293,3.5666666666666664,3.2750000000000004,2.1461538461538456,2.6923076923076925,1.692307692307692,2.1538461538461537,2.5,3.2666666666666666,5.581818181818182,4.1090909090909085,3.9333333333333336,2.9599999999999995,1.5199999999999998,2.7058823529411766
1998-04-30,5.1,4.95,4.55,2.4000000000000004,4.0,2.075,3.1399999999999997,3.2,3.3,3.266666666666667,5.183333333333334,5.475,2.9,4.066666666666667,3.466666666666667,5.2,4.933333333333334,4.775,4.5,,2.95,4.266666666666667,3.8000000000000003,5.855555555555556,6.637499999999999,5.576923076923077,4.688888888888888,2.6636363636363636,3.9000000000000004,2.4,3.1500000000000004,3.3,4.1,6.599999999999999,5.625,4.9,3.7999999999999994,2.0,4.414285714285714
1998-05-31,4.1000000000000005,4.88,4.3500000000000005,2.55,3.8666666666666667,2.6444444444444444,3.7,3.4749999999999996,3.1399999999999997,2.4,4.918181818181818,5.0636363636363635,2.575,3.7124999999999995,2.9285714285714284,5.044444444444445,4.9,3.463636363636364,5.4,4.2,,,5.533333333333334,3.5999999999999996,5.299999999999999,3.8857142857142857,3.8800000000000003,2.257142857142857,3.585714285714286,1.9166666666666667,2.4,3.6,3.475,5.225,3.75,2.53,4.457142857142857,2.5,4.175
1998-06-30,4.46,4.989999999999999,5.011111111111111,2.84,4.300000000000001,2.9769230769230766,3.75,3.4647058823529413,2.5315789473684207,2.2125,5.225,5.1947368421052635,3.1,5.112500000000001,3.6222222222222222,5.472222222222222,6.205882352941177,3.8285714285714287,6.6,4.5,3.6,4.65,3.9166666666666665,4.358823529411764,4.638888888888889,3.9111111111111105,3.4785714285714286,2.2473684210526312,3.5615384615384613,1.6833333333333333,2.272727272727273,3.8142857142857145,3.3333333333333335,5.142857142857143,3.892857142857143,4.4399999999999995,4.508333333333333,2.1333333333333333,3.9368421052631586
1998-07-31,3.72,5.53,4.944444444444444,3.388888888888889,4.5125,2.6833333333333336,4.5600000000000005,3.9142857142857137,2.910526315789474,2.2,4.841379310344828,5.33846153846154,3.1214285714285714,5.894444444444444,3.8,6.530434782608695,7.36086956521739,4.135,7.266666666666666,3.6,3.4,,6.033333333333334,4.3269230769230775,4.8826086956521735,4.1080000000000005,4.052173913043478,2.512,3.8761904761904766,1.8454545454545455,2.1999999999999997,3.8000000000000003,3.9,5.380000000000001,5.430769230769231,4.8730769230769235,4.833333333333333,1.8952380952380952,4.322727272727274
1998-08-31,3.1428571428571423,4.6375,4.1499999999999995,2.84,4.322222222222222,2.976923076923077,3.9416666666666664,3.3909090909090907,2.6666666666666665,2.242857142857143,4.755999999999999,4.419047619047619,3.03,4.786666666666666,3.7642857142857147,5.635294117647058,5.876470588235294,4.152941176470589,,,,,6.185714285714285,4.3999999999999995,4.9222222222222225,3.7411764705882353,3.5923076923076924,2.025,3.426666666666667,1.5642857142857143,2.2733333333333334,2.9499999999999997,3.3266666666666667,4.93,4.128571428571429,3.8300000000000005,3.80625,1.675,3.3388888888888886
1998-09-30,3.6799999999999997,4.4799999999999995,4.58,2.757142857142857,3.8333333333333335,2.6714285714285713,3.1666666666666665,2.9,2.12,2.44,5.908333333333332,5.500000000000001,3.0,4.666666666666667,3.3857142857142857,5.499999999999999,6.277777777777778,3.9777777777777774,7.8,7.1,,,5.2,3.9909090909090907,4.2250000000000005,3.75,2.7166666666666663,2.2222222222222223,3.6166666666666667,2.1799999999999997,2.7000000000000006,3.133333333333333,3.8857142857142857,6.566666666666666,5.32,5.6,3.84,2.0,2.7714285714285714
1998-10-31,2.9333333333333336,4.0,2.7,2.35,4.15,2.55,2.78,3.4749999999999996,2.6,2.6666666666666665,4.32,4.539999999999999,3.25,4.625,3.3333333333333335,3.6875,3.5875000000000004,2.566666666666667,4.4,2.533333333333333,3.6,3.2,2.1500000000000004,2.5785714285714287,3.866666666666667,3.2214285714285715,2.9615384615384617,1.821428571428571,2.9,1.8866666666666663,2.1166666666666663,2.014285714285714,2.5,5.183333333333333,5.255555555555556,3.8428571428571425,3.2,1.3875000000000002,3.3
1998-11-30,2.75,4.0,1.35,4.25,4.233333333333333,1.2,2.0999999999999996,,2.35,2.033333333333333,4.7,4.425,2.9333333333333336,2.6,2.4000000000000004,3.825,3.25,1.98,5.7,2.55,,5.4,0.25,1.9,2.9454545454545453,3.716666666666667,2.625,1.8142857142857145,3.04,1.51,1.61,1.8833333333333335,2.4,4.46,3.5599999999999996,2.775,2.3,0.6799999999999999,2.5
1998-12-31,2.3,3.466666666666667,0.7666666666666666,4.8,3.8333333333333335,2.48,0.7333333333333334,1.98,1.575,1.61,3.3000000000000003,3.75,2.4875,2.9200000000000004,2.9200000000000004,2.7750000000000004,1.2428571428571427,1.5375,2.6500000000000004,1.4142857142857144,3.3499999999999996,1.5250000000000001,2.1,2.775,4.04375,2.14375,2.707692307692308,1.3714285714285714,1.4647058823529413,0.9823529411764705,1.5736842105263156,1.9333333333333333,1.7666666666666666,5.3,3.316666666666666,3.5999999999999996,2.025,0.8374999999999999,2.7636363636363637
1999-01-31,2.0,3.6999999999999997,2.1800000000000006,2.9899999999999998,3.9374999999999996,0.014285714285714235,1.0666666666666667,1.8499999999999999,1.6000000000000003,1.2875,3.2555555555555555,3.5222222222222217,2.2888888888888888,3.2111111111111112,2.733333333333333,3.233333333333333,2.0833333333333335,1.3727272727272728,3.557142857142857,1.5571428571428572,3.016666666666667,2.15,0.9500000000000001,2.9699999999999998,3.55,3.1333333333333333,2.985714285714286,1.7,2.1818181818181817,1.2181818181818183,2.1583333333333328,2.2333333333333334,2.1333333333333333,3.46,2.809090909090909,3.25,2.075,1.1125,3.6900000000000004
1999-02-28,4.2,4.0,3.8,3.4299999999999997,4.611111111111111,2.9,2.9799999999999995,2.7800000000000002,1.9249999999999998,2.05,4.15,4.3,2.05,4.033333333333333,3.1999999999999997,5.42,4.866666666666667,2.233333333333333,6.9,1.8999999999999997,,2.7,5.85,3.133333333333333,4.314285714285715,3.822222222222222,3.1000000000000005,1.7555555555555555,2.3875,1.35,2.518181818181818,,2.5,4.025,3.66,3.75,2.9166666666666665,1.4333333333333336,3.2857142857142856
1999-03-31,3.95,4.550000000000001,3.9666666666666663,2.4125,4.659999999999999,-0.47500000000000003,2.2375,2.516666666666667,2.12,2.1399999999999997,4.411111111111111,3.425,3.283333333333333,6.416666666666665,3.2750000000000004,4.862500000000001,4.4,2.216666666666667,5.6,2.75,3.45,4.183333333333334,7.08,2.68,4.833333333333333,2.9125,3.5714285714285716,1.9249999999999998,3.15,1.7999999999999998,2.641666666666667,3.028571428571428,2.7600000000000002,5.0600000000000005,1.9000000000000001,3.4499999999999997,3.54,1.77,2.8666666666666667
1999-04-30,5.5,,4.6,2.433333333333333,4.8,5.1000000000000005,4.199999999999999,4.066666666666666,2.2249999999999996,4.233333333333333,5.2299999999999995,4.033333333333334,2.28,3.514285714285714,3.3714285714285714,6.8,5.883333333333333,3.7125000000000004,9.4,2.9,3.233333333333333,,5.8999999999999995,3.206666666666666,4.6125,4.0249999999999995,3.2,2.046153846153846,3.3000000000000003,1.4333333333333333,2.9181818181818184,2.625,2.9125,4.95,3.8000000000000003,5.044444444444444,3.6909090909090905,1.7727272727272727,3.690909090909091
1999-05-31,,5.1000000000000005,5.075,2.0,4.0,-0.16666666666666666,3.3333333333333335,3.2125,2.5999999999999996,2.45,4.176923076923078,4.80625,2.2,4.688888888888889,3.3,4.977777777777778,5.275,3.2750000000000004,,,3.35,4.6,5.171428571428572,4.499999999999999,4.2,5.116666666666666,4.1,2.6249999999999996,3.65,1.7000000000000002,2.5285714285714285,2.8666666666666667,2.9166666666666665,5.733333333333334,4.066666666666666,3.9375,3.91,1.7899999999999998,4.9071428571428575
1999-06-30,3.9,4.9399999999999995,4.466666666666666,4.357142857142857,3.4000000000000004,4.21,4.527272727272727,4.0181818181818185,2.644444444444444,2.9,4.9111111111111105,4.980000000000001,3.38,5.213333333333334,3.7,6.189473684210526,7.1421052631578945,4.136363636363637,6.8,6.7,,,6.199999999999999,4.5888888888888895,4.426666666666667,4.272222222222222,3.6199999999999997,2.2888888888888888,3.85,1.65,2.6777777777777776,3.5,3.585714285714286,4.3375,2.8400000000000003,6.433333333333334,4.8,2.3294117647058825,4.727777777777778
1999-07-31,3.8333333333333335,4.87,5.185714285714285,2.3333333333333335,5.324999999999999,3.1749999999999994,5.2272727272727275,3.8307692307692305,2.5,2.725,5.109523809523809,4.958823529411765,3.076923076923077,5.613333333333333,3.78,6.9941176470588236,7.576470588235293,3.8538461538461544,7.1,,2.6,6.5,7.275,4.25,4.653333333333334,3.7428571428571433,3.8263157894736852,2.3210526315789473,3.886666666666667,1.8066666666666664,2.364285714285714,3.4250000000000003,3.8000000000000003,5.2727272727272725,3.8199999999999994,4.647368421052631,4.144444444444445,2.1888888888888887,4.105263157894737
1999-08-31,3.9,5.283333333333332,4.859999999999999,2.266666666666667,3.2,3.11,5.778571428571428,4.0888888888888895,2.2588235294117647,2.1923076923076925,4.626923076923077,5.029166666666666,3.15,4.964285714285714,3.5,5.695652173913045,6.177272727272726,3.405882352941176,,,,6.2,6.090000000000001,4.278260869565217,3.0799999999999996,3.9647058823529413,3.4266666666666663,1.8411764705882352,3.75,1.6636363636363638,2.54,3.1399999999999997,5.15,5.514285714285713,5.0600000000000005,4.4350000000000005,3.6350000000000002,1.8550000000000004,4.195000000000001
1999-09-30,3.6,4.411111111111111,3.7600000000000002,2.8999999999999995,4.7,1.7833333333333332,4.1000000000000005,3.2384615384615385,2.728571428571428,2.4625,3.88,4.566666666666666,2.872727272727273,3.7800000000000002,3.2571428571428567,5.8999999999999995,6.3374999999999995,3.569230769230769,,4.8,,,5.6499999999999995,4.13125,3.6937499999999996,3.6799999999999997,3.514285714285714,2.0066666666666664,3.8800000000000003,1.7866666666666664,2.746153846153846,2.15,2.63,4.375,3.6500000000000004,4.154545454545455,3.4000000000000004,1.5666666666666669,3.269230769230769
1999-10-31,2.2666666666666666,4.075,2.6,3.085714285714286,4.483333333333333,2.5999999999999996,3.175,2.3285714285714287,2.466666666666667,2.5599999999999996,4.566666666666666,4.8076923076923075,3.0000000000000004,3.84,3.62,4.253846153846154,4.130769230769231,2.7666666666666666,5.75,3.5,3.0250000000000004,4.8999999999999995,3.2,3.4000000000000004,4.271428571428571,4.085714285714285,3.5,2.45,3.44,1.6800000000000002,2.1,1.9500000000000002,2.2500000000000004,4.733333333333333,3.44,4.728571428571429,2.7600000000000002,1.38,2.65
1999-11-30,,,1.5499999999999998,3.9749999999999996,3.6799999999999997,0.9,2.1,1.15,1.5,1.54,2.9333333333333336,3.533333333333333,2.8333333333333335,3.825,2.875,2.9,2.9,2.7,4.071428571428571,,,2.9333333333333336,2.2,3.9,4.499999999999999,3.1875,2.7875,1.342857142857143,2.433333333333333,1.2222222222222223,2.09,3.6,1.25,4.066666666666666,4.1571428571428575,,2.033333333333333,1.2666666666666666,1.64
1999-12-31,2.4000000000000004,3.7,2.266666666666667,3.5000000000000004,4.016666666666667,1.6,1.85,1.22,1.2333333333333334,0.8666666666666667,3.1249999999999996,3.533333333333333,2.66,2.8666666666666667,2.8200000000000003,2.58,2.1800000000000006,2.2166666666666663,3.81,2.16,2.975,3.35,1.7666666666666666,2.2,3.8818181818181823,2.25,2.1333333333333333,1.6142857142857143,1.8818181818181818,1.2166666666666668,1.7916666666666667,1.842857142857143,2.9000000000000004,4.642857142857143,4.35,3.3333333333333335,2.185714285714286,1.2142857142857146,3.0875
2000-01-31,1.4,3.75,1.525,3.0444444444444443,3.7888888888888896,2.4,3.0666666666666664,2.65,1.7833333333333332,1.6666666666666663,3.9142857142857146,3.9857142857142853,2.94,2.54,3.025,2.7444444444444445,2.8111111111111113,1.9375,1.9000000000000001,3.4333333333333336,2.25,2.85,0.1,7.8,4.427272727272728,2.346153846153846,2.1999999999999997,1.2333333333333336,2.21875,1.1235294117647059,1.7705882352941178,2.2555555555555555,2.3333333333333335,4.2785714285714285,4.42,2.575,2.244444444444445,1.1444444444444446,2.2999999999999994
2000-02-29,2.0666666666666664,4.15,3.1799999999999997,3.88,4.15,3.855555555555555,3.6833333333333336,2.5,2.266666666666667,1.9833333333333334,3.9199999999999995,3.714285714285715,2.483333333333334,5.3999999999999995,3.0999999999999996,4.325,4.3374999999999995,2.6999999999999997,5.200000000000001,4.35,3.2,1.1,4.433333333333333,3.536363636363636,3.309090909090909,3.1499999999999995,2.9818181818181815,1.7357142857142855,2.728571428571428,1.4,1.9916666666666663,1.7333333333333334,3.233333333333333,4.94,3.7833333333333337,4.322222222222222,2.507142857142857,1.0714285714285714,3.4550000000000005
2000-03-31,2.7,4.366666666666666,4.2,3.4875,4.9375,4.340000000000001,2.98,2.5833333333333335,3.266666666666666,2.966666666666667,4.942857142857143,5.25,2.6,5.16,3.633333333333333,5.325,4.522222222222222,3.7249999999999996,6.533333333333334,4.8,2.8,5.55,3.3499999999999996,4.41,4.411764705882353,3.447058823529412,3.0300000000000002,1.9466666666666665,2.9923076923076923,1.4076923076923078,2.3833333333333333,2.528571428571429,4.022222222222222,5.4444444444444455,4.4,4.4727272727272736,3.076923076923077,1.9769230769230768,2.95625
2000-04-30,3.75,5.15,4.8,1.75,,4.133333333333334,2.725,2.525,2.5,2.875,4.933333333333333,4.985714285714286,2.15,4.459999999999999,2.9666666666666663,5.1,5.85,3.5199999999999996,7.15,,3.2,4.2,5.320000000000001,5.0857142857142845,6.140000000000001,5.566666666666666,4.96,2.6624999999999996,3.3499999999999996,2.5,2.8166666666666664,2.3499999999999996,3.0571428571428574,5.242857142857143,5.1000000000000005,3.6125,4.116666666666667,1.4000000000000001,5.0600000000000005
2000-05-31,3.9,5.0,4.325,3.7399999999999998,3.5999999999999996,2.2375000000000003,2.9625000000000004,3.028571428571429,2.35,2.5,5.022222222222222,5.012499999999999,2.6000000000000005,3.766666666666667,3.733333333333333,6.7333333333333325,7.555555555555554,4.6125,,,,5.4,9.55,4.4,4.5636363636363635,4.164285714285714,4.057142857142858,2.609090909090909,3.2625,1.4714285714285713,2.1875,2.8666666666666667,2.1,3.78,2.3000000000000003,4.31764705882353,3.6533333333333333,1.913333333333333,3.7166666666666672
2000-06-30,3.2999999999999994,4.918181818181818,5.0200000000000005,2.457142857142857,3.6199999999999997,1.5875,3.9933333333333336,3.1538461538461537,3.5470588235294116,3.161538461538462,5.077777777777778,5.876470588235294,3.0250000000000004,5.721428571428571,3.7333333333333325,6.305263157894737,7.23888888888889,4.292857142857143,,,,9.5,8.5625,4.000000000000001,6.588235294117647,4.2875000000000005,3.8588235294117643,2.585,4.2294117647058815,1.676470588235294,2.733333333333333,3.2500000000000004,3.442857142857143,5.193333333333333,3.7230769230769236,5.05,4.25,2.066666666666667,3.8947368421052637
2000-07-31,4.433333333333333,5.159999999999999,5.18,3.8000000000000003,3.7,2.5076923076923077,4.500000000000001,4.2733333333333325,3.7764705882352945,2.9533333333333327,5.242857142857142,5.214285714285714,2.814285714285714,5.535714285714286,3.7777777777777777,6.620833333333334,7.533333333333334,4.668749999999999,8.7,,3.3666666666666667,5.380000000000001,7.291666666666667,4.556,4.994444444444445,4.047826086956522,3.5099999999999993,2.3333333333333335,4.154545454545454,2.0833333333333335,2.5749999999999997,3.4333333333333336,4.05,4.518181818181818,2.9899999999999998,5.2250000000000005,4.1875,1.5750000000000002,3.920833333333334
2000-08-31,3.9,4.991666666666667,4.5600000000000005,3.3,,4.181818181818182,3.9714285714285724,3.1181818181818186,3.2588235294117647,2.588888888888889,4.912,5.5,2.6384615384615384,4.449999999999999,3.5714285714285716,5.316666666666666,6.429166666666666,3.995,7.533333333333334,5.3,3.125,5.300000000000001,5.542857142857143,4.186956521739131,5.625,3.7999999999999994,2.7199999999999998,1.9266666666666663,4.228571428571429,1.7272727272727273,2.6416666666666666,2.985714285714286,3.4375,4.5,3.6666666666666674,4.739999999999998,3.9578947368421056,1.9736842105263155,3.1937499999999996
2000-09-30,4.300000000000001,4.7375,4.118181818181818,3.2818181818181813,4.357142857142857,0.08888888888888888,3.872727272727273,3.2399999999999998,3.5000000000000004,2.5142857142857147,4.8,5.021428571428572,2.7083333333333335,4.0285714285714285,3.6181818181818177,4.384615384615384,4.621428571428572,3.9799999999999995,,,3.6,,3.6,3.972727272727272,5.200000000000001,3.805882352941176,2.7636363636363637,2.1071428571428568,3.4999999999999996,1.3933333333333333,2.4583333333333335,2.8499999999999996,3.3375,4.157142857142857,3.6,3.2785714285714285,3.0466666666666664,1.406666666666667,2.2874999999999996
2000-10-31,3.1666666666666665,3.75,3.033333333333333,4.433333333333334,3.866666666666667,0.1,0.1,1.05,2.2600000000000002,2.6125,2.9,5.0,3.0,4.5,2.875,,,2.875,,6.5,3.0666666666666664,4.65,2.5,3.1000000000000005,3.919999999999999,3.808333333333333,2.728571428571428,1.6888888888888889,2.93,1.15,1.957142857142857,2.54,1.7666666666666666,3.3,3.2,3.2,3.0666666666666664,1.3666666666666665,3.3111111111111113
2000-11-30,2.75,,4.35,3.9,3.15,0.7,0.5,0.75,1.2,1.8499999999999999,3.4799999999999995,3.5200000000000005,2.0,4.6,2.8,2.625,2.566666666666667,,2.966666666666667,3.325,3.233333333333333,3.94,3.375,2.4,4.588888888888889,3.8899999999999997,4.3375,2.05,3.3499999999999996,2.333333333333333,2.2444444444444445,2.3499999999999996,3.1333333333333333,3.95,2.975,3.966666666666667,2.766666666666667,1.0,4.24
2000-12-31,2.9,,1.2333333333333334,4.466666666666667,3.55,-1.2333333333333334,0.7999999999999999,1.2400000000000002,1.42,1.0333333333333334,3.625,4.52,2.4,,,2.6666666666666665,2.6,2.271428571428572,1.7833333333333332,1.8500000000000003,3.35,2.511111111111111,1.3,2.1999999999999997,4.0,3.242857142857143,3.1333333333333333,1.175,3.033333333333333,1.5499999999999998,1.95,2.28,2.5,,4.2,4.111111111111111,2.1666666666666665,0.8555555555555555,2.933333333333333
2001-01-31,,4.4,2.5,,,,,,2.266666666666667,,6.333333333333333,5.675,2.7,8.3,2.4,2.4000000000000004,2.5,6.4,2.6333333333333333,3.8600000000000003,3.9750000000000005,2.825,1.2,3.75,3.533333333333333,3.325,3.6,2.0333333333333337,2.6500000000000004,1.5,1.6,1.7,2.1333333333333333,3.05,3.8333333333333335,3.6,2.8,0.8,2.3499999999999996
2001-02-28,3.05,4.3,2.075,2.9285714285714284,3.78,3.8,3.3000000000000003,3.133333333333333,2.4,2.4,4.449999999999999,5.75,2.5200000000000005,4.366666666666667,3.225,4.675,4.24,2.8600000000000003,4.183333333333334,3.34,3.4,2.6399999999999997,2.9666666666666663,3.516666666666667,3.7230769230769236,3.9545454545454546,2.685714285714286,1.2374999999999998,2.122222222222222,1.1333333333333335,1.688888888888889,0.8333333333333334,2.7833333333333337,4.757142857142858,3.65,3.675,2.7249999999999996,1.3624999999999998,3.45
2001-03-31,,4.4,3.9,4.066666666666667,4.9,6.2,,3.2,,3.4,5.283333333333334,5.119999999999999,,3.3,,3.4750000000000005,4.54,2.45,,3.3600000000000003,2.975,3.94,2.875,4.24,4.355555555555556,4.141666666666666,3.4299999999999997,1.9099999999999997,3.577777777777778,1.8666666666666667,2.06,2.925,3.9800000000000004,5.425000000000001,4.175,4.82,3.5857142857142854,1.4142857142857146,3.7090909090909094
2001-04-30,3.75,5.300000000000001,4.8,3.2600000000000002,5.7,1.3166666666666667,3.5833333333333335,3.14,2.985714285714286,2.4333333333333336,4.625,5.033333333333334,2.8,4.7375,3.6666666666666665,5.6,5.199999999999999,3.885714285714286,6.449999999999999,,,5.0,5.3,4.372727272727273,3.8181818181818183,4.137499999999999,3.525,2.5,3.3833333333333333,1.9833333333333332,2.5428571428571423,3.05,4.56,5.300000000000001,4.95,4.3125,4.0875,2.075,3.8777777777777778
2001-05-31,3.9000000000000004,5.199999999999999,4.42,3.35,3.1,4.614285714285715,4.239999999999999,3.7777777777777777,3.1000000000000005,3.7000000000000006,4.985714285714286,4.8,2.942857142857143,4.9,3.3000000000000003,5.5600000000000005,5.960000000000001,4.522222222222222,,,,,7.75,3.8666666666666663,5.0375,3.7750000000000004,3.2625,2.04,3.566666666666667,2.0777777777777775,2.144444444444444,2.983333333333333,3.249999999999999,5.25,4.4,3.022222222222222,3.755555555555555,1.2666666666666666,3.1312499999999996
2001-06-30,3.766666666666667,5.283333333333334,5.455555555555555,3.325,4.516666666666667,5.076923076923077,5.133333333333335,5.406666666666666,2.8615384615384616,2.8538461538461544,5.3136363636363635,5.095000000000001,2.87,5.692857142857144,3.472727272727273,6.010526315789474,7.970000000000001,4.00625,9.100000000000001,6.1,3.0666666666666664,5.85,6.8875,4.057142857142857,5.3590909090909085,4.138461538461539,3.7421052631578946,2.0782608695652174,4.078947368421052,1.7157894736842103,2.0944444444444446,3.1300000000000003,3.5928571428571425,5.1312500000000005,4.153846153846154,4.922727272727273,3.8823529411764706,1.6823529411764704,3.5625
2001-07-31,3.45,5.411111111111111,4.742857142857143,2.1500000000000004,4.5,4.517647058823529,5.07,4.995,3.0125,3.030769230769231,5.724000000000001,5.704,2.9454545454545453,4.235294117647059,4.018181818181818,6.486363636363637,5.986363636363635,3.429411764705882,8.5,8.7,3.5,,7.922222222222223,4.14,5.006666666666666,4.078260869565216,4.2,2.442857142857143,3.970588235294117,1.5812499999999998,2.121428571428571,3.011111111111111,3.2571428571428576,4.507142857142857,2.9499999999999997,4.133333333333333,4.171428571428572,1.9380952380952379,3.6904761904761907
2001-08-31,3.54,5.1,4.27,2.8000000000000003,4.114285714285715,4.28125,4.552380952380952,4.3625,2.8923076923076922,2.986666666666667,5.076,5.415000000000001,2.6799999999999997,4.836842105263158,3.778571428571429,6.003846153846154,7.188461538461539,3.576190476190477,,,3.2,6.1,6.066666666666666,4.2105263157894735,4.5736842105263165,4.1521739130434785,3.7470588235294113,2.342857142857143,3.853846153846154,1.5785714285714285,2.1454545454545455,3.1,3.4375,4.33,3.527272727272727,4.752173913043477,4.2250000000000005,1.991666666666667,3.511999999999999
2001-09-30,3.4,5.1,3.72,3.3333333333333335,4.577777777777778,3.525,4.0625,4.188888888888888,2.75,3.0714285714285716,5.17,5.1375,3.1571428571428575,5.2125,3.5125,5.799999999999999,5.410000000000001,4.466666666666666,,7.0,,4.2,8.0,3.9699999999999998,4.190909090909091,3.4222222222222225,3.3555555555555556,1.9888888888888887,3.46,1.4500000000000002,2.05,3.1666666666666665,3.4333333333333336,6.7,6.1,4.660000000000001,2.7199999999999998,1.38,3.4
2001-10-31,3.1666666666666665,4.016666666666667,2.375,2.375,3.75,0.36,1.7999999999999998,3.1857142857142855,2.1615384615384614,2.091666666666667,4.618181818181818,4.458823529411765,2.3000000000000003,3.4333333333333336,2.7399999999999998,4.5636363636363635,3.8181818181818183,3.258333333333334,4.75,4.175000000000001,3.25,3.9499999999999997,4.6,3.4000000000000004,3.586666666666667,2.933333333333333,2.5083333333333333,1.533333333333333,2.3111111111111113,0.9600000000000002,2.14,1.875,3.3333333333333335,5.033333333333333,3.7714285714285714,3.457142857142857,2.7583333333333333,1.05,2.4866666666666664
2001-11-30,1.9666666666666668,3.75,,4.220000000000001,4.675,4.1,1.52,2.375,2.025,2.342857142857143,3.8,4.65,2.7,3.6,2.9,4.4,2.9000000000000004,2.66,,4.3,3.3,3.4499999999999997,3.6,2.5,4.6,3.6,2.075,1.2666666666666668,1.92,1.2399999999999998,2.0142857142857142,1.4000000000000001,2.5,4.46,3.9875000000000003,4.2,2.3,0.7333333333333334,2.425
2001-12-31,1.98,3.9,2.4,4.415384615384616,4.3999999999999995,3.4,1.35,2.1,1.6666666666666667,2.0,4.4,4.15,3.0,2.7,3.25,2.8,2.24,2.5500000000000003,2.5,3.9,3.1333333333333333,,2.4333333333333336,2.65,3.0500000000000003,2.6,2.9125,1.0285714285714285,1.8090909090909089,0.9363636363636363,1.9777777777777779,2.775,2.1333333333333333,4.6,3.042857142857143,3.22,1.9874999999999998,0.9625,3.05
2002-01-31,2.2666666666666666,3.8000000000000003,2.042857142857143,3.4916666666666667,4.011111111111111,2.085714285714286,0.9888888888888889,2.55,1.8222222222222224,2.0,3.8,3.6875,2.7076923076923074,4.475,3.1399999999999997,3.388888888888889,2.5777777777777775,2.8099999999999996,3.7583333333333333,3.1,3.5625,3.033333333333333,2.72,3.075,3.2916666666666665,2.854545454545455,3.1125,1.2666666666666666,2.344444444444444,1.1777777777777778,1.6909090909090907,1.875,2.814285714285714,3.8099999999999996,4.341666666666666,2.7714285714285714,1.4285714285714286,0.757142857142857,3.272727272727273
2002-02-28,2.5,4.0,,2.3200000000000003,3.4333333333333336,0.19999999999999996,1.2333333333333334,2.2333333333333334,2.225,3.0666666666666664,3.5250000000000004,4.766666666666667,2.4,4.166666666666667,2.9,4.866666666666666,3.8166666666666664,3.25,3.6142857142857143,3.1,2.9666666666666672,4.25,3.0,3.354545454545455,3.461904761904762,3.347058823529412,2.6384615384615384,1.125,2.1916666666666664,1.3083333333333333,1.8187499999999999,1.75,3.357142857142857,4.5375,4.15,3.25,2.1923076923076925,0.9846153846153848,2.633333333333333
2002-03-31,3.25,4.35,4.18,2.46,4.3125,1.8800000000000001,2.7333333333333334,3.525,3.033333333333333,2.9166666666666665,4.86,3.8249999999999997,2.6,6.5200000000000005,3.0499999999999994,4.840000000000001,2.88,3.883333333333333,4.9,5.95,3.5,5.1,4.733333333333333,3.4166666666666665,3.755555555555556,3.745454545454545,3.91,2.033333333333333,3.566666666666667,1.1666666666666667,2.0,2.525,2.7800000000000002,4.928571428571429,3.1428571428571432,3.7999999999999994,2.9555555555555557,1.0222222222222221,2.6727272727272724
2002-04-30,4.033333333333333,4.8,4.5,,,3.5250000000000004,3.766666666666667,4.6833333333333345,3.1333333333333333,2.5,5.22,4.9111111111111105,2.55,3.95,3.5,4.671428571428572,6.814285714285715,4.180000000000001,,,3.6,2.8,5.433333333333333,3.4727272727272736,4.657142857142857,3.65,3.855555555555555,1.811111111111111,3.277777777777778,1.7625000000000002,2.1166666666666667,2.8600000000000003,2.933333333333333,5.733333333333333,5.279999999999999,3.925,3.2777777777777777,1.788888888888889,3.3083333333333336
2002-05-31,3.6999999999999997,5.114285714285714,5.0,2.3,3.55,3.133333333333333,5.416666666666667,4.5625,2.82,2.5,5.622222222222222,5.766666666666666,2.716666666666667,5.2,3.35,6.376923076923077,10.1,3.888888888888889,9.399999999999999,,3.9000000000000004,,8.375,4.183333333333334,3.863636363636363,4.6454545454545455,4.742857142857143,2.327272727272727,4.125,1.6249999999999998,2.27,3.616666666666667,3.857142857142857,4.500000000000001,3.7222222222222223,4.624999999999999,3.3416666666666663,1.5583333333333333,4.040000000000001
2002-06-30,4.225,5.053846153846154,4.828571428571428,2.5125,4.1,3.2928571428571423,4.2,3.6285714285714277,2.875,3.4000000000000004,5.366666666666665,5.376190476190477,2.3133333333333335,4.221052631578948,3.5562500000000004,5.7,8.480952380952381,3.978947368421052,10.766666666666666,,3.9,5.3,6.25,4.1000000000000005,3.6928571428571426,4.747368421052631,4.418181818181819,2.81875,3.3076923076923075,1.2923076923076924,1.8133333333333328,3.72,3.0642857142857136,4.414285714285714,3.7769230769230764,4.691666666666667,3.7285714285714286,1.9285714285714282,4.44
2002-07-31,4.0200000000000005,4.9799999999999995,4.6875,2.8,3.0,3.2,4.1000000000000005,3.8666666666666663,3.2545454545454544,3.4166666666666665,5.416666666666666,5.15625,3.2600000000000002,5.71,4.314285714285715,5.970588235294118,6.388235294117647,3.9312500000000004,5.9,,3.65,5.0,5.333333333333333,4.1863636363636365,4.422727272727273,3.7857142857142856,4.248,1.9160000000000001,3.9157894736842107,1.838888888888889,2.115384615384615,3.216666666666667,4.5285714285714285,4.418181818181818,4.222222222222222,4.545454545454545,3.94,1.8666666666666663,3.6043478260869564
2002-08-31,3.75,5.137499999999999,4.75,3.8333333333333335,4.05,1.3666666666666665,3.466666666666667,3.4,2.75,1.2,4.961538461538461,5.470000000000001,3.0,5.1400000000000015,3.9,5.6499999999999995,6.63,4.427272727272728,,,,,6.266666666666667,3.69375,3.28125,3.3357142857142854,3.8125,1.8777777777777775,3.4714285714285715,1.542857142857143,2.0875,3.35,4.175,3.25,3.325,3.3214285714285716,3.3600000000000003,1.47,3.2
2002-09-30,3.05,4.5,2.5999999999999996,3.75,4.4,1.3666666666666665,2.9333333333333336,3.25,2.0,1.8,4.840000000000001,3.95,3.266666666666667,3.3,3.266666666666667,5.35,3.78,3.3200000000000003,,,,,4.3,4.090909090909092,3.6916666666666664,3.6727272727272733,3.6999999999999997,1.6666666666666665,3.1125,1.2625,1.9500000000000002,3.3499999999999996,3.0666666666666664,4.733333333333333,3.0666666666666664,3.45,2.9875,1.3125,3.9375
2002-10-31,2.3,4.2,4.033333333333334,2.6999999999999997,3.72,0.775,2.0,2.125,1.25,2.6333333333333333,5.036363636363635,4.21,2.45,3.5,3.1,4.88,3.4,2.8857142857142857,5.9,3.4,2.9000000000000004,,3.66,3.442857142857143,3.5076923076923077,3.5090909090909084,2.8999999999999995,1.4181818181818182,2.83,1.3909090909090909,1.942857142857143,1.95,3.25,4.0249999999999995,4.066666666666666,3.5400000000000005,2.65,1.48,3.0625
2002-11-30,3.033333333333333,4.0,1.4666666666666668,2.875,4.0,,,,1.7,,7.4,4.233333333333333,2.25,4.199999999999999,,,,2.4,4.7,3.5,,3.1666666666666665,2.3,3.2,3.2375000000000003,3.9500000000000006,3.975,1.9714285714285713,4.166666666666667,2.433333333333333,1.5857142857142856,2.3499999999999996,3.2,3.2,4.45,3.55,3.214285714285714,1.457142857142857,3.2
2002-12-31,1.7000000000000002,,,5.1,4.949999999999999,,1.4,1.4,,2.1,,,2.566666666666667,4.0,2.8,3.0,3.5,3.45,1.9499999999999997,2.2199999999999998,2.9333333333333336,2.1666666666666665,1.1,1.9,3.5888888888888895,3.0,2.766666666666667,1.675,2.5500000000000003,1.1599999999999997,1.3399999999999999,1.9249999999999998,5.6,4.4,3.6,3.9,2.775,0.9749999999999999,2.033333333333333
2003-01-31,,,1.6,3.3000000000000003,4.5200000000000005,1.7333333333333334,2.0,2.033333333333333,1.85,1.5666666666666664,2.2,2.6,2.54,2.7199999999999998,2.7,2.1666666666666665,-0.43333333333333335,2.175,3.6500000000000004,,,,,3.6,3.1333333333333333,2.8499999999999996,2.65,1.725,2.2,0.9000000000000001,2.1,2.433333333333333,2.5,4.16,4.6,,1.9666666666666666,0.6666666666666666,2.275
2003-02-28,4.7,,4.933333333333334,4.0875,4.4875,2.216666666666667,3.4749999999999996,2.8833333333333333,2.4000000000000004,2.5399999999999996,2.6,,2.6333333333333333,5.5,,3.8333333333333335,3.5,3.475,4.25,4.3,3.4,,,1.9,4.74,4.433333333333334,,2.2333333333333334,2.75,1.7,2.575,2.8,3.9,3.05,3.75,,2.2,1.4,3.3
2003-03-31,4.057142857142858,4.5777777777777775,3.3625,3.066666666666667,4.527272727272727,2.7600000000000002,4.683333333333334,3.358333333333333,3.2,2.85,4.679999999999999,4.46,2.6599999999999997,4.514285714285714,3.5100000000000002,4.24375,2.3529411764705883,3.4499999999999997,3.4,3.56,3.4749999999999996,3.8000000000000003,3.233333333333333,2.9749999999999996,4.222222222222222,3.266666666666667,2.742857142857143,1.714285714285714,2.6599999999999997,1.19,2.2600000000000002,2.6125,3.0,4.266666666666667,4.105882352941176,2.986666666666666,2.757142857142857,1.2714285714285716,2.7384615384615385
2003-04-30,4.9,5.4,4.5,5.65,4.65,4.25,4.3,3.25,3.6,2.1399999999999997,5.385714285714286,4.5,3.0333333333333337,5.0875,3.325,6.183333333333333,7.033333333333332,3.925,5.65,,3.1,3.4,6.099999999999999,3.8833333333333333,6.071428571428572,4.262499999999999,4.116666666666667,2.875,3.8000000000000003,1.714285714285714,2.35,2.8,3.3333333333333335,4.5875,3.566666666666667,4.533333333333334,3.925,1.5499999999999998,3.571428571428572
2003-05-31,3.55,5.0,4.066666666666666,2.9285714285714284,4.5600000000000005,2.1636363636363636,4.614285714285714,2.7222222222222223,2.914285714285714,2.085714285714286,4.208333333333333,4.3083333333333345,2.4166666666666665,4.890909090909091,3.4749999999999996,5.6000000000000005,5.738461538461539,4.1466666666666665,8.3,4.2,,4.4,4.8,3.6375,4.7266666666666675,3.523529411764706,3.566666666666666,2.6999999999999997,3.375,1.6,2.311111111111111,3.11,3.3166666666666664,5.1875,3.983333333333334,4.913333333333333,3.7071428571428577,1.7357142857142858,3.0833333333333335
2003-06-30,,4.958333333333333,4.7,2.5833333333333335,4.35,2.142857142857143,6.3999999999999995,3.776923076923077,3.227272727272727,3.0100000000000002,4.499999999999999,5.233333333333334,2.8000000000000003,4.416666666666667,3.8900000000000006,5.553333333333332,6.120000000000001,4.4789473684210535,,,3.4,6.0,5.5,4.27,4.191666666666667,3.972222222222223,3.9105263157894736,2.9818181818181824,3.961538461538462,1.3416666666666668,2.27,3.3714285714285714,2.9444444444444446,4.513333333333334,4.423076923076923,4.45,3.7350000000000003,1.585,3.4449999999999994
2003-07-31,4.7749999999999995,5.478571428571429,5.199999999999999,3.114285714285714,3.8499999999999996,2.711111111111111,6.6499999999999995,4.1454545454545455,3.557142857142857,2.2555555555555555,4.889285714285714,5.084,2.833333333333334,5.117647058823529,3.892307692307693,5.9750000000000005,7.085714285714286,3.764,,6.9,4.1,,5.216666666666666,4.188888888888889,3.7588235294117647,3.3181818181818183,4.035294117647059,2.5124999999999997,3.9705882352941178,1.6062500000000002,2.1769230769230767,3.2399999999999998,3.3444444444444446,4.355555555555556,4.0249999999999995,4.3839999999999995,3.7761904761904765,1.5619047619047617,3.5590909090909095
2003-08-31,3.4599999999999995,5.1000000000000005,4.324999999999999,2.35,4.125,3.9888888888888894,6.625,3.5999999999999996,3.2769230769230777,2.1625,4.734782608695651,5.042105263157895,2.77,4.25,3.411111111111111,4.942857142857143,5.185714285714286,3.9421052631578943,7.0,,4.3,5.0,4.5600000000000005,3.7,4.885,3.5625,3.9500000000000006,2.8590909090909093,4.036842105263157,1.6062500000000002,2.242857142857143,2.8181818181818183,3.01875,4.463157894736842,4.053333333333333,3.645454545454545,3.6499999999999995,1.6499999999999997,3.2625000000000006
2003-09-30,4.15,4.779999999999999,4.325,3.3333333333333326,3.972727272727273,1.92,4.427272727272727,2.855555555555555,2.8375,2.29,4.5,4.666666666666667,2.875,3.928571428571428,3.9,5.028571428571428,5.5,3.322222222222222,8.0,,,,3.6,3.485714285714286,5.378571428571428,3.6500000000000004,3.6,2.84,3.033333333333333,1.4666666666666668,2.6833333333333336,2.25,3.3999999999999995,3.8600000000000003,3.25,3.6166666666666667,2.6666666666666665,1.0333333333333334,2.7857142857142856
2003-10-31,3.5,4.4,3.1,5.3999999999999995,4.2,2.2,2.0,1.8,2.14,2.075,6.133333333333333,3.8,3.0,3.25,3.1500000000000004,3.7000000000000006,4.233333333333333,2.5,3.3,4.4,,4.6,3.4333333333333336,,3.6199999999999997,2.9749999999999996,2.5,1.7333333333333332,3.05,1.525,2.8,2.3499999999999996,1.7,4.4,4.4,2.2,0.8,0.8,2.6999999999999997
2003-11-30,2.275,4.02,1.6999999999999997,3.1500000000000004,3.56,-2.5,1.0799999999999998,1.8833333333333335,1.75,1.9333333333333336,4.95,3.75,3.7,4.35,2.3499999999999996,3.3000000000000003,3.3000000000000003,2.2,5.6,3.6666666666666665,2.95,3.425,3.766666666666667,2.75,3.95,2.6799999999999997,2.8,,2.6500000000000004,1.25,1.8666666666666665,2.5500000000000003,3.3333333333333335,3.7833333333333337,3.900000000000001,,2.5,0.9500000000000001,2.8666666666666667
2003-12-31,2.5,3.6,4.2,3.5875000000000004,4.15,3.0,1.6333333333333335,2.9000000000000004,1.5,2.4000000000000004,,3.866666666666667,2.8,3.6999999999999997,2.65,2.3166666666666664,2.266666666666667,1.75,2.4200000000000004,3.4999999999999996,3.5666666666666664,3.025,1.933333333333333,2.9000000000000004,3.85,3.6142857142857148,2.72,1.4333333333333336,2.1999999999999997,1.0125000000000002,1.666666666666667,0.8666666666666666,2.033333333333333,4.3,5.485714285714286,2.6500000000000004,1.8166666666666667,0.8333333333333331,2.583333333333334
2004-01-31,,,,4.1,3.7500000000000004,5.3,0.9,1.5999999999999999,2.6,1.9,,6.7,2.8666666666666667,3.55,2.9,3.5666666666666664,2.8666666666666667,2.1,4.2333333333333325,3.4125,3.183333333333333,2.8400000000000003,3.2,4.574999999999999,2.476470588235294,3.0083333333333333,1.9,1.4888888888888887,2.5999999999999996,1.2285714285714282,2.3428571428571425,2.3200000000000003,3.3,3.34,4.433333333333334,4.2,2.8200000000000003,0.8399999999999999,3.1555555555555554
2004-02-29,2.05,4.0,2.15,2.85,4.016666666666667,0.050000000000000044,3.042857142857143,2.842857142857143,2.1,2.52,4.9,5.133333333333333,2.1999999999999997,3.1999999999999997,3.8,4.325,4.6,1.8,3.0,1.9,3.0,3.15,3.2,4.066666666666666,3.435714285714286,2.4636363636363634,2.425,1.9375,2.2222222222222223,1.0555555555555556,1.5285714285714287,2.228571428571428,2.34,5.6,2.7,3.1,1.95,0.8250000000000001,2.0
2004-03-31,2.95,4.5285714285714285,3.7625,3.1142857142857143,4.0,-0.34,1.7666666666666666,3.44,2.6999999999999997,2.15,4.0249999999999995,4.5200000000000005,2.42,4.279999999999999,2.88,5.283333333333334,5.766666666666667,2.8285714285714287,3.2,,,4.7,5.066666666666667,3.5,3.5875,4.28,2.4,1.933333333333333,2.966666666666667,1.4333333333333333,2.6,2.033333333333333,3.1666666666666665,7.9,3.733333333333333,3.6999999999999997,2.7999999999999994,1.2,3.1714285714285713
2004-04-30,,5.025,5.8,2.575,5.3999999999999995,2.525,1.7,2.05,2.7,1.1,4.35,5.633333333333333,2.8333333333333335,3.8333333333333335,3.0,4.7,4.9,3.033333333333333,6.1,4.1,,,5.7,3.7299999999999995,4.607142857142857,3.872727272727272,3.55,2.3249999999999997,4.660000000000001,1.9909090909090907,2.616666666666667,2.84,3.828571428571429,5.266666666666666,4.34,4.683333333333334,2.9333333333333336,1.4166666666666667,3.53
2004-05-31,3.325,5.1000000000000005,4.779999999999999,,,3.5,5.18,3.5749999999999997,3.4999999999999996,1.55,5.166666666666667,5.875,2.6,5.066666666666666,3.6833333333333336,5.38,4.825,3.4749999999999996,,,,,6.15,3.4333333333333336,5.949999999999999,3.75,3.85,2.5,3.4799999999999995,1.175,2.6666666666666665,3.1999999999999997,2.8400000000000003,5.1000000000000005,3.7500000000000004,4.054545454545454,3.225,1.5625,3.2444444444444445
2004-06-30,4.733333333333333,4.844444444444445,4.9375,2.4400000000000004,5.0,0.5285714285714286,3.857142857142857,2.98125,3.1999999999999993,2.227272727272727,4.546666666666667,5.622222222222223,2.677777777777778,4.814285714285715,3.7600000000000002,5.35,6.621428571428572,3.65625,,5.1,2.866666666666667,,5.8,4.128571428571429,4.025,3.75,3.642857142857143,2.3555555555555556,3.914285714285714,1.5153846153846153,2.211111111111111,3.2800000000000002,2.966666666666667,3.95,3.836363636363636,4.609999999999999,3.755555555555555,1.822222222222222,3.475
2004-07-31,4.76,5.077777777777778,4.825,3.75,4.02,2.3368421052631576,4.188888888888888,3.7904761904761903,3.25,2.758333333333333,4.776190476190475,5.885,3.266666666666667,5.655555555555555,3.733333333333334,6.270000000000001,8.045000000000002,4.121052631578947,,7.2,3.1,4.55,6.172727272727273,3.5125,5.1899999999999995,3.8681818181818177,3.883333333333333,2.721739130434783,4.1875,1.7266666666666666,2.45,3.5200000000000005,3.4799999999999995,4.572727272727272,3.3600000000000003,5.010526315789474,4.376470588235295,1.8529411764705883,3.5541666666666667
2004-08-31,4.1,5.1,5.24,3.266666666666667,3.8400000000000007,2.46,4.013333333333333,3.225,3.2312499999999997,2.79375,5.242857142857143,4.873684210526316,3.4899999999999998,5.2,3.5222222222222217,5.404761904761905,6.495238095238094,3.8,7.8,,,,5.716666666666668,4.442105263157895,4.24375,4.3578947368421055,3.8666666666666663,2.363157894736842,4.484615384615385,1.8583333333333334,2.766666666666667,3.085714285714286,3.7714285714285714,5.5125,4.483333333333333,4.378571428571429,4.0687500000000005,1.7625,3.9421052631578957
2004-09-30,3.2,4.279999999999999,4.011111111111111,2.858333333333333,4.112500000000001,2.5,4.614285714285715,3.5,3.011111111111111,2.4124999999999996,4.96923076923077,5.127272727272727,2.936363636363636,4.453846153846154,3.6000000000000005,5.344444444444444,6.1000000000000005,3.7714285714285714,5.8,,2.5,5.9,4.433333333333334,3.7875,3.157142857142858,2.7199999999999998,2.2875,1.875,3.0,1.2777777777777777,2.3875,2.7,2.7399999999999998,4.2,4.3,3.04,3.466666666666667,1.4333333333333333,2.085714285714286
2004-10-31,3.3666666666666667,3.9,3.375,,4.4,,3.4999999999999996,2.8333333333333335,1.6,2.1500000000000004,4.5636363636363635,4.392307692307692,3.0666666666666664,4.76,2.9,3.5888888888888895,3.95,2.9,7.4,2.733333333333333,3.1,3.6999999999999997,2.8,3.6500000000000004,3.5454545454545463,3.3999999999999995,2.9272727272727277,1.8384615384615386,3.1300000000000003,1.2363636363636363,2.327272727272727,2.7,2.783333333333333,4.7,5.266666666666667,3.2222222222222223,2.46,0.76,3.3000000000000003
2004-11-30,1.5999999999999999,3.9,,3.1625,3.6399999999999997,-2.6500000000000004,1.6,1.35,2.0,1.5666666666666667,,3.55,2.5000000000000004,3.433333333333333,2.6199999999999997,4.216666666666667,4.0,2.02,1.6000000000000003,2.175,3.05,2.1,1.1,2.46,4.0,2.333333333333333,2.357142857142857,1.6714285714285715,2.023076923076923,0.9692307692307695,1.9,3.2125,2.1333333333333333,4.533333333333334,4.622222222222223,4.4,1.8333333333333333,0.8333333333333334,1.7000000000000002
2004-12-31,2.2,4.5,,3.5,3.7499999999999996,-1.4000000000000001,1.7,1.675,1.0999999999999999,2.075,,,2.3,3.6599999999999993,2.9,2.233333333333333,2.1666666666666665,1.7000000000000002,3.5999999999999996,2.966666666666667,3.6,1.15,1.2,5.6,3.825,2.1,1.9500000000000002,0.7,1.725,0.8999999999999999,1.6999999999999997,3.0500000000000003,2.1,5.125,4.1,7.2,2.5,0.8,1.9333333333333333
2005-01-31,2.275,3.8,1.3333333333333333,3.28,4.1000000000000005,1.4000000000000001,1.9714285714285713,2.3499999999999996,1.6285714285714286,1.7400000000000002,3.84,3.2249999999999996,2.628571428571429,3.9,2.85,2.766666666666666,2.1999999999999997,2.0,1.7499999999999998,2.033333333333333,3.2857142857142856,2.5666666666666664,1.25,2.5714285714285707,3.3947368421052633,1.9142857142857141,1.957142857142857,1.1533333333333333,1.7941176470588236,0.8950000000000001,1.8842105263157898,3.7,2.2,5.290909090909092,4.638461538461539,2.488888888888889,1.8307692307692305,0.8538461538461538,1.757142857142857
2005-02-28,2.3,4.2,4.05,4.933333333333334,4.92,5.3,2.325,3.5,2.1,3.7,3.6,4.633333333333333,3.15,4.6000000000000005,3.05,2.725,2.2,1.866666666666667,4.8428571428571425,4.2,3.9,4.7,,4.128571428571428,5.058333333333333,3.825,3.4166666666666665,2.185714285714286,2.8000000000000003,1.3499999999999999,2.533333333333333,1.9500000000000002,3.5,5.371428571428572,5.314285714285714,3.1,3.9,0.8,4.575
2005-03-31,2.742857142857143,4.6875,3.5200000000000005,2.355555555555556,4.300000000000001,2.15,3.2166666666666663,3.0125,2.025,2.257142857142857,4.144444444444445,5.6,2.8555555555555556,5.054545454545455,3.414285714285714,3.988888888888889,3.8666666666666663,3.2375,9.2,3.1666666666666665,,,4.550000000000001,,2.8,3.188888888888889,3.1142857142857143,2.042857142857143,3.3000000000000003,1.5,2.3857142857142857,2.3800000000000003,2.814285714285714,5.028571428571429,4.014285714285714,3.28,3.109090909090909,1.5727272727272725,3.7800000000000002
2005-04-30,3.95,4.7,4.266666666666667,2.3499999999999996,4.35,2.971428571428571,3.4,2.657142857142857,2.8666666666666667,2.8333333333333335,5.800000000000001,5.62,2.4800000000000004,4.45,3.2,4.66,5.32,3.016666666666667,7.68,3.3,2.8,5.5,5.5,4.175,4.314285714285715,3.58125,3.5300000000000002,2.2615384615384615,3.8499999999999996,1.7625,2.742857142857143,3.325,3.06,5.233333333333333,4.279999999999999,3.288888888888889,3.2777777777777777,1.6666666666666667,3.5846153846153848
2005-05-31,3.7500000000000004,4.6875,4.3999999999999995,2.3625,4.3999999999999995,3.6285714285714286,4.544444444444444,3.5500000000000003,3.3000000000000003,1.45,4.959999999999999,4.992857142857143,2.58,4.633333333333334,3.2,5.336363636363636,6.590909090909091,3.4642857142857144,,,2.95,4.8,6.2625,4.230769230769231,3.9818181818181815,4.113333333333333,3.9285714285714275,2.20625,3.807692307692307,1.7916666666666663,2.518181818181818,3.3200000000000003,3.754545454545455,5.466666666666667,3.2888888888888888,3.541666666666666,3.728571428571428,1.971428571428571,3.4823529411764707
2005-06-30,3.6666666666666665,4.9,4.742857142857143,4.1000000000000005,,3.576923076923077,4.499999999999999,3.7416666666666667,3.1,1.9,5.0375,5.5249999999999995,3.0375,5.015384615384615,3.8,5.490909090909091,6.9,3.770588235294118,,,,,4.9799999999999995,3.85625,4.147368421052631,3.4045454545454543,3.4133333333333336,2.268421052631579,4.594117647058823,2.1,2.107692307692307,2.9333333333333336,3.469230769230769,6.075,4.044444444444444,4.105882352941177,4.371428571428572,2.4642857142857144,3.6944444444444446
2005-07-31,4.199999999999999,4.785714285714285,4.971428571428571,3.37,4.533333333333333,4.422222222222222,4.90625,4.552631578947368,3.1785714285714284,2.15,4.915384615384616,4.0809523809523816,2.6999999999999997,5.205882352941177,3.621428571428571,6.107407407407408,7.228,3.6466666666666665,7.7,,3.3,6.6,4.566666666666666,4.352631578947368,4.661538461538462,3.804761904761905,3.390909090909091,2.348,4.333333333333333,1.9799999999999995,2.115384615384615,3.266666666666667,3.45,5.81,4.8,4.6,4.1684210526315795,1.7315789473684209,3.713043478260869
2005-08-31,4.42,4.716666666666666,4.633333333333334,3.0500000000000003,4.216666666666667,2.8000000000000003,4.633333333333334,3.833333333333334,2.8428571428571425,2.4555555555555557,5.36875,4.892307692307692,2.9,5.177777777777778,3.7,6.038461538461538,7.091666666666666,3.9222222222222225,,,3.3,,5.533333333333332,3.811111111111111,4.894117647058824,3.333333333333333,3.1428571428571423,2.0357142857142856,4.164285714285715,1.8538461538461535,2.5571428571428574,2.7222222222222223,4.23,4.776923076923077,4.624999999999999,4.3076923076923075,4.05625,2.1125,3.2133333333333334
2005-09-30,2.8666666666666667,4.633333333333334,3.5,2.7,4.5,5.466666666666666,4.566666666666667,3.4799999999999995,2.9333333333333336,,4.9399999999999995,4.866666666666667,2.9,4.8375,3.4,5.25,5.880000000000001,3.6,6.9,,,,3.9,3.8636363636363638,4.823076923076923,3.2,3.12,2.025,4.163636363636363,1.945454545454545,2.422222222222222,2.5374999999999996,2.4,4.816666666666666,4.0875,2.9699999999999998,3.358333333333334,1.7750000000000001,3.2416666666666676
2005-10-31,3.8000000000000003,4.2,3.9285714285714284,4.675,4.2,1.825,2.3,2.3857142857142857,2.016666666666667,1.9857142857142858,3.575,4.533333333333334,2.9,4.6000000000000005,3.0,4.75,4.3,2.2571428571428576,,3.075,2.8999999999999995,4.085714285714286,4.15,2.8,4.7,2.8428571428571425,2.1,1.957142857142857,2.9285714285714284,1.4,2.457142857142857,2.16,2.9375,4.566666666666667,4.27,3.125,2.533333333333333,1.1333333333333333,2.8777777777777778
2005-11-30,1.7333333333333334,3.7,0.9,3.0,4.0,1.65,1.6600000000000001,1.825,1.8,3.125,4.2,3.3,2.766666666666667,4.125,2.8800000000000003,3.75,3.1666666666666665,1.9285714285714286,3.6,,2.6,4.5,1.8,3.4333333333333336,4.514285714285714,2.4333333333333336,1.65,1.2000000000000002,1.6500000000000001,0.7833333333333333,2.085714285714286,0.8,1.4000000000000001,3.9,3.8200000000000003,2.4666666666666663,2.1,0.8333333333333334,2.02
2005-12-31,1.7666666666666666,,2.1,3.314285714285714,3.425,2.2,1.8,2.15,1.6333333333333335,2.35,3.45,3.9,2.55,4.300000000000001,3.2,1.975,1.6199999999999999,1.95,2.9285714285714284,2.66,3.25,3.22,1.5499999999999998,3.75,4.1090909090909085,2.716666666666667,2.55,1.25,2.0374999999999996,1.088888888888889,2.0799999999999996,2.3499999999999996,2.5,3.5571428571428574,3.3125,2.35,1.7200000000000002,0.76,3.15
2006-01-31,2.3666666666666667,3.6,2.6285714285714286,4.185714285714286,3.85,-0.2,1.7200000000000002,2.3666666666666667,1.9,1.8749999999999998,,,3.3600000000000003,2.0,2.466666666666667,2.9,2.733333333333333,1.9749999999999999,3.2,2.733333333333333,2.9,2.733333333333333,,3.533333333333333,4.65,3.3333333333333335,2.9749999999999996,1.2,2.733333333333334,1.1375000000000002,1.9857142857142858,2.5599999999999996,2.75,3.5,3.1714285714285713,2.866666666666667,2.6999999999999997,1.6333333333333335,2.4857142857142853
2006-02-28,2.2,4.1000000000000005,3.3,3.866666666666667,3.15,0.95,2.433333333333333,3.2999999999999994,2.3499999999999996,2.8,3.5999999999999996,3.1,3.1333333333333333,3.0500000000000003,3.05,5.033333333333333,4.6000000000000005,2.5249999999999995,3.4,2.9,3.3,3.4,2.8,3.75,4.371428571428571,2.8333333333333335,2.5999999999999996,1.45,2.275,1.0,1.8625,2.1,3.533333333333333,4.660000000000001,4.257142857142857,3.325,2.7375,1.2999999999999998,3.322222222222222
2006-03-31,3.4,4.4,,4.3,5.433333333333334,2.0,4.3,4.925,2.65,2.2,4.619999999999999,3.6399999999999997,3.2,4.15,3.5,3.5333333333333337,3.4666666666666663,4.3,6.133333333333333,4.75,3.0,4.833333333333333,4.35,4.5249999999999995,3.5625,3.1545454545454543,3.814285714285714,2.088888888888889,3.8,1.3833333333333335,2.1111111111111107,3.05,2.5,4.6000000000000005,4.05,2.6599999999999997,2.9666666666666663,1.7500000000000002,3.0875000000000004
2006-04-30,,5.65,4.585714285714286,3.8499999999999996,7.0,2.3874999999999997,3.6142857142857143,3.7142857142857144,3.0249999999999995,2.4000000000000004,4.4714285714285715,4.46,2.8400000000000003,6.3999999999999995,3.3999999999999995,5.483333333333334,6.3999999999999995,3.1875,,3.4499999999999997,3.1,5.8,6.8,4.16,3.8800000000000003,3.411111111111111,4.1000000000000005,2.3499999999999996,4.071428571428572,1.8,2.716666666666667,2.725,4.716666666666667,,2.8,4.533333333333333,3.6,1.7599999999999998,3.15
2006-05-31,5.4,4.8,5.133333333333334,4.625,2.2,0.9333333333333332,4.779999999999999,4.199999999999999,3.283333333333333,2.46,4.572222222222222,4.775,2.75,3.5571428571428574,3.0999999999999996,5.984615384615386,6.925,3.9533333333333336,6.8,,2.9,4.1,4.616666666666667,3.3666666666666667,4.860000000000001,3.442857142857143,3.822222222222222,2.5090909090909093,3.8200000000000003,2.08,2.5,3.233333333333333,3.1999999999999997,3.8428571428571425,3.375,4.753333333333333,3.745454545454545,2.0636363636363635,3.790909090909091
2006-06-30,5.125,4.75,5.08,3.7800000000000002,5.699999999999999,2.6636363636363636,3.9599999999999995,3.5999999999999996,3.13125,2.0454545454545454,4.763636363636364,4.766666666666666,2.590909090909091,4.769230769230768,3.483333333333334,5.533333333333332,6.463157894736842,4.19375,,,,4.5,6.199999999999999,4.1499999999999995,4.886666666666668,4.0125,4.036363636363636,2.492857142857143,4.253846153846154,1.8333333333333333,2.45,3.5555555555555554,3.7076923076923074,4.341176470588235,3.0100000000000002,4.370588235294117,4.515384615384615,2.246153846153846,4.5
2006-07-31,3.9000000000000004,5.15,5.3999999999999995,3.15,3.6500000000000004,2.29375,4.86,4.374999999999999,3.4899999999999998,2.5,5.6045454545454545,5.241176470588235,2.6875,4.49375,3.814285714285714,5.484210526315789,6.231578947368422,3.888888888888889,,,,5.65,4.05,3.7919999999999994,4.1,3.3777777777777778,3.3736842105263154,2.2000000000000006,4.38,1.7882352941176471,2.3846153846153846,4.0,3.5454545454545454,4.52,3.4583333333333326,3.682142857142857,3.8285714285714287,1.7809523809523813,3.4560000000000004
2006-08-31,,5.3,4.6,2.8333333333333335,4.3,1.375,4.4,4.15,2.842857142857143,2.185714285714286,5.033333333333333,5.246153846153846,3.75,6.766666666666668,3.95,6.0307692307692315,6.611111111111111,3.4875,5.449999999999999,5.0,,,5.0,3.8652173913043475,4.55625,3.4249999999999994,3.6285714285714286,2.50625,4.146153846153846,2.3333333333333335,2.6818181818181817,3.7500000000000004,5.1,4.85,4.633333333333334,4.9,4.175,2.25,3.81
2006-09-30,3.3666666666666667,4.550000000000001,4.828571428571428,3.0599999999999996,2.733333333333334,0.33333333333333326,3.925,4.242857142857143,3.13,2.0125,4.746153846153846,5.9750000000000005,2.690909090909091,2.916666666666666,3.2399999999999998,4.477777777777778,4.533333333333333,2.7,5.35,,,,5.24,3.418181818181819,3.4066666666666667,3.2545454545454544,3.414285714285714,2.1666666666666665,3.3375,1.5375,2.3875,2.5,2.44,3.9000000000000004,4.066666666666667,3.0555555555555554,3.6333333333333337,1.8888888888888888,2.854545454545455
2006-10-31,2.95,4.0200000000000005,2.725,3.436363636363637,3.090909090909091,0.6142857142857144,2.6833333333333336,3.3300000000000005,2.514285714285714,2.033333333333333,4.392857142857142,4.0636363636363635,2.766666666666667,3.209090909090909,2.9125,4.75,3.6714285714285717,2.5545454545454547,6.7,3.3499999999999996,2.7800000000000002,3.6999999999999997,3.1500000000000004,3.1875,4.075,3.0727272727272723,2.4,1.5777777777777777,3.1599999999999997,1.47,2.414285714285714,1.4,2.2333333333333334,3.9,2.775,2.5000000000000004,2.6125,1.325,3.775
2006-11-30,2.6666666666666665,3.933333333333333,2.0,4.07,2.4444444444444446,-0.09999999999999998,2.4,2.7,1.8285714285714287,1.646153846153846,3.75,3.6700000000000004,2.3333333333333335,1.1500000000000001,3.066666666666667,3.314285714285714,2.066666666666667,1.953846153846154,3.15,3.914285714285714,3.3,3.0,2.825,2.88,3.9181818181818184,2.3625,2.0571428571428574,1.1500000000000001,1.8199999999999998,1.557142857142857,1.9142857142857144,1.7444444444444445,2.771428571428572,4.38,3.8249999999999997,3.4111111111111114,2.8499999999999996,1.3624999999999998,3.1166666666666667
2006-12-31,1.5833333333333333,,1.9,4.819999999999999,1.2666666666666666,,1.6,2.2,1.3,1.657142857142857,3.5500000000000003,3.375,2.7333333333333334,1.28,3.0,1.3,0.875,1.9375,2.94,2.8249999999999997,2.6599999999999993,2.466666666666667,1.4666666666666666,2.5,4.1000000000000005,1.9000000000000001,2.314285714285714,1.0714285714285714,1.775,0.8500000000000001,1.8499999999999996,2.1,2.15,4.914285714285714,4.133333333333333,3.325,1.98,1.22,3.0500000000000003
2007-01-31,2.1399999999999997,3.6500000000000004,1.45,2.475,3.2500000000000004,0.4666666666666666,1.9600000000000002,1.7333333333333334,1.8199999999999998,2.033333333333333,3.7142857142857144,3.9142857142857146,2.766666666666667,5.6,3.0,3.9749999999999996,3.4250000000000003,2.475,2.38,2.28,2.4799999999999995,2.52,1.925,3.0333333333333337,2.9400000000000004,2.4066666666666667,2.31,1.1857142857142857,2.0454545454545454,1.1714285714285715,1.7133333333333332,2.2625,2.55,4.488888888888889,4.46,3.511111111111111,2.55,1.3,2.9000000000000004
2007-02-28,2.3333333333333335,4.15,2.9499999999999997,3.9571428571428577,2.8,1.7,2.15,4.433333333333334,2.5,2.15,4.15,3.1500000000000004,2.6399999999999997,4.266666666666667,3.5,2.733333333333333,1.9666666666666668,2.65,4.199999999999999,3.7999999999999994,2.8,3.45,,4.2,3.1333333333333333,3.0500000000000003,3.033333333333333,1.4600000000000002,2.6666666666666665,1.725,1.8,1.9,2.375,3.325,4.1,3.0599999999999996,4.083333333333333,1.666666666666667,4.066666666666666
2007-03-31,3.0,4.625,3.0666666666666664,3.4,2.9714285714285715,1.25,2.9799999999999995,2.7399999999999998,3.35,2.3666666666666667,4.071428571428571,3.6,2.7999999999999994,3.2875,3.0500000000000003,4.5,4.800000000000001,2.9800000000000004,5.3,,,,3.5,4.042857142857143,4.375,3.7599999999999993,3.4857142857142867,1.9,3.0200000000000005,1.883333333333333,2.4333333333333336,3.233333333333333,2.8,4.574999999999999,4.25,2.8199999999999994,3.3666666666666667,1.4833333333333332,3.6181818181818177
2007-04-30,3.0749999999999997,4.7,3.8000000000000003,3.5,2.9499999999999997,1.725,3.2599999999999993,2.9799999999999995,3.4000000000000004,1.5500000000000003,4.557142857142857,6.125,2.55,3.008333333333333,2.9625000000000004,4.114285714285714,4.828571428571429,3.1666666666666665,8.2,,,2.7,7.0,3.6,3.2,2.8,2.2,2.75,3.5,1.5,2.033333333333333,2.5000000000000004,3.4,4.1,2.766666666666667,3.85,4.08,2.28,3.4
2007-05-31,4.050000000000001,4.9,4.175,3.2800000000000002,6.8,1.8888888888888888,3.9285714285714284,3.577777777777778,3.6,2.5,4.635714285714286,4.790000000000001,2.73,4.941666666666666,3.1833333333333336,4.709090909090909,5.954545454545454,3.8444444444444446,6.699999999999999,,3.233333333333333,4.35,5.142857142857143,3.7181818181818187,3.8,4.453333333333334,3.3500000000000005,2.1999999999999997,3.6666666666666665,2.2166666666666663,2.3625,2.9,4.112500000000001,3.9375000000000004,3.15,3.9333333333333336,3.7181818181818183,1.9909090909090907,4.199999999999999
2007-06-30,,5.383333333333333,5.68,5.233333333333333,9.1,2.614285714285714,3.8833333333333333,3.1142857142857143,3.4124999999999996,2.4625,4.813333333333333,5.999999999999999,2.433333333333333,6.637499999999999,3.4,5.542857142857144,6.6923076923076925,3.6285714285714286,7.6000000000000005,,,,5.8,4.6842105263157885,4.435294117647059,4.0600000000000005,3.3,2.4300000000000006,3.9538461538461536,1.9454545454545455,2.4625,3.383333333333333,3.377777777777778,4.4750000000000005,3.314285714285714,3.8666666666666663,4.300000000000001,1.9799999999999998,3.988235294117647
2007-07-31,4.9,5.140000000000001,5.2625,2.5846153846153848,3.6133333333333337,1.15,4.309523809523809,3.9000000000000004,3.3947368421052633,2.2733333333333334,4.926923076923078,5.878260869565217,2.7428571428571424,5.166666666666667,3.546153846153847,5.886956521739131,7.786956521739131,3.7066666666666666,,,3.5,5.5,5.308333333333333,4.162962962962963,4.871428571428572,4.404,4.130434782608695,2.6772727272727277,4.070588235294117,1.9352941176470588,2.4545454545454546,3.3299999999999996,3.7625,4.163636363636364,3.4555555555555553,4.773684210526316,4.1173913043478265,2.2739130434782613,4.2217391304347816
2007-08-31,3.6285714285714286,4.66,4.336363636363636,2.4124999999999996,3.8833333333333333,3.1333333333333333,4.585714285714286,4.16923076923077,3.5999999999999996,2.4769230769230766,4.888888888888889,5.952941176470588,2.8375,4.6000000000000005,3.8249999999999997,4.942105263157894,6.094444444444445,3.73125,5.15,3.6666666666666665,2.7,4.85,4.279999999999999,3.9166666666666665,3.4857142857142853,3.6750000000000007,3.6545454545454543,2.2499999999999996,3.657142857142858,1.8,2.285714285714285,3.1599999999999997,4.116666666666666,4.65,3.8333333333333335,4.838888888888889,4.416666666666666,2.075,3.8666666666666667
2007-09-30,3.466666666666667,4.66,4.085714285714286,3.3,3.7818181818181817,2.5,3.483333333333333,3.7124999999999995,3.1142857142857143,2.2,4.849999999999999,4.050000000000001,2.9272727272727277,4.688888888888889,3.516666666666666,4.83,5.458333333333333,3.1,,,,5.5,4.95,3.84,6.466666666666666,3.4000000000000004,3.3599999999999994,1.7500000000000002,4.116666666666667,2.1500000000000004,2.4,2.8499999999999996,3.4200000000000004,4.88,4.75,5.4,3.2624999999999997,1.7249999999999999,2.2199999999999998
2007-10-31,3.2,4.125,2.96,2.657142857142857,3.5199999999999996,0.5,2.9142857142857146,2.775,2.5,1.7142857142857142,4.3,5.071428571428571,2.983333333333334,3.4555555555555553,2.7,4.359999999999999,4.7,3.483333333333333,4.7,,,6.3,5.400000000000001,3.05,3.8499999999999996,3.2,2.55,1.3399999999999999,2.7800000000000002,1.3199999999999998,2.35,2.2,2.0749999999999997,4.633333333333334,2.72,,2.2,1.7,3.3
2007-11-30,2.4,3.8,2.1333333333333333,2.9625,3.0000000000000004,2.033333333333333,2.16,2.25,2.2,2.5,5.1,2.9,2.0666666666666664,3.85,3.1,,6.5,1.7,3.4499999999999997,2.25,3.4,2.9,3.25,4.066666666666666,4.1454545454545455,2.04,2.009090909090909,1.5692307692307692,2.070588235294118,0.9941176470588234,2.155555555555556,2.05,2.32,4.2875,4.333333333333333,,2.783333333333333,1.0166666666666666,3.2444444444444445
2007-12-31,2.4,3.9,1.875,3.6818181818181817,2.9,4.4,2.266666666666667,2.033333333333333,1.4,1.2000000000000002,3.3,1.75,3.0199999999999996,2.425,2.7,2.8,2.55,2.275,4.0375,2.1666666666666665,2.9,2.65,1.2,3.3714285714285714,3.623076923076923,2.375,2.68,1.69,2.344444444444444,1.2272727272727273,2.045454545454545,2.8833333333333333,2.75,3.8499999999999996,3.736363636363636,3.5800000000000005,2.0124999999999997,1.1125,2.8909090909090907
2008-01-31,1.9333333333333333,3.6500000000000004,2.45,2.6500000000000004,3.128571428571429,1.9749999999999996,2.157142857142857,1.3714285714285717,1.875,1.4625000000000001,4.6375,4.9444444444444455,2.3714285714285714,1.02,3.1,3.483333333333333,3.3166666666666664,3.1625,3.8857142857142857,2.3600000000000003,2.9333333333333336,2.733333333333333,2.4333333333333336,3.5625,3.8714285714285714,2.0999999999999996,2.13,2.008333333333333,2.183333333333333,1.0083333333333335,1.8437499999999998,1.8333333333333337,1.8800000000000001,3.466666666666667,4.779999999999999,3.1,1.95,0.99,2.9785714285714286
2008-02-29,3.1374999999999997,3.988888888888889,2.6363636363636362,2.441666666666667,3.142857142857143,-0.1375,2.9999999999999996,2.5363636363636366,2.6666666666666665,1.9833333333333334,4.26,6.1499999999999995,2.675,3.275,2.928571428571428,4.25,3.8333333333333335,3.5181818181818176,3.1666666666666665,4.95,3.4,3.02,3.7399999999999998,4.0,5.119999999999999,2.9285714285714284,2.9299999999999997,1.7454545454545454,2.3625000000000003,1.075,2.088888888888889,1.825,2.857142857142857,3.45,2.7099999999999995,2.655555555555556,2.5100000000000002,1.25,2.5538461538461537
2008-03-31,2.7,4.866666666666667,,3.2750000000000004,4.0,4.35,4.449999999999999,4.95,2.6,,4.166666666666667,3.3600000000000003,2.75,7.25,3.0,5.95,5.75,3.8,6.233333333333333,4.25,,4.0,3.4,5.625,3.6142857142857143,4.0636363636363635,3.38,2.32,3.0666666666666664,1.2,2.1999999999999997,1.1,3.75,5.4750000000000005,5.275,3.4166666666666665,2.5999999999999996,1.5,2.7800000000000002
2008-04-30,3.7,5.2,,2.9,5.8999999999999995,6.1,,,3.033333333333333,2.6666666666666665,5.514285714285715,4.45,2.8,3.8,3.7,5.86,6.233333333333334,4.2,7.75,4.766666666666667,2.9,3.05,4.949999999999999,4.425000000000001,4.184615384615384,3.850000000000001,3.0,2.2299999999999995,3.857142857142857,1.8571428571428572,2.563636363636364,3.55,3.766666666666667,4.425,3.66,4.410000000000001,4.1000000000000005,1.7333333333333334,3.9466666666666668
2008-05-31,3.9,4.35,4.3,3.3333333333333335,1.8,0.0,3.683333333333333,2.716666666666667,3.225,2.0999999999999996,4.722222222222221,5.115384615384615,2.625,3.16,3.775,5.0,5.6499999999999995,5.12,,4.8,,4.9,5.385714285714285,4.675000000000001,3.2800000000000002,3.9333333333333336,3.6999999999999997,2.5599999999999996,3.8666666666666667,1.5,2.2,2.95,2.9250000000000003,3.7600000000000002,3.325,3.6799999999999997,3.733333333333334,2.033333333333333,4.09
2008-06-30,3.3499999999999996,4.977777777777778,4.683333333333333,1.78,2.16,0.4749999999999999,4.0,3.54,3.1833333333333336,2.3166666666666664,5.2,6.425,2.68,3.830769230769231,3.0818181818181816,5.781818181818182,6.845454545454545,3.5083333333333333,6.9,,2.4,,5.442857142857143,4.057142857142857,4.0875,3.8550000000000004,3.5833333333333335,1.8357142857142854,3.711764705882353,1.614285714285714,2.5454545454545454,2.9000000000000004,3.2181818181818183,5.17,3.5555555555555554,4.408333333333333,3.9181818181818184,2.190909090909091,3.5124999999999997
2008-07-31,3.8857142857142857,4.890000000000001,4.491666666666666,2.825,5.95,1.375,4.133333333333334,3.78125,3.6333333333333333,2.7111111111111112,5.565384615384615,5.978260869565218,2.8,3.8823529411764706,3.5571428571428574,5.892307692307693,7.808695652173911,3.6681818181818184,7.4,4.4,3.0666666666666664,4.933333333333334,4.655555555555555,4.647826086956522,4.429411764705883,4.105263157894737,3.4368421052631586,2.2850000000000006,3.736363636363637,1.6374999999999997,2.275,3.0666666666666664,3.0200000000000005,4.249999999999999,3.7400000000000007,4.243478260869566,4.047619047619048,2.2619047619047623,3.9142857142857146
2008-08-31,3.9625000000000004,5.311111111111111,4.5249999999999995,3.875,4.6000000000000005,1.5315789473684212,3.995238095238096,3.8636363636363638,3.4555555555555557,2.857142857142857,5.3,6.126086956521739,3.016666666666667,4.75,3.633333333333333,5.553571428571429,6.693103448275861,3.5800000000000005,,,3.0,,4.989999999999999,4.652631578947368,4.43125,4.008333333333334,2.8454545454545457,2.4384615384615382,3.8444444444444446,1.3800000000000001,2.2777777777777777,3.12,3.571428571428572,4.422222222222222,3.9875,4.352,4.457894736842105,2.457894736842105,3.85
2008-09-30,4.0,4.625,3.2,2.9333333333333336,4.25,0.050000000000000044,4.483333333333333,4.311111111111111,2.8444444444444446,2.1,4.566666666666666,5.5,4.25,4.7,3.0,5.900000000000001,7.1800000000000015,2.9500000000000006,7.1,,2.9,5.4,3.6,4.428571428571429,4.5777777777777775,4.514285714285714,3.45,2.1333333333333333,3.6,2.15,2.32,1.9,3.25,4.05,3.75,4.625,3.883333333333334,2.1333333333333337,3.56
2008-10-31,2.625,3.8333333333333335,2.4200000000000004,2.6599999999999997,3.075,-0.4200000000000001,3.0799999999999996,2.46,2.1166666666666667,2.0666666666666664,4.725,4.414285714285715,2.4,4.933333333333334,2.9999999999999996,4.516666666666666,5.52,2.8875,,,,,3.1999999999999997,3.766666666666667,4.18,2.6799999999999997,2.5599999999999996,1.9285714285714286,2.3285714285714287,1.2428571428571427,1.8428571428571427,2.55,2.985714285714286,5.275,4.716666666666667,2.9000000000000004,2.4,1.5,2.414285714285714
2008-11-30,,,,3.0,3.2999999999999994,-1.0,2.4,2.2,1.7333333333333332,2.3000000000000003,4.4,8.1,,2.6,3.05,,,1.25,2.8,3.0,3.0,3.0,4.199999999999999,2.771428571428572,3.8545454545454545,2.1727272727272724,2.875,1.175,2.142857142857143,1.275,1.625,1.9,,4.15,5.425,5.0,2.4,0.7,2.3428571428571425
2008-12-31,1.5,4.133333333333334,2.5799999999999996,4.699999999999999,2.9499999999999997,8.35,2.15,0.7999999999999999,1.9,3.8,4.833333333333333,4.2,2.6,3.6399999999999997,3.3000000000000003,3.84,2.7,1.9249999999999998,3.1,2.45,2.5,2.625,,3.325,3.7800000000000002,1.8399999999999999,2.414285714285714,0.9285714285714286,1.5499999999999998,0.875,1.5857142857142856,3.9,,3.6857142857142864,4.325,2.2,1.525,0.9,1.6285714285714286
2009-01-31,2.3,3.75,1.7666666666666668,3.1666666666666665,3.35,,1.85,0.3,2.1,2.15,3.1,5.949999999999999,2.775,3.6,2.8,3.3333333333333335,3.133333333333333,1.7,3.35,3.2999999999999994,,2.35,3.733333333333333,3.1,4.375,3.45,3.7999999999999994,2.0,2.725,1.1,1.56,3.2,1.9,4.533333333333334,5.039999999999999,4.550000000000001,3.6,1.0,6.25
2009-02-28,2.1,3.6999999999999997,3.2,3.75,4.9142857142857155,3.1,3.5333333333333337,3.6,2.54,3.133333333333333,4.65,3.85,2.5,4.15,2.8,4.4,2.85,2.85,3.875,4.2,,,4.15,2.9285714285714284,4.516666666666667,3.7875,2.85,1.6666666666666667,2.59,1.1555555555555554,1.7428571428571427,1.05,2.775,4.54,4.5600000000000005,3.225,2.783333333333333,1.4833333333333334,2.6142857142857143
2009-03-31,2.875,4.866666666666666,3.0666666666666664,3.1714285714285713,5.357142857142857,5.133333333333334,4.542857142857143,3.3666666666666667,3.0666666666666664,3.316666666666667,5.142857142857143,4.260000000000001,2.54,4.816666666666666,4.5,4.9,4.1125,3.8000000000000003,5.05,,2.9,3.95,3.65,2.925,4.664285714285714,2.8,2.22,1.825,3.3533333333333326,1.573333333333333,1.9875,2.2555555555555555,3.457142857142857,5.61,4.363636363636363,3.3818181818181823,3.0933333333333333,1.9333333333333331,3.0125
2009-04-30,3.3,4.8,4.3,2.1,,0.3,3.8,3.1,2.4,1.3,5.1,4.4,3.3,6.7,3.9,5.766666666666667,5.525,5.0,6.1,5.9,,4.0,4.1,4.5,4.266666666666667,4.84,3.866666666666667,2.075,3.125,1.875,2.4,2.7999999999999994,3.4749999999999996,5.1,3.75,4.04,2.98,1.52,4.275
2009-05-31,3.6,4.550000000000001,4.483333333333333,2.4875000000000003,,3.326666666666667,4.00625,3.4166666666666665,2.738461538461538,1.1428571428571428,4.206250000000001,4.5600000000000005,2.75,5.746666666666667,3.2499999999999996,6.081250000000001,6.75,3.36875,6.75,4.34,3.3,4.5375000000000005,6.029999999999999,4.164705882352941,3.7083333333333335,3.7500000000000004,3.408333333333333,2.3687500000000004,3.7857142857142856,1.7785714285714287,1.9999999999999998,3.025,3.0100000000000002,4.8090909090909095,3.922222222222222,4.819999999999999,3.4090909090909096,2.1363636363636362,3.62
2009-06-30,,5.1,4.96,4.166666666666667,5.9,2.077777777777778,3.8777777777777778,3.177777777777778,3.1285714285714286,2.7,5.105263157894737,5.466666666666667,2.8285714285714287,5.655555555555555,3.325,6.026315789473684,6.93157894736842,3.4692307692307693,8.8,6.550000000000001,3.4,4.1,5.2,4.28,4.257142857142857,4.436842105263158,3.6812500000000004,2.3549999999999995,3.838461538461539,1.4500000000000002,1.8571428571428572,2.8333333333333326,3.277777777777778,4.299999999999999,3.3625,4.171428571428571,3.552941176470588,2.1470588235294117,4.096
2009-07-31,4.014285714285714,5.5,5.6,2.9333333333333336,3.4000000000000004,2.4066666666666667,4.541176470588234,4.459999999999999,3.4333333333333322,2.2,5.380000000000001,5.270370370370371,2.922222222222222,5.786666666666666,3.9937500000000004,5.933333333333334,7.308695652173914,3.728571428571429,,,3.25,5.0,5.2875,4.348,4.076190476190476,4.369565217391305,3.752631578947369,2.5421052631578944,4.16,1.9333333333333331,1.8999999999999997,2.4285714285714284,3.858333333333334,4.386666666666667,3.7000000000000006,4.665,4.433333333333333,2.5380952380952384,3.7142857142857135
2009-08-31,3.9428571428571435,4.52,4.140000000000001,2.34,4.566666666666666,3.7,4.333333333333333,4.015384615384615,3.3428571428571425,2.0857142857142854,5.590909090909091,5.213636363636363,2.676923076923077,4.536363636363635,4.06,5.531578947368422,6.300000000000001,3.576190476190476,,,3.9,,5.216666666666667,3.7785714285714285,4.636842105263159,3.3588235294117648,2.7249999999999996,1.9166666666666667,3.7833333333333337,1.5266666666666666,2.092307692307692,2.6545454545454548,3.3363636363636364,4.358823529411765,3.5,3.82,3.7176470588235295,2.0235294117647062,3.29
2009-09-30,3.175,4.214285714285714,3.3000000000000003,2.6399999999999997,3.8,,4.3,5.1000000000000005,,2.3000000000000003,5.0777777777777775,5.533333333333334,3.3454545454545457,4.375,3.5799999999999996,6.349999999999999,6.68,4.244444444444444,5.1,,,,6.133333333333333,3.7833333333333337,4.344444444444445,3.642857142857143,2.6333333333333333,2.3875,4.25,1.6,1.9333333333333333,2.4,2.65,3.933333333333334,2.757142857142857,4.622222222222223,3.966666666666667,2.488888888888889,3.9444444444444446
2009-10-31,2.05,3.9499999999999997,2.3,2.6333333333333333,4.425000000000001,2.8000000000000003,2.3,2.4,2.3,2.55,2.6125,3.35,2.6142857142857143,3.6625,3.3000000000000003,4.775,4.4799999999999995,2.1090909090909093,3.6,3.575,2.9,3.8,3.966666666666667,3.6785714285714284,2.4714285714285715,2.3714285714285714,2.0199999999999996,1.3166666666666667,2.738461538461539,1.353846153846154,2.0461538461538455,2.033333333333333,2.125,3.84,3.385714285714286,4.133333333333333,1.8624999999999998,1.2125,2.0454545454545454
2009-11-30,2.066666666666667,4.1000000000000005,1.3,4.25,3.5666666666666664,4.550000000000001,2.242857142857143,2.183333333333333,1.5125000000000002,0.6000000000000001,2.4166666666666665,3.3666666666666663,2.0333333333333337,4.366666666666667,2.4,1.6749999999999998,1.4500000000000002,3.2600000000000002,3.5375,2.966666666666667,3.4499999999999997,1.9874999999999998,1.7600000000000002,3.233333333333333,3.841666666666667,2.766666666666666,3.183333333333333,1.3499999999999999,2.5,1.7999999999999998,1.7999999999999998,1.5,2.775,3.3333333333333335,3.6800000000000006,2.9749999999999996,1.3,0.9333333333333335,2.6875
2009-12-31,1.9500000000000002,,,3.75,3.225,,2.4,,,1.3,2.6333333333333333,4.05,2.6500000000000004,3.4,2.9,3.0,3.0,1.4666666666666668,3.3,2.7199999999999998,3.5666666666666664,1.4666666666666668,1.3,4.8500000000000005,3.9583333333333335,1.8624999999999998,3.4166666666666674,1.0285714285714287,2.88,1.45,2.0285714285714285,2.375,3.1,3.45,3.2,4.375,1.9999999999999996,1.0,3.2666666666666666
2010-01-31,2.05,,1.5,2.8,2.5,,1.55,1.2333333333333334,2.15,1.4,2.6,2.5,1.8,2.8,,2.6666666666666665,1.5999999999999999,2.1,2.2,,2.9,2.7,2.1,1.7,3.314285714285714,2.766666666666667,3.6,1.5666666666666667,2.2,0.7,2.0,0.8,0.8,4.133333333333334,5.96,1.9,2.6500000000000004,0.8,3.6999999999999997
2010-02-28,1.9500000000000002,3.65,1.6,2.5,3.233333333333333,,2.5,2.5,2.45,,5.25,3.0,2.1,,,5.4,5.0,2.7,3.0666666666666664,3.866666666666667,3.7,2.3,2.4,,5.38,3.9,0.6,1.1,2.3000000000000003,1.0999999999999999,2.033333333333333,1.25,3.3,5.0,4.7,2.2,0.8,1.1,2.5
2010-03-31,2.8333333333333335,4.333333333333333,4.3999999999999995,3.783333333333333,4.675,3.95,3.5999999999999996,3.2750000000000004,3.25,0.8500000000000001,6.009090909090909,3.842857142857142,2.933333333333333,6.133333333333333,3.0200000000000005,5.066666666666666,5.0600000000000005,2.8333333333333335,6.099999999999999,3.1500000000000004,3.6333333333333333,3.875,3.45,5.0,5.48,4.3,3.233333333333334,2.35,3.54,1.6599999999999997,2.5,2.516666666666667,4.025,5.86,4.94,4.066666666666666,2.85,1.5250000000000001,3.78
2010-04-30,4.6,4.516666666666667,4.066666666666666,2.4750000000000005,3.966666666666667,2.6625000000000005,4.271428571428571,3.871428571428571,3.4250000000000003,2.1666666666666665,3.3200000000000003,4.2,2.575,4.225,3.4500000000000006,5.075,5.324999999999999,2.988888888888889,7.9,,2.7,4.2,7.133333333333333,4.385714285714286,3.3999999999999995,3.35,3.125,2.3200000000000003,3.388888888888889,1.5888888888888888,2.1000000000000005,2.3666666666666667,3.8200000000000003,4.466666666666667,4.625,3.388888888888889,3.133333333333333,2.0500000000000003,2.8
2010-05-31,4.0,4.15,4.233333333333333,4.833333333333334,,,4.8,3.8499999999999996,3.0,2.0,5.824999999999999,4.766666666666667,2.9000000000000004,5.5,4.4,5.5,5.4,3.6799999999999997,,,3.7,4.7,6.3999999999999995,3.8500000000000005,4.692857142857142,3.8214285714285716,2.675,2.125,3.66,1.8099999999999998,2.1888888888888887,3.625,3.1285714285714286,4.811111111111111,5.366666666666666,3.2222222222222223,3.533333333333333,1.916666666666667,3.4000000000000004
2010-06-30,3.75,4.94,4.4,,,4.633333333333333,3.5,2.925,2.742857142857143,1.8857142857142857,5.516666666666667,5.225,3.233333333333333,5.2625,4.0,5.827272727272727,6.508333333333333,3.5444444444444443,7.3,,,,6.533333333333334,3.735294117647059,3.9749999999999996,4.082352941176471,3.409090909090909,2.3666666666666667,3.6769230769230767,1.5230769230769232,1.911111111111111,3.1,3.0799999999999996,4.371428571428572,3.35,3.09375,3.453333333333333,2.0333333333333328,3.4125
2010-07-31,4.220000000000001,4.816666666666667,4.558333333333333,3.775,3.9,3.0083333333333333,4.41,3.8538461538461535,3.2800000000000002,1.5,5.126086956521739,5.7,3.4333333333333336,5.123076923076923,3.97,5.869230769230769,6.65,3.5190476190476185,,,3.6,,6.16,4.08888888888889,4.542105263157895,3.845,3.411764705882353,2.3666666666666667,3.588235294117647,1.7999999999999998,1.9071428571428566,3.7333333333333334,3.3249999999999997,4.363636363636363,3.6699999999999995,4.643999999999999,4.0227272727272725,2.2772727272727273,3.685714285714286
2010-08-31,3.2833333333333337,5.2,4.733333333333334,2.35,5.199999999999999,1.6799999999999997,3.946153846153846,3.6352941176470592,3.223076923076923,2.02,4.94,5.604545454545454,2.8714285714285714,4.815384615384615,4.2,5.594444444444445,6.522222222222222,3.3944444444444444,,,,,4.625,3.8000000000000003,4.375,4.0588235294117645,3.430769230769231,2.21875,3.633333333333333,1.9083333333333332,2.1888888888888887,3.3,2.9749999999999996,4.6499999999999995,5.125,4.4625,3.5333333333333323,1.973333333333333,3.53
2010-09-30,3.0,4.5875,4.35,3.3875,4.214285714285714,2.857142857142857,4.033333333333334,3.875,2.7142857142857144,2.0,4.45,4.033333333333334,3.7800000000000002,5.475,3.9375,5.371428571428572,5.485714285714286,3.3833333333333333,9.8,,3.3,4.5,5.4399999999999995,3.8866666666666663,3.723076923076923,3.3,2.9555555555555553,2.0999999999999996,3.5307692307692307,1.9166666666666663,2.7555555555555555,2.5,3.3000000000000003,4.7,2.2,4.029999999999999,2.85,1.9300000000000002,2.7000000000000006
2010-10-31,2.1,3.25,3.5500000000000003,4.35,3.8500000000000005,3.15,2.7999999999999994,2.8333333333333335,2.3333333333333335,2.35,3.8,5.025,2.45,4.8,3.72,4.9,4.8875,2.516666666666666,4.5,2.7,3.2,4.05,3.866666666666667,3.483333333333333,3.05,3.090909090909091,2.358333333333333,1.453846153846154,2.2777777777777772,1.511111111111111,2.0555555555555554,1.8800000000000001,2.2399999999999998,3.9166666666666665,4.8500000000000005,3.08,2.5857142857142854,1.9571428571428573,2.6399999999999997
2010-11-30,2.5666666666666664,3.65,3.1333333333333333,2.35,2.65,0.8,2.033333333333333,2.0,2.0,1.4,4.1,4.766666666666667,2.7999999999999994,3.1333333333333333,2.4,3.6500000000000004,3.15,2.566666666666667,2.6500000000000004,3.0999999999999996,3.4,2.6500000000000004,3.25,3.06,3.7,3.308333333333333,2.4250000000000003,1.2444444444444445,2.357142857142857,1.3571428571428572,1.8454545454545452,1.44,2.44,3.6,3.914285714285714,4.3,2.5,0.9,2.8000000000000003
2010-12-31,2.05,3.4,1.5,3.7,5.666666666666667,2.35,1.6,1.7,1.7,2.6,5.000000000000001,3.9,3.0,2.3,2.6,3.1,2.1,1.8,2.6000000000000005,2.96,5.1,3.8333333333333326,2.2,1.9,3.4500000000000006,1.5666666666666667,2.3,1.2200000000000002,2.5999999999999996,1.3499999999999999,2.0,2.1333333333333333,2.6,3.233333333333333,4.449999999999999,2.2,1.9666666666666668,0.8000000000000002,2.7750000000000004
2011-01-31,1.475,3.5,2.1,2.7,3.1400000000000006,1.4000000000000001,2.25,2.8499999999999996,1.6750000000000003,3.016666666666667,3.614285714285714,2.2750000000000004,2.4166666666666665,2.4,2.8,3.733333333333333,3.4,1.4,2.3,2.8499999999999996,3.2199999999999998,2.625,2.4333333333333336,3.175,2.225,2.1625,2.257142857142857,1.45,2.2545454545454544,1.0545454545454545,1.8,1.3833333333333335,1.6285714285714283,4.2125,3.888888888888889,2.9285714285714284,1.5714285714285714,0.8428571428571429,2.611111111111111
2011-02-28,2.1,3.3,1.65,2.63,2.3600000000000003,5.1499999999999995,2.271428571428572,2.557142857142857,1.5833333333333333,1.883333333333333,3.5888888888888886,4.271428571428571,2.5749999999999997,3.75,3.1999999999999997,3.872727272727273,3.0,2.0374999999999996,3.6,3.2,2.35,4.5,2.1,3.3666666666666663,2.858333333333333,2.481818181818182,1.56,1.218181818181818,1.7538461538461538,1.1461538461538463,1.8615384615384616,1.6749999999999998,1.8,4.5,4.45,3.15,1.6285714285714286,0.8428571428571429,2.0615384615384618
2011-03-31,2.85,4.7,3.5,3.636363636363636,3.8333333333333326,3.1999999999999997,3.557142857142857,3.1000000000000005,3.3,3.65,3.8499999999999996,5.366666666666667,3.014285714285714,4.942857142857143,3.9499999999999997,5.55,4.25,3.5,7.1,5.5,,4.9750000000000005,5.400000000000001,3.9400000000000004,3.8857142857142857,3.1799999999999997,2.9,2.3166666666666664,2.8166666666666664,1.4833333333333334,2.216666666666667,2.0,2.475,4.666666666666667,4.2125,3.9428571428571435,3.4333333333333336,2.016666666666666,3.775
2011-04-30,3.0499999999999994,4.483333333333333,4.4375,2.96,3.9299999999999997,4.6899999999999995,4.009090909090909,4.108333333333333,3.5125,4.583333333333333,3.1500000000000004,3.6999999999999997,2.4846153846153842,4.4818181818181815,3.6750000000000003,5.266666666666667,4.536363636363637,3.28,6.375,,3.0,5.8,1.55,4.0,4.7,3.564285714285714,2.9909090909090907,2.138461538461538,3.1500000000000004,1.508333333333333,1.8299999999999996,2.611111111111111,2.5777777777777775,4.200000000000001,4.17,4.558333333333334,2.59,1.5899999999999999,3.378571428571429
2011-05-31,3.6,4.444444444444445,4.4625,2.68,4.175,3.8800000000000003,4.775000000000001,4.384615384615384,3.814285714285714,0.75,4.15,4.75,2.6823529411764704,4.3999999999999995,3.753846153846153,5.777777777777778,4.8999999999999995,3.823076923076923,5.4,3.8,,5.4,5.575,3.3833333333333333,3.725,3.0714285714285716,2.9428571428571426,2.3199999999999994,3.253846153846154,1.6272727272727274,1.775,2.7499999999999996,3.15,4.45,3.525,4.783333333333332,3.386666666666666,1.9933333333333332,3.5125
2011-06-30,3.75,4.64,4.2,3.3,3.45,4.369230769230769,5.791666666666667,4.892307692307693,3.6166666666666667,2.9999999999999996,4.706250000000001,4.757142857142857,3.0142857142857147,5.5249999999999995,4.05,6.7666666666666675,7.326666666666668,3.7533333333333325,7.3,4.6,2.5,5.366666666666667,5.425,4.086666666666666,4.25625,3.65,2.690909090909091,2.184615384615385,3.264285714285714,1.5923076923076922,1.7999999999999998,2.971428571428572,3.1666666666666665,3.9714285714285715,2.8,4.8,3.9999999999999996,2.26,3.3222222222222224
2011-07-31,3.7,5.166666666666667,4.6,5.6,2.5,4.666666666666667,4.422222222222222,4.249999999999999,3.4909090909090903,1.4,4.669565217391304,5.480000000000001,2.5,5.711111111111111,3.3,6.21875,7.38125,3.5599999999999996,7.2,,2.9333333333333336,5.6,5.3125,4.366666666666667,4.107692307692308,4.1,3.4769230769230766,2.914285714285714,3.8200000000000003,2.06,1.8,3.0666666666666664,3.35,4.8,3.533333333333333,4.816666666666666,4.146153846153846,2.2615384615384615,4.288235294117648
2011-08-31,3.675,4.633333333333334,3.776923076923077,2.43125,2.888888888888889,1.9705882352941178,4.342857142857143,4.121739130434782,3.225,2.0866666666666664,4.803571428571429,6.2272727272727275,2.9000000000000004,4.660869565217391,3.5125,6.160714285714286,7.2749999999999995,3.5347826086956515,10.9,5.2,3.0,5.5,4.908333333333333,4.0227272727272725,4.17,3.72,2.888888888888889,2.2523809523809524,3.5999999999999996,1.38,1.8636363636363633,3.075,2.7199999999999998,4.230769230769232,3.0000000000000004,4.127272727272728,3.4909090909090903,1.9454545454545455,4.042307692307693
2011-09-30,2.9625000000000004,4.088888888888889,3.507692307692307,2.3727272727272726,3.690909090909091,3.3125,3.9583333333333335,3.864285714285714,2.9545454545454546,1.6199999999999999,4.2727272727272725,4.590909090909091,2.9583333333333335,4.971428571428572,3.661538461538462,6.033333333333333,6.413333333333335,3.4714285714285715,6.5,,3.1,,4.766666666666667,3.6785714285714293,4.372222222222222,3.54,2.9000000000000004,1.9307692307692303,3.488235294117647,1.625,1.8999999999999997,2.314285714285714,2.6375,4.4375,3.4909090909090907,3.1882352941176473,2.8300000000000005,1.8199999999999998,2.8949999999999996
2011-10-31,2.2714285714285714,4.2875,3.211111111111111,2.923076923076923,4.081250000000001,2.891666666666666,3.385714285714286,3.425,2.4875,1.9333333333333336,3.9166666666666665,4.828571428571429,2.6111111111111116,3.6153846153846154,3.355555555555556,4.483333333333333,4.5857142857142845,2.9272727272727277,4.85,,3.1999999999999997,4.175,4.533333333333333,3.7874999999999996,3.930769230769231,2.68,1.98,1.5416666666666667,2.308333333333333,1.3416666666666668,1.5916666666666668,1.9333333333333331,2.71,4.5,3.84,2.677777777777778,2.7,1.5,2.5454545454545454
2011-11-30,2.0999999999999996,3.533333333333333,2.12,3.9454545454545453,2.9749999999999996,2.5333333333333337,1.75625,2.606666666666667,1.3500000000000003,1.577777777777778,2.6,3.75,2.7,3.5444444444444443,2.72,4.15,2.35,2.075,3.1000000000000005,3.3,2.6333333333333333,3.9333333333333336,4.05,2.342857142857143,2.988888888888889,1.9666666666666668,2.6142857142857143,1.5857142857142859,1.1999999999999997,0.8,1.75,2.6999999999999997,1.325,4.1,3.2777777777777777,3.1,2.3,1.157142857142857,3.56
2011-12-31,1.7666666666666666,3.5999999999999996,1.15,3.0444444444444443,3.6818181818181825,2.35,1.25,2.2,1.0666666666666667,-0.2,2.8,5.449999999999999,2.7000000000000006,2.033333333333333,2.3499999999999996,3.5666666666666664,2.4,2.5249999999999995,3.0454545454545454,2.8249999999999997,2.55,2.6599999999999997,1.5,2.38,2.785714285714286,2.4625,2.025,1.1222222222222222,2.17,1.1666666666666667,2.1071428571428568,2.0749999999999997,2.2,3.7714285714285714,4.990909090909091,3.9000000000000004,1.975,0.9125000000000001,2.35
2012-01-31,1.8999999999999997,3.3333333333333335,2.3333333333333335,3.5500000000000003,3.3777777777777778,2.44,2.016666666666667,2.3166666666666664,1.8,3.1833333333333336,3.1666666666666665,4.3,2.677777777777778,4.6,2.875,3.2999999999999994,2.1333333333333333,2.55,3.2875,3.16,2.566666666666667,3.233333333333334,,2.7555555555555555,3.3933333333333335,2.530769230769231,1.9583333333333333,1.1230769230769229,1.5,1.1529411764705881,1.9066666666666663,2.1,2.2,3.4000000000000004,4.541666666666667,3.228571428571429,1.708333333333333,0.6416666666666666,2.1
2012-02-29,2.125,4.2,2.375,2.8,4.14,4.933333333333334,3.54,2.68,2.5666666666666664,1.3,3.5749999999999997,3.3833333333333333,2.7,4.425,3.2999999999999994,4.166666666666667,3.066666666666667,2.76,4.833333333333333,4.75,,2.9,,4.0,4.272727272727273,2.5333333333333328,2.413333333333333,1.5785714285714285,2.1875,1.5705882352941178,2.1125000000000003,2.566666666666667,2.22,4.279999999999999,3.7888888888888883,4.116666666666667,2.8999999999999995,1.6428571428571426,2.230769230769231
2012-03-31,2.5833333333333335,4.322222222222222,3.255555555555555,2.8428571428571425,3.4181818181818175,3.8454545454545457,3.7545454545454544,2.893333333333333,3.22,2.825,4.3999999999999995,3.6374999999999997,2.5000000000000004,4.2875,3.335714285714286,5.007142857142857,3.976923076923077,3.675,4.066666666666666,3.9,2.5666666666666664,3.914285714285715,4.499999999999999,3.7,4.35,3.091666666666667,1.8692307692307693,2.32,2.7928571428571423,1.2,2.441176470588235,2.338461538461538,2.411764705882353,4.311764705882354,3.4578947368421056,2.98,2.8153846153846156,1.715384615384615,3.45
2012-04-30,4.3,,3.4000000000000004,,4.9,6.066666666666666,4.433333333333333,4.266666666666667,3.2999999999999994,1.866666666666667,3.7,4.783333333333334,2.3,6.76,2.6,6.2250000000000005,4.35,4.6000000000000005,6.3,3.4,3.3,3.4,5.2,4.485714285714286,3.557142857142857,4.1375,3.6,2.3166666666666664,4.05,1.4000000000000001,2.5,3.1,5.1000000000000005,4.7,3.3333333333333335,3.0666666666666664,3.35,1.875,4.085714285714285
2012-05-31,3.2,4.6000000000000005,3.875,,4.8,3.9749999999999996,4.671428571428572,3.9799999999999995,3.75,-0.1,5.44375,5.833333333333332,2.8600000000000003,4.85,3.857142857142857,5.314285714285715,4.68,3.8181818181818183,,,,4.9,4.2,3.6799999999999997,3.5000000000000004,3.894444444444445,2.0999999999999996,2.6333333333333333,3.3615384615384616,1.6416666666666664,2.32,3.5500000000000003,2.7363636363636363,4.725,3.885714285714286,3.5277777777777777,3.192857142857143,1.821428571428571,3.4157894736842107
2012-06-30,3.1666666666666665,4.92,4.742857142857143,2.56,2.9,2.164705882352941,4.410526315789474,4.036842105263158,3.3095238095238093,3.0142857142857147,4.736,5.451999999999999,2.6230769230769226,4.613333333333333,3.1357142857142857,6.0,6.285714285714286,3.7263157894736842,7.033333333333334,,3.1,,5.000000000000001,4.08,4.08,4.047826086956521,3.0562500000000004,2.0944444444444446,3.423076923076924,1.3692307692307693,2.2076923076923074,2.45,2.5749999999999997,4.0062500000000005,3.288235294117647,4.5473684210526315,4.186666666666667,1.973333333333333,3.931818181818181
2012-07-31,4.0,5.1692307692307695,4.553846153846154,3.1666666666666665,4.24,4.449999999999999,5.095454545454545,4.3315789473684205,3.4705882352941178,3.95,4.860714285714287,4.928571428571428,2.6875,4.835714285714286,3.8307692307692305,6.1,6.604,3.5875,8.0,,,6.2,5.175000000000001,4.186363636363637,4.71875,3.420833333333333,3.0066666666666673,2.2210526315789476,4.25,1.9142857142857141,2.5625,3.0125,3.0714285714285716,4.522222222222222,4.3199999999999985,4.595833333333333,4.538888888888888,2.3111111111111113,3.6285714285714286
2012-08-31,3.6571428571428575,4.486666666666666,4.377777777777777,2.5875000000000004,3.0999999999999996,3.0210526315789474,4.476190476190475,4.020833333333333,3.2590909090909097,3.4352941176470586,5.268965517241378,5.82,2.8076923076923075,3.875000000000001,3.788888888888889,5.442307692307692,5.834615384615384,3.5375,6.633333333333333,,3.0,5.6,5.1000000000000005,3.9166666666666665,3.433333333333333,3.722727272727272,2.8076923076923075,1.9157894736842105,3.5846153846153848,1.1583333333333334,2.209090909090909,3.1,2.8615384615384616,3.999999999999999,2.8,3.841666666666667,3.8363636363636364,1.9590909090909092,3.457894736842106
2012-09-30,3.25,4.125,4.011111111111111,2.8,3.0,2.4333333333333336,3.9,3.3,2.442857142857143,2.042857142857143,5.300000000000001,5.211111111111112,2.466666666666667,3.6,3.0,5.01,4.73,3.144444444444445,4.7,,,5.5,3.7999999999999994,3.535714285714286,4.728571428571429,3.285714285714285,3.309090909090909,2.221428571428571,3.8900000000000006,1.6090909090909091,2.811111111111111,2.9285714285714284,4.111111111111111,4.366666666666667,4.550000000000001,3.4875,3.128571428571429,1.7,2.792307692307692
2012-10-31,2.9000000000000004,4.2,1.6,3.45,3.125,3.675,2.1666666666666665,2.05,2.0777777777777775,-0.27499999999999997,3.175,4.05,2.45,4.640000000000001,3.325,4.58,4.480000000000001,2.6,7.0,6.9,2.55,3.866666666666667,4.1,2.9222222222222225,2.3299999999999996,2.766666666666667,2.481818181818182,1.8699999999999999,2.211111111111111,1.1666666666666667,1.8666666666666663,2.3666666666666667,2.3333333333333335,3.7999999999999994,3.0500000000000003,2.3166666666666664,2.9166666666666665,1.8166666666666667,2.7714285714285714
2012-11-30,2.3,3.366666666666667,1.5,3.4,3.8,1.2,1.8,1.8666666666666665,1.9,0.6,3.4749999999999996,3.5666666666666664,2.46,3.1399999999999997,2.8,4.7749999999999995,4.02,1.9666666666666668,2.5,2.4499999999999997,2.9333333333333336,2.1,2.9,2.8,2.2,2.4,2.375,1.5999999999999999,1.65,0.7000000000000001,1.866666666666667,1.9333333333333336,2.05,4.0,4.74,2.3333333333333335,2.425,1.025,3.3
2012-12-31,2.1999999999999997,3.0,3.0,3.4499999999999997,4.0200000000000005,2.4499999999999997,2.2,2.0,1.45,-0.03333333333333339,3.0,3.8000000000000003,2.9200000000000004,2.26,2.766666666666666,3.1250000000000004,3.033333333333333,1.2,1.525,2.085714285714286,2.8,2.86,2.9,2.4833333333333334,2.5666666666666664,2.1999999999999997,2.8499999999999996,1.3299999999999998,2.471428571428571,1.5,1.8999999999999997,1.8333333333333333,1.95,4.333333333333334,4.911111111111111,3.9,2.8875,0.8375,2.9454545454545453
2013-01-31,1.5,3.4,1.95,2.825,3.12,2.7499999999999996,2.3000000000000003,2.9499999999999997,2.04,1.32,2.4,4.6,2.15,5.933333333333333,,3.5,2.2,2.966666666666667,2.244444444444444,2.6400000000000006,2.566666666666667,2.95,1.0,2.0333333333333337,3.6363636363636362,2.9444444444444446,2.56,1.6285714285714286,2.3833333333333333,1.4666666666666668,1.5125,2.5,,3.8833333333333333,3.9000000000000004,3.2750000000000004,2.65,0.8333333333333334,2.2888888888888888
2013-02-28,2.4,4.2,2.0999999999999996,4.8,4.525,1.6666666666666667,2.6500000000000004,3.3600000000000003,2.45,,,,3.2,4.2,3.8,2.5,1.5,2.8,2.033333333333333,2.925,3.1,3.9,,3.9,3.988888888888889,2.525,2.6500000000000004,1.6,3.1,1.25,2.1,,2.35,4.833333333333333,6.1,2.533333333333333,2.8333333333333335,1.4666666666666668,6.1000000000000005
2013-03-31,3.3499999999999996,3.9666666666666663,2.45,2.3666666666666667,4.625,3.18,3.1500000000000004,3.0,3.0666666666666664,0.39999999999999997,7.0,3.1,2.3499999999999996,5.8,3.5,,,2.9,3.55,,,,4.65,3.9,5.64,4.528571428571429,3.6,2.442857142857143,4.05,2.233333333333333,2.2,2.2,4.4,4.333333333333333,5.0,,4.133333333333334,1.8666666666666665,3.2
2013-04-30,3.4,4.385714285714285,3.966666666666667,4.040000000000001,4.3999999999999995,3.8625000000000003,3.285714285714285,2.6714285714285713,3.3,0.58,3.7625,4.688888888888888,2.0333333333333337,3.5499999999999994,3.866666666666667,4.433333333333334,4.1499999999999995,2.9000000000000004,6.2,3.8,,,4.5,3.7625,3.572727272727273,3.483333333333333,3.15,2.122222222222222,2.95,1.2625000000000002,2.0999999999999996,2.78,3.1,3.84,2.44,3.5699999999999994,3.6125000000000003,1.9375,4.027272727272728
2013-05-31,3.5,4.833333333333333,4.6,1.8,5.3,2.825,3.875,3.225,2.9333333333333336,0.85,5.4625,5.279999999999999,4.1,5.1,3.9000000000000004,7.08,5.9,3.1,,4.6,,,7.05,3.6500000000000004,3.2125,3.363636363636364,2.8,2.1222222222222222,3.142857142857143,1.875,2.35,3.5,3.2,5.0,3.9,5.0181818181818185,3.933333333333333,2.216666666666667,3.6333333333333337
2013-06-30,,4.633333333333333,4.442857142857142,2.1500000000000004,4.6000000000000005,2.058333333333333,4.46,4.116666666666666,3.472727272727273,3.425,5.445454545454546,5.055555555555555,3.242857142857143,5.142857142857143,3.8444444444444446,7.107142857142856,7.378571428571429,3.5066666666666673,7.099999999999999,4.5,3.3,,6.2,3.4949999999999997,5.4944444444444445,3.9631578947368427,3.9625000000000004,2.568421052631579,3.689473684210527,1.6941176470588233,2.3666666666666667,2.9166666666666665,3.025,4.0,2.8666666666666667,4.461111111111112,4.1230769230769235,2.1384615384615384,3.594736842105263
2013-07-31,3.4800000000000004,4.918181818181818,4.619999999999999,2.55,4.1,3.0818181818181816,4.576923076923077,4.1466666666666665,3.336363636363636,2.4142857142857146,5.0125,5.495238095238095,3.688888888888889,4.507692307692308,4.19,6.064705882352942,7.335294117647059,3.994444444444445,,,,7.4,5.177777777777778,3.8760000000000003,4.777272727272727,3.608,3.42608695652174,2.1814814814814816,3.8238095238095235,1.6777777777777778,2.335294117647059,3.0545454545454547,3.113333333333333,4.28125,3.085714285714286,3.727272727272727,3.9045454545454548,2.1363636363636367,3.0545454545454547
2013-08-31,3.766666666666667,4.728571428571429,3.8666666666666663,2.2,4.077777777777778,2.9263157894736844,4.459999999999999,3.8062500000000004,3.1799999999999997,1.7666666666666666,5.25,4.422222222222222,2.7,4.421428571428571,4.17,5.429411764705883,6.105882352941176,3.60625,,,,6.5,4.566666666666666,3.6100000000000003,4.415384615384616,3.5055555555555555,2.8818181818181823,2.0470588235294116,3.7222222222222223,1.4777777777777779,2.157142857142857,2.9,3.1799999999999997,4.56,3.5374999999999996,4.178571428571429,4.253333333333334,2.2866666666666666,3.35625
2013-09-30,2.75,3.942857142857143,3.0714285714285716,2.9125,3.3,2.9899999999999998,3.8599999999999994,3.75,3.15,1.9400000000000002,3.516666666666666,4.033333333333333,2.788888888888889,3.5444444444444443,3.814285714285714,4.625,5.5125,3.358333333333333,,,2.6,,3.8,3.56,5.2,3.088888888888889,2.8181818181818183,1.9999999999999998,3.0285714285714285,1.22,2.5,2.6166666666666667,2.7800000000000002,4.5,3.1,3.8166666666666664,3.175,1.75,2.63
2013-10-31,2.0,4.1,3.8000000000000003,3.9250000000000003,4.45,1.7000000000000002,3.016666666666667,2.9400000000000004,2.0500000000000003,1.7214285714285713,4.875,3.4000000000000004,2.1,4.066666666666666,2.82,5.0,4.85,2.6,,3.1999999999999997,2.875,3.6666666666666665,4.027272727272727,3.4899999999999998,3.253333333333333,2.5555555555555554,2.075,1.736363636363636,2.575,1.325,2.1875,2.3499999999999996,3.3333333333333335,4.25,3.1999999999999997,3.8200000000000003,2.925,1.4,3.2625
2013-11-30,2.4,4.1,,3.4749999999999996,4.3,,3.4,4.0,2.0,3.0,3.3,2.85,2.1,4.4,2.85,3.0,2.433333333333333,2.8666666666666667,4.6,3.0,2.9,,2.033333333333333,3.4,3.033333333333333,2.511111111111111,2.8875,1.8111111111111111,2.3125,1.2999999999999998,2.3666666666666667,2.966666666666667,1.8,3.066666666666667,3.875,3.966666666666667,3.45,1.95,3.0714285714285716
2013-12-31,1.9333333333333336,3.35,0.86,3.1999999999999997,2.9499999999999997,1.7666666666666666,1.6857142857142857,2.3400000000000003,1.5857142857142859,1.7083333333333333,2.414285714285714,2.9142857142857146,2.511111111111111,2.288888888888889,2.8142857142857145,2.62,2.0,2.1333333333333333,2.5090909090909093,2.0,2.78,2.2166666666666663,1.3,3.3400000000000007,4.153333333333333,1.7,2.081818181818182,1.42,1.575,0.8374999999999999,1.65,1.7999999999999998,2.5000000000000004,4.200000000000001,4.8999999999999995,2.4166666666666665,1.311111111111111,0.8555555555555556,2.26
2014-01-31,2.3,,0.95,3.65,4.025,1.2999999999999998,1.6333333333333335,2.433333333333333,1.4,1.8333333333333333,3.6800000000000006,4.6,2.075,3.3666666666666667,2.45,3.3666666666666667,3.6,2.4,2.8833333333333333,1.8142857142857143,2.96,2.5666666666666664,1.775,3.0666666666666664,3.1222222222222222,2.1,2.75,1.7999999999999998,1.4000000000000001,0.85,1.8333333333333333,1.7,1.4,,4.7,3.4750000000000005,2.75,1.25,2.975
2014-02-28,3.6,4.1000000000000005,2.55,3.0,3.3,5.0,3.0,6.3,2.2,2.85,9.7,6.166666666666667,2.6,5.4,,3.925,3.8200000000000003,4.2250000000000005,3.425,2.9,2.8,2.9,3.05,4.45,4.449999999999999,3.2750000000000004,3.1,2.1166666666666667,3.38,1.86,2.22,2.5666666666666664,2.8,4.166666666666667,4.7,3.7199999999999998,3.5500000000000003,1.1,3.35
2014-03-31,3.15,4.1625,3.1285714285714286,2.4099999999999997,3.3,1.8714285714285717,3.3,2.9375,2.8,2.3,3.75,2.9,2.725,4.216666666666666,3.4,3.4000000000000004,2.3,2.96,4.42,3.4,2.9,5.2,,3.84,4.616666666666667,3.3153846153846156,2.7777777777777777,1.8555555555555554,3.4899999999999998,1.69,2.38,2.4,2.9285714285714284,5.2875,3.785714285714286,2.8999999999999995,2.814285714285714,1.5571428571428572,2.3555555555555556
2014-04-30,2.95,4.7,3.7999999999999994,2.85,,5.4,4.1,3.033333333333333,3.46,3.3,3.5374999999999996,4.3375,3.1,3.6,3.85,5.0,5.916666666666667,3.2125,6.359999999999999,3.6,2.8000000000000003,4.2,,3.772727272727273,2.3769230769230765,3.6266666666666665,2.9000000000000004,2.0785714285714283,3.275,1.5333333333333334,2.0875000000000004,2.46,2.3166666666666664,4.383333333333334,3.3375,3.5533333333333332,3.7083333333333335,1.6916666666666664,2.9466666666666663
2014-05-31,6.2,4.619999999999999,4.95,8.8,4.6,2.575,3.9625,3.116666666666666,2.8499999999999996,1.9500000000000002,4.546153846153846,3.914285714285714,2.866666666666667,3.2,3.65,5.699999999999999,6.012499999999999,3.8,,8.9,3.5999999999999996,6.1,5.799999999999999,4.315384615384615,4.286666666666667,4.12,3.488888888888889,2.4363636363636365,3.9571428571428577,1.9142857142857146,2.65,3.22,3.0749999999999997,4.499999999999999,3.7600000000000002,4.791666666666666,4.144444444444444,2.0444444444444443,3.758333333333333
2014-06-30,4.299999999999999,4.887499999999999,4.555555555555556,3.06,2.966666666666667,2.7375,4.511111111111111,3.7399999999999998,3.3,1.875,5.071428571428571,5.340000000000001,2.2750000000000004,3.9900000000000007,2.983333333333334,5.172727272727273,6.118181818181818,3.9,5.6,,2.7,5.05,5.9,4.265,3.091666666666667,4.0588235294117645,3.677777777777777,2.4999999999999996,3.4444444444444446,1.3222222222222222,2.16,3.1999999999999997,2.642857142857143,3.825,2.8714285714285714,4.185714285714286,3.6133333333333337,1.893333333333333,3.757894736842105
2014-07-31,3.85,4.85,4.25,2.75,,3.46,4.7375,4.35,2.816666666666667,2.5,4.264705882352941,5.223529411764707,2.466666666666667,5.533333333333334,3.4499999999999997,6.207142857142857,7.450000000000001,3.8600000000000008,,,3.35,,5.433333333333334,4.008333333333333,4.1,4.075000000000001,3.34375,2.335,4.035714285714286,1.692307692307692,2.46875,3.2599999999999993,3.536363636363636,5.010000000000001,4.66,4.51875,4.143750000000001,2.0500000000000003,3.7047619047619045
2014-08-31,4.1,5.383333333333333,3.8000000000000003,4.0,,3.4357142857142855,4.654545454545454,4.264285714285714,3.2083333333333326,1.1555555555555557,5.335714285714286,4.904166666666667,3.1,5.593333333333333,3.4799999999999995,5.9,7.0,3.8142857142857145,8.5,4.6,3.45,,5.4624999999999995,4.109523809523809,3.1466666666666674,3.5444444444444443,3.2818181818181817,2.176470588235294,3.9200000000000004,2.15,2.0333333333333337,3.1,,3.45,2.9,4.470588235294118,3.7153846153846164,1.9,3.6222222222222222
2014-09-30,2.8666666666666667,3.6,3.675,2.566666666666667,3.55,2.6,3.5799999999999996,3.9499999999999993,2.475,2.033333333333333,3.6700000000000004,5.233333333333333,2.566666666666667,4.1000000000000005,3.775,5.216666666666668,5.7153846153846155,2.95,5.8,,,7.3,5.239999999999999,5.06,3.885714285714286,3.5,2.9857142857142853,1.9090909090909087,3.28,1.52,2.275,3.6,,,,3.7,3.3000000000000003,2.066666666666667,2.8000000000000003
2014-10-31,3.2600000000000002,3.6285714285714277,2.8666666666666667,4.014285714285714,3.0999999999999996,2.0,3.516666666666667,3.883333333333333,1.9333333333333336,1.6444444444444444,4.677777777777778,3.7249999999999996,3.0,4.459999999999999,2.5749999999999997,4.2857142857142865,4.283333333333333,2.9583333333333335,2.95,3.366666666666667,2.8499999999999996,3.9333333333333336,4.314285714285714,2.6125000000000003,3.269230769230769,2.625,1.808333333333333,1.5333333333333332,2.5555555555555554,1.3888888888888888,1.8777777777777775,1.8,1.4500000000000002,4.0,3.575,2.966666666666667,2.5909090909090913,1.190909090909091,2.966666666666667
2014-11-30,2.033333333333333,3.6333333333333333,2.3000000000000003,2.725,3.5,0.8,1.8599999999999999,2.425,1.2571428571428573,1.95,2.4,3.0,3.133333333333333,3.3499999999999996,2.6999999999999997,4.58,4.000000000000001,2.15,3.0,2.3400000000000003,2.95,3.45,3.733333333333333,3.3,3.3666666666666667,2.771428571428572,2.5200000000000005,1.5833333333333333,2.3,1.1749999999999998,2.14,2.2600000000000002,2.9,3.9,3.9000000000000004,3.325,2.2600000000000002,1.1599999999999997,2.771428571428572
2014-12-31,1.3,3.3,,3.3,2.6,3.25,1.7249999999999999,1.775,1.4,1.5166666666666666,2.4,2.05,2.1,2.6666666666666665,2.05,3.2750000000000004,2.3000000000000003,2.5,2.66,1.7,3.033333333333333,3.1,2.25,3.5,3.63,2.4666666666666663,2.3416666666666672,1.4333333333333333,1.5083333333333335,1.1142857142857143,1.9916666666666665,3.3,2.5,4.16,4.466666666666666,2.266666666666667,2.425,1.45,1.98
2015-01-31,1.85,4.05,1.1,3.5749999999999997,4.228571428571429,3.5749999999999993,3.9,2.725,1.3,2.7399999999999998,4.3,3.0999999999999996,2.8000000000000003,4.625,3.0,3.7,1.8,3.1,1.7999999999999998,1.7333333333333332,3.3,2.7,1.9333333333333333,2.925,2.907142857142857,2.4466666666666668,2.6636363636363636,1.521428571428571,1.3599999999999999,0.9916666666666667,1.7818181818181815,2.125,1.8,3.6999999999999997,5.975,3.25,2.425,1.1875,2.87
2015-02-28,2.3,3.95,1.0,3.116666666666667,3.3200000000000003,2.8,3.6,3.8499999999999996,2.1666666666666665,1.5,,,3.02,3.75,2.6666666666666665,4.75,4.300000000000001,1.7333333333333334,,3.0999999999999996,,,3.2,,4.4,3.8000000000000003,4.4,,3.266666666666666,1.6666666666666667,2.5833333333333335,2.3600000000000003,2.3000000000000003,4.6,4.76,2.65,1.7666666666666666,1.2666666666666666,4.12
2015-03-31,3.3,3.733333333333333,2.566666666666667,3.2181818181818187,4.233333333333333,3.9799999999999995,4.160000000000001,3.4199999999999995,3.05,3.55,4.35,3.675,2.9333333333333336,4.0600000000000005,3.18,4.8,4.9,2.5,4.4625,1.7,3.266666666666667,4.1,4.65,3.53,1.6999999999999997,3.109090909090909,2.542857142857143,1.8800000000000001,2.3285714285714283,1.0999999999999999,1.75,2.2,2.3166666666666664,4.175000000000001,3.6250000000000004,4.316666666666667,3.08,1.3699999999999999,3.146153846153846
2015-04-30,3.766666666666667,4.71111111111111,3.8666666666666663,3.5499999999999994,3.875,3.811111111111111,3.8875,3.7699999999999996,3.5200000000000005,2.2,4.46,4.155555555555555,3.1714285714285717,4.554545454545455,3.3833333333333333,4.7,4.8,3.3199999999999994,5.0,5.75,,5.066666666666666,4.8,3.875,4.585714285714286,3.8,3.75,2.275,3.3333333333333335,1.75,2.16,2.766666666666667,2.7249999999999996,4.3375,2.8428571428571425,4.033333333333333,3.47,2.59,4.322222222222222
2015-05-31,3.25,4.916666666666667,4.416666666666667,2.3,3.5,3.8428571428571425,4.781818181818181,3.972727272727273,3.0,1.4249999999999998,4.88,4.1090909090909085,2.8333333333333335,4.279999999999999,3.442857142857143,4.853333333333334,5.321428571428572,3.2357142857142853,7.449999999999999,3.0,2.5,3.266666666666667,4.640000000000001,4.016666666666667,3.8307692307692305,3.595,3.615384615384614,2.278571428571428,3.623076923076923,1.7769230769230768,2.392857142857143,3.1199999999999997,3.18,4.974999999999999,4.08,4.784615384615385,3.9,1.3272727272727274,3.38235294117647
2015-06-30,3.8625000000000003,4.784615384615385,4.7875000000000005,2.4,3.4,3.025,5.0,4.2,3.6666666666666665,2.7800000000000002,4.968421052631578,5.391666666666666,2.7714285714285714,4.163636363636364,3.3000000000000003,5.3083333333333345,5.845454545454545,3.8466666666666667,,,,,4.825,3.7222222222222223,4.3500000000000005,3.445833333333333,3.4875,2.2399999999999998,3.3000000000000003,1.6562499999999998,2.157142857142857,3.016666666666666,2.9444444444444446,4.18125,3.9538461538461536,3.668421052631578,4.166666666666667,1.804761904761905,3.7000000000000006
2015-07-31,3.4,4.476923076923077,4.516666666666667,2.96,4.6,1.74375,4.433333333333334,3.915,3.341666666666667,2.1888888888888887,4.556521739130435,5.342105263157894,3.1857142857142855,4.53529411764706,3.6700000000000004,5.895833333333333,6.721739130434782,3.7047619047619045,,,,,4.975,4.0181818181818185,3.4933333333333327,3.6619047619047613,3.827777777777778,2.3541666666666665,3.5941176470588236,1.5187499999999998,2.2933333333333334,3.5125,2.8454545454545457,4.70909090909091,3.15,4.361538461538462,4.1000000000000005,2.225,3.899999999999999
2015-08-31,3.9166666666666665,4.6,4.1000000000000005,1.9222222222222223,2.7857142857142856,2.7636363636363637,4.413333333333332,4.033333333333333,3.0444444444444443,1.7166666666666668,5.199999999999999,5.241666666666667,2.34,4.078571428571427,3.4,5.659999999999999,5.677777777777778,3.6315789473684212,8.0,,,,4.45,4.235714285714286,5.17,3.7083333333333335,3.7000000000000006,2.5083333333333333,3.483333333333334,1.3428571428571427,2.483333333333333,2.8666666666666667,4.2,4.720000000000001,3.9285714285714284,3.785,4.407692307692308,1.946153846153846,3.7384615384615385
2015-09-30,3.1,3.733333333333333,2.2,3.5428571428571436,3.84,3.4,4.266666666666667,3.7999999999999994,2.7833333333333337,1.776923076923077,5.07142857142857,3.8200000000000003,2.8249999999999997,5.4111111111111105,3.38,5.2875,5.237500000000001,3.033333333333333,6.9,,,,4.7,4.158333333333332,4.771428571428571,3.6125,3.575,2.1374999999999997,3.4285714285714293,2.0142857142857147,2.6,2.433333333333333,2.35,3.9,1.4,3.8000000000000003,3.35,1.65,3.5
2015-10-31,2.9,3.625,2.3666666666666667,4.025,3.9333333333333336,1.2,2.85,2.55,2.2,2.96,4.82,4.05,3.8,3.2249999999999996,2.55,4.220000000000001,4.319999999999999,3.4799999999999995,3.4,,3.5999999999999996,,3.7,2.7800000000000002,4.824999999999999,2.875,2.06,1.8333333333333333,2.1714285714285717,0.9571428571428571,1.925,,1.1,3.9,3.266666666666667,3.4,2.3,1.6,2.3499999999999996
2015-11-30,1.875,3.2,1.7999999999999998,3.0625,3.3333333333333335,3.175,2.118181818181818,2.4153846153846157,1.9272727272727272,1.5090909090909093,3.2222222222222223,3.257142857142857,2.2199999999999998,3.3375,2.4,3.8333333333333335,4.15,2.52,2.9,3.1500000000000004,2.25,,,3.028571428571429,3.8375000000000004,1.8647058823529412,1.8916666666666666,1.3799999999999997,1.4466666666666668,0.8,1.5666666666666664,2.257142857142857,1.175,3.7750000000000004,3.6181818181818186,2.5428571428571423,2.0571428571428574,0.8142857142857142,1.8214285714285712
2015-12-31,1.65,3.466666666666667,1.5666666666666667,3.6666666666666665,3.6999999999999997,3.383333333333333,1.62,2.2357142857142858,1.36,1.9875000000000003,2.658333333333333,3.0444444444444443,2.2111111111111112,2.316666666666667,2.25,2.266666666666667,1.975,1.3785714285714286,2.7199999999999998,2.26,2.253846153846154,2.6375,1.2666666666666666,2.34,2.8588235294117648,2.0,2.2333333333333334,1.4181818181818182,1.2000000000000002,0.6199999999999999,1.6461538461538459,1.4666666666666668,1.8666666666666665,3.6,3.400000000000001,1.6374999999999997,1.1199999999999999,0.27999999999999997,1.9727272727272727
2016-01-31,2.2333333333333334,4.0,1.4,3.6,3.9,3.1,2.75,3.0,2.266666666666667,2.975,2.3166666666666664,3.3599999999999994,1.85,2.75,,3.1166666666666667,2.6666666666666665,2.0,3.46,2.225,2.15,2.4200000000000004,1.725,2.5,3.0500000000000003,2.5,2.8200000000000003,1.8250000000000002,2.0,0.9833333333333334,1.8399999999999999,2.2399999999999998,2.4250000000000003,3.75,3.983333333333333,2.35,2.0833333333333335,1.2833333333333334,2.4625
2016-02-29,2.9333333333333336,3.766666666666667,2.8666666666666667,3.2599999999999993,3.7800000000000002,3.6666666666666665,2.6,3.65,1.4,1.75,3.9000000000000004,3.633333333333333,2.7,4.95,3.3499999999999996,5.166666666666667,4.5,1.8,2.3,5.25,2.25,3.3,2.0,3.1999999999999997,4.071428571428571,2.8400000000000003,2.8666666666666667,2.0124999999999997,2.2399999999999998,1.2399999999999998,2.44,1.8666666666666665,3.0,4.9399999999999995,4.720000000000001,2.816666666666667,2.38,1.22,2.8333333333333335
2016-03-31,4.0,4.9,4.2,3.842857142857143,5.075,3.55,4.65,4.4,3.7,6.3,5.25,3.0,2.1,4.15,2.6,5.8,5.9,2.45,5.859999999999999,3.5,3.0,3.4000000000000004,3.6666666666666665,4.83,4.253846153846155,4.03,3.1333333333333333,2.7,3.0,2.04,2.657142857142857,2.5,3.12,4.414285714285715,4.3,3.0333333333333337,3.6333333333333333,2.5666666666666664,3.3
2016-04-30,4.449999999999999,4.975,3.1666666666666665,3.15,3.7,2.9333333333333336,4.042857142857143,3.857142857142857,2.82,2.8200000000000003,5.18,4.781818181818181,2.85,4.585714285714286,2.9166666666666665,5.416666666666667,5.716666666666668,3.38,4.5,4.2,1.5,4.9,3.6,4.54,4.1,3.9,3.533333333333333,2.388888888888889,4.06,2.04,2.6,3.05,3.9,5.233333333333333,4.95,5.185714285714286,4.266666666666667,1.8833333333333335,4.4111111111111105
2016-05-31,3.5,5.139999999999999,5.033333333333333,3.0,4.016666666666667,2.3666666666666667,3.733333333333333,3.55,3.05,4.15,4.7727272727272725,4.029999999999999,2.225,4.8999999999999995,3.25,6.13,6.5200000000000005,3.9285714285714284,7.4,3.6,2.5999999999999996,,5.05,4.025,4.625,4.291666666666667,3.4,2.2625,3.3125,1.8714285714285714,2.425,2.95,3.6999999999999997,5.5,4.5,4.3181818181818175,4.466666666666666,2.191666666666667,4.3909090909090915
2016-06-30,4.7,4.7,4.279999999999999,3.4499999999999997,3.65,2.0,4.3,4.185714285714286,3.16,3.3500000000000005,4.7,4.908333333333333,2.5,4.383333333333333,3.966666666666667,5.636363636363637,6.541666666666668,3.8666666666666667,8.2,4.9,,,5.25,4.22,4.10625,4.116666666666667,3.5352941176470587,2.3142857142857145,3.7071428571428564,1.6428571428571426,2.3200000000000003,3.4,3.6250000000000004,4.688888888888888,4.228571428571429,3.5200000000000005,4.237500000000001,2.1375,3.488888888888889
2016-07-31,5.033333333333333,5.033333333333333,4.211111111111111,2.542857142857143,4.575,3.59,4.4750000000000005,4.11,3.5375,2.4,4.676923076923077,5.317391304347826,2.936363636363636,5.3238095238095235,3.929411764705882,5.872727272727272,6.404347826086957,3.883333333333333,,,3.4666666666666663,,4.220000000000001,3.6789473684210523,5.34375,3.8550000000000004,3.525,2.291304347826087,3.990476190476191,1.6349999999999998,2.3000000000000003,3.3076923076923084,3.54,4.2,3.2909090909090906,4.81304347826087,4.670833333333333,2.2416666666666667,3.533333333333333
2016-08-31,4.6000000000000005,4.383333333333334,3.969230769230769,2.571428571428572,3.9545454545454546,2.2076923076923074,4.61875,3.92,3.40625,3.077777777777778,4.742105263157894,4.711764705882353,3.1785714285714284,4.814285714285714,3.8850000000000002,5.656521739130436,6.556521739130434,4.175,,,,,4.383333333333334,4.183333333333334,5.538461538461539,4.166666666666667,3.7800000000000007,2.344444444444444,3.59375,1.68125,2.3874999999999997,2.985714285714286,3.436363636363636,4.17,3.0999999999999996,4.691666666666666,4.3809523809523805,2.1619047619047618,3.8956521739130436
2016-09-30,3.5200000000000005,4.5600000000000005,3.8000000000000003,2.433333333333333,4.566666666666666,2.9625,4.366666666666666,3.8333333333333335,2.6666666666666665,2.1333333333333333,4.125,2.866666666666667,3.2000000000000006,4.466666666666667,3.575,4.949999999999999,5.475,3.175,5.55,,2.6,,,3.5352941176470587,3.4000000000000004,3.3249999999999997,3.0,1.8999999999999997,3.625,1.75,2.2125,3.05,3.216666666666667,4.6,3.9555555555555557,3.4000000000000004,3.8875,1.725,3.069230769230769
2016-10-31,2.0,3.425,2.0599999999999996,3.72,3.34,0.2,2.5,2.54,1.05,4.3999999999999995,4.522222222222222,3.5200000000000005,2.3,3.3666666666666667,2.9499999999999997,3.9142857142857137,3.9285714285714293,2.442857142857143,,,2.8,2.3,3.2,3.4125,4.249999999999999,3.15,2.8875,1.625,2.35,1.2999999999999998,2.0,2.35,1.7,,1.1,2.775,2.6799999999999997,1.78,2.6555555555555554
2016-11-30,2.266666666666667,3.4000000000000004,2.25,2.8833333333333333,3.725,0.9,1.8333333333333333,2.3,1.35,1.5,2.9,2.9333333333333336,2.1333333333333333,3.7749999999999995,2.575,2.1999999999999997,1.05,2.0,2.9333333333333336,1.4,3.525,2.58,1.65,3.1,2.32,2.957142857142857,3.2142857142857144,1.5625,1.8555555555555554,1.011111111111111,1.9874999999999998,1.9,2.575,3.516666666666667,3.475,2.8,3.3199999999999994,1.72,3.2
2016-12-31,2.183333333333333,3.3,1.8727272727272728,3.592857142857142,2.425,3.05,2.1375,2.388888888888889,1.425,3.3000000000000003,3.2857142857142856,3.2750000000000004,2.4454545454545458,3.3999999999999995,2.0200000000000005,3.242857142857143,2.0444444444444443,1.8642857142857143,2.3111111111111113,,,1.9500000000000002,2.033333333333333,2.5,3.5583333333333336,1.4,2.1,1.3499999999999999,1.2666666666666668,0.8909090909090908,1.854545454545454,2.7199999999999998,1.65,4.3090909090909095,3.6153846153846154,2.6999999999999997,1.1,0.9333333333333332,2.34
2017-01-31,0.9,,2.9,4.68,3.1,1.0,1.7,2.1,1.3333333333333333,3.2,2.85,6.6,2.5,2.4,2.3,2.3400000000000003,1.9500000000000002,1.1,2.5625,2.18,3.7,1.9250000000000003,2.35,4.0,3.8181818181818183,3.1,3.7857142857142856,1.557142857142857,1.78,0.990909090909091,1.8999999999999997,1.9,4.2,4.266666666666667,3.3714285714285714,2.95,2.9000000000000004,1.575,3.6000000000000005
2017-02-28,2.433333333333333,4.3,3.3333333333333335,3.7399999999999998,3.8000000000000003,2.9,3.022222222222222,3.4200000000000004,2.3200000000000003,2.42,4.3,3.9499999999999997,2.5,3.45,2.85,3.3333333333333335,2.825,3.0142857142857147,5.15,4.2,,3.0,2.8,,3.38,4.45,5.025,2.7,1.75,1.3428571428571427,2.090909090909091,2.16,2.6799999999999997,5.0,4.271428571428571,2.5,2.75,1.375,3.1500000000000004
2017-03-31,2.6666666666666665,4.1,3.283333333333333,2.5999999999999996,3.6666666666666665,2.042857142857143,4.022222222222222,3.5749999999999997,3.0777777777777775,2.6916666666666664,4.34,4.557142857142856,2.388888888888889,3.2545454545454544,3.1,3.933333333333334,3.0,3.108333333333333,4.85,4.324999999999999,,3.65,4.075,3.5818181818181816,3.1500000000000004,2.8333333333333335,3.38,1.9749999999999999,2.7538461538461543,1.2923076923076924,2.0833333333333335,2.21,2.6999999999999997,4.4399999999999995,3.409090909090909,3.025,3.211111111111111,1.8833333333333333,3.0875
2017-04-30,3.0799999999999996,4.855555555555556,4.18,3.25,4.819999999999999,5.01,4.522222222222222,3.955555555555555,3.5999999999999996,3.6714285714285713,4.344444444444445,4.592307692307693,2.35,4.911111111111111,3.15,4.918181818181818,4.8,3.3615384615384616,5.5,,,5.7,5.55,3.9124999999999996,4.388888888888888,3.21,2.7222222222222228,1.95,3.1,1.6384615384615384,2.62,2.9250000000000003,3.0833333333333335,4.707142857142857,3.9599999999999995,3.4999999999999996,3.7846153846153836,2.3846153846153846,3.7800000000000002
2017-05-31,3.45,4.3125,3.9375,2.3499999999999996,2.8499999999999996,3.0749999999999997,4.2,3.814285714285714,3.4,2.95,4.777777777777779,6.0,2.911111111111111,3.645454545454545,3.3,4.877777777777777,6.1611111111111105,3.7411764705882353,,4.4,2.5,5.4,5.44,4.081818181818182,5.0249999999999995,4.26,3.7399999999999993,2.335294117647059,3.3,1.4200000000000004,2.4214285714285713,3.19,2.9400000000000004,4.833333333333333,2.8333333333333335,3.526315789473684,4.18125,2.2125,3.9450000000000003
2017-06-30,3.7199999999999998,4.690909090909091,4.909999999999999,2.2625,3.4500000000000006,2.5785714285714287,4.177777777777778,3.842105263157894,3.642857142857143,2.8272727272727276,4.539130434782609,5.857142857142857,2.79,3.6461538461538465,3.9,5.278947368421052,6.094736842105263,3.564705882352941,,,,,5.16,3.685714285714286,4.6000000000000005,4.4,3.8499999999999996,2.325,3.4125,1.6866666666666663,2.190909090909091,3.2083333333333335,3.2800000000000002,4.4799999999999995,3.9499999999999997,3.6315789473684212,4.016666666666667,2.0944444444444446,4.076190476190477
2017-07-31,4.633333333333333,5.116666666666666,4.728571428571429,2.4714285714285715,3.7,3.841176470588236,4.523529411764706,4.342105263157894,3.3285714285714287,2.7857142857142856,5.148,5.163636363636363,3.4533333333333336,4.880000000000001,4.0,5.542857142857143,6.459999999999999,3.805263157894737,,,2.6,,5.153846153846154,3.6727272727272724,3.8642857142857143,3.8,3.5368421052631573,2.123809523809524,3.7894736842105257,1.7058823529411764,2.3249999999999997,3.616666666666667,3.6571428571428575,4.166666666666667,2.7666666666666666,5.1049999999999995,4.426315789473685,2.2789473684210524,3.8454545454545457
2017-08-31,4.375,4.5777777777777775,4.009090909090909,2.530769230769231,5.725,2.785714285714286,4.6409090909090915,3.975,3.1719999999999997,2.1772727272727272,5.010000000000001,5.211538461538462,2.565,3.829166666666667,3.580952380952381,5.108,5.724,3.4478260869565216,6.0,,,5.433333333333334,4.58,3.6923076923076925,5.023076923076922,3.5461538461538455,3.6357142857142852,2.26,3.661538461538462,1.366666666666667,2.4454545454545453,3.1,3.625,4.544444444444443,4.1,4.547368421052632,4.435294117647059,2.2058823529411766,3.2692307692307687
2017-09-30,2.733333333333333,4.349999999999999,3.65,2.1666666666666665,3.375,1.633333333333333,4.04,4.216666666666667,2.7399999999999998,3.7749999999999995,4.254545454545454,5.199999999999999,3.0,4.733333333333333,3.428571428571428,5.407142857142857,5.392857142857143,3.2555555555555555,7.033333333333334,,,5.3,4.55,3.5099999999999993,3.6600000000000006,4.091666666666667,3.316666666666667,2.05,3.483333333333333,1.72,2.44,2.65,3.5250000000000004,6.4,5.0,2.62,3.5285714285714285,1.7285714285714284,3.8538461538461535
2017-10-31,2.05,4.1,2.5666666666666664,3.0000000000000004,4.916666666666667,2.257142857142857,2.7230769230769236,2.8499999999999996,2.1857142857142855,1.8,3.955555555555555,6.659999999999999,2.2166666666666663,3.146153846153846,3.0,4.207692307692307,4.515384615384615,2.3666666666666667,3.05,3.4,3.1666666666666665,5.0,3.466666666666667,3.0999999999999996,3.546666666666667,2.2777777777777777,1.6571428571428573,1.6099999999999999,2.3,1.275,1.9999999999999998,2.3333333333333335,2.6399999999999997,4.1,3.9333333333333336,3.6375,2.35,1.6249999999999998,2.43125
2017-11-30,1.6,3.55,1.5,3.1666666666666665,2.44,1.3666666666666665,2.325,2.6333333333333333,1.8,2.3499999999999996,3.1999999999999997,5.074999999999999,2.56,3.3,2.45,3.5799999999999996,3.9428571428571426,1.7600000000000002,2.5499999999999994,2.2600000000000002,3.12,2.757142857142857,2.25,2.9375,2.8187499999999996,2.1818181818181817,2.325,1.44,1.4111111111111112,0.7888888888888889,2.033333333333333,1.3833333333333335,2.2,3.5625,4.08,3.2857142857142856,1.9636363636363634,1.1090909090909091,2.3764705882352946
2017-12-31,1.6,3.35,0.9,3.8272727272727276,3.5500000000000003,2.6,1.6333333333333335,2.2666666666666666,1.1666666666666667,1.6800000000000002,2.86,4.64,2.475,3.72,2.3000000000000003,2.3,2.65,2.4,2.6833333333333336,2.4285714285714284,3.275,1.9142857142857144,1.7,3.5250000000000004,4.03125,2.4454545454545453,2.74,1.5727272727272728,1.9727272727272729,0.9454545454545453,2.0999999999999996,1.6749999999999998,1.35,4.475,3.4333333333333336,,2.1333333333333333,1.2,3.2857142857142856
2018-01-31,1.3,3.7,2.725,3.183333333333333,3.283333333333333,2.2,2.8000000000000003,2.9499999999999997,2.02,2.283333333333333,3.5999999999999996,4.114285714285715,2.5666666666666664,3.6666666666666665,2.5,2.125,2.533333333333333,2.1333333333333333,4.65,3.85,3.7299999999999995,3.0,2.233333333333333,2.7166666666666663,2.1999999999999997,3.183333333333333,3.325,1.742857142857143,2.314285714285714,1.3625,2.177777777777778,1.75,1.94,4.220000000000001,4.328571428571428,1.25,2.95,1.6125,3.9428571428571426
2018-02-28,,,,,,4.3,3.7,3.2,2.3333333333333335,2.0,3.6,3.4,,,,,,,,3.3,,,2.1,4.0,2.9200000000000004,3.5,4.6,1.7,2.7249999999999996,1.56,2.3200000000000003,2.2,1.7,4.300000000000001,4.7,4.15,4.15,2.3499999999999996,5.0
2018-03-31,,4.3,,3.1999999999999997,,1.5,2.9,2.5,,,8.4,,2.8499999999999996,3.5,2.7,2.8,2.9,,,3.4,3.7,2.1,2.4,3.3,4.083333333333333,5.633333333333334,4.550000000000001,2.6,,,3.5333333333333337,2.5,,5.0,4.166666666666667,2.8,3.875,1.6,4.8
2018-04-30,3.175,4.7,3.7399999999999998,2.1999999999999997,3.7,2.71,3.4454545454545453,2.9545454545454546,3.085714285714286,1.9999999999999998,4.283333333333333,4.466666666666667,1.85,3.9166666666666665,3.1,4.9,5.125,3.0,5.9,,2.75,4.45,5.55,3.6,6.318181818181818,4.659999999999999,3.3333333333333335,2.585714285714286,3.5599999999999996,1.42,2.04,2.3200000000000003,2.3375,4.340000000000001,3.9333333333333336,3.6818181818181817,2.95,1.4625,4.09
2018-05-31,,5.2,3.05,,,1.5,,3.0,3.0000000000000004,1.8,4.659999999999999,5.983333333333333,2.2,3.233333333333333,2.95,5.0,5.3999999999999995,2.8999999999999995,7.6,,2.9,,5.5,4.9,4.999999999999999,4.15,3.8800000000000003,2.62,4.4399999999999995,1.9000000000000001,2.7750000000000004,3.5,4.800000000000001,2.5,3.6,3.7,4.15,1.8,3.38
2018-06-30,3.2999999999999994,4.733333333333333,4.875,,,3.06,5.266666666666667,4.433333333333334,2.9,0.9,4.3125,5.533333333333332,3.522222222222222,4.285714285714286,3.5500000000000003,5.114285714285714,5.137499999999999,3.9818181818181815,6.8,,4.3,,4.859999999999999,4.1625,4.811764705882353,3.9722222222222214,3.339999999999999,2.115384615384615,3.9928571428571438,1.9,2.407692307692308,3.2,2.8555555555555556,4.133333333333334,2.9875000000000003,4.507142857142857,4.418181818181818,2.2,3.4647058823529413
2018-07-31,3.8,4.8199999999999985,4.63,3.4333333333333336,,2.65,4.935294117647059,4.380000000000001,3.269230769230769,2.527272727272728,5.0,4.734999999999999,3.2,5.0636363636363635,3.55,5.109999999999999,5.6090909090909085,3.3058823529411767,7.233333333333333,,4.4,,4.775,4.7733333333333325,3.4500000000000006,4.061538461538461,3.670833333333333,2.2961538461538464,4.090909090909091,1.7818181818181813,2.3133333333333335,3.3375000000000004,3.0454545454545454,4.0307692307692315,3.3777777777777778,3.4481481481481477,4.30952380952381,2.0000000000000004,3.78
2018-08-31,4.233333333333333,4.4,3.875,3.175,2.4,1.5499999999999998,4.383333333333334,3.675,3.14,2.2,5.05,4.466666666666666,2.3600000000000003,4.3375,3.5,4.083333333333334,4.116666666666666,2.9699999999999998,,,,,4.2,4.06,4.3500000000000005,3.5600000000000005,3.0599999999999996,1.9272727272727268,3.8000000000000003,1.6666666666666667,2.32,3.02,3.4,3.8600000000000003,2.5,3.5555555555555554,3.9999999999999996,2.1571428571428575,3.1142857142857148
2018-09-30,2.983333333333334,4.3545454545454545,3.483333333333333,2.8200000000000003,1.9,2.3333333333333335,3.2400000000000007,3.3999999999999995,3.0333333333333337,2.14,4.199999999999999,3.900000000000001,3.5,5.042857142857143,4.0,4.253846153846155,4.63076923076923,3.2545454545454544,,,,,3.25,4.1000000000000005,3.6999999999999997,2.8666666666666667,2.3,1.7500000000000002,2.9000000000000004,1.311111111111111,2.3249999999999997,2.35,3.55,6.033333333333334,3.825,3.125,3.4400000000000004,1.52,3.016666666666667
2018-10-31,3.0999999999999996,3.5999999999999996,2.7800000000000002,4.0666666666666655,2.15,2.757142857142857,2.825,2.68,1.3,2.95,3.3,5.25,1.9000000000000001,3.3333333333333335,2.575,3.725,3.1600000000000006,3.5666666666666664,2.7,4.8,3.7,2.55,3.8,3.75,4.183333333333334,3.1999999999999997,2.04,1.8166666666666664,2.728571428571428,1.3571428571428572,1.883333333333333,2.1999999999999997,1.9333333333333336,4.180000000000001,3.316666666666667,3.875,2.7399999999999998,1.4,4.533333333333334
2018-11-30,2.05,,3.3333333333333335,4.25,0.9,,1.725,2.066666666666667,1.7,2.2333333333333334,3.4,3.6999999999999997,2.6,1.6,2.3,2.2,2.6,1.55,2.9333333333333336,2.1500000000000004,2.825,2.5,2.3000000000000003,3.125,3.44,3.0625,2.6,1.5000000000000002,2.16,0.9200000000000002,1.8399999999999999,1.6666666666666667,3.1,4.125,5.475,3.75,2.925,1.1500000000000001,3.283333333333333
2018-12-31,1.75,3.2,1.6333333333333335,3.15,2.842857142857143,2.1666666666666665,1.98,2.4,1.6,1.65,2.375,3.15,2.4875,2.7,2.5333333333333337,2.375,2.45,2.3499999999999996,3.5833333333333335,1.9099999999999997,3.5999999999999996,1.883333333333333,1.05,2.8666666666666663,3.1857142857142846,2.51875,2.472727272727272,1.272727272727273,2.478571428571428,1.2533333333333334,1.6916666666666664,2.2,,4.3,3.0500000000000003,2.6,2.9416666666666664,0.9333333333333335,2.8846153846153846
2019-01-31,1.7000000000000002,3.4,,3.216666666666667,2.1625,1.8,2.35,3.05,2.15,2.1,4.8,3.9,2.7625,4.199999999999999,2.4,2.55,2.2,1.7750000000000001,2.575,2.5250000000000004,4.1,3.7,2.8,3.55,3.7588235294117647,2.83,3.0000000000000004,1.5266666666666664,2.2142857142857144,1.0333333333333334,2.015384615384615,2.4333333333333336,3.3333333333333335,3.6,4.575,3.3,3.1,1.3,2.4416666666666664
2019-02-28,2.35,3.755555555555556,2.5818181818181816,2.8470588235294114,2.5833333333333335,2.488888888888889,2.9,3.0,2.5833333333333335,2.25,3.9375,5.085714285714286,2.5800000000000005,3.069230769230769,2.6888888888888887,4.0636363636363635,4.218181818181818,2.791666666666666,3.3625,3.516666666666666,3.5,2.775,3.2999999999999994,3.4125,4.011111111111111,3.3,3.2315789473684204,1.6684210526315788,2.535,1.1578947368421053,1.872222222222222,2.053333333333333,2.3714285714285714,3.957142857142857,3.1222222222222222,3.0900000000000003,2.4285714285714284,1.25,3.2350000000000003
2019-03-31,3.45,4.262499999999999,3.3636363636363638,3.016666666666666,3.516666666666667,3.2750000000000004,4.0,3.6799999999999997,3.0999999999999996,3.54,3.9583333333333335,4.3769230769230765,2.542857142857143,4.218181818181818,3.15,5.33,5.069999999999999,3.7250000000000005,6.7,3.5,4.2,3.375,2.4,4.225,3.3181818181818175,3.4461538461538463,2.8249999999999997,1.833333333333333,3.5388888888888888,1.6333333333333333,2.194444444444444,2.0999999999999996,3.1714285714285713,4.666666666666667,3.4076923076923076,3.8642857142857134,3.5733333333333333,1.9066666666666663,3.611764705882353
2019-04-30,,,4.65,3.6,3.3,,2.7,2.7,2.7,1.9,4.359999999999999,3.0666666666666664,2.4,4.0,3.1,5.1,5.033333333333334,2.95,,4.1,,,,4.527272727272727,4.38,4.044444444444444,3.7249999999999996,2.0571428571428574,3.18,1.8000000000000003,2.075,3.6,5.15,4.7,3.6,4.116666666666667,4.466666666666667,2.3000000000000003,4.3428571428571425
2019-05-31,,4.833333333333334,5.025,4.5,,2.3,4.7,3.533333333333333,,3.0,4.183333333333334,4.94,2.5,5.066666666666666,,5.2,5.42,3.5625,7.4,6.7,2.4,,5.0,4.555555555555555,4.893333333333333,4.247058823529412,3.3222222222222224,2.1545454545454543,4.025,1.8571428571428572,2.5500000000000003,3.1666666666666665,4.328571428571429,5.449999999999999,4.533333333333334,4.7846153846153845,3.8875,2.4875,4.09375
2019-06-30,3.6142857142857143,4.811111111111112,4.855555555555556,2.3777777777777778,1.8333333333333333,3.8642857142857143,4.035294117647059,3.6722222222222225,3.094117647058823,2.3,4.690476190476191,4.8100000000000005,2.523076923076923,5.205,3.425,4.368181818181818,4.859090909090909,4.200000000000001,,,3.2,,4.3625,4.514285714285714,5.025,4.066666666666666,3.575,2.276470588235294,3.9411764705882355,1.525,2.207142857142857,2.9400000000000004,3.2785714285714285,5.026666666666666,3.83125,4.594736842105263,4.794736842105262,2.431578947368421,4.366666666666666
2019-07-31,4.24,4.818181818181819,5.040000000000001,3.625,4.0,1.84375,4.266666666666667,3.93125,3.2769230769230764,3.3272727272727276,4.82,5.925000000000001,3.1700000000000004,4.093333333333333,4.236363636363635,4.673684210526315,5.0052631578947375,3.747368421052631,8.4,,,,4.671428571428572,4.263636363636364,4.534999999999999,4.388888888888889,4.185714285714285,2.4625,3.8421052631578947,1.5411764705882351,2.278947368421053,3.3545454545454545,3.79375,4.45,3.014285714285714,3.8608695652173908,4.642857142857143,2.2333333333333334,4.273684210526316
2019-08-31,3.02,4.840000000000001,4.612500000000001,3.2000000000000006,,2.790909090909091,4.506666666666666,4.225,3.0235294117647062,2.2545454545454544,5.2227272727272736,5.4375,3.442857142857143,5.085714285714286,3.5538461538461545,5.383333333333334,6.0,3.4200000000000004,,,,,4.844444444444445,4.411764705882353,3.78,3.211111111111111,3.173333333333333,2.0125,3.8142857142857145,1.6454545454545455,2.246153846153846,3.0999999999999996,3.18,4.418181818181818,3.5,4.70909090909091,4.505882352941177,2.258823529411765,3.9611111111111117
2019-09-30,2.25,4.622222222222223,3.5124999999999997,3.2857142857142856,4.3,2.85,3.811111111111111,3.411111111111111,2.8666666666666667,2.5500000000000003,4.036363636363636,5.125,2.7800000000000002,5.677777777777778,3.2,4.90625,4.93125,3.4299999999999997,,,2.4,,3.85,3.6222222222222222,2.9125,3.25,2.9799999999999995,1.75,3.25,1.2999999999999998,1.9500000000000002,2.6222222222222222,2.9125,5.26,3.2399999999999998,5.209090909090908,3.7222222222222223,1.8777777777777775,3.1875
2019-10-31,2.6,2.466666666666667,2.2,2.3333333333333335,4.6,1.9875,2.87,3.2299999999999995,1.9214285714285713,2.1375,4.911111111111111,4.071428571428571,1.8333333333333333,4.366666666666666,2.9285714285714284,4.522222222222222,4.622222222222223,2.8375000000000004,4.566666666666666,3.9,3.3666666666666667,2.6,4.125,3.7222222222222223,3.0687499999999996,2.9692307692307693,2.6181818181818177,1.5999999999999999,2.991666666666667,1.2166666666666666,2.0,2.1,2.5999999999999996,3.75,3.2,3.8666666666666667,3.4,1.8555555555555554,3.2266666666666666
2019-11-30,2.0,1.5,3.0,,1.5,,,,,,,8.0,2.1,5.0,,3.5,3.7,,5.3,2.6666666666666665,2.9,2.675,2.7,2.8,4.5,3.983333333333333,3.3499999999999996,2.4,2.95,1.35,1.94,1.7,2.2,3.2,5.3,4.6,4.45,1.25,3.5285714285714285
2019-12-31,1.5,1.866666666666667,1.2,3.0500000000000003,3.114285714285714,3.133333333333333,1.8399999999999999,2.325,2.175,2.8,4.22,3.1999999999999997,2.175,2.8600000000000003,2.25,2.3666666666666667,2.525,2.3333333333333335,2.6714285714285713,1.9499999999999997,3.0666666666666664,2.325,1.1333333333333333,3.233333333333333,3.366666666666667,3.2857142857142856,2.142857142857143,1.4333333333333333,2.322222222222222,0.7888888888888889,1.511111111111111,2.3666666666666667,2.6500000000000004,3.6875,3.1333333333333333,2.7142857142857144,2.2199999999999998,1.1,2.4499999999999997
2020-01-31,1.9500000000000002,1.7666666666666666,2.5999999999999996,3.3200000000000003,3.1857142857142855,1.7600000000000002,1.7166666666666668,2.354545454545455,1.6099999999999999,2.3785714285714286,3.8,3.35,2.585714285714286,2.185714285714286,2.866666666666667,2.266666666666667,2.4166666666666665,2.1999999999999997,3.057142857142857,3.233333333333333,3.2600000000000002,2.4,5.8,3.8750000000000004,3.0300000000000002,2.927272727272727,2.4000000000000004,1.4000000000000001,1.5750000000000002,0.75,1.6333333333333335,2.066666666666667,2.46,4.188888888888889,3.54,2.6799999999999997,3.0818181818181816,1.0363636363636364,3.0500000000000003
2020-02-29,2.033333333333333,3.0499999999999994,2.7199999999999998,2.8499999999999996,3.6875,2.1888888888888887,2.844444444444444,3.0,2.42,2.5285714285714285,4.65,3.6666666666666665,2.3400000000000003,3.0625,3.0833333333333335,3.6,3.533333333333333,3.1875,4.8,5.2,2.65,3.7,2.4,3.3333333333333335,3.6,3.6941176470588233,2.657142857142857,1.6230769230769229,2.56,1.2600000000000002,1.7076923076923078,1.9666666666666666,2.575,5.116666666666666,4.3999999999999995,3.5833333333333335,2.6199999999999997,1.3699999999999999,2.8941176470588235
2020-03-31,1.9,3.0833333333333335,4.05,1.9000000000000001,3.757142857142857,2.5,2.92,3.0600000000000005,2.642857142857143,2.022222222222222,3.4,3.62,3.02,4.3,3.2,6.35,4.7,4.775,6.9,,,3.75,2.3,3.85,3.3875,4.216666666666666,2.9,2.0,2.6500000000000004,1.05,1.6333333333333335,2.5,3.233333333333333,4.1,2.25,2.966666666666667,3.1333333333333333,1.6333333333333335,3.8600000000000003
2020-04-30,4.675,3.3454545454545452,4.2700000000000005,2.4076923076923076,4.833333333333332,3.209090909090909,3.8416666666666672,3.4071428571428575,2.988888888888889,2.257142857142857,4.111111111111111,5.369999999999999,2.79,3.6399999999999997,3.716666666666667,4.119999999999999,4.033333333333334,4.4,6.550000000000001,5.3,,,5.0,4.1000000000000005,6.3,4.928571428571429,4.466666666666666,2.55,3.25,1.4500000000000002,2.1500000000000004,2.7,2.5,4.012499999999999,2.65,3.2,3.1333333333333333,1.6777777777777778,3.0375
2020-05-31,3.0,4.65,4.779999999999999,2.3333333333333335,4.025,2.88,4.62,4.6000000000000005,3.6500000000000004,1.94,4.35,4.8375,2.6,4.0375,4.3999999999999995,4.966666666666666,5.17,4.276923076923077,,4.3,2.0,4.1,4.7,3.522222222222222,4.68,4.892307692307693,3.5125,2.5000000000000004,3.811111111111111,1.5000000000000002,2.12,2.7285714285714286,3.0500000000000003,4.6000000000000005,3.314285714285714,4.5166666666666675,4.216666666666668,2.1083333333333334,4.066666666666667
2020-06-30,3.9,4.083333333333333,5.15,1.85,4.25,2.4083333333333337,4.12,3.7700000000000005,3.233333333333333,2.5,5.217647058823529,5.1933333333333325,2.8625,5.0272727272727264,3.94,5.258333333333334,6.172727272727273,4.1,7.233333333333334,2.9,2.6,,5.039999999999999,4.173913043478262,3.64375,5.078947368421053,3.657142857142857,2.5684210526315794,3.915384615384615,1.7615384615384615,2.355555555555556,3.4333333333333336,2.56,3.8285714285714287,3.2399999999999998,4.872222222222224,4.2299999999999995,2.29,4.3999999999999995
2020-07-31,4.2,4.591666666666667,4.461538461538462,3.0799999999999996,4.1,2.4526315789473685,4.976470588235294,4.352631578947369,3.384210526315789,2.2500000000000004,5.415000000000001,5.944444444444445,2.5900000000000003,4.635714285714285,4.011111111111111,5.636,5.984615384615386,3.75,6.0,,,,3.816666666666667,4.0,5.205263157894737,4.719047619047619,3.23125,2.2666666666666666,4.007692307692308,1.5307692307692309,2.3999999999999995,2.985714285714286,3.0416666666666665,4.0,2.6153846153846154,5.065384615384615,4.933333333333334,2.366666666666667,3.6176470588235294
2020-08-31,3.65,5.21,4.529999999999999,2.55,4.15,2.9785714285714286,4.484615384615385,4.105263157894737,3.0999999999999996,2.36,4.821739130434784,4.65909090909091,3.344444444444444,5.253333333333332,3.6785714285714293,5.509090909090909,5.778260869565218,3.594736842105264,7.0,,2.9,,4.45,4.342105263157894,4.550000000000001,4.168181818181818,3.3736842105263154,2.227272727272727,3.8933333333333335,1.66,2.333333333333333,2.9899999999999998,3.2625,4.85,3.442857142857143,4.1863636363636365,4.4,2.3210526315789473,3.5545454545454547
2020-09-30,3.15,3.5,4.180000000000001,3.1,5.000000000000001,1.366666666666667,3.5444444444444443,3.65,3.011111111111111,2.6888888888888887,4.228571428571429,4.233333333333333,2.783333333333333,3.6555555555555554,3.3600000000000003,4.029999999999999,4.211111111111112,3.14,5.5,3.7,2.2,,1.5,3.988888888888889,4.630769230769231,4.133333333333333,3.371428571428571,2.1333333333333333,3.7399999999999998,1.5818181818181818,2.4000000000000004,2.7,2.625,3.966666666666667,3.15,2.7285714285714286,3.35,1.6166666666666665,2.7999999999999994
2020-10-31,2.45,3.75,2.85,2.533333333333333,4.0,2.3000000000000003,2.911111111111111,3.3000000000000003,1.8833333333333335,2.6428571428571432,4.4375,4.625,2.45,4.2749999999999995,2.6,3.4285714285714284,3.414285714285715,1.8333333333333333,5.840000000000001,3.5,2.5,3.85,4.8,3.6785714285714293,4.311764705882354,3.8499999999999996,3.1083333333333325,1.8882352941176472,3.233333333333334,1.4928571428571424,2.063636363636364,1.7333333333333332,2.1599999999999997,4.8,3.7999999999999994,3.5875,3.1875,1.3624999999999998,3.4181818181818184
2020-11-30,2.283333333333333,1.94,2.7800000000000002,3.0222222222222226,4.175,1.55,1.7555555555555555,2.2,1.5,2.242857142857143,4.319999999999999,4.319999999999999,2.34,3.325,2.6888888888888887,3.042857142857143,2.5555555555555554,2.1384615384615384,4.300000000000001,2.8333333333333335,2.2,3.0,2.5749999999999997,3.0833333333333335,3.45,2.728571428571428,2.2,1.4249999999999998,2.275,1.0,1.75,1.775,2.6375,4.18,3.8333333333333335,2.716666666666667,2.575,1.3625,2.283333333333333
2020-12-31,,2.3,,3.4,4.0,2.4,1.4,1.925,1.2,0.8,3.95,2.466666666666667,1.9,2.3,2.6,2.7,2.7,1.7333333333333332,3.516666666666667,2.425,3.175,2.2600000000000002,1.9,3.0333333333333337,4.335714285714286,2.7363636363636363,3.1624999999999996,1.6333333333333335,1.5333333333333332,0.9166666666666666,1.625,0.9,1.95,3.4333333333333336,4.666666666666667,4.55,2.275,0.8750000000000001,3.744444444444444
2021-01-31,,1.9,,2.96,3.0,2.5,2.4000000000000004,2.2,,2.8,,,3.1666666666666665,4.5,3.2,3.0,2.55,3.1,3.16,2.733333333333333,2.6,2.55,3.6,3.125,3.058333333333333,3.283333333333333,2.9199999999999995,1.4142857142857141,2.12,1.4000000000000001,1.8285714285714285,2.0,,1.3,6.5,4.5,2.775,1.2,2.7375
2021-02-28,,,3.6,2.871428571428571,2.46,2.0799999999999996,2.5714285714285716,2.871428571428571,2.1750000000000003,2.35,4.358333333333333,3.853846153846154,2.38,3.75,2.7875,3.242857142857143,2.875,2.891666666666667,4.483333333333333,3.3428571428571425,3.2,3.442857142857143,2.54,4.5,4.455555555555555,3.3166666666666664,2.95,1.98,3.0666666666666664,1.4000000000000001,1.72,1.9,5.5,3.75,2.7000000000000006,3.65,2.9250000000000003,1.475,3.35
2021-03-31,3.3000000000000003,3.6875,3.3000000000000003,2.6799999999999997,4.7700000000000005,2.475,3.4285714285714293,3.533333333333333,2.8999999999999995,1.8,4.93,5.025,2.4714285714285715,3.533333333333333,3.244444444444445,4.536363636363635,3.7363636363636363,3.1100000000000003,5.3,3.766666666666667,2.6,4.225,3.6,4.075,4.16,4.453846153846154,4.3,2.309090909090909,3.1714285714285713,1.1857142857142857,2.1666666666666665,2.38,2.642857142857143,2.46,2.3000000000000003,4.314285714285714,4.046153846153846,2.2153846153846155,4.016666666666667
2021-04-30,4.34,4.083333333333333,4.0,3.3333333333333335,7.8,3.3000000000000003,3.7,3.8833333333333333,3.1,2.4333333333333336,4.16,3.783333333333333,2.733333333333333,3.3166666666666664,3.2750000000000004,4.4,4.5,3.2800000000000002,,,1.7,5.199999999999999,4.933333333333334,5.0,6.8,4.85,3.4,1.8,3.1500000000000004,1.3,2.425,2.2,3.133333333333333,2.533333333333333,4.466666666666667,5.75,5.0,2.725,3.983333333333333
2021-05-31,4.0,5.35,4.15,3.6,0.3,2.466666666666667,3.933333333333333,3.657142857142857,3.2428571428571433,2.3142857142857145,6.069230769230769,4.4750000000000005,2.5333333333333337,4.66,3.775,5.569230769230769,5.738461538461539,3.511111111111111,7.3,6.2,2.8,,5.42,4.7,3.9357142857142855,5.264285714285713,3.8714285714285714,2.1166666666666667,3.6399999999999997,2.15,2.5333333333333337,3.1,3.1799999999999997,4.866666666666666,3.9499999999999997,4.733333333333333,3.9625,2.0625,4.366666666666666
2021-06-30,,4.4799999999999995,4.066666666666666,3.175,3.45,3.4545454545454546,3.8800000000000003,3.5461538461538464,2.969230769230769,2.4846153846153842,4.7625,4.533333333333333,3.05,5.835714285714286,3.6571428571428575,4.985714285714287,5.058333333333333,3.8272727272727276,,,,,5.266666666666667,4.5095238095238095,4.772222222222222,4.661538461538462,3.8307692307692305,2.55,3.8000000000000003,1.725,2.2285714285714286,2.975,3.16,2.425,3.5,4.40625,4.386666666666668,2.1533333333333338,4.041666666666667
2021-07-31,4.550000000000001,4.466666666666667,4.5166666666666675,2.675,5.15,1.9125,4.292307692307692,4.3625,3.0526315789473686,2.207692307692308,5.304166666666667,4.704545454545454,3.1999999999999997,5.053333333333333,3.8499999999999996,5.227272727272727,5.857142857142857,3.564285714285714,7.44,5.0,,5.9,4.7272727272727275,4.354545454545455,4.054545454545454,4.065217391304348,3.3850000000000002,2.2260869565217387,4.123529411764705,1.8375,2.3937500000000003,3.1599999999999997,3.2900000000000005,2.190909090909091,4.5600000000000005,4.518181818181818,4.49,2.22,3.4499999999999997
2021-08-31,3.7857142857142856,4.2666666666666675,4.642857142857143,2.3,5.2,1.45,4.236363636363635,4.090000000000001,3.0785714285714287,2.3333333333333335,4.6499999999999995,4.499999999999999,2.4200000000000004,4.589999999999999,3.666666666666666,4.905263157894738,5.257894736842106,3.5,7.199999999999999,,,3.7,4.085714285714286,3.9125,3.4222222222222225,3.94,3.5777777777777775,2.2,4.3,1.4000000000000001,2.45,2.8200000000000003,4.0249999999999995,1.85,2.75,5.43125,5.092307692307691,2.4999999999999996,3.9384615384615382
2021-09-30,2.4,3.125,3.9199999999999995,2.225,4.366666666666666,1.9299999999999997,3.9166666666666665,3.6285714285714286,2.771428571428572,2.44,5.116666666666666,5.133333333333333,2.75,4.199999999999999,3.1666666666666665,3.05,4.7,3.5200000000000005,7.4,,2.7,,4.8,4.291666666666667,3.8153846153846156,3.5666666666666664,2.94,2.1125,3.3,1.2000000000000002,2.35,,3.35,,1.7,4.6,3.4,2.7,2.52
2021-10-31,2.6333333333333333,2.35,2.9,3.2625,3.8,1.1,2.9333333333333336,2.6666666666666665,2.05,2.8499999999999996,,4.85,2.1666666666666665,4.1,3.1,4.3,4.2250000000000005,2.5749999999999997,4.5,2.7,2.8499999999999996,3.2,2.866666666666667,3.4571428571428564,4.24,3.633333333333333,2.3,1.6,2.625,1.35,1.9625,2.0374999999999996,2.02,4.15,3.2000000000000006,3.025,3.5249999999999995,1.7000000000000002,2.125
2021-11-30,2.1,1.9,1.2,3.1399999999999997,3.1,3.35,1.9250000000000003,2.3000000000000003,2.15,1.6333333333333335,3.766666666666666,4.15,2.4,3.1,2.7,2.65,2.5999999999999996,1.9666666666666668,3.4333333333333336,,2.5,2.0,2.1,3.1,5.188888888888889,2.55,3.2,1.4,1.95,1.0,2.125,1.95,2.5,3.3666666666666667,4.62,4.2,,,0.7
2021-12-31,1.8000000000000003,1.8,1.35,3.2636363636363637,3.1125,3.2,2.2,2.45,1.8499999999999999,1.1,2.3,3.0142857142857147,2.6333333333333337,2.8428571428571425,2.56,2.942857142857143,2.55,2.2285714285714286,3.858333333333333,3.028571428571429,2.9,1.485714285714286,2.0999999999999996,3.9625,4.0166666666666675,3.185714285714286,2.5,1.4857142857142858,1.5833333333333333,0.6666666666666666,1.7571428571428573,2.5166666666666666,1.6,3.457142857142857,2.7,3.5200000000000005,2.0833333333333335,0.8333333333333335,2.2399999999999998
